model_name,category,entity,product_name,intended_purpose,month,service_type,source_file
特赞AIGC图像生成算法,服务提供者,特赞（上海）信息科技有限公司,MuseDAM(网站)、MuseAI(网站),应用于图像生成场景，根据用户输入的文本、图像数据，生成符合用户需求的图像，实现文生图、图生图等功能。,2024-4,generative ai,境内深度合成服务算法备案清单（2024年4月）.docx
崽崽ZEPETOAI图片生成合成算法,服务提供者,上海崽崽娱乐有限公司,崽崽ZEPETO(APP),应用于图像生成场景，根据用户上传的图片信息，生成特定主题的图像。,2024-4,generative ai,境内深度合成服务算法备案清单（2024年4月）.docx
安徽清博大模型生成式对话算法,服务提供者,安徽清博大数据科技有限公司,元娲(APP),应用于对话生成场景，根据用户输入的上下文，生成合适的回复。,2024-4,generative ai,境内深度合成服务算法备案清单（2024年4月）.docx
北京清博大模型生成式对话算法,服务提供者,北京清博智能科技有限公司,先问——生成式联网大型语言模型(网站),应用于对话生成场景，根据用户输入的上下文，生成合适的回复。,2024-4,generative ai,境内深度合成服务算法备案清单（2024年4月）.docx
爱创工坊生成式多模态算法,服务提供者,上海知行元网络技术有限公司,爱创工坊 creatly.ai(网站),应用于多媒体内容生成场景，根据输入的文本、图像或其他类型的数据，生成符合特定要求的内容。,2024-4,generative ai,境内深度合成服务算法备案清单（2024年4月）.docx
珠海本影大规模语言模型算法,服务提供者,珠海本影人工智能科技有限公司,卓尧AI(网站),应用于对话生成场景，根据用户输入的文本内容，通过学习上下文的语义和关联，生成相应的文本回复。,2024-4,generative ai,境内深度合成服务算法备案清单（2024年4月）.docx
珠海本影智能语音合成算法,服务提供者,珠海本影人工智能科技有限公司,卓尧AI(网站),应用于语音生成场景，根据用户输入的文本、音频、视频等内容，生成用户可以理解的音频。,2024-4,generative ai,境内深度合成服务算法备案清单（2024年4月）.docx
九章证券领域大模型算法,服务提供者,上海九方云智能科技有限公司,九方智投擒龙版(APP)、九章大模型能力平台(网站)、九方诊股(APP),应用于对话生成场景，根据用户输入的文本信息，生成符合用户需求的文本回复内容。,2024-4,generative ai,境内深度合成服务算法备案清单（2024年4月）.docx
句子控内容生成算法,服务提供者,上海萄豆网络科技有限公司,句子控(APP),应用于文本生成场景，根据用户输入的关键字，生成符合用户意图的文本回复内容。,2024-4,generative ai,境内深度合成服务算法备案清单（2024年4月）.docx
好未来中文语音识别算法,服务技术支持者,北京世纪好未来教育科技有限公司,--,应用于语音识别场景，服务于企业端客户，根据输入的语音信号，将语音实时转换成中文文本。,2024-4,generative ai,境内深度合成服务算法备案清单（2024年4月）.docx
AI木木绘画内容生成合成算法,服务提供者,南京新向量信息科技有限公司,AI照片视频修复(APP)、AI绘画画(APP)、视频图片动漫化(APP),应用于图像生成场景，根据用户输入的纯文本或者文本及图片，生成相关的图像。,2024-4,generative ai,境内深度合成服务算法备案清单（2024年4月）.docx
新华妙笔文本生成算法,服务提供者,新华融合媒体科技发展(北京)有限公司,新华妙笔(网站),应用于文本生成场景，根据用户输入的文本信息，生成符合用户需求的文本内容。,2024-4,generative ai,境内深度合成服务算法备案清单（2024年4月）.docx
MindGPT大模型算法,服务提供者,北京车励行信息技术有限公司,理想同学Mind GPT版(APP),应用于智能对话场景，接收用户输入语音转化后的文本，生成符合用户需求的文本内容。,2024-4,generative ai,境内深度合成服务算法备案清单（2024年4月）.docx
澎湃智媒AI海报算法,服务技术支持者,上海派生万物智能科技有限公司,--,应用于图像生成场景，服务于企业端客户，根据用户输入的绘画文字描述、风格或参考图，生成满足个性要求的海报图片。,2024-4,generative ai,境内深度合成服务算法备案清单（2024年4月）.docx
乐逗Fanbook大模型算法-1,服务提供者,深圳市乐逗科技有限责任公司,Fanbook(网站)、Fanbook(APP),应用于文本生成场景，根据用户输入的文本信息，生成符合用户需求的文本内容。,2024-4,generative ai,境内深度合成服务算法备案清单（2024年4月）.docx
乐逗AI图像生成算法,服务提供者,深圳市乐逗科技有限责任公司,Fanbook(网站)、Fanbook(APP),应用于图像生成场景，根据用户输入的文本数据，生成符合用户需求的图像，实现文生图功能。,2024-4,generative ai,境内深度合成服务算法备案清单（2024年4月）.docx
乐逗Fanbook大模型算法-2,服务技术支持者,深圳市乐逗科技有限责任公司,--,应用于文本生成场景，服务于企业端客户，根据用户输入的文本信息，生成符合用户需求的文本内容。,2024-4,generative ai,境内深度合成服务算法备案清单（2024年4月）.docx
TensAI生成算法,服务提供者,深圳威科未来科技有限公司,TensAI(网站),应用于文本生成场景，根据用户输入的文本信息，生成符合用户需求的文本内容。,2024-4,generative ai,境内深度合成服务算法备案清单（2024年4月）.docx
象信AI代码生成算法,服务技术支持者,北京象信智能科技有限公司,--,应用于代码生成场景，服务于企业端客户，根据用户输入的文本内容，生成符合用户需求的代码与注释内容，实现代码生成、代码补全、错误修复等功能。,2024-4,generative ai,境内深度合成服务算法备案清单（2024年4月）.docx
即时设计文生UI算法,服务提供者,北京雪云锐创科技有限公司,即时设计AI(网站),应用于网页界面设计生成场景，根据用户输入的文本信息，生成符合用户需求的UI界面。,2024-4,generative ai,境内深度合成服务算法备案清单（2024年4月）.docx
魔方神笔文本生成算法-2,服务提供者,玄元保险代理有限公司,理财魔方(APP),应用于文本生成场景，根据用户输入的主题方向，结合大模型及搜索引擎公开资料，生成符合用户需求的长文本内容。,2024-4,generative ai,境内深度合成服务算法备案清单（2024年4月）.docx
轻松怡康仙女阿尔法大模型算法,服务提供者,北京轻松怡康信息技术有限公司,智慧患教(网站),应用于对话生成场景，根据用户输入的文本数据，输出相应的回复文本。,2024-4,generative ai,境内深度合成服务算法备案清单（2024年4月）.docx
赫尔墨斯AI人像生成算法,服务提供者,海南赫尔墨斯科技有限公司,熊猫像素(小程序),应用于图像生成场景，根据用户上传的照片，提取用户的面部特征，配合文字描述生成特定风格的写真照片。,2024-4,generative ai,境内深度合成服务算法备案清单（2024年4月）.docx
魔方神笔文本生成算法-1,服务技术支持者,北京口袋财富信息科技有限公司,--,应用于文本生成场景，服务于企业端用户，根据用户输入的主题或关键词，生成相关内容。,2024-4,generative ai,境内深度合成服务算法备案清单（2024年4月）.docx
普强深思-DeepThinking大模型算法,服务技术支持者,普强时代（珠海横琴）信息技术有限公司,--,应用于对话生成场景，服务于企业端用户，根据用户输入文本信息，生成相关的文本内容。,2024-4,generative ai,境内深度合成服务算法备案清单（2024年4月）.docx
普强深思大模型算法,服务提供者,普强时代（珠海横琴）信息技术有限公司,“深思大模型”能力平台(网站),应用于对话生成场景，根据用户输入文本信息，生成相关的文本内容。,2024-4,generative ai,境内深度合成服务算法备案清单（2024年4月）.docx
数说故事SocialGPT内容生成算法,服务提供者,广州数说故事信息科技有限公司,数说雷达(网站)、小智 Insight(网站),应用于对话生成场景，根据用户输入的文本内容或指令数据，生成符合用户意图的回答。,2024-4,generative ai,境内深度合成服务算法备案清单（2024年4月）.docx
虎博TigerBot生成算法,服务提供者,虎博网络技术（上海）有限公司,TigerBot(小程序)、TigerBot(网站)、TigerBot(APP),应用于对话生成场景，根据用户输入文本信息，生成相关的对话文本回复。,2024-4,generative ai,境内深度合成服务算法备案清单（2024年4月）.docx
BTY-NeuroText-Enhanced算法,服务提供者,斑头雁（杭州）智能科技有限责任公司,BetterYeah AI Agent(网站),应用于文本生成场景，根据用户输入的文本，生成相关的文本内容。,2024-4,generative ai,境内深度合成服务算法备案清单（2024年4月）.docx
面壁智能CPM中文预训练大模型算法,服务提供者,北京面壁智能科技有限责任公司,面壁露卡(网站),应用于对话生成场景，根据用户输入文本信息，生成相应的文本回复。,2024-4,generative ai,境内深度合成服务算法备案清单（2024年4月）.docx
视觉中国图像合成算法,服务技术支持者,汉华易美视觉科技有限公司,--,应用于图像生成场景，服务于企业端客户，根据用户输入的提示文本或参考图信息，生成不同风格的图像内容。,2024-4,generative ai,境内深度合成服务算法备案清单（2024年4月）.docx
乐骐图像生成算法-1,服务提供者,无锡乐骐科技股份有限公司,美如盐形象照（支付宝、快手小程序）(小程序)、小漫头像(APP)、智能证件照(APP)、美如盐形象照（微信小程序）(小程序)、美如盐形象照(APP)、小漫头像（抖音小程序）(小程序)、美如盐形象照（QQ、抖音小程序）(小程序)、智能证件照（微信、支付宝、快手小程序）(小程序)、小漫头像（微信、支付宝、快手小程序）(小程序)、智能证件照（抖音小程序）(小程序),应用于图像生成场景，根据用户上传的个人正面照片和选定的模板信息，生成个性化形象照片。,2024-4,generative ai,境内深度合成服务算法备案清单（2024年4月）.docx
妈网Nuwa智能问答算法,服务提供者,广州盛成妈妈网络科技股份有限公司,猴哥跳跳AI（APP）、妈妈网孕育(APP),应用于对话生成场景，根据用户输入的问题，生成孕育母婴领域相关回答。,2024-4,generative ai,境内深度合成服务算法备案清单（2024年4月）.docx
元深智能多媒体合成算法,服务提供者,厦门元深智能科技有限公司,绘心智图(小程序),应用于图像或音视频生成场景，根据用户输入的文本描述或图片，生成个性化的人像、场景图像、音视频等内容。,2024-4,generative ai,境内深度合成服务算法备案清单（2024年4月）.docx
视睿教学内容辅助生成算法,服务提供者,广州视睿电子科技有限公司,中文绘本精读(APP)、课堂智能反馈系统(APP)、希沃白板（桌面版）(APP)、希沃白板（手机版）(APP),应用于文本生成场景，根据用户输入的文本，生成课件、会议摘要、课堂反馈、绘本文本等内容。,2024-4,generative ai,境内深度合成服务算法备案清单（2024年4月）.docx
弈博益商Ai输入法生成合成类算法,服务提供者,天津弈博益商信息科技有限公司,chat智聊输入法·(APP),应用于文本生成场景，根据用户输入的文本数据，生成符合语法和语义规则的新文本数据。,2024-4,generative ai,境内深度合成服务算法备案清单（2024年4月）.docx
派欧图像视频生成算法,服务技术支持者,派欧云计算（上海）有限公司,--,应用于图像、视频生成场景，服务于企业端客户，根据用户输入的文本、图像数据，生成符合用户需求的图像、视频内容。,2024-4,generative ai,境内深度合成服务算法备案清单（2024年4月）.docx
元语AI机器人生成合成算法,服务提供者,苏州元语网络科技有限公司,AI机器人文案师(APP)、AI机器人(APP),应用于文本生成场景，根据用户输入的文本信息，生成符合用户需求的文本内容。,2024-4,generative ai,境内深度合成服务算法备案清单（2024年4月）.docx
无界AI图像生成算法,服务提供者,杭州超节点信息科技有限公司,无界AI(APP),应用于图像生成场景，根据用户输入的文本、图像数据，生成符合用户需求的图像。,2024-4,generative ai,境内深度合成服务算法备案清单（2024年4月）.docx
好未来九章大模型学习助手算法,服务提供者,广州九章未来网络科技有限公司,随时问(APP)、题拍拍(APP),应用于智能对话场景，根据用户输入的文本信息，生成符合用户需求的文本内容，主要用于解答各种数学问题。,2024-4,generative ai,境内深度合成服务算法备案清单（2024年4月）.docx
悠拓AI绘图猿生成合成类AI绘图算法,服务提供者,广州悠拓科技有限公司,AI绘图猿(小程序),应用于图像生成场景，根据用户输入的文本、图像数据，生成符合用户需求的图像，实现文生图、图生图功能。,2024-4,generative ai,境内深度合成服务算法备案清单（2024年4月）.docx
天云数据虚拟数字人生成算法,服务技术支持者,天云融创数据科技（北京）有限公司,--,应用于数字人生成场景，服务于企业端客户，根据输入的图像、视频，生成数字人形象的图像、视频。,2024-4,generative ai,境内深度合成服务算法备案清单（2024年4月）.docx
鹏桦智联大模型算法,服务技术支持者,重庆鹏桦科技有限公司,--,应用于文本生成场景，服务于企业端客户，根据用户输入的文本信息，生成符合用户需求的文本内容。,2024-4,generative ai,境内深度合成服务算法备案清单（2024年4月）.docx
知海图AI深度合成算法,服务提供者,北京智者天下科技有限公司,知海图 chat(网站)、知乎(网站)、知乎(APP),应用于文本生成场景，根据用户输入的文本信息，生成符合用户需求的文本内容。,2024-4,generative ai,境内深度合成服务算法备案清单（2024年4月）.docx
墨影留香图像生成算法,服务提供者,上海墨影留香网络科技有限公司,神工意匠Magic(小程序),应用于图像生成场景，根据用户输入的文本、图像数据，生成符合用户需求的图像，实现文生图、图生图功能。,2024-4,generative ai,境内深度合成服务算法备案清单（2024年4月）.docx
ReadPaper学术内容生成算法,服务提供者,粤港澳大湾区数字经济研究院（国际先进技术应用推进中心（深圳））,ReadPaper(网站),应用于文本生成场景，根据用户输入的文本信息，生成符合用户需求的文本内容，实现论文阅读、论文润色等功能。,2024-4,generative ai,境内深度合成服务算法备案清单（2024年4月）.docx
百事通法律咨询内容增强生成算法,服务提供者,上海百事通信息技术股份有限公司,百事通法律智能问答助手(小程序),应用于对话生成场景，根据用户输入的问题，生成法律咨询服务领域文本回复。,2024-4,generative ai,境内深度合成服务算法备案清单（2024年4月）.docx
优酷生成合成类算法,服务提供者,优酷信息技术（北京）有限公司,优酷(APP),应用于对话生成场景，根据用户输入的查询文本，生成相应的文本回复。,2024-4,generative ai,境内深度合成服务算法备案清单（2024年4月）.docx
黑马天启科创大模型算法,服务提供者,北京黑马天启科技有限公司,创新笔记(网站),应用于文本生成场景，根据用户输入的文本，生成相关的文本信息。,2024-4,generative ai,境内深度合成服务算法备案清单（2024年4月）.docx
云从科技语音合成算法,服务技术支持者,云从科技集团股份有限公司,--,应用于语音生成场景，服务于企业端用户，根据输入的文本内容，转化为语音音频。,2024-4,generative ai,境内深度合成服务算法备案清单（2024年4月）.docx
草料二维码图像深度合成算法,服务提供者,宁波邻家网络科技有限公司,草料二维码(网站),应用于二维码图片生成场景，根据用户输入的文本或图片，生成符合描述的二维码图片。,2024-4,generative ai,境内深度合成服务算法备案清单（2024年4月）.docx
宠胖胖智能问答算法,服务提供者,杭州宠胖胖科技有限公司,宠胖胖(APP)、宠胖胖(小程序),应用于对话生成场景，根据用户输入的问题，生成宠物领域知识相关的回复。,2024-4,generative ai,境内深度合成服务算法备案清单（2024年4月）.docx
美小美文本生成算法,服务提供者,北京美小美科技有限公司,小美AI城(小程序、APP),应用于智能对话场景，根据用户输入的文本信息，生成符合用户需求的文本内容。,2024-4,generative ai,境内深度合成服务算法备案清单（2024年4月）.docx
出门问问数字人合成算法-2,服务技术支持者,出门问问信息科技有限公司,--,应用于数字人视频生成场景，服务于企业端客户，根据输入的文本、人像图像或视频，生成数字人形象的视频。,2024-4,generative ai,境内深度合成服务算法备案清单（2024年4月）.docx
AI提示语图像生成算法,服务提供者,提示语科技（北京）有限公司,小语AI(小程序)、AI提示语(网站),应用于图像生成场景，根据用户输入的文本、图像数据，生成符合用户需求的图像内容。,2024-4,generative ai,境内深度合成服务算法备案清单（2024年4月）.docx
灵图辅助设计视觉生成算法,服务提供者,厦门灵图科技有限公司,灵图AI辅助设计(网站),应用于图像生成场景，根据用户输入的文本、图像数据，生成符合用户需求的图像内容。,2024-4,generative ai,境内深度合成服务算法备案清单（2024年4月）.docx
道勤CogenLLM文本合成算法,服务提供者,上海道勤软件有限公司,navalink AI(网站、小程序),应用于文本生成场景，根据用户输入的文本，生成相关的文本信息。,2024-4,generative ai,境内深度合成服务算法备案清单（2024年4月）.docx
多彩宝人脸融合合成算法,服务提供者,贵州多彩宝互联网服务有限公司,多多风景眼(小程序),应用于图像生成场景，根据用户上传的人脸图片或视频，将用户上传的目标人脸图片与模板中的人脸图片进行面部融合，生成换脸图片。,2024-4,generative ai,境内深度合成服务算法备案清单（2024年4月）.docx
旻浦数字人生成服务算法,服务提供者,上海旻浦科技有限公司,旻浦数字人(网站),应用于数字人生成场景，根据用户输入文字，转换成音频后驱动用户输入的人像图片或人像视频，生成唇形同步的数字人视频。,2024-4,generative ai,境内深度合成服务算法备案清单（2024年4月）.docx
彩岛App文本生成处理算法,服务提供者,河南中屿科技有限公司,彩岛(APP),应用于文本生成场景，根据用户输入的文本，生成相应的文本内容。,2024-4,generative ai,境内深度合成服务算法备案清单（2024年4月）.docx
彩鱼相机人像合成算法,服务提供者,北京猿印教育科技有限公司,彩鱼相机(APP)、Emoji U(小程序)、Emoji U(APP),应用于图像生成场景，根据用户上传的图片和选择的照片风格，生成多种风格化的形象照。,2024-4,generative ai,境内深度合成服务算法备案清单（2024年4月）.docx
愈卓生成合成算法,服务提供者,广州愈卓科技有限公司,愈卓(APP)、愈卓(网站),应用于视频生成场景，根据用户输入的文本，或者选择性地添加图片、音频或视频，生成视频内容。,2024-4,generative ai,境内深度合成服务算法备案清单（2024年4月）.docx
创作猫语音合成算法,服务提供者,北京主语空间文化发展有限公司,创作猫(APP),应用于音频生成场景，根据用户输入的文案或导入的台本以及选择的音色、语速、情绪等，生成对应的音频。,2024-4,generative ai,境内深度合成服务算法备案清单（2024年4月）.docx
中科大洋文生图内容生成算法-1,服务提供者,北京中科大洋科技发展股份有限公司,大洋智能化稿件生产平台(其他),应用于图像生成场景，根据用户输入的文本、图像数据，生成符合用户需求的图像内容。,2024-4,generative ai,境内深度合成服务算法备案清单（2024年4月）.docx
猎聘职位描述生成算法,服务提供者,同道精英(天津)信息技术有限公司,猎聘(APP)、猎聘网(网站),应用于文本生成场景，根据用户输入的要求内容，生成符合用户要求的完整职位描述文本。,2024-4,generative ai,境内深度合成服务算法备案清单（2024年4月）.docx
知作智能文本生成算法,服务提供者,北京至二科技有限公司,知作(网站)、知作(APP),应用于文本生成场景，根据用户输入的问题或指令，生成相应的文本内容。,2024-4,generative ai,境内深度合成服务算法备案清单（2024年4月）.docx
饿了么用户对话导购算法,服务提供者,上海拉扎斯信息科技有限公司,饿了么(APP),应用于对话生成场景，根据用户输入的问题，结合用户位置信息及过往的偏好信息，生成用户感兴趣的内容知识，并提供具体商品的搜索列表。,2024-4,generative ai,境内深度合成服务算法备案清单（2024年4月）.docx
瞬火人脸融合算法,服务提供者,武汉博闻科技有限公司,瞬火(APP),应用于人脸图像、视频生成场景，将用户上传的照片与特定模板进行面部融合，生成融合后的人脸图像、视频。,2024-4,generative ai,境内深度合成服务算法备案清单（2024年4月）.docx
文阅数字文本生成算法,服务提供者,深圳文阅数字科技有限公司,ChatBird(小程序),应用于文本生成场景，根据用户输入的文本信息，生成符合用户需求的文本内容。,2024-4,generative ai,境内深度合成服务算法备案清单（2024年4月）.docx
Loft3di虚拟试穿合成算法,服务提供者,入迷(成都)信息技术有限公司,Loft智拍照相馆(小程序),应用于图片生成场景，根据用户输入的图片，并且选择模板或输入文字描述，生成模特试穿衣服后的图片。,2024-4,generative ai,境内深度合成服务算法备案清单（2024年4月）.docx
万兴天幕多媒体大模型算法,服务技术支持者,万兴科技（湖南）有限公司,--,应用于多媒体内容生成场景，服务于企业端客户，根据输入的文本、图像、音频等数据，生成相应的文本、图像等内容。,2024-4,generative ai,境内深度合成服务算法备案清单（2024年4月）.docx
核韬AI-文生图算法,服务提供者,深圳核韬科技有限公司,核韬AI(小程序),应用于图像生成场景，根据用户输入的文本，生成与文本描述相匹配的图像。,2024-4,generative ai,境内深度合成服务算法备案清单（2024年4月）.docx
KristonAI快商通-汉朝大模型算法,服务提供者,厦门快商通科技股份有限公司,汉朝大模型(网站),应用于对话生成场景，根据用户输入的文本内容，生成相应的文本回复。,2024-4,generative ai,境内深度合成服务算法备案清单（2024年4月）.docx
证券之星金融资讯生成算法,服务提供者,上海美宁计算机软件有限公司,证券之星金融资讯内容生成系统(网站),应用于文本生成场景，根据输入的文本数据，生成金融资讯领域的文本内容。,2024-4,generative ai,境内深度合成服务算法备案清单（2024年4月）.docx
小度图像生成合成算法,服务提供者,上海小度人工智能有限公司,咔咔美换(小程序)、美吖相机(小程序),应用于图像生成场景，根据用户输入的图像和选择的风格图像或服装图像，生成符合用户需求的图像内容，实现人脸融合、风格转换等功能。,2024-4,generative ai,境内深度合成服务算法备案清单（2024年4月）.docx
CeMeta影像级商品场景图生成算法,服务提供者,上海海湃领客文化科技有限公司,CeMeta全民营销助手(小程序)、AI商品图助手(网站)、AI商品拍摄助手(网站),应用于图像生成场景，根据用户上传的图片和选择输入产品尺寸、类型等参数，生成产品场景图。,2024-4,generative ai,境内深度合成服务算法备案清单（2024年4月）.docx
阅文妙笔文本生成大模型算法,服务提供者,上海阅文信息技术有限公司,起点读书(APP)、筑梦岛(APP),应用于对话生成场景，根据用户输入文本内容，生成相应的文本回复，实现用户和文学作品中人物的交互功能。,2024-4,generative ai,境内深度合成服务算法备案清单（2024年4月）.docx
阅文妙笔图像生成算法,服务提供者,上海阅文信息技术有限公司,筑梦岛(APP),应用于图像生成场景，根据用户输入的参考图像和文本内容，生成符合用户需求的人物图像。,2024-4,generative ai,境内深度合成服务算法备案清单（2024年4月）.docx
一亩田小田智能客服算法,服务提供者,北京一亩田新农网络科技有限公司,一亩田服务(公众账号),应用于智能对话场景，根据用户输入的文本信息，生成符合用户需求的文本内容。,2024-4,generative ai,境内深度合成服务算法备案清单（2024年4月）.docx
天翼数生海纳视联多模态大模型算法,服务提供者,天翼数字生活科技有限公司,小翼管家(APP)、天翼数字乡村(网站)、天翼云盘(APP)、天翼云眼(网站)、天翼智慧社区(网站),应用于文本生成场景，根据用户输入的视频和问题文本内容，生成符合用户需求的问题回答文本内容，实现视频问答功能。,2024-4,generative ai,境内深度合成服务算法备案清单（2024年4月）.docx
蓝伞科技制图机AI绘画与图片编辑生成合成算法,服务提供者,上海蓝伞科技有限责任公司,制图机微信公众号机器人(公众账号)、制图机(网站),应用于图像生成场景，根据用户输入的图像和提示词文本，生成符合用户需求的图像内容。,2024-4,generative ai,境内深度合成服务算法备案清单（2024年4月）.docx
易生诸相生成算法,服务技术支持者,网易（上海）网络游戏有限公司,--,应用于文本和图像生成场景，服务于企业端客户，根据用户输入的文本或图像信息，生成符合用户需求的文本或图像内容。,2024-4,generative ai,境内深度合成服务算法备案清单（2024年4月）.docx
小冰人脸生成算法,服务提供者,北京红棉小冰科技有限公司,小冰岛(APP)、X Eva(APP),应用于人脸图像生成场景，根据用户输入的性别等参数，生成符合用户需求的人脸图像内容。,2024-4,generative ai,境内深度合成服务算法备案清单（2024年4月）.docx
麦风问答大模型算法,服务提供者,深圳麦风科技有限公司,ChatArt: Chatbot & AI Writer(APP),应用于文本生成场景，根据用户输入的文本信息，生成符合用户需求的文本内容。,2024-4,generative ai,境内深度合成服务算法备案清单（2024年4月）.docx
小冰图像生成算法,服务提供者,北京红棉小冰科技有限公司,小冰岛(APP),应用于图像生成场景，根据用户输入的文本内容，生成符合用户需求的图像。,2024-4,generative ai,境内深度合成服务算法备案清单（2024年4月）.docx
金叶天成医学生成合成算法,服务技术支持者,金叶天成（北京）科技有限公司,--,应用于对话生成场景，服务于企业端用户，根据用户输入的文本问题，生成医学领域相关知识文本信息。,2024-4,generative ai,境内深度合成服务算法备案清单（2024年4月）.docx
WPSAI文生图算法-1,服务提供者,北京金山办公软件股份有限公司,WPS Office(APP),应用于图像生成场景，根据用户输入的文本内容，生成与语义相关的图像。,2024-4,generative ai,境内深度合成服务算法备案清单（2024年4月）.docx
萌萌舒AI应事文本信息合成算法1,服务提供者,成都萌萌舒科技有限公司,还梦(小程序),应用于文本生成场景，根据用户输入的指令，生成符合该指令要求的文本。,2024-4,generative ai,境内深度合成服务算法备案清单（2024年4月）.docx
惊叹科技文本内容生成算法,服务提供者,深圳市惊叹科技有限公司,TalkAI练口语(其他),应用于智能对话场景，根据用户输入的文本信息，生成符合用户需求的文本内容。,2024-4,generative ai,境内深度合成服务算法备案清单（2024年4月）.docx
月之暗面Moonshot语言模型算法-1,服务提供者,北京月之暗面科技有限公司,Kimi 智能助手(小程序)、Kimi 智能助手(APP)、Kimi 智能助手(网站),应用于智能对话场景，旨在提升企业和个人的文本处理效率，根据用户提出的问题，进行语义和上下文关联分析，生成对话文本回复。,2024-4,generative ai,境内深度合成服务算法备案清单（2024年4月）.docx
淘宝生成式电商导购算法,服务提供者,杭州淘宝营销管理有限公司,手机淘宝(APP),应用于智能对话场景，根据用户输入的文本信息，为用户提供购物信息检索与推荐问答服务。,2024-4,generative ai,境内深度合成服务算法备案清单（2024年4月）.docx
联汇多模态交互式内容生成大模型算法-1,服务技术支持者,杭州联汇科技股份有限公司,--,应用于文本、图像、音频、视频生成场景，服务于企业端客户，根据用户输入的文本、图像、音频（转换为文本）、视频（转换为图像）信息，结合大模型，生成符合用户需求的文本、图像、音频、视频内容。,2024-4,generative ai,境内深度合成服务算法备案清单（2024年4月）.docx
力维智联迥灵行业大模型生成算法,服务技术支持者,深圳力维智联技术有限公司,--,应用于文本生成场景，服务于企业端客户，根据用户输入的文本信息，生成符合用户需求的文本内容。,2024-4,generative ai,境内深度合成服务算法备案清单（2024年4月）.docx
元象XVERSE大模型算法,服务提供者,深圳元象信息科技有限公司,元象大模型官网(网站),应用于文本生成场景，根据用户输入的文本，生成相应的文本回复。,2024-4,generative ai,境内深度合成服务算法备案清单（2024年4月）.docx
壹建造物图片处理算法,服务提供者,壹建造物文创科技（廊坊市）有限责任公司,壹建造物(小程序),应用于图像生成场景，根据用户输入的描述文本或上传的图片，生成符合用户描述的图像。,2024-4,generative ai,境内深度合成服务算法备案清单（2024年4月）.docx
行者AI音乐生成算法,服务提供者,成都潜在人工智能科技有限公司,行者AI音乐创作系统(网站),应用于音频生成场景，根据用户输入的歌词和音符，生成符合输入内容的音乐作品。,2024-4,generative ai,境内深度合成服务算法备案清单（2024年4月）.docx
行者AI图像生成大模型算法,服务技术支持者,成都潜在人工智能科技有限公司,--,应用于图像生成场景，服务于企业端客户，根据用户输入的文本提示词和图像数据，生成相应的图像。,2024-4,generative ai,境内深度合成服务算法备案清单（2024年4月）.docx
行者AI美术生成算法,服务提供者,成都潜在人工智能科技有限公司,行者AI美术生成系统(网站),应用于图像生成场景，根据用户输入的文本提示词和图像数据，生成相应的图像。,2024-4,generative ai,境内深度合成服务算法备案清单（2024年4月）.docx
酷影私有AI文本生成算法,服务提供者,厦门酷影科技有限公司,酷影私有AI+(网站),应用于对话生成场景，根据用户输入的文本内容，生成相应的文本回复。,2024-4,generative ai,境内深度合成服务算法备案清单（2024年4月）.docx
亲宝宝育儿问答文本生成算法,服务提供者,杭州点望科技有限公司,亲宝宝(APP),应用于对话生成场景，根据用户输入的育儿问题，生成相应的解答文本。,2024-4,generative ai,境内深度合成服务算法备案清单（2024年4月）.docx
宠爱无限图像风格化算法,服务提供者,杭州宠爱无限网络技术有限公司,萌仔相机(小程序),应用于图像生成场景，根据用户上传的宠物图像，与已有风格化素材拼合，生成符合用户需要的风格化图片。,2024-4,generative ai,境内深度合成服务算法备案清单（2024年4月）.docx
未道科技老照片修复算法,服务提供者,杭州未道科技有限公司,未道帮(网站),应用于图像生成场景，根据用户上传的旧损照片，生成修复后的照片。,2024-4,generative ai,境内深度合成服务算法备案清单（2024年4月）.docx
安之来XDevelop代码生成算法,服务提供者,湖南安之来科技有限公司,XDevelop(网站),应用于代码生成场景，根据用户输入的文本内容，为开发人员提供需求分析、代码生成、代码错误修正、代码复杂度分析、代码翻译等功能。,2024-4,generative ai,境内深度合成服务算法备案清单（2024年4月）.docx
CNKIAI学术研究助手算法,服务提供者,同方知网数字出版技术股份有限公司,CNKI AI学术研究助手(网站)、全球学术快报-AI助手(APP)、ChatCAJ阅读助手(其他),应用于对话生成场景，根据用户输入的问题，生成相应的文本答案。,2024-4,generative ai,境内深度合成服务算法备案清单（2024年4月）.docx
有鱼说人物图像合成算法-1,服务提供者,河南易企尚信息科技有限公司,有鱼趣测(小程序),应用于图像生成场景，根据用户上传的人物图像和选择的不同风格参数，匹配不同的预设文本信息和图片信息，生成指定风格的图像。,2024-4,generative ai,境内深度合成服务算法备案清单（2024年4月）.docx
林间聊愈室文字及语音对话生成算法,服务提供者,广州心纪源信息科技有限公司,林间聊愈室(APP)、心岛日记(APP),应用于对话生成场景，根据用户输入的语音或文字，生成相应的语音回复。,2024-4,generative ai,境内深度合成服务算法备案清单（2024年4月）.docx
彩云小梦辅助创作文本生成算法,服务提供者,北京彩彻区明科技有限公司,彩云小梦网页版(网站)、彩云小梦(APP),应用于文本生成场景，根据用户输入的文本信息，生成符合用户需求的文本内容，主要用于辅助文本创作。,2024-4,generative ai,境内深度合成服务算法备案清单（2024年4月）.docx
淘宝星辰大模型算法,服务技术支持者,杭州优卖网络科技有限公司,--,应用于文本生成场景，服务于企业端客户，根据用户输入的文本信息，生成符合用户需求的文本内容。,2024-4,generative ai,境内深度合成服务算法备案清单（2024年4月）.docx
读书郎梦想大模型算法,服务提供者,读书郎教育科技有限公司,读书郎知识对话服务(网站),应用于文本生成场景，根据用户输入的文本信息，生成符合用户需求的文本内容。,2024-4,generative ai,境内深度合成服务算法备案清单（2024年4月）.docx
群核AI问答算法,服务提供者,杭州群核信息技术有限公司,酷云展智能问答(网站)、酷家乐AI问答(网站),应用于智能对话场景，根据用户输入的文本信息，生成符合用户需求的文本内容。,2024-4,generative ai,境内深度合成服务算法备案清单（2024年4月）.docx
盘盘盛丽AI多模态合成算法,服务技术支持者,上海基钮钮数据科技有限公司,--,应用于文本和图像生成场景，服务于企业端客户，根据用户输入的文本或图像信息，生成符合用户需求的文本或图像内容。,2024-4,generative ai,境内深度合成服务算法备案清单（2024年4月）.docx
流量源泉人脸融合算法,服务技术支持者,北京流量源泉科技有限公司,--,应用于人脸图像、视频生成场景，服务于企业端客户，将用户上传的照片与特定模板进行面部融合，生成融合后的人脸图像、视频。,2024-4,generative ai,境内深度合成服务算法备案清单（2024年4月）.docx
华医AI频道问答算法,服务提供者,北京华医网科技股份有限公司,掌上华医(APP),应用于智能对话场景，根据用户输入的文本信息，生成符合用户需求的文本内容。,2024-4,generative ai,境内深度合成服务算法备案清单（2024年4月）.docx
得物智能客服算法,服务提供者,上海得物信息集团有限公司,得物(APP),应用于智能对话场景，根据用户输入的文本信息，生成符合用户需求的文本内容。,2024-4,generative ai,境内深度合成服务算法备案清单（2024年4月）.docx
灯塔影视数据智能生成算法,服务提供者,上海淘票票影视文化有限公司,灯塔专业版(APP),应用于文本生成场景，根据用户输入的文本或语音问题，返回符合用户需求的数据查询结果。,2024-4,generative ai,境内深度合成服务算法备案清单（2024年4月）.docx
知网智能文档生成算法,服务提供者,同方知网数字出版技术股份有限公司,知网AI智能写作服务(网站),应用于文本生成场景，根据用户输入的文本信息，生成符合用户需求的文本内容。,2024-4,generative ai,境内深度合成服务算法备案清单（2024年4月）.docx
艾蒂娜CHATAI大模型企业服务智能对话创作算法,服务技术支持者,江苏艾蒂娜互联网科技有限公司,--,应用于智能对话场景，服务于企业端客户，根据用户输入的文本信息，生成符合用户需求的文本内容。,2024-4,generative ai,境内深度合成服务算法备案清单（2024年4月）.docx
像素AI图像生成合成算法,服务提供者,深圳像素召唤科技有限公司,像素AI(小程序),应用于图像生成场景，根据用户输入的文本、图像、视频信息，生成符合用户需求的图像、视频内容。,2024-4,generative ai,境内深度合成服务算法备案清单（2024年4月）.docx
折耳根人脸融合算法,服务提供者,上海折耳根信息科技有限公司,爱提词(APP)、换脸秀(APP),应用于图像生成场景，根据用户上传的图片，与特定模板进行面部融合后生成新的图像。,2024-4,generative ai,境内深度合成服务算法备案清单（2024年4月）.docx
青木易立-心理咨询对话算法,服务提供者,上海青木易立网络科技有限公司,心语心理健康聊天机器人(网站),应用于对话生成场景，根据用户输入的内容，生成符合语境的回复文本。,2024-4,generative ai,境内深度合成服务算法备案清单（2024年4月）.docx
蝶讯文生图合成算法,服务提供者,深圳市蝶讯网科技股份有限公司,D.SD(网站),应用于图像生成场景，根据用户输入的文本描述，生成符合用户要求的图画作品。,2024-4,generative ai,境内深度合成服务算法备案清单（2024年4月）.docx
蝶讯图生图合成算法,服务提供者,深圳市蝶讯网科技股份有限公司,D.SD(网站),应用于图像生成场景，根据用户输入的图像，生成符合特定需求的图像。,2024-4,generative ai,境内深度合成服务算法备案清单（2024年4月）.docx
CarPlan生成合成类智能选车模型算法,服务提供者,北京车之家信息技术有限公司,CarPlan(网站),应用于对话生成场景，根据用户提出的选车问题，生成对用户问题的解答。,2024-4,generative ai,境内深度合成服务算法备案清单（2024年4月）.docx
粉笔主观题智能批改生成合成类算法,服务提供者,北京粉笔蓝天科技有限公司,粉笔(APP)、粉笔四六级(APP)、粉笔考研(APP)、粉笔教师(APP),应用于文本生成场景，根据用户输入的文本和预先设定的评分标准，生成评分和意见建议等文本内容，实现主观题的智能批改功能。,2024-4,generative ai,境内深度合成服务算法备案清单（2024年4月）.docx
我的AI影像生成合成算法,服务提供者,深圳我的爱智能有限公司,荔枝相机(小程序)、我的AI电商设计平台(网站),应用于图像生成场景，根据用户输入的人物或物品图像加上预设的提示文字和参考图像，生成具有特定风格的图像。,2024-4,generative ai,境内深度合成服务算法备案清单（2024年4月）.docx
轻算力数智人服务生成合成算法,服务技术支持者,北京轻算力科技有限公司,--,应用于数字人生成场景，服务于企业端客户，根据用户输入的语音或文本内容，生成数字人音视频。,2024-4,generative ai,境内深度合成服务算法备案清单（2024年4月）.docx
象信AI多模态生成模型算法,服务技术支持者,北京象信智能科技有限公司,--,应用于多模态内容生成场景，服务于企业端客户，根据输入的文本、图像、音频等数据，生成多模态内容。,2024-4,generative ai,境内深度合成服务算法备案清单（2024年4月）.docx
智能客服文本合成算法,服务提供者,重庆啄木鸟网络科技有限公司,啄木鸟家电维修(小程序),应用于对话生成场景，根据用户输入的文本信息，生成相应的文本回复。,2024-4,generative ai,境内深度合成服务算法备案清单（2024年4月）.docx
智联AI招聘助手生成算法,服务提供者,北京网聘信息技术有限公司,智联招聘(APP)、智联招聘(网站),应用于对话生成场景，根据用户投递的职位信息，生成岗位相关的技术问题，并根据求职者的回答，生成对求职者是否符合该岗位评价。,2024-4,generative ai,境内深度合成服务算法备案清单（2024年4月）.docx
站酷梦笔图像生成算法,服务提供者,北京站酷网络科技有限公司,站酷海洛(网站),应用于图像生成场景，根据用户输入的文本或图像，结合图像修改参数，生成与之相关的新图像。,2024-4,generative ai,境内深度合成服务算法备案清单（2024年4月）.docx
摩斯计算表情图像生成算法,服务提供者,杭州摩斯计算科技有限责任公司,魔斗表情(小程序),应用于图像生成场景，根据用户输入内容，生成符合用户情感的表情图像。,2024-4,generative ai,境内深度合成服务算法备案清单（2024年4月）.docx
得物AR识别算法,服务提供者,上海得物信息集团有限公司,得物(APP),应用于虚拟试穿试妆场景，根据用户输入的人体头像、身体部位以及物体图像，输出试妆试穿效果图像。,2024-4,generative ai,境内深度合成服务算法备案清单（2024年4月）.docx
研律智能聊天机器人生成算法,服务提供者,合肥研律网络科技有限公司,聊天机器人(APP)、聊天机器人助理(APP),应用于对话生成场景，根据用户输入的文本内容，生成相应的文本回复。,2024-4,generative ai,境内深度合成服务算法备案清单（2024年4月）.docx
敬虔人脸融合算法,服务提供者,成都敬虔科技有限公司,剪同款(APP)、晴拍(APP),应用于图像、视频生成场景，将用户上传的照片与特定模板进行面部融合，生成融合后的人脸图像、视频。,2024-4,generative ai,境内深度合成服务算法备案清单（2024年4月）.docx
中移互联网云智互联多模态大模型算法,服务提供者,中移互联网有限公司,移动云盘(APP)、139邮箱(APP),应用于文本、图像、视频生成场景，根据用户输入的文本、图像、视频数据，生成符合用户需求的文本、图像、视频内容，实现文生图、文生文、图生文、图生图等功能。,2024-4,generative ai,境内深度合成服务算法备案清单（2024年4月）.docx
靠谱前程文图生成算法,服务技术支持者,北京靠谱前程智能科技有限公司,--,应用于图片生成场景，服务于企业端客户，根据用户输入的文本，生成符合要求的文本和图片。,2024-4,generative ai,境内深度合成服务算法备案清单（2024年4月）.docx
睿询文本生成模型算法,服务技术支持者,陕西迅税通智能科技有限公司,--,应用于文本生成场景，服务于企业端客户，根据用户输入的文本，生成相应的文本，实现文本生成、文本翻译、摘要生成等功能。,2024-4,generative ai,境内深度合成服务算法备案清单（2024年4月）.docx
百度人脸融合算法,服务提供者,北京百度网讯科技有限公司,一刻相册(APP)、一刻相册lite(小程序)、百度网盘(APP),应用于图片生成场景，根据用户输入的两张人像图片，进行特征融合生成新的人像图片。,2024-4,generative ai,境内深度合成服务算法备案清单（2024年4月）.docx
轻松保险智能客服算法,服务提供者,北京轻松怡康信息技术有限公司,轻松保严选(公众账号),应用于对话生成场景，根据用户输入的问题，生成文字回复。,2024-4,generative ai,境内深度合成服务算法备案清单（2024年4月）.docx
飞链云AI内容生成算法,服务提供者,杭州飞链云科技有限公司,飞链云版图(其他),应用于图片生成场景，根据用户输入的关键词，生成符合文本含义的图片。,2024-4,generative ai,境内深度合成服务算法备案清单（2024年4月）.docx
百川大模型算法-1,服务技术支持者,北京百川智能科技有限公司,--,应用于文本生成场景，服务于企业端客户，根据用户输入的文本信息，生成符合用户需求的文本内容。,2024-4,generative ai,境内深度合成服务算法备案清单（2024年4月）.docx
鸣煌生成合成算法,服务提供者,广州鸣煌人工智能技术有限公司,鸣煌(小程序)、鸣煌(APP)、鸣煌(网站),应用于图片、视频生成场景，根据用户上传的人脸照片和系统预设的图片或视频，输出融合了两者面部特征的新图片或视频。,2024-4,generative ai,境内深度合成服务算法备案清单（2024年4月）.docx
特赞智能文案生成算法-1,服务提供者,特赞（上海）信息科技有限公司,MuseDAM(网站)、MuseAI(网站),应用于文本生成场景，根据用户输入的文本信息，生成符合用户需求的文本内容。,2024-4,generative ai,境内深度合成服务算法备案清单（2024年4月）.docx
特赞智能文案生成算法-2,服务技术支持者,特赞（上海）信息科技有限公司,--,应用于文本生成场景，服务于企业端客户，根据用户输入的文本信息，生成符合用户需求的文本内容。,2024-4,generative ai,境内深度合成服务算法备案清单（2024年4月）.docx
特赞交互式内容生成算法,服务技术支持者,特赞（上海）信息科技有限公司,--,应用于智能对话场景，服务于企业端客户，根据用户输入的文本数据，生成符合用户需求的回答。,2024-4,generative ai,境内深度合成服务算法备案清单（2024年4月）.docx
果胜铁肩问政大模型算法-2,服务技术支持者,佛山果胜铁肩科技有限公司,--,应用于智能对话场景，服务于企业端客户，根据用户输入的文本数据，生成符合用户需求的回答。,2024-4,generative ai,境内深度合成服务算法备案清单（2024年4月）.docx
西筹生成合成算法,服务提供者,成都西筹科技有限公司,ETF投顾(网站)、ETF投顾(APP)、ETF投顾(小程序),应用于智能对话场景，根据用户输入的文本数据，生成符合用户需求的回答，主要用于交易型开放式指数基金领域。,2024-4,generative ai,境内深度合成服务算法备案清单（2024年4月）.docx
果胜铁肩问政大模型算法,服务提供者,佛山果胜铁肩科技有限公司,果胜铁肩问政(小程序)、果胜铁肩问政(APP)、果胜问政网(网站)、果胜铁肩问政(公众账号)、果胜问政搜索(小程序)、铁肩问政(小程序),应用于对话生成场景，根据用户提交问政诉求或查询信息，生成相应的文本回复和意见建议。,2024-4,generative ai,境内深度合成服务算法备案清单（2024年4月）.docx
快写兔-智能写作助手文本生成算法,服务提供者,云孚科技（北京）有限公司,快写兔(网站),应用于文本生成场景，根据用户输入的文章主题关键词等，生成相应的文本。,2024-4,generative ai,境内深度合成服务算法备案清单（2024年4月）.docx
政策问答文本生成服务算法,服务技术支持者,杭州征信有限公司,--,应用于对话生成场景，服务于企业端用户，根据用户输入的政策相关的问题，生成与问题相匹配的答案。,2024-4,generative ai,境内深度合成服务算法备案清单（2024年4月）.docx
智工工业领域对话生成算法,服务提供者,中工互联（北京）科技集团有限公司,智工(网站)、智工问答(小程序),应用于对话生成场景，根据用户输入的工业生产、工业自动控制等领域问题，生成相应的回答文本。,2024-4,generative ai,境内深度合成服务算法备案清单（2024年4月）.docx
归心太白问答合成算法-2,服务技术支持者,广东人工智能与先进计算研究院,--,应用于对话生成场景，服务于企业端用户，根据用户输入的文本内容，生成与之相符的文本回答。,2024-4,generative ai,境内深度合成服务算法备案清单（2024年4月）.docx
联汇多模态交互式内容生成大模型算法,服务提供者,杭州联汇科技股份有限公司,欧姆大模型AI开放平台(网站)、媒体大脑(网站),应用于多模态内容生成场景，根据输入的文本、图像、音频等数据，生成多模态内容，实现人机对话、图像生成、AI智能剪辑等功能。,2024-4,generative ai,境内深度合成服务算法备案清单（2024年4月）.docx
希施玛金融聊天助手生成合成算法,服务提供者,深圳希施玛数据科技有限公司,弈数玛(APP),应用于对话生成场景，根据用户输入的金融领域相关问题，生成相应的文本回复。,2024-4,generative ai,境内深度合成服务算法备案清单（2024年4月）.docx
文阅数字文本生成算法-2,服务提供者,深圳文阅数字科技有限公司,雷咚咚成长陪伴(APP),应用于文本生成场景，根据用户输入的文本内容，结合上下文信息，生成符合用户要求的文本。,2024-4,generative ai,境内深度合成服务算法备案清单（2024年4月）.docx
爱达智能鉴别诊断引擎算法,服务提供者,上海爱达品智人工智能科技有限公司,爱达健康(其他),应用于文本生成场景，根据用户输入的性别、出生日期、症状描述等文本信息，生成医学鉴别诊断等文本数据。,2024-4,generative ai,境内深度合成服务算法备案清单（2024年4月）.docx
blink图像生成算法,服务提供者,北京箭厂科技有限公司,Blink头像(APP)、魔法照相(小程序)、Blink头像(小程序),应用于图像生成场景，根据用户上传的图片以及用户选择的风格类型，生成不同风格的图片。,2024-4,generative ai,境内深度合成服务算法备案清单（2024年4月）.docx
百川大模型算法,服务提供者,北京百川智能科技有限公司,百川大模型(网站),应用于文本生成场景，根据用户输入的文本信息，生成符合用户需求的文本内容。,2024-4,generative ai,境内深度合成服务算法备案清单（2024年4月）.docx
阿里云视觉智能开放平台人物视频生成算法,服务技术支持者,通义云启（杭州）信息技术有限公司,--,应用于视频生成场景，服务于企业端用户，根据用户上传的人物图像，与用户指定的视频内容结合生成新视频。,2024-4,generative ai,境内深度合成服务算法备案清单（2024年4月）.docx
阿里云视觉智能开放平台人物写真算法,服务技术支持者,通义云启（杭州）信息技术有限公司,--,应用于图像生成场景，服务于企业端客户，根据用户输入的人脸图像，进行人物形象的学习，生成目标人物在特定风格或场景下的写真图像。,2024-4,generative ai,境内深度合成服务算法备案清单（2024年4月）.docx
阿里云视觉智能开放平台生成式动漫化卡通化算法,服务技术支持者,通义云启（杭州）信息技术有限公司,--,应用于图像生成场景，服务于企业端客户，根据用户输入的真实人物图像，生成保留原图内容结构信息和融合特定卡通风格的动漫化图像。,2024-4,generative ai,境内深度合成服务算法备案清单（2024年4月）.docx
阿里云视觉智能开放平台图像修复生成算法,服务技术支持者,通义云启（杭州）信息技术有限公司,--,应用于图像生成场景，服务于企业端客户，修复或提升用户上传图像的画质，生成新图像。,2024-4,generative ai,境内深度合成服务算法备案清单（2024年4月）.docx
阿里云视觉智能开放平台虚拟试衣算法,服务技术支持者,通义云启（杭州）信息技术有限公司,--,应用于图像生成场景，服务于企业端客户，根据用户上传的模特图、人台图和文本描述，生成目标人物穿着模特图、人台图对应服饰的图片。,2024-4,generative ai,境内深度合成服务算法备案清单（2024年4月）.docx
艺爪AI算法,服务提供者,赣州艺爪科技有限公司,艺爪助手(网站),应用于智能对话场景，根据用户输入的文本数据，生成符合用户需求的回答。,2024-4,generative ai,境内深度合成服务算法备案清单（2024年4月）.docx
方寸公文大模型算法,服务提供者,北京方寸无忧科技发展有限公司,无忧智慧公文-智能写作(网站),应用于文本生成场景，根据用户输入的文本信息，生成符合用户需求的文本内容，实现公文写作等功能。,2024-4,generative ai,境内深度合成服务算法备案清单（2024年4月）.docx
方寸公文大模型算法-1,服务技术支持者,北京方寸无忧科技发展有限公司,--,应用于文本生成场景，服务于企业端客户，根据用户输入的文本信息，生成符合用户需求的文本内容，实现公文写作等功能。,2024-4,generative ai,境内深度合成服务算法备案清单（2024年4月）.docx
百度智能客服算法,服务技术支持者,北京百度网讯科技有限公司,--,应用于在线智能客服场景，服务于企业端客户，根据用户咨询的语音、文本内容，生成文本或语音智能回复。,2024-4,generative ai,境内深度合成服务算法备案清单（2024年4月）.docx
智得乐聘文本生成类算法,服务提供者,长沙猎杰人力资源管理有限公司,人力资源AI(网站)、智得乐聘(小程序),应用于文本生成场景，根据用户输入的文本信息，生成符合用户需求的文本内容，实现招聘问询等功能。,2024-4,generative ai,境内深度合成服务算法备案清单（2024年4月）.docx
律皓法管家大模型生成算法,服务提供者,贵州律皓科技有限公司,律皓法管家(公众账号)、法管家(小程序)、法管家(APP)、法管家(网站),应用于文本生成场景，根据用户输入的文本信息，生成符合用户需求的文本内容，实现法律咨询、合同审查等功能。,2024-4,generative ai,境内深度合成服务算法备案清单（2024年4月）.docx
声智壹元大模型算法,服务技术支持者,北京声智科技有限公司,--,应用于文本生成场景，服务于企业端客户，根据用户输入的文本信息，生成符合用户需求的文本内容。,2024-4,generative ai,境内深度合成服务算法备案清单（2024年4月）.docx
言程智能记忆问答文字生成算法,服务提供者,广州言程智能科技有限公司,言秘书(APP)、言程助手(APP),应用于智能对话场景，根据用户输入的文本或语音，结合历史信息，生成符合用户需求的回答。,2024-4,generative ai,境内深度合成服务算法备案清单（2024年4月）.docx
多变交互式内容生成算法,服务提供者,南通多变科技有限公司,多变AI(网站)、多变(APP),应用于智能对话场景，根据用户输入的文本数据，生成符合用户需求的回答。,2024-4,generative ai,境内深度合成服务算法备案清单（2024年4月）.docx
B612咔叽AI图片生成合成算法,服务提供者,亿睿科信息技术（北京）有限公司,B612咔叽(APP),应用于图像生成场景，根据用户输入的图像数据，生成具有相同身份特征但不同风格的图像。,2024-4,generative ai,境内深度合成服务算法备案清单（2024年4月）.docx
七凌图像生成合成算法,服务提供者,杭州七凌创意设计有限公司,妙妙相机(小程序),应用于图像、视频生成场景，根据用户输入的图像、视频信息，生成符合用户需求的特定风格图像、视频内容。,2024-4,generative ai,境内深度合成服务算法备案清单（2024年4月）.docx
乐言大模型生成算法,服务技术支持者,上海乐言科技股份有限公司,--,应用于对话生成场景，服务于企业端用户，根据用户输入的文本问题，生成相关的文本回复。,2024-4,generative ai,境内深度合成服务算法备案清单（2024年4月）.docx
世纪佳缘生成合成类大模型算法,服务提供者,上海花千树信息科技有限公司,世纪佳缘(APP),应用于对话生成场景，根据输入的文本，生成相应的文本回复。,2024-4,generative ai,境内深度合成服务算法备案清单（2024年4月）.docx
飞猪商家在线智能客服生成合成类算法,服务提供者,杭州淘美航空服务有限公司,飞猪旅行(APP),应用于智能客服场景，根据用户输入的文本数据，结合知识库，通过算法模型断识别和理解用户意图，生成文本回复。,2024-4,generative ai,境内深度合成服务算法备案清单（2024年4月）.docx
YY人脸融合算法,服务技术支持者,广州方硅信息技术有限公司,--,应用于图像生成场景，服务于企业端客户，将用户上传的照片与特定模板进行面部融合，生成融合后的人脸图像。,2024-4,generative ai,境内深度合成服务算法备案清单（2024年4月）.docx
商汤AI视频生成算法,服务技术支持者,上海商汤智能科技有限公司,--,应用于视频生成场景，服务于企业端客户，根据用户输入的文字或图像提示信息，基于扩散模型和视频插帧算法，生成符合用户要求的视频内容。,2024-4,generative ai,境内深度合成服务算法备案清单（2024年4月）.docx
荔枝智能对话生成算法,服务提供者,广州荔支网络技术有限公司,小陪伴语音(APP),应用于文本生成场景，根据用户输入的文本信息，使用大语言模型生成符合用户需求的文本内容。,2024-4,generative ai,境内深度合成服务算法备案清单（2024年4月）.docx
商汤格物高精度重建算法-1,服务技术支持者,上海商汤智能科技有限公司,--,应用于图像、视频生成场景，服务于企业端客户，根据从不同的角度拍摄的若干张某物体的RGB照片，生成该物品的3D模型或任意角度的物品照片。,2024-4,generative ai,境内深度合成服务算法备案清单（2024年4月）.docx
蚂蚁云通图像生成算法,服务提供者,蚂蚁云通（上海）信息技术有限公司,涂吖豆豆(小程序)、萌了吧叽(小程序),应用于图像生成场景，根据用户输入的图像信息，生成符合用户需求的图像内容，实现图像动漫风格化等功能。,2024-4,generative ai,境内深度合成服务算法备案清单（2024年4月）.docx
天亨文本生成算法,服务技术支持者,沈阳超航智能科技有限公司,--,应用于文本生成场景，服务于企业端客户，根据用户输入的文本信息，生成符合用户需求的文本内容。,2024-4,generative ai,境内深度合成服务算法备案清单（2024年4月）.docx
桐喜语音变声合成算法,服务提供者,合肥桐喜科技有限公司,TT变声器(APP),应用于语音生成场景，根据用户输入的文本信息，选择提供的固定合成音色模板，生成符合用户需求的音频内容。,2024-4,generative ai,境内深度合成服务算法备案清单（2024年4月）.docx
摩尔线程文本生成算法,服务提供者,北京摩笔生成科技有限公司,musachat(网站),应用于文本生成场景，根据用户输入的文本、图像信息，生成符合用户需求的文本内容，实现内容创作、翻译、图片问答等功能。,2024-4,generative ai,境内深度合成服务算法备案清单（2024年4月）.docx
阿里巴巴国际站平台生意助手算法,服务提供者,杭州阿里巴巴广告有限公司,阿里卖家PC端(APP)、阿里卖家APP端(APP)、Alibaba.com(网站),应用于智能对话场景，根据用户输入的文本数据，通过大语言模型生成符合用户需求的文本回复。,2024-4,generative ai,境内深度合成服务算法备案清单（2024年4月）.docx
狸猫智峰文本生成算法,服务提供者,武汉市狸猫智峰人工智能应用软件有限责任公司,狸猫AI助理(网站),应用于智能对话场景，根据用户输入的文本数据，通过大语言模型生成符合用户需求的文本回复。,2024-4,generative ai,境内深度合成服务算法备案清单（2024年4月）.docx
米然智能人脸融合算法,服务提供者,常州米然智能科技有限公司,卡通漫画脸生成器(小程序),应用于图像生成场景，通过对图像进行特征提取，实现对任意两张图像的快速融合。,2024-4,generative ai,境内深度合成服务算法备案清单（2024年4月）.docx
理想同学语音识别算法,服务提供者,北京车励行信息技术有限公司,理想同学(APP),应用于语音识别场景，根据用户输入的语音，输出语音转换的文本结果。,2024-4,generative ai,境内深度合成服务算法备案清单（2024年4月）.docx
StepChat文本生成算法,服务提供者,上海阶跃星辰智能科技有限公司,冒泡鸭(APP)、冒泡鸭(网站),应用于文本生成场景，根据用户输入的文本或语音，生成相应的文本内容。,2024-4,generative ai,境内深度合成服务算法备案清单（2024年4月）.docx
大明白对话合成算法,服务提供者,上海卓越睿新数码科技股份有限公司,智慧树网(网站)、知到教师版(APP)、知到(APP),应用于对话生成场景，根据用户输入的文本，结合上下文数据，生成符合用户要求的文本回复。,2024-4,generative ai,境内深度合成服务算法备案清单（2024年4月）.docx
出门问问图像生成算法,服务提供者,出门问问信息科技有限公司,言之画(网站),应用于图像生成场景，根据用户输入的一段文字描述和选择的生成参数信息，生成一张与描述贴合的图片。,2024-4,generative ai,境内深度合成服务算法备案清单（2024年4月）.docx
云道文生图图生视频内容生成算法,服务提供者,石家庄云道科技有限公司,Ai智剪(小程序),应用于视频生成场景，根据用户输入的小说文本内容，生成小说内容描述画面的图片，再生成小说内容介绍视频。,2024-4,generative ai,境内深度合成服务算法备案清单（2024年4月）.docx
光语生成合成算法,服务提供者,上海光启慧语技术有限公司,晓象(小程序)、咖杞(公众账号)、光语慧医(小程序)、咖杞(APP)、晓象(APP)、光语慧医(APP)、咖杞(小程序),应用于智能对话场景，根据用户输入的文本数据，通过大语言模型生成符合用户需求的文本回复。,2024-4,generative ai,境内深度合成服务算法备案清单（2024年4月）.docx
智言数据分析算法,服务提供者,上海幽孚网络科技有限公司,智言数据分析算法(网站),应用于智能对话场景，根据用户输入的文本数据，生成数据库查询语句，从数据库中提取数据，输出符合用户需求的表格等文本内容。,2024-4,generative ai,境内深度合成服务算法备案清单（2024年4月）.docx
即时设计文生图算法,服务提供者,北京雪云锐创科技有限公司,即时灵感AI(网站),应用于图像生成场景，根据用户输入的文本信息，生成符合用户需求的图像内容。,2024-4,generative ai,境内深度合成服务算法备案清单（2024年4月）.docx
零一万物大模型算法,服务提供者,北京零一万物科技有限公司,万知(网站),应用于智能对话场景，根据用户输入的文本数据，通过大语言模型生成符合用户需求的文本回复。,2024-4,generative ai,境内深度合成服务算法备案清单（2024年4月）.docx
DeepSeek大语言模型算法,服务技术支持者,北京深度求索人工智能基础技术研究有限公司,--,应用于智能对话场景，服务于企业端客户，根据用户输入的文本数据，通过大语言模型生成符合用户需求的文本、代码等内容。,2024-4,generative ai,境内深度合成服务算法备案清单（2024年4月）.docx
趣丸科技图像生成算法,服务提供者,广州趣丸网络科技有限公司,谜境(APP)、麦可(APP)、哇偶AI头像(小程序)、唱鸭(APP),应用于图像生成场景，根据用户输入的文本、图像信息，生成符合用户需求的图像内容。,2024-4,generative ai,境内深度合成服务算法备案清单（2024年4月）.docx
星纪魅族图像扩展算法,服务提供者,湖北星纪魅族网络技术有限公司,图库(APP),应用于图像生成场景，用户输入图像后调用图转文模型生成图像描述，图像描述、原始图像和扩展比例送到扩图模型中生成扩展后的图像。,2024-4,generative ai,境内深度合成服务算法备案清单（2024年4月）.docx
星纪魅族AI写真生成合成算法,服务提供者,湖北星纪魅族网络技术有限公司,图库(APP),应用于图像生成场景，根据用户输入的文本信息或选择的图像模板，结合用户上传的个人照片，生成符合用户需求的写真图像。,2024-4,generative ai,境内深度合成服务算法备案清单（2024年4月）.docx
星纪魅族文生图算法,服务提供者,湖北星纪魅族网络技术有限公司,FlymeAI(APP)、主题美化（手机应用）(APP)、Aicy大模型(APP),应用于图像生成场景，根据用户输入的文本信息，生成符合用户需求的图像内容,2024-4,generative ai,境内深度合成服务算法备案清单（2024年4月）.docx
网易传媒数字人视频合成算法,服务提供者,北京网易传媒有限公司,网易易像(网站),应用于数字人生成场景，根据用户输入的文本、语音或视频，输出与其口型同步的数字人视频。,2024-4,generative ai,境内深度合成服务算法备案清单（2024年4月）.docx
恒生聚源Gil-GPT大模型算法,服务技术支持者,上海恒生聚源数据服务有限公司,--,应用于对话生成场景，服务于企业端用户，根据用户输入指令，生成相应的金融资讯信息回复。,2024-4,generative ai,境内深度合成服务算法备案清单（2024年4月）.docx
中科大洋大语言模型智能问答算法,服务提供者,北京中科大洋科技发展股份有限公司,大洋智能化稿件生产平台(其他),应用于对话生成场景，根据用户输入的问题文本，生成相应的回复内容。,2024-4,generative ai,境内深度合成服务算法备案清单（2024年4月）.docx
广东博众数字人合成算法,服务提供者,广东博众智能科技投资有限公司,大阳智投(APP),应用于数字人生成场景，根据用户输入的视频素材和播报内容文本，生成虚拟人物图像或视频。,2024-4,generative ai,境内深度合成服务算法备案清单（2024年4月）.docx
WPSAI文本生成算法-2,服务提供者,北京金山办公软件股份有限公司,WPS Office(APP),应用于文本生成场景，根据用户输入的文字内容，生成特定文案。,2024-4,generative ai,境内深度合成服务算法备案清单（2024年4月）.docx
趣闯定制化图像生成算法-2,服务提供者,广州趣闯网络科技有限公司,UJO证件照(小程序)、此时AI相机(小程序)、电子证件照制作-辰龙(小程序)、Tvatar(小程序)、影境创艺(小程序),应用于图像生成场景，根据用户输入的图像素材和用户选择的模板或目标要求，生成特定目标图片内容。,2024-4,generative ai,境内深度合成服务算法备案清单（2024年4月）.docx
小米图像大模型算法,服务提供者,小米科技有限责任公司,主题壁纸(APP)、小米相册-编辑(APP)、小爱同学(APP),应用于图像编辑场景，根据用户输入的文本或图像信息，实现图像理解、图像生成、图像编辑等功能，输出符合要求的图像信息。,2024-4,generative ai,境内深度合成服务算法备案清单（2024年4月）.docx
稿定营销文案生成算法,服务提供者,稿定（厦门）科技有限公司,稿定设计web(网站)、稿定设计(APP),应用于文本生成场景，根据用户输入的文本和商品信息，生成推广营销文案内容。,2024-4,generative ai,境内深度合成服务算法备案清单（2024年4月）.docx
千同科技智能3D人脸生成算法,服务提供者,浙江千同科技有限公司,有趣世界(APP),应用于图片生成场景，根据用户上传的图片，生成人物面部三维模型或人物面部贴图。,2024-4,generative ai,境内深度合成服务算法备案清单（2024年4月）.docx
珍岛文生文内容生成算法,服务提供者,珍岛信息技术(上海)股份有限公司,臻文(网站),应用于智能对话场景，根据用户输入的文本数据，通过大语言模型生成符合用户需求的文本回复。,2024-4,generative ai,境内深度合成服务算法备案清单（2024年4月）.docx
追一AI员工生成合成算法,服务提供者,深圳追一科技有限公司,Broca对话智能体系统(网站),应用于文本生成场景，根据用户输入的文本信息，使用大语言模型生成符合用户需求的文本内容。,2024-4,generative ai,境内深度合成服务算法备案清单（2024年4月）.docx
追一大模型生成合成算法,服务技术支持者,深圳追一科技有限公司,--,应用于文本生成场景，服务于企业端客户，根据用户输入的文本信息，使用大语言模型生成符合用户需求的文本内容。,2024-4,generative ai,境内深度合成服务算法备案清单（2024年4月）.docx
粒子创想文本内容合成算法,服务提供者,成都粒子创想科技有限公司,Chat AI(APP),应用于文本生成场景，根据用户输入的文本内容，生成满足用户需求的文本内容。,2024-4,generative ai,境内深度合成服务算法备案清单（2024年4月）.docx
饼干PPT生成算法,服务提供者,北京饼干科技有限公司,AiPPT(网站)、爱设计(网站),应用于文件生成场景，根据用户输入的数据和标记组件，生成指定格式的文本内容。,2024-4,generative ai,境内深度合成服务算法备案清单（2024年4月）.docx
得物社区搜索智能问答,服务提供者,上海得物信息集团有限公司,得物(APP),应用于对话生成场景，根据用户输入的问题文本，生成相应的回复内容。,2024-4,generative ai,境内深度合成服务算法备案清单（2024年4月）.docx
数业智能大模型生成式对话算法,服务提供者,广东数业智能科技有限公司,和家亲-粤享健康(APP)、心小陆(小程序)、心大陆机器人(其他)、数字心育平台(网站),应用于智能对话场景，根据用户输入的文本信息，生成符合用户需求的文本内容。,2024-4,generative ai,境内深度合成服务算法备案清单（2024年4月）.docx
华云换脸DeepFaceFuse算法,服务提供者,杭州华云科技有限公司,影阁相机(小程序),应用于图像生成场景，将用户上传的照片与特定模板进行面部融合，生成人脸融合后的图像。,2024-4,generative ai,境内深度合成服务算法备案清单（2024年4月）.docx
智启特AI文本生成算法,服务提供者,武汉智启特人工智能科技有限公司,智启特AI创作平台(网站),应用于文本生成场景，根据用户输入的文本信息，使用大语言模型生成符合用户需求的文本内容。,2024-4,generative ai,境内深度合成服务算法备案清单（2024年4月）.docx
可画图像生成算法,服务技术支持者,北京咖瓦信息技术有限公司,--,应用于图像生成场景，服务于企业端客户，根据用户输入的文本、图像信息，生成符合用户需求的图像内容。,2024-4,generative ai,境内深度合成服务算法备案清单（2024年4月）.docx
百度生成式医疗问答算法,服务技术支持者,北京百度网讯科技有限公司,--,应用于智能对话场景，服务于企业端客户，根据用户输入的医疗健康相关文本信息，使用大语言模型生成符合用户需求的文本内容。,2024-4,generative ai,境内深度合成服务算法备案清单（2024年4月）.docx
趣闯高自然度虚拟人生成算法-2,服务提供者,广州趣闯网络科技有限公司,趣丸数字人(网站),应用于虚拟人物视频生成场景，根据输入的图像、视频进行数字人生成，生成后的数字人在本地进行渲染，用户选择进行语音或视频驱动，生成数字人形象的视频。,2024-4,generative ai,境内深度合成服务算法备案清单（2024年4月）.docx
捷通华声灵云光学字符识别算法,服务技术支持者,北京捷通华声科技股份有限公司,--,应用于光学字符识别场景，服务于企业端客户，提取图像中的文字信息，将其转化为计算机可处理的文本形式。,2024-4,generative ai,境内深度合成服务算法备案清单（2024年4月）.docx
天禧文本生成算法,服务提供者,联想（北京）有限公司,联想小天(APP)、联想AI问(网站)、联想AI问(APP)、融合零售智能体(网站)、联想小天（商用版）(APP)、AI学习(APP)、服务智能体(网站)、联想AI问(小程序),应用于智能对话场景，根据用户输入的文本信息，生成符合用户需求的文本内容。,2024-4,generative ai,境内深度合成服务算法备案清单（2024年4月）.docx
云米小V对话算法,服务提供者,佛山市云米电器科技有限公司,云米(APP)、和小V对话(小程序),应用于对话生成场景，根据用户输入的内容，生成文本自动回复用户的问题或留言。,2024-4,generative ai,境内深度合成服务算法备案清单（2024年4月）.docx
云从从容大模型算法-2,服务技术支持者,云从科技集团股份有限公司,--,应用于对话生成场景，服务于企业端用户，根据用户输入的文本、图片、音频、视频模态的信息和指令，生成与之对应的回复内容。,2024-4,generative ai,境内深度合成服务算法备案清单（2024年4月）.docx
索迈特AI文本生成算法-1,服务提供者,索迈特（上海）人工智能科技有限公司,索迈特AI助手(小程序)、索迈特AI(网站),应用于文本生成场景，根据输入的文本，生成相应的文本内容。,2024-4,generative ai,境内深度合成服务算法备案清单（2024年4月）.docx
宇视AI绘画算法,服务技术支持者,浙江宇视科技有限公司,--,应用于图像生成场景，服务于企业端客户，消除用户输入的照片背景中多余游客，同时使用场景景色填充消除区域，生成符合用户需求的图像内容。,2024-4,generative ai,境内深度合成服务算法备案清单（2024年4月）.docx
轻图AI图片生成合成算法,服务提供者,亿睿科信息技术（北京）有限公司,轻图(APP),应用于图像生成场景，根据用户输入的图像数据，生成具有相同身份特征但不同风格的图像。,2024-4,generative ai,境内深度合成服务算法备案清单（2024年4月）.docx
云教材智能问答生成算法,服务提供者,北京智启蓝墨信息技术有限公司,云教材(APP),应用于智能对话场景，根据用户输入的文本数据，通过大语言模型生成符合用户需求的文本回复。,2024-4,generative ai,境内深度合成服务算法备案清单（2024年4月）.docx
水滴水守大模型算法,服务技术支持者,北京水滴科技集团有限公司,--,应用于对话生成场景，服务于企业端客户，根据用户输入的文本内容，生成保险行业领域的文本回答。,2024-4,generative ai,境内深度合成服务算法备案清单（2024年4月）.docx
考试蚁文本内容合成算法,服务提供者,合肥双柚教育科技有限公司,考试蚁(APP),应用于文本生成场景，根据用户输入的问题文本，生成相应的文本回答。,2024-4,generative ai,境内深度合成服务算法备案清单（2024年4月）.docx
东方财富智能信息总结算法,服务提供者,东方财富信息股份有限公司,Choice数据(APP)、东方财富(APP)、妙想(APP),应用于文本生成场景，根据用户输入的金融类文本内容，生成相应的总结文本。,2024-4,generative ai,境内深度合成服务算法备案清单（2024年4月）.docx
APUS大模型算法,服务提供者,麒麟合盛网络技术股份有限公司,APUS大模型官网(网站),应用于智能对话场景，根据用户输入的文本数据，通过大语言模型生成符合用户需求的文本回复。,2024-4,generative ai,境内深度合成服务算法备案清单（2024年4月）.docx
中国移动10086智能客服算法,服务提供者,中移在线服务有限公司,10086语音热线(其他)、中国移动(APP)、中国移动10086(小程序)、中国移动10086+(小程序)、中国移动10086(公众账号),应用于智能客服场景，根据用户输入的文本和语音，准确理解用户诉求，自动生成符合要求的文本、音频、视频内容。,2024-4,generative ai,境内深度合成服务算法备案清单（2024年4月）.docx
爱塔图像文本生成算法,服务提供者,爱塔智能科技（成都）有限公司,爱塔 ATA(APP),应用于文本、图像生成场景，根据用户输入的文本内容，生成符合用户需求的文本、图像内容。,2024-4,generative ai,境内深度合成服务算法备案清单（2024年4月）.docx
中国移动智能助理交互算法,服务提供者,中国移动通信有限公司销售分公司,中国移动(APP),应用于智能客服场景，根据用户输入的文本和语音，准确理解用户诉求，自动生成符合要求的文本、图像内容。,2024-4,generative ai,境内深度合成服务算法备案清单（2024年4月）.docx
创客贴平面设计图文内容生成算法,服务提供者,北京艺源酷科技有限公司,创客贴(网站)、创客贴作图神器(小程序)、创客贴设计(APP),应用于图像和文本生成场景，根据用户输入的文本、图像等请求内容，生成平面设计需要的文本、图像等内容。,2024-4,generative ai,境内深度合成服务算法备案清单（2024年4月）.docx
智联招聘AI改简历生成算法,服务提供者,北京网聘信息技术有限公司,智联招聘(APP),应用于文本生成场景，根据用户输入的基础信息、教育经历、工作经历等文本数据，生成用户所需的简历内容。,2024-4,generative ai,境内深度合成服务算法备案清单（2024年4月）.docx
智檬人脸融合算法,服务提供者,江苏智檬智能科技有限公司,小檬相机(小程序),应用于图像生成场景，根据用户输入的人脸图像、模板图像，生成融合后的人脸图像。,2024-4,generative ai,境内深度合成服务算法备案清单（2024年4月）.docx
天工文生图算法-1,服务技术支持者,昆仑万维科技股份有限公司,--,应用于图像生成场景，服务于企业端客户，根据用户输入的文本，生成与输入文本描述相匹配的图像。,2024-4,generative ai,境内深度合成服务算法备案清单（2024年4月）.docx
比格AI图像深度生成合成算法,服务技术支持者,上海盛霄云计算技术有限公司,--,应用于图像生成场景，服务于企业端客户，根据用户输入的文本，生成与输入内容意义相符合的图像。,2024-4,generative ai,境内深度合成服务算法备案清单（2024年4月）.docx
轻松问医DoctorGPT健康大模型算法,服务提供者,北京轻松健康网络科技有限公司,Dr.GPT(网站),应用于对话生成场景，根据用户输入的需求文本，生成医疗健康领域的文本回复。,2024-4,generative ai,境内深度合成服务算法备案清单（2024年4月）.docx
萌萌舒AI应事文本信息合成算法2,服务技术支持者,成都萌萌舒科技有限公司,--,应用于文本生成场景，服务于企业端客户，根据用户输入的文本指令，结合用户历史对话数据，生成符合该指令要求的文本。,2024-4,generative ai,境内深度合成服务算法备案清单（2024年4月）.docx
生数多模态大模型算法,服务提供者,北京生数科技有限公司,PixWeaver(网站)、PixWeaver(APP),应用于图像和视频生成场景，根据用户输入的内容，生成符合用户期望的图片或视频。,2024-4,generative ai,境内深度合成服务算法备案清单（2024年4月）.docx
腾讯问卷AI助手算法,服务提供者,腾讯云计算（北京）有限责任公司,腾讯问卷(其他),应用于文本生成场景，根据用户输入的调研问卷需求信息，生成为用户设计的问卷内容。,2024-4,generative ai,境内深度合成服务算法备案清单（2024年4月）.docx
大设AIGC图像生成算法-1,服务提供者,大设（上海）信息科技有限公司,大设AI绘画(小程序)、大设(网站),应用于图像生成场景，根据用户输入的提示词或上传参考图片，并选择生成图片的配置，生成符合用户要求的图片。,2024-4,generative ai,境内深度合成服务算法备案清单（2024年4月）.docx
大设AIGC图像生成算法-2,服务技术支持者,大设（上海）信息科技有限公司,--,应用于图像生成场景，服务于企业端客户，根据用户输入的提示词或上传参考图片，生成符合用户要求的图片。,2024-4,generative ai,境内深度合成服务算法备案清单（2024年4月）.docx
Artio图像智能生成算法-1,服务提供者,上海埃艺共数科技有限公司,ARTIO(网站)、ARTIO(小程序),应用于图像生成场景，根据用户输入的文本描述以及选择的参数，生成符合用户需求的图像。,2024-4,generative ai,境内深度合成服务算法备案清单（2024年4月）.docx
达摩院单图生成3D合成算法,服务技术支持者,阿里巴巴达摩院(杭州)科技有限公司,--,应用于图像生成场景，服务于企业端客户，根据用户输入的需要被3D生成的单张单体物体的图片，生成该物体的任意视角下的图像，达到利用单张图像生成3D模型的效果。,2024-4,generative ai,境内深度合成服务算法备案清单（2024年4月）.docx
天禧文本内容生成算法,服务技术支持者,联想（北京）有限公司,--,应用于文本生成场景，服务于企业端客户，根据用户输入的文本信息，使用大语言模型生成符合用户需求的文本内容。,2024-4,generative ai,境内深度合成服务算法备案清单（2024年4月）.docx
达摩院人物姿态编辑合成算法,服务技术支持者,阿里巴巴达摩院(杭州)科技有限公司,--,应用于图像生成场景，服务于企业端客户，根据用户输入的骨架图和人物图，生成人物姿态编辑后的结果图像。,2024-4,generative ai,境内深度合成服务算法备案清单（2024年4月）.docx
YY音色迁移算法,服务技术支持者,广州方硅信息技术有限公司,--,应用于语音生成场景，服务于企业端客户，将目标音色迁移至待处理声音中，输出具有目标音色特征的语音。,2024-4,generative ai,境内深度合成服务算法备案清单（2024年4月）.docx
码能科技企业AI助理深度合成算法,服务技术支持者,上海码能网络科技有限公司,--,应用于文本生成场景，服务于企业端客户，根据用户输入的文本信息，生成符合用户需求的文本内容。,2024-4,generative ai,境内深度合成服务算法备案清单（2024年4月）.docx
天擎公共安全大模型算法,服务技术支持者,厦门市美亚柏科信息股份有限公司,--,应用于文本生成场景，服务于公共安全领域企业端客户，根据用户输入的文本信息，生成符合用户需求的文本内容。,2024-4,generative ai,境内深度合成服务算法备案清单（2024年4月）.docx
Artio图像智能生成算法-2,服务提供者,上海埃艺共数科技有限公司,ARTIO(网站)、ARTIO(小程序),应用于图像生成场景，根据用户输入的图片以及选择的参数，生成符合用户需求的图像。,2024-4,generative ai,境内深度合成服务算法备案清单（2024年4月）.docx
稿定AI图像合成算法,服务提供者,稿定（厦门）科技有限公司,稿定设计web(网站)、花瓣工具产品(网站)、抖店稿定商品(网站)、稿定设计(APP),应用于图像生成场景，根据用户的文本描述和所选风格，生成符合描述且具有设计审美的视觉图像。,2024-4,generative ai,境内深度合成服务算法备案清单（2024年4月）.docx
完美世界智能角色生成合成算法,服务技术支持者,完美世界（北京）软件科技发展有限公司,--,应用于音频生成场景，服务于企业端客户，根据用户输入的文本，生成语音及表情。,2024-4,generative ai,境内深度合成服务算法备案清单（2024年4月）.docx
标贝语音合成算法,服务技术支持者,标贝（青岛）科技有限公司,--,应用于音频生成场景，服务于企业端客户，根据用户输入的文本，生成语音、歌声或目标人声等。,2024-4,generative ai,境内深度合成服务算法备案清单（2024年4月）.docx
高山智作大模型生成算法,服务提供者,安徽高山科技有限公司,小洽助手(APP),应用于文本生成场景，根据用户输入的文本信息，生成符合用户需求的文本内容。,2024-4,generative ai,境内深度合成服务算法备案清单（2024年4月）.docx
翌金BI大模型算法,服务技术支持者,翌金科技（上海）有限公司,--,应用于文本生成场景，服务于企业端客户，根据用户输入的文本信息，使用大语言模型生成符合用户需求的文本内容。,2024-4,generative ai,境内深度合成服务算法备案清单（2024年4月）.docx
络希应用文本信息合成算法,服务提供者,广州津虹网络传媒有限公司,络希(APP),应用于智能对话场景，根据用户输入的文本数据，通过大语言模型生成符合用户需求的文本回复。,2024-4,generative ai,境内深度合成服务算法备案清单（2024年4月）.docx
开普云开悟文本生成算法-2,服务技术支持者,开普云信息科技股份有限公司,--,应用于文本生成场景，服务于企业端客户，根据用户输入的文本信息，生成符合用户需求的文本内容。,2024-4,generative ai,境内深度合成服务算法备案清单（2024年4月）.docx
简漫人脸融合算法,服务提供者,郑州俊盈网络科技有限公司,简漫(APP),应用于人脸图像生成场景，将用户上传的照片与特定模板进行面部融合，生成融合后的人脸图像。,2024-4,generative ai,境内深度合成服务算法备案清单（2024年4月）.docx
高灯财税大模型算法,服务提供者,深圳高灯计算机科技有限公司,高灯财务AI助手(网站),应用于智能对话场景，根据用户输入的文本信息，生成符合用户需求的文本内容。,2024-4,generative ai,境内深度合成服务算法备案清单（2024年4月）.docx
洲凌人脸融合算法,服务提供者,郑州洲凌科技有限公司,PicPik(APP),应用于图像、视频生成场景，将用户上传的照片与特定模板进行面部融合，生成融合后的人脸图像、视频。,2024-4,generative ai,境内深度合成服务算法备案清单（2024年4月）.docx
钉钉会议智能纪要生成算法,服务提供者,钉钉科技有限公司,钉钉(APP),应用于文本生成场景，将用户使用钉钉会议过程中的语音内容识别为文字，通过大语言模型对文字内容进行总结，生成会议纪要。,2024-4,generative ai,境内深度合成服务算法备案清单（2024年4月）.docx
蝉妈妈电商知识智能问答算法,服务提供者,厦门蝉羽网络科技有限公司,蝉妈妈(网站),应用于智能对话场景，根据用户输入的文本信息，生成符合用户需求的文本内容。,2024-4,generative ai,境内深度合成服务算法备案清单（2024年4月）.docx
知网中华知识大模型算法-1,服务提供者,同方知网数字出版技术股份有限公司,知网研学(网站)、知网公文(网站),应用于对话生成场景，根据用户输入的提问文本，生成公文内容和文献报告等文本回复。,2024-4,generative ai,境内深度合成服务算法备案清单（2024年4月）.docx
元领域AI大模型算法,服务提供者,上海元领域数字科技有限公司,整形外科数字诊室(网站)、黄浦区行政服务中心综合政务店小二(网站)、社区服务智能助手(网站),应用于对话生成场景，根据用户输入的文本、音频信息，生成符合用户意图的文本、音视频等内容。,2024-4,generative ai,境内深度合成服务算法备案清单（2024年4月）.docx
建木智能二次元风格转化图生图算法,服务提供者,厦门建木智能科技有限公司,WeJumper(小程序),应用于图像生成场景，根据用户上传的照片和选择的风格滤镜，生成指定风格的照片。,2024-4,generative ai,境内深度合成服务算法备案清单（2024年4月）.docx
慧辰语音合成算法,服务技术支持者,北京慧辰资道资讯股份有限公司,--,应用于语音生成场景，服务于企业端客户，根据用户输入的文本数据，生成企业场景要求的音频，实现文本转语音功能。,2024-4,generative ai,境内深度合成服务算法备案清单（2024年4月）.docx
智檬AI绘画算法,服务提供者,江苏智檬智能科技有限公司,小檬创作(小程序),应用于图像生成场景，根据用户输入的文本、图片以及参数配置，生成个性化的艺术绘图作品。,2024-4,generative ai,境内深度合成服务算法备案清单（2024年4月）.docx
漫步者摘要提取算法,服务提供者,东莞市爱德发网络科技有限公司,漫步云端(APP),应用于文本生成场景，对长篇的文本内容进行关键内容提取，生成内容大纲或者主干信息。,2024-4,generative ai,境内深度合成服务算法备案清单（2024年4月）.docx
温柔乡AI心理咨询文本生成算法,服务提供者,长沙指玄心理咨询服务有限公司,温柔乡AI治愈疗愈服务平台(网站),应用于智能对话场景，根据用户输入的文本信息，生成符合用户需求的文本内容，实现心理咨询等功能。,2024-4,generative ai,境内深度合成服务算法备案清单（2024年4月）.docx
Step文生文生成算法,服务技术支持者,上海阶跃星辰智能科技有限公司,--,应用于智能对话场景，服务于企业端客户，将用户输入的语音转换为文本信息，根据文本信息生成符合用户需求的文本内容。,2024-4,generative ai,境内深度合成服务算法备案清单（2024年4月）.docx
飞虎互动智能场景机器人算法,服务技术支持者,飞虎互动科技（北京）有限公司,--,应用于文本生成场景，服务于企业端客户，根据用户输入的内容，生成金融领域相关文本内容。,2024-4,generative ai,境内深度合成服务算法备案清单（2024年4月）.docx
炽卯AI合规大模型算法,服务技术支持者,北京炽卯科技有限公司,--,应用于对话生成场景，服务于企业端客户，根据用户咨询内容，生成文本智能回答。,2024-4,generative ai,境内深度合成服务算法备案清单（2024年4月）.docx
摩售AI营销助理及智能客服生成算法,服务提供者,杭州摩售智能科技有限公司,摩售AI营销助理及智能客服系统(其他),应用于对话生成场景，根据用户输入的内容，生成营销文案或个性化定制回复。,2024-4,generative ai,境内深度合成服务算法备案清单（2024年4月）.docx
集致科技蓝领招聘大模型算法,服务提供者,成都集致生活科技有限公司,吉工家(APP),应用于文本生成场景，根据用户输入的原始工作信息或提问文本，生成招聘信息或岗位信息回复。,2024-4,generative ai,境内深度合成服务算法备案清单（2024年4月）.docx
网易有道文本生成算法,服务提供者,北京网易有道计算机系统有限公司,有道智能硬件(APP)、小P老师(其他)、有道翻译(网站)、有道精品课(网站)、有道精品课(APP)、有道词典(APP)、小P老师(APP)、小P老师(小程序)、有道博闻(APP)、网易云课堂(网站)、网易云课堂主站(小程序)、中国大学MOOC(网站)、有道智能硬件(其他)、网易云课堂(APP)、有道AIbox(APP)、有道翻译(APP)、网易云课堂AI工坊(小程序)、中国大学MOOC(APP)、小P老师(网站)、有道博闻(网站),应用于文本生成场景，根据用户输入的文本信息，使用大语言模型生成符合用户需求的文本内容。,2024-4,generative ai,境内深度合成服务算法备案清单（2024年4月）.docx
沈水文本生成算法,服务技术支持者,沈阳纵艺科技有限公司,--,应用于文本生成场景，服务于企业端客户，根据用户输入的文本信息，生成符合用户需求的文本内容。,2024-4,generative ai,境内深度合成服务算法备案清单（2024年4月）.docx
浪潮信息自然语言处理源大模型算法,服务技术支持者,浪潮电子信息产业股份有限公司,--,应用于文本生成场景，服务于企业端客户，根据用户输入的文本信息，使用大语言模型生成符合用户需求的文本内容。,2024-4,generative ai,境内深度合成服务算法备案清单（2024年4月）.docx
灵感岛文本生成算法,服务提供者,北京五街科技有限公司,灵感岛(APP),应用于文本生成场景，根据用户输入的文本，生成自媒体文章内容，实现小红书笔记生成、邮件撰写、内容生成、短视频脚本生成等功能。,2024-4,generative ai,境内深度合成服务算法备案清单（2024年4月）.docx
艾贝斯塔智能美化特效算法,服务提供者,重庆艾贝斯塔网络科技有限公司,趣味生成器(APP),应用于图像生成场景，根据用户输入的图像数据，生成具有相同身份特征但不同风格的图像，实现人脸美化、卡通化、漫画脸等功能。,2024-4,generative ai,境内深度合成服务算法备案清单（2024年4月）.docx
原力在线视图生成算法,服务提供者,原力在线（南京）科技有限公司,PixelForce（原力创绘）(网站),应用于图像生成场景，根据用户输入的文本、图像，生成符合用户需求的图像内容。,2024-4,generative ai,境内深度合成服务算法备案清单（2024年4月）.docx
晨羽AIGC深度合成扩散算法,服务提供者,晨羽智云（杭州）科技有限公司,AI效果图(APP)、晨羽AI相机(小程序)、神笔小AI(APP)、晨羽AI电商图(其他),应用于图像生成场景，根据用户输入的文本，或文本与图像，生成符合用户需求的图像内容。,2024-4,generative ai,境内深度合成服务算法备案清单（2024年4月）.docx
快决测文本总结生成算法,服务提供者,广州快决测信息科技有限公司,快决测洞察数字化平台(网站),应用于文本生成场景，根据用户上传的各类调研项目的开放性问题及其回答，使用大语言模型提取核心观点，转化为标签化文本内容。,2024-4,generative ai,境内深度合成服务算法备案清单（2024年4月）.docx
快决测AI问卷生成合成算法,服务提供者,广州快决测信息科技有限公司,快决测洞察数字化平台(网站),应用于文本生成场景，根据用户输入的文本信息，使用大语言模型实现文本内容到问卷表单的自动转换。,2024-4,generative ai,境内深度合成服务算法备案清单（2024年4月）.docx
营业鹅文本信息生成算法,服务提供者,安徽营业鹅人工智能应用软件有限公司,营业额ai超级助手(APP),应用于文本生成场景，根据用户输入的文本信息，生成符合用户需求的文本内容。,2024-4,generative ai,境内深度合成服务算法备案清单（2024年4月）.docx
婚礼纪婚礼策划图像生成算法-1,服务提供者,杭州火烧云科技有限公司,婚礼纪(APP),应用于图像生成场景，根据用户输入的文本信息，生成符合文本描述的婚礼策划场景图像。,2024-4,generative ai,境内深度合成服务算法备案清单（2024年4月）.docx
莱特语言学习辅助生成合成算法,服务提供者,青岛嘉铭文化传播有限公司,莱特雅思(APP),应用于文本生成场景，根据用户输入的问题、作文文本或口语录音，生成相应的问题解答、作文修改建议及质量评估、口语表达的准确性评价与改进指南等。,2024-4,generative ai,境内深度合成服务算法备案清单（2024年4月）.docx
上海四建Construction-GPT内容生成算法,服务提供者,上海建工四建集团有限公司,建筑工程技术资料对话大模型(小程序)、建筑工程技术资料对话大模型(网站),应用于对话生成场景，根据用户输入的文本内容，生成建筑工程领域相关文本内容。,2024-4,generative ai,境内深度合成服务算法备案清单（2024年4月）.docx
沃奇数字分身算法,服务提供者,苏州沃奇人工智能科技有限公司,沃奇数字分身(网站),应用于数字人生成场景，根据用户输入信息和所属行业，生成数字人视频。,2024-4,generative ai,境内深度合成服务算法备案清单（2024年4月）.docx
搜狐网AI绘图算法,服务提供者,北京搜狐互联网信息服务有限公司,简单AI(网站),应用于图像生成场景，根据用户输入的文本或图片，生成相关图片。,2024-4,generative ai,境内深度合成服务算法备案清单（2024年4月）.docx
快推文文生视频算法,服务提供者,北京巨欧科技有限公司,快推文(APP),应用于视频生成场景，根据用户输入的文本，生成对应的语音、图片和字幕，合成为一个图片化的视频。,2024-4,generative ai,境内深度合成服务算法备案清单（2024年4月）.docx
捷通华声灵云机器翻译算法,服务技术支持者,北京捷通华声科技股份有限公司,--,应用于机器翻译场景，服务于企业端客户，根据用户输入的待翻译文本，生成指定目标语种的翻译内容。,2024-4,generative ai,境内深度合成服务算法备案清单（2024年4月）.docx
捷通华声灵云语音合成算法,服务技术支持者,北京捷通华声科技股份有限公司,--,应用于语音合成场景，服务于企业端客户，根据用户输入的文本转换为语音音频。,2024-4,generative ai,境内深度合成服务算法备案清单（2024年4月）.docx
CSGCoder代码生成算法,服务技术支持者,上海传之神科技有限公司,--,应用于代码生成场景，服务于企业端客户，根据用户输入的文本需求和指令，生成符合用户需求的代码，提供代码建议和自动化编程解决方案。,2024-4,generative ai,境内深度合成服务算法备案清单（2024年4月）.docx
货拉拉货运大模型算法-1,服务技术支持者,深圳货拉拉科技有限公司,--,应用于智能对话场景，服务于企业端客户，根据用户输入的文本，生成符合用户要求的文本回复，主要用于货运领域知识问答。,2024-4,generative ai,境内深度合成服务算法备案清单（2024年4月）.docx
塔斯TARS大模型文本生成算法,服务提供者,杭州实在智能科技有限公司,塔斯TARS大语言模型(网站),应用于智能对话场景，根据用户输入的文本信息，生成符合用户需求的文本内容。,2024-4,generative ai,境内深度合成服务算法备案清单（2024年4月）.docx
剪影人脸融合算法,服务提供者,上海剪姬软件科技有限公司,剪影(APP),应用于图像/视频生成场景，将用户身份特征转移到模版图像/视频上，生成的图像/视频既兼具指定图像/视频中的人脸特征，也保持了模板图像/视频中人物的姿态、表情、动作等属性。,2024-4,generative ai,境内深度合成服务算法备案清单（2024年4月）.docx
链企招投标文本生成算法,服务提供者,浙江链企智能技术有限公司,链企智能(小程序),应用于文本生成场景，根据用户输入的文本信息，生成符合用户需求的文本内容，主要用于招投标文本的撰写。,2024-4,generative ai,境内深度合成服务算法备案清单（2024年4月）.docx
远问智能文本生成算法-1,服务提供者,北京远问智能科技有限公司,素问AI(小程序),应用于智能对话场景，根据用户输入的文本信息，生成符合用户需求的文本内容。,2024-4,generative ai,境内深度合成服务算法备案清单（2024年4月）.docx
万相图像生成算法,服务提供者,杭州万相创意科技有限公司,lookie(小程序),应用于图像生成场景，根据用户上传的图片，与已有模特素材拼合，生成符合用户需要的服饰穿搭图片。,2024-4,generative ai,境内深度合成服务算法备案清单（2024年4月）.docx
趣颜人脸融合算法,服务提供者,北京巨欧科技有限公司,趣颜(APP),应用于图像或视频生成场景，根据用户输入的内容，将用户身份特征转移到模版图像或视频上，生成人脸融合后的图片或视频。,2024-4,generative ai,境内深度合成服务算法备案清单（2024年4月）.docx
开普云开悟图像生成算法-1,服务提供者,开普云信息科技股份有限公司,开普云开悟大模型门户(网站),应用于图像生成场景，根据用户输入的文本描述，并选择生成图片的配置，生成与文本描述匹配的图像。,2024-4,generative ai,境内深度合成服务算法备案清单（2024年4月）.docx
预见塔塔深度合成算法,服务提供者,北京加紫科技有限公司,预见塔塔(小程序),应用于对话生成场景，根据用户输入的问题，生成心理学领域相关回答。,2024-4,generative ai,境内深度合成服务算法备案清单（2024年4月）.docx
高途考研小助手深度合成算法,服务提供者,高途教育科技集团有限公司,高途考研小助手(小程序),应用于对话生成场景，根据用户输入的问题文本，生成考研领域相关回答。,2024-4,generative ai,境内深度合成服务算法备案清单（2024年4月）.docx
开普云开悟图像生成算法-2,服务技术支持者,开普云信息科技股份有限公司,--,应用于图像生成场景，服务于企业端客户，根据用户输入的文本信息，生成与文本描述相匹配的图片。,2024-4,generative ai,境内深度合成服务算法备案清单（2024年4月）.docx
Blink视频生成算法,服务技术支持者,北京箭厂科技有限公司,--,应用于视频生成场景，服务于企业端客户，根据用户输入的内容，生成唇形与语音匹配的视频。,2024-4,generative ai,境内深度合成服务算法备案清单（2024年4月）.docx
恒生LightGPT金融领域文本生成类算法,服务技术支持者,恒生电子股份有限公司,--,应用于文本生成场景，服务于企业端客户，根据用户输入的问题，生成相关的摘要、研报以及金融领域的知识文本。,2024-4,generative ai,境内深度合成服务算法备案清单（2024年4月）.docx
凡瀚文本生成算法,服务技术支持者,凡游在线科技（成都）有限公司,--,应用于文本生成场景，服务于企业端客户，根据用户输入文本内容，生成相应的回复文本。,2024-4,generative ai,境内深度合成服务算法备案清单（2024年4月）.docx
硅基智能数字人口型生成算法,服务提供者,南京硅基智能科技有限公司,硅语(网站)、硅基DUIX数字人平台软件(网站),应用于数字人生成场景，根据用户输入的音频以及数字人模版视频，生成口型与音频一致的数字人视频。,2024-4,generative ai,境内深度合成服务算法备案清单（2024年4月）.docx
鹏城脑海大模型文本生成算法,服务技术支持者,鹏城国家实验室,--,应用于文本生成场景，服务于企业端客户，根据用户输入的文本数据，生成相应的文本回复。,2024-4,generative ai,境内深度合成服务算法备案清单（2024年4月）.docx
网易传媒文本生成算法,服务提供者,北京网易传媒有限公司,网易新闻(APP),应用于文本生成场景，根据用户输入的文本数据，生成相应的文本回复内容。,2024-4,generative ai,境内深度合成服务算法备案清单（2024年4月）.docx
星河-AudioToTalk生成合成算法,服务提供者,星河视效科技（北京）有限公司,AI互动名片(小程序)、Taskbabel(小程序),应用于视频生成场景，根据用户输入的图片或视频、音频、目标语言文本，生成符合音频音色特征的嘴型视频。,2024-4,generative ai,境内深度合成服务算法备案清单（2024年4月）.docx
京东商品图生成算法,服务提供者,京东科技信息技术有限公司,京东云AIGC内容营销(网站),应用于图片生成场景，根据用户输入的商品主体图（含商品的白底图、透底图或简单背景图）及预期生成的背景文本描述或选择的背景模板，自动生成含商品及其背景的高质量商品图。,2024-4,generative ai,境内深度合成服务算法备案清单（2024年4月）.docx
得理法律大模型算法,服务提供者,深圳得理科技有限公司,得理法搜(网站)、得理法搜(小程序)、得理法搜(APP),应用于文本生成场景，根据用户提出的法律问题，结合上下文，生成相应的文本回答。,2024-4,generative ai,境内深度合成服务算法备案清单（2024年4月）.docx
声入人心语音合成算法-1,服务提供者,成都声入人心网络科技有限公司,超级配音(APP),应用于语音合成场景，根据用户输入文本数据及选定的声音风格，生成对应音频内容。,2024-4,generative ai,境内深度合成服务算法备案清单（2024年4月）.docx
思必驰语音识别算法,服务技术支持者,思必驰科技股份有限公司,--,应用于语音识别场景，服务于企业端客户，根据用户输入的音频，生成对应的文字，并对文字进行打标点、数字转换、说话人分段等后处理，以提高可读性。,2024-4,generative ai,境内深度合成服务算法备案清单（2024年4月）.docx
思必驰翻译算法,服务技术支持者,思必驰科技股份有限公司,--,应用于机器翻译场景，服务于企业端客户，根据用户输入的待翻译文本，生成指定目标语种的翻译内容。,2024-4,generative ai,境内深度合成服务算法备案清单（2024年4月）.docx
北京清博元裳大模型算法,服务提供者,北京清博智能科技有限公司,元裳(网站),应用于图像生成场景，根据用户输入的文字，生成符合用户需求的图像内容，主要用于生成精细的服装设计图。,2024-4,generative ai,境内深度合成服务算法备案清单（2024年4月）.docx
且慢智能投顾文本生成算法,服务提供者,珠海盈米基金销售有限公司,且慢(APP),应用于文本生成场景，根据用户输入的文本信息，生成符合用户需求的文本内容，主要用于金融领域文本生成。,2024-4,generative ai,境内深度合成服务算法备案清单（2024年4月）.docx
灵之宇语音识别算法,服务提供者,上海灵之宇技术有限公司,飞影AI直播(网站),应用于语音识别场景，根据用户输入的音频，生成对应的文字。,2024-4,generative ai,境内深度合成服务算法备案清单（2024年4月）.docx
职场密码智能简历场景合成算法,服务提供者,山东战千里教育咨询有限公司,职场密码AI简历(网站),应用于文本生成场景，根据用户输入的个人信息、教育背景、工作经历等文本信息，生成符合用户需求的个人简历。,2024-4,generative ai,境内深度合成服务算法备案清单（2024年4月）.docx
华数云智能文本生成算法,服务提供者,广州华数云计算有限公司,Chat中文(网站),应用于文本生成场景，根据用户输入的文本信息，生成符合用户需求的文本内容。,2024-4,generative ai,境内深度合成服务算法备案清单（2024年4月）.docx
HanVision视觉生成算法,服务技术支持者,上海韩创网络科技有限公司,--,应用于图像生成场景，服务于企业端客户，根据用户输入的文本、参考图像，生成符合用户需求的图像内容。,2024-4,generative ai,境内深度合成服务算法备案清单（2024年4月）.docx
中电万维文生图算法,服务提供者,中电万维信息技术有限责任公司,AI智能海报(网站)、AI智能海报设计(小程序),应用于图像生成场景，根据用户输入的文本，生成符合用户需求的图像内容，主要用于海报图制作。,2024-4,generative ai,境内深度合成服务算法备案清单（2024年4月）.docx
荆跃多模态图像生成算法,服务提供者,北京荆跃科技有限公司,AI绘跃(网站),应用于图像生成场景，根据用户输入的文字或文字结合参考图像，生成符合用户需求的图像内容。,2024-4,generative ai,境内深度合成服务算法备案清单（2024年4月）.docx
知网中华知识大模型算法-2,服务技术支持者,同方知网数字出版技术股份有限公司,--,应用于文本生成场景，服务于企业端客户，根据用户输入的提问文本，生成相应的文本回复。,2024-4,generative ai,境内深度合成服务算法备案清单（2024年4月）.docx
沈水图像生成算法,服务技术支持者,沈阳纵艺科技有限公司,--,应用于图像生成场景，服务于企业端客户，根据用户的文本需求，生成与文本相符合的图像。,2024-4,generative ai,境内深度合成服务算法备案清单（2024年4月）.docx
中移互联网云智互融多模态算法,服务提供者,中移互联网有限公司,移动云盘(APP)、139邮箱(APP),应用于图像或视频生成场景，根据用户输入的文本、图像、视频等数据，生成指定类型的图像或视频。,2024-4,generative ai,境内深度合成服务算法备案清单（2024年4月）.docx
中移互联网云智互融文本生成算法,服务提供者,中移互联网有限公司,移动云盘(APP)、139邮箱(APP),应用于文本生成场景，根据用户输入的文本内容，生成相应的文本结果。,2024-4,generative ai,境内深度合成服务算法备案清单（2024年4月）.docx
浮云法律大语言模型算法,服务提供者,杭州浮云网络科技有限公司,ai法律数字人(网站),应用于对话生成场景，根据用户输入的法律问题，生成法律建议和解答等回复文本。,2024-4,generative ai,境内深度合成服务算法备案清单（2024年4月）.docx
Haimeta文本生成算法,服务提供者,厦门两万里文化传媒有限公司,Haimeta(网站),应用于文本生成场景，根据用户输入的文本描述，生成相应的文本回复。,2024-4,generative ai,境内深度合成服务算法备案清单（2024年4月）.docx
Haimeta图像生成算法,服务提供者,厦门两万里文化传媒有限公司,Haimeta(网站),应用于图像生成场景，根据用户输入的文本和图像，生成相应的图像结果。,2024-4,generative ai,境内深度合成服务算法备案清单（2024年4月）.docx
马蜂窝旅游攻略知识生成算法,服务提供者,北京蚂蜂窝网络科技有限公司,马蜂窝(APP)、AI行程助手(APP)、AI小蚂(APP),应用于对话生成场景，根据用户输入的景点或旅游行程规划等问题，生成旅游攻略知识文本。,2024-4,generative ai,境内深度合成服务算法备案清单（2024年4月）.docx
轻松怡康内容辅助生成算法,服务提供者,北京轻松怡康信息技术有限公司,微爱筹款文案生成(网站),应用于文本生成场景，根据用户输入的文本数据，生成筹款文案内容。,2024-4,generative ai,境内深度合成服务算法备案清单（2024年4月）.docx
云道图像深度合成类算法,服务提供者,石家庄云道科技有限公司,云图库（快手）(小程序)、Ai智剪（抖音）(小程序)、米得客(APP)、AI百变实验室(小程序)、Ai智剪（微信）(小程序)、云图库（抖音）(小程序)、Ai智剪（快手）(小程序)、AI云图(小程序),应用于图像生成场景，根据用户上传的图片，进行编辑后重新生成新的图片，实现图片分辨率提高和人像特效功能。,2024-4,generative ai,境内深度合成服务算法备案清单（2024年4月）.docx
魔珐3D虚拟人及视频生成算法,服务提供者,上海墨舞科技有限公司,魔珐有灵虚拟人服务AIGC平台(网站)、魔珐有言虚拟人视频AIGC平台(网站)、魔珐有光虚拟人直播AIGC平台(网站),应用于虚拟人生成场景，根据用户上传的图像，生成虚拟人形象，并且结合文本、图像、语音、控制信号等多模态输入，生成虚拟人视频。,2024-4,generative ai,境内深度合成服务算法备案清单（2024年4月）.docx
捷通华声灵云语音识别算法,服务技术支持者,北京捷通华声科技股份有限公司,--,应用于语音识别场景，服务于企业端客户，根据用户输入的语音音频，对语音内容识别生成文本。,2024-4,generative ai,境内深度合成服务算法备案清单（2024年4月）.docx
中公云信自然对话算法,服务提供者,北京中公教育科技有限公司,中公教育(APP),应用于对话生成场景，根据用户输入的问题文本，生成公务员考试相关的回复文本。,2024-4,generative ai,境内深度合成服务算法备案清单（2024年4月）.docx
光语大模型算法,服务提供者,无限光年（上海）技术有限公司,光语慧言(小程序)、光语慧言(APP)、光语金帆(网站)、光语慧言(网站),应用于对话生成场景，根据用户输入的问题文本，生成相关的文本回复。,2024-4,generative ai,境内深度合成服务算法备案清单（2024年4月）.docx
光语大模型算法-2,服务技术支持者,无限光年（上海）技术有限公司,--,应用于对话生成场景，服务于企业端客户，根据用户输入的问题文本，生成相关的文本回复。,2024-4,generative ai,境内深度合成服务算法备案清单（2024年4月）.docx
名派图像深度合成类算法,服务提供者,河北名派科技有限公司,小鱼图库（快手）(小程序)、极速图库(小程序)、互娱制图(小程序)、P图君(小程序)、人人变脸(小程序)、小鱼图库（抖音）(小程序),应用于图像生成场景，根据用户输入的图像和选定功能，生成符合用户需求的图像内容，实现包括图片超分、人脸属性编辑、人脸融合、人脸风格迁移等功能。,2024-4,generative ai,境内深度合成服务算法备案清单（2024年4月）.docx
MewXAI文生图内容生成算法,服务提供者,北京木及科技有限公司,MewXAI网页端(网站)、MewXAI(小程序),应用于图像生成场景，根据用户输入的文本，生成符合用户需求的图像内容。,2024-4,generative ai,境内深度合成服务算法备案清单（2024年4月）.docx
宠AI文本对话生成算法,服务提供者,合肥元点软件科技有限公司,宠AI(APP),应用于智能对话场景，根据用户输入的文本信息，生成符合用户需求的文本内容。,2024-4,generative ai,境内深度合成服务算法备案清单（2024年4月）.docx
懂车帝企业版文本大模型算法,服务技术支持者,北京抖音信息服务有限公司,--,应用于文本生成场景，服务于企业端客户，根据用户输入的文本信息，生成符合用户需求的文本内容，主要用于汽车领域。,2024-4,generative ai,境内深度合成服务算法备案清单（2024年4月）.docx
南讯由语音驱动的人脸说话视频生成算法,服务提供者,深圳市南讯软件科技有限公司,南讯数字人(网站),应用于数字人视频生成场景，根据输入的音频，及人像图像或视频帧，生成数字人形象的合成视频。,2024-4,generative ai,境内深度合成服务算法备案清单（2024年4月）.docx
网易有道数字人算法,服务技术支持者,网易有道信息技术（北京）有限公司,--,应用于数字人视频生成场景，服务于企业端客户，根据输入的文本，及说话人视频，生成数字人形象的合成视频。,2024-4,generative ai,境内深度合成服务算法备案清单（2024年4月）.docx
聚石塔AI思维导图生成算法,服务提供者,上海聚石塔网络科技有限公司,TreeMind树图思维导图(网站),应用于思维导图生成场景，根据用户输入的文本信息，提取出其中的关键信息，然后根据一定的规则和格式进行组织，并以思维导图的形式进行呈现。,2024-4,generative ai,境内深度合成服务算法备案清单（2024年4月）.docx
西筹文本生成合成算法,服务技术支持者,成都西筹科技有限公司,--,应用于智能对话场景，服务于企业端客户，根据用户输入的文本，生成符合用户要求的文本回复，主要用于交易型开放式指数基金领域。,2024-4,generative ai,境内深度合成服务算法备案清单（2024年4月）.docx
超航天亨图像生成算法,服务技术支持者,沈阳超航智能科技有限公司,--,应用于图像生成场景，服务于企业端客户，根据用户输入的文本数据，生成符合用户需求的图像，实现文生图功能。,2024-4,generative ai,境内深度合成服务算法备案清单（2024年4月）.docx
开普云开悟文本生成算法-1,服务提供者,开普云信息科技股份有限公司,开普云开悟大模型门户(网站),应用于文本生成场景，根据用户输入的文本信息，生成符合用户需求的文本内容。,2024-4,generative ai,境内深度合成服务算法备案清单（2024年4月）.docx
微博文本生成合成算法,服务提供者,北京微梦创科网络技术有限公司,微博(网站)、微博(APP),应用于文本生成场景，根据用户输入的文本信息，生成符合用户需求的文本内容。,2024-4,generative ai,境内深度合成服务算法备案清单（2024年4月）.docx
视旅科技VtripGPT大模型算法,服务提供者,湖南视旅科技有限公司,欢萌旅行(APP),应用于对话生成场景，根据用户输入的问题文本，生成旅游领域的文本回复。,2024-4,generative ai,境内深度合成服务算法备案清单（2024年4月）.docx
懂车帝文本大模型算法,服务提供者,北京抖音信息服务有限公司,懂车帝(APP),应用于对话生成场景，根据用户输入的问题，生成汽车领域的相关回答。,2024-4,generative ai,境内深度合成服务算法备案清单（2024年4月）.docx
海马相机稳定扩散模型算法,服务提供者,西安嘉盛德网络科技有限公司,海马相机(小程序),应用于图像生成场景，根据用户输入的参考图像和选定的写真模版，生成用户图像写真。,2024-4,generative ai,境内深度合成服务算法备案清单（2024年4月）.docx
中国电信智能对话算法,服务提供者,中国电信股份有限公司全渠道运营中心,中国电信(APP),应用于对话生成场景，根据用户输入的问题，生成话费使用情况、套餐剩余情况、套餐选择建议等文本回复。,2024-4,generative ai,境内深度合成服务算法备案清单（2024年4月）.docx
爱施德AI大模型算法,服务提供者,深圳市爱施德股份有限公司,爱施德无限(小程序),应用于文本生成场景，根据用户输入的文本内容，生成相应的文本结果。,2024-4,generative ai,境内深度合成服务算法备案清单（2024年4月）.docx
新向量唇形生成合成算法,服务提供者,南京新向量信息科技有限公司,对口型视频配音大师(APP),应用于视频生成场景，根据用户上传的音频、图片或视频模板，生成语音和唇部动作同步的视频。,2024-4,generative ai,境内深度合成服务算法备案清单（2024年4月）.docx
航旅纵横千穰大模型生成合成算法,服务提供者,中航信移动科技有限公司,千穰大模型(APP),应用于对话生成场景，根据用户输入的问题，生成民航旅客出行相关的文本回复。,2024-4,generative ai,境内深度合成服务算法备案清单（2024年4月）.docx
驿创图文智能设计算法,服务提供者,上海驿创信息技术有限公司,字由(APP),应用于图文生成场景，根据用户输入的文本、标签、图像和设计意图，生成海报设计领域的图文结果。,2024-4,generative ai,境内深度合成服务算法备案清单（2024年4月）.docx
爱客易智能演示生成算法,服务提供者,爱客易智能科技（上海）有限公司,MINDSHOW智能演示生成SAAS系统(网站),应用于PPT文档生成场景，根据用户输入的演示需求或上传文档等，生成PPT文档，为用户提供幻灯片演示生成、排版、在线编辑、演示等功能。,2024-4,generative ai,境内深度合成服务算法备案清单（2024年4月）.docx
小红书高一致性图像生成算法,服务技术支持者,行吟信息科技（上海）有限公司,--,应用于图像生成场景，服务于企业端客户，根据用户上传的图像、文字，生成相应的图像。,2024-4,generative ai,境内深度合成服务算法备案清单（2024年4月）.docx
京东方文本生成算法,服务提供者,京东方智慧物联科技有限公司,BOE会议纪要(网站),应用于文本生成场景，根据用户输入的会议文字内容，生成会议文字纪要。,2024-4,generative ai,境内深度合成服务算法备案清单（2024年4月）.docx
盘盘盛丽AI文生图算法,服务提供者,上海基钮钮数据科技有限公司,盘盘AI(公众账号)、盘盘AI(网站),应用于图像生成场景，根据用户输入的文本描述，生成相应的图像内容。,2024-4,generative ai,境内深度合成服务算法备案清单（2024年4月）.docx
遂心随想图像生成算法,服务提供者,杭州陆地信息技术服务有限公司,遂心随想(小程序),应用于图像生成场景，根据用户输入的内容和上传的图片，生成相应的图片。,2024-4,generative ai,境内深度合成服务算法备案清单（2024年4月）.docx
胜吴对话生成算法,服务提供者,厦门胜吴电子商务有限公司,AI百科小能手(APP),应用于对话生成场景，根据用户输入的文本内容，生成对话文本回复。,2024-4,generative ai,境内深度合成服务算法备案清单（2024年4月）.docx
东吴秀财大模型生成算法,服务提供者,东吴证券股份有限公司,东吴证券AI平台(网站)、东吴秀财(APP),应用于对话生成场景，根据用户输入的文本内容，生成金融领域的文本回复。,2024-4,generative ai,境内深度合成服务算法备案清单（2024年4月）.docx
午迪图片风格化生成算法,服务提供者,完美世界午迪（上海）电竞信息科技有限公司,摹样(小程序),应用于图像生成场景，根据用户上传的图片，生成多种风格定制化的图像。,2024-4,generative ai,境内深度合成服务算法备案清单（2024年4月）.docx
远问智能文本生成算法-2,服务技术支持者,北京远问智能科技有限公司,--,应用于文本生成场景，服务于企业端客户，根据用户输入的文本内容，生成对应的文本回复。,2024-4,generative ai,境内深度合成服务算法备案清单（2024年4月）.docx
AO史密斯LifeGPT大模型算法,服务提供者,艾欧史密斯（中国）热水器有限公司,AI-LiNK智慧中控屏(其他)、AI家智控(APP),应用于对话生成场景，根据用户输入的文本，生成智能家居生活信息和对策建议相关的文本回复。,2024-4,generative ai,境内深度合成服务算法备案清单（2024年4月）.docx
宇视个人写真生成算法,服务提供者,浙江宇视科技有限公司,宇视写真(小程序),应用于图像生成场景，根据用户输入的人脸图像，进行人物形象的学习，生成目标人物在特定风格或场景下的写真图像。,2024-4,generative ai,境内深度合成服务算法备案清单（2024年4月）.docx
智学笃行文本合成算法,服务提供者,北京智学笃行科技有限公司,变影(小程序)、变影(APP),应用于文本生成场景，根据用户输入的文本信息，生成符合用户需求的文本内容。,2024-4,generative ai,境内深度合成服务算法备案清单（2024年4月）.docx
英视大模型算法,服务提供者,北京英视睿达科技股份有限公司,英视大模型算法(其他),应用于文本、图像生成场景，根据用户输入的文本信息，生成符合用户需求的文本内容，及与文本内容相关的折线图、柱状图等。,2024-4,generative ai,境内深度合成服务算法备案清单（2024年4月）.docx
灵之宇语音合成算法,服务提供者,上海灵之宇技术有限公司,飞影AI直播(网站),应用于语音合成场景，根据用户输入文本数据及选定的声音风格，生成对应音频内容。,2024-4,generative ai,境内深度合成服务算法备案清单（2024年4月）.docx
LisznAI文本生成算法,服务提供者,四川药学谷中医药产业发展有限公司,LisznAI(APP)、LisznAI(小程序),应用于文本生成场景，根据用户输入的文本信息，生成符合用户需求的文本内容。,2024-4,generative ai,境内深度合成服务算法备案清单（2024年4月）.docx
知行元人脸合成算法,服务提供者,上海知行元网络技术有限公司,次元玩家(小程序),应用于图像生成场景，根据用户上传的个人照片和选择的图像模板，生成符合用户需求的风格图像。,2024-4,generative ai,境内深度合成服务算法备案清单（2024年4月）.docx
小明太极剧本辅助写作生成合成算法,服务提供者,小明太极（湖北）国漫文化有限公司,爱写剧(网站),应用于文本生成场景，根据用户输入的文本信息，生成符合用户需求的文本内容。,2024-4,generative ai,境内深度合成服务算法备案清单（2024年4月）.docx
小明太极图像生成合成算法,服务提供者,小明太极（湖北）国漫文化有限公司,爱写剧(网站),应用于图像生成场景，根据用户输入的文本描述词、参考图像及数值参数，生成与描述词及参考图相关的漫画、动画类图像。,2024-4,generative ai,境内深度合成服务算法备案清单（2024年4月）.docx
神光大模型算法,服务技术支持者,北京神州光大科技有限公司,--,应用于文本生成场景，服务于企业端客户，根据用户输入的文本信息，生成符合用户需求的文本内容。,2024-4,generative ai,境内深度合成服务算法备案清单（2024年4月）.docx
归心太白问答合成算法,服务提供者,广东人工智能与先进计算研究院,归心•太白知识系统(网站),应用于文本生成场景，根据用户输入的文本信息，生成符合用户需求的文本内容。,2024-4,generative ai,境内深度合成服务算法备案清单（2024年4月）.docx
贝壳图像生成算法,服务提供者,贝壳找房（北京）科技有限公司,设牛AI(小程序)、贝壳找房(APP)、HOME(APP),应用于图像生成场景，根据用户上传的房屋照片，生成不同风格、布局的装修效果图。,2024-4,generative ai,境内深度合成服务算法备案清单（2024年4月）.docx
邮储银行生成合成类数字人驱动算法,服务提供者,中国邮政储蓄银行股份有限公司,手机银行数字客服(APP)、数字人直播(APP)、信用卡虚拟服务经理(APP)、离线视频生产(其他),应用于数字人生成场景，根据输入的语音等信息，生成包含声音、动作、表情等元素的数字人视频。,2024-4,generative ai,境内深度合成服务算法备案清单（2024年4月）.docx
AIDreams人物照片转漫画图像生成算法,服务提供者,内蒙古奥云信息技术服务有限公司,AI Dreams(小程序),应用于图像生成场景，根据用户输入的人脸图片，生成具有特定风格的人像图像。,2024-4,generative ai,境内深度合成服务算法备案清单（2024年4月）.docx
数有引力文本生成算法,服务技术支持者,成都数有引力科技有限公司,--,应用于文本生成场景，服务于企业端客户，根据用户输入的文本信息，生成与股票和基金行业相关的文本答案。,2024-4,generative ai,境内深度合成服务算法备案清单（2024年4月）.docx
智能招聘策略生成与执行算法,服务提供者,北京拓英网络科技有限公司,探也-Autopilot(网站),应用于文本生成场景，根据用户输入的自然语言文本和相关的提示文本，生成适合的招聘策略。,2024-4,generative ai,境内深度合成服务算法备案清单（2024年4月）.docx
Keep运动助手算法,服务提供者,北京卡路里科技有限公司,Keep(APP),应用于对话生成场景，根据用户输入的问题，生成与运动锻炼知识相关的回复。,2024-4,generative ai,境内深度合成服务算法备案清单（2024年4月）.docx
中科闻歌雅意大模型内容生成算法,服务提供者,北京中科闻歌科技股份有限公司,雅意(APP)、中科闻歌雅意大模型(网站),应用于对话生成场景，根据用户输入的文本问题或指令，生成相应的文本回复。,2024-4,generative ai,境内深度合成服务算法备案清单（2024年4月）.docx
天工文生图算法,服务提供者,昆仑万维科技股份有限公司,天工AI助手(APP)、天工AI搜索(小程序)、天工AI助手(网站),应用于图像生成场景，根据用户输入的文本，生成与输入文本描述相匹配的图像。,2024-4,generative ai,境内深度合成服务算法备案清单（2024年4月）.docx
宇谷科技端侧通用智能锂电池大模型决策算法,调度决策类,杭州宇谷科技股份有限公司,这锂换电(APP),应用于锂电池异常检测和性能预估场景，根据由电池传感器采集的电池状态数据，得出锂电池的风险系数、电池健康度和电池电量。,2024-12,algorithmic service,境内互联网信息服务算法备案清单（2024年12月）.docx
95分个性化推荐算法,个性化推送类,上海置潮信息科技有限公司,95分(APP),应用于商品个性化推荐场景，根据用户行为和相关商品标签，向用户推荐可能感兴趣的商品。,2024-12,algorithmic service,境内互联网信息服务算法备案清单（2024年12月）.docx
86巴士包车动态报价算法,调度决策类,广州零加零科技有限公司,86包车(网站),应用于包车动态报价场景，根据用户输入的起点、终点、车型、租车时间及所需额外服务，计算出相应包车费用。,2024-12,algorithmic service,境内互联网信息服务算法备案清单（2024年12月）.docx
婚礼纪商家排序算法,排序精选类,杭州火烧云科技有限公司,婚礼纪(网站)、婚礼纪(小程序)、婚礼纪(APP),应用于商家列表排序场景，根据分析和整合平台商家基本属性和历史统计行为等多个维度信息，输出排序后的商家列表。,2024-12,algorithmic service,境内互联网信息服务算法备案清单（2024年12月）.docx
奇猎知识检索算法,信息检索类,杭州奇猎软件技术有限公司,燕歌行(APP),应用于信息检索场景，根据用户输入信息中的关键词，找到相关的传统文化知识内容。,2024-12,algorithmic service,境内互联网信息服务算法备案清单（2024年12月）.docx
群核个性化推荐算法,个性化推送类,杭州群核信息技术有限公司,酷家乐(网站),应用于内容推荐场景，根据用户历史行为数据，向用户推荐可能感兴趣的家装设计方案。,2024-12,algorithmic service,境内互联网信息服务算法备案清单（2024年12月）.docx
乐刻教练榜单排序算法,排序精选类,杭州乐刻网络技术有限公司,乐刻运动(APP),应用于教练榜单排序场景，根据证书、线下考核等教练行为特征数据得出排序分，形成教练排序榜单。,2024-12,algorithmic service,境内互联网信息服务算法备案清单（2024年12月）.docx
小瑞智能检索算法,信息检索类,杭州瑞成信息技术股份有限公司,小瑞助手(网站)、小瑞助手(APP)、小瑞助手(其他),应用于信息检索场景，根据用户输入的关键词或文本，检索与用户需求高度匹配的文本结果。,2024-12,algorithmic service,境内互联网信息服务算法备案清单（2024年12月）.docx
紫云之光紫医妙算检索算法,信息检索类,四川紫云之光科技有限公司,远程处方系统(APP),应用于药品信息检索场景，根据用户输入的患者基本信息、症状描述等文本数据，从药品数据库中检索最匹配的药品信息。,2024-12,algorithmic service,境内互联网信息服务算法备案清单（2024年12月）.docx
婚礼纪个性化推荐算法,个性化推送类,杭州火烧云科技有限公司,婚礼纪(网站)、婚礼纪(小程序)、婚礼纪(APP),应用于商家推荐场景，根据用户历史行为数据、用户偏好、商家信息等，推荐符合用户兴趣的婚庆商家。,2024-12,algorithmic service,境内互联网信息服务算法备案清单（2024年12月）.docx
如祺出行网约车分单算法,调度决策类,广州祺宸科技有限公司,如祺出行(APP),应用于网约车派单场景，将找车订单与可派车辆资源进行最优匹配，向用户输出匹配结果。,2024-12,algorithmic service,境内互联网信息服务算法备案清单（2024年12月）.docx
首因帮教小程序用户行为日志异常检测算法,调度决策类,南京首因教育科技有限公司,首因帮教(小程序),应用于数据分析场景，根据用户行为日志数据，分析挖掘用户日志数据中异常行为，为网络安全管理人员提供决策建议。,2024-12,algorithmic service,境内互联网信息服务算法备案清单（2024年12月）.docx
Ai帮教平台智能帮教推荐算法,个性化推送类,南京首因教育科技有限公司,首因帮教(小程序),应用于视频推荐场景，根据用户基本属性、用户行为等数据，推荐匹配的视频。,2024-12,algorithmic service,境内互联网信息服务算法备案清单（2024年12月）.docx
大明白信息检索算法,信息检索类,上海卓越睿新数码科技股份有限公司,智慧树网(网站)、知到教师版(APP)、知到(APP)、大明白AI能力中心(网站),应用于信息检索场景，根据用户输入的关键词，结合渠道标签偏好设置，筛选相关课程视频、电子书片段和网络资源。,2024-12,algorithmic service,境内互联网信息服务算法备案清单（2024年12月）.docx
营客通商城搜索算法,信息检索类,上海赢可通信息科技有限公司,营客通(APP)、营客通(网站),应用于商品信息检索场景，根据用户输入的搜索词，在商品信息库中快速匹配相关商品，并按照商品信息的权重和相关性进行排序，最终将排序后的商品信息展示给用户。,2024-12,algorithmic service,境内互联网信息服务算法备案清单（2024年12月）.docx
闻道基于语义工程技术检索算法,信息检索类,江苏联著实业股份有限公司,闻道知识智能管理平台(网站)、联著实业智能开放审核系统(网站)、闻道档案智能辅助编研系统(网站)、闻道智能语义查询软件(网站),应用于文档检索场景，根据用户输入的查询内容，匹配数据库中最符合要求的文档。,2024-12,algorithmic service,境内互联网信息服务算法备案清单（2024年12月）.docx
同城急送智能配送算法,调度决策类,北京顺达同行科技有限公司,顺丰同城骑士(APP),应用于指派订单场景，根据用户订单的起始点、目的点、时间、物件类型等信息，与派单范围内的骑士进行最优匹配，将订单分配至骑士。,2024-12,algorithmic service,境内互联网信息服务算法备案清单（2024年12月）.docx
首因帮教小程序好友推荐算法,个性化推送类,南京首因教育科技有限公司,首因帮教(小程序),应用于好友推荐服务，根据用户基本属性、用户行为等数据，为用户推荐具有积极影响的好友。,2024-12,algorithmic service,境内互联网信息服务算法备案清单（2024年12月）.docx
巽风电商和内容社区个性化推荐算法,个性化推送类,巽风科技（贵州）有限公司,巽风数字世界(小程序),应用于电商商品和内容社区推荐服务，根据用户的历史行为、兴趣偏好及物品的特征，向用户推荐可能感兴趣的商品或内容。,2024-12,algorithmic service,境内互联网信息服务算法备案清单（2024年12月）.docx
五八驾考排序精选类算法,排序精选类,天津五八驾考信息技术有限公司,驾校一点通(APP),应用于驾校排序场景，根据驾校的会员等级和学员与驾校场地的距离，为学员展示最优的驾校列表。,2024-12,algorithmic service,境内互联网信息服务算法备案清单（2024年12月）.docx
有车以后推荐算法,个性化推送类,广东有车科技股份有限公司,有车以后(APP),应用于内容推荐场景，根据用户的历史行为数据进行偏好分析，向用户推荐可能感兴趣的内容。,2024-12,algorithmic service,境内互联网信息服务算法备案清单（2024年12月）.docx
众联数字化商业增长推荐类算法,个性化推送类,厦门众联世纪股份有限公司,流量果广告平台(网站),应用于个性化广告推荐服务，根据用户基本属性数据、推荐对象数据和用户行为数据，向用户提供广告营销内容。,2024-12,algorithmic service,境内互联网信息服务算法备案清单（2024年12月）.docx
心潮科技睡眠服务推荐算法,个性化推送类,广州心与潮信息科技有限公司,小睡眠(APP),应用于个性化睡眠推荐服务，根据用户的睡眠评分、睡眠规律、梦话鼾声、睡眠周期和环境噪音等数据，结合行为偏好，为用户推荐睡眠辅助方案。,2024-12,algorithmic service,境内互联网信息服务算法备案清单（2024年12月）.docx
Castle内容安全审核过滤算法,内容过滤类,潍坊华创信息技术有限公司,CastleCms内容管理平台(网站)、CastleCms知识库管理系统(网站),应用于文本内容过滤场景，通过识别并过滤文本中的不良内容，实现在线评论审核、社交媒体监控、用户生成内容过滤等内容安全审核功能。,2024-12,algorithmic service,境内互联网信息服务算法备案清单（2024年12月）.docx
欲知多模态信息检索算法,信息检索类,广东智媒云图科技股份有限公司,欲知语义搜索引擎(网站),应用于多模态信息检索场景，根据用户输入的文本、图像，在数据库中检索出相关的图像、视频内容，实现以文搜图、以图搜图、以文搜视频、以图搜视频等功能。,2024-12,algorithmic service,境内互联网信息服务算法备案清单（2024年12月）.docx
贴贴个性化推送算法,个性化推送类,天津又闲网络科技有限公司,贴贴(APP),应用于个性化推荐服务，根据用户基础属性和历史行为数据，实现个性化的内容、用户推送。,2024-12,algorithmic service,境内互联网信息服务算法备案清单（2024年12月）.docx
聚典语义检索算法,信息检索类,上海辞书出版社有限公司,聚典写作助手(其他),应用于文本检索场景，根据用户上传的辞典或词条，快速检索出相关词条文本信息。,2024-12,algorithmic service,境内互联网信息服务算法备案清单（2024年12月）.docx
佰特搜配智能检索算法,信息检索类,佰特智能科技（广州）有限公司,嗖嗖汽配(小程序),应用于汽车零配件信息检索场景，根据用户输入的车架号、零配件种类、零配件品牌商等文本或图片，检索出相匹配的车辆信息、零配件种类和对应品牌商等信息。,2024-12,algorithmic service,境内互联网信息服务算法备案清单（2024年12月）.docx
首因基坑降水监测算法,调度决策类,南京首因教育科技有限公司,Ai深基坑降水监测(小程序),应用于基坑降水监测场景，根据用户上传的传感器中获取的基坑工程相关数据，输出基坑降水预测值。,2024-12,algorithmic service,境内互联网信息服务算法备案清单（2024年12月）.docx
首因施工噪声与振动监测算法,调度决策类,南京首因教育科技有限公司,人工智能对施工噪声与振动监测(小程序),应用于施工噪声与振动场景，根据施工过程中的噪声与振动数据，输出对未来噪声与振动情况的预测，为施工人员制定控制策略提供依据。,2024-12,algorithmic service,境内互联网信息服务算法备案清单（2024年12月）.docx
维构个性化推送算法,个性化推送类,维构科技（福建）有限公司,维构元空间(APP),应用于内容和商品个性化推荐服务，根据浏览、点击等用户行为数据，实现个性化的内容和商品推送。,2024-12,algorithmic service,境内互联网信息服务算法备案清单（2024年12月）.docx
美行信息检索算法,信息检索类,沈阳美行科技股份有限公司,AI车载云盒(其他),应用于信息检索场景，根据用户的检索输入、位置信息及相关数据，检索相应信息，并对检索结果进行排序。,2024-12,algorithmic service,境内互联网信息服务算法备案清单（2024年12月）.docx
美行兴趣点智能推荐算法,个性化推送类,沈阳美行科技股份有限公司,AI车载云盒(其他),应用于内容个性化推荐服务，根据用户当前所处时间，空间，天气状况等信息，结合用户历史操作行为，实现个性化的内容推送。,2024-12,algorithmic service,境内互联网信息服务算法备案清单（2024年12月）.docx
安居客个性化推荐类算法,个性化推送类,上海瑞家信息技术有限公司,安居客(APP),应用于房产信息推荐场景，通过收集用户的设备信息、服务日志信息等，分析用户偏好特征，向用户推送与其偏好特征相匹配的新房、二手房、租房、商铺写字楼等各类房产信息。,2024-12,algorithmic service,境内互联网信息服务算法备案清单（2024年12月）.docx
悟空视觉大模型检索算法,信息检索类,连云港市数字产业投资发展有限公司,悟空视觉(网站),应用于图像检索场景，根据用户输入的搜索内容描述文本，从摄像机抓拍图片中检索关键信息，识别并排序相关图像，优先展示最准确的结果。,2024-12,algorithmic service,境内互联网信息服务算法备案清单（2024年12月）.docx
畅游问答关键字匹配算法,信息检索类,畅游（哈尔滨）城市运营服务有限公司,畅游哈尔滨(小程序),应用于关键字匹配场景，对用户提问内容进行关键字匹配检索，输出相关吃、住、行、游、娱、购等链接信息。,2024-12,algorithmic service,境内互联网信息服务算法备案清单（2024年12月）.docx
美行地图兴趣点过滤算法,内容过滤类,沈阳美行科技股份有限公司,AI车载云盒(其他),应用于地图兴趣点过滤场景，根据用户位置信息及输入关键字，对地图兴趣点进行过滤后返回用户。,2024-12,algorithmic service,境内互联网信息服务算法备案清单（2024年12月）.docx
云迹AI语音客服信息检索算法,信息检索类,北京云迹科技股份有限公司,云迹AI语音客服(APP),应用于信息检索场景，根据用户的输入，对用户语音及上下文进行意图理解，并从预设数据库和第三方检索源查找与意图对应的信息，检索结果被转换成语音回复给用户。,2024-12,algorithmic service,境内互联网信息服务算法备案清单（2024年12月）.docx
首因涉案未成年人矫治教育视频推荐算法,个性化推送类,南京首因教育科技有限公司,法启新程(小程序),应用于视频个性化推荐服务，根据视频内容特征与用户画像，实现个性化的视频推送。,2024-12,algorithmic service,境内互联网信息服务算法备案清单（2024年12月）.docx
鹿影科技视频生成算法,服务提供者,深圳鹿影科技有限公司,鹿影AI(网站),应用于图像、视频生成场景，根据用户输入的文本、图像、视频，生成符合用户需求的图像、视频内容。,2024-6,generative ai,境内深度合成服务算法备案清单（2024年6月）.docx
AI外教语言学习深度合成算法,服务提供者,杭州菲助科技有限公司,AI外教(APP),应用于文本生成场景，根据用户输入的语音信息转换后的文本，生成符合用户需求的文本内容。,2024-6,generative ai,境内深度合成服务算法备案清单（2024年6月）.docx
广联达文本生成算法,服务提供者,广联达科技股份有限公司,天天项上(APP),应用于文本生成场景，根据用户输入的文本信息，生成符合用户需求的文本内容。,2024-6,generative ai,境内深度合成服务算法备案清单（2024年6月）.docx
麦小记文生文内容生成算法,服务提供者,北京记下文化有限公司,麦小记(APP),应用于文本生成场景，根据用户提供的文字资料内容，生成相应的文字结果。,2024-6,generative ai,境内深度合成服务算法备案清单（2024年6月）.docx
王道图像生成算法,服务提供者,杭州王道控股有限公司,图可丽(网站)、神采(网站),应用于图像生成场景，根据输入的文本、图像，生成对应的图片。,2024-6,generative ai,境内深度合成服务算法备案清单（2024年6月）.docx
美腾思数字人合成算法,服务提供者,杭州美腾思智能科技有限公司,麦兔智能(网站),应用于数字人生成场景，根据用户输入的声音，生成声音口型发音一致的数字人视频。,2024-6,generative ai,境内深度合成服务算法备案清单（2024年6月）.docx
腾讯混元大模型多模态算法,服务提供者,深圳市腾讯计算机系统有限公司,腾讯元宝(其他),应用于多模态内容生成场景，根据用户输入的多模态内容，生成符合用户要求的文字、图片、视频、音频等。,2024-6,generative ai,境内深度合成服务算法备案清单（2024年6月）.docx
因马科技图像生成算法,服务技术支持者,无锡因马科技有限公司,--,应用于图像生成场景，服务于企业端客户，根据用户需求的输入，生成指定的用户肖像照片。,2024-6,generative ai,境内深度合成服务算法备案清单（2024年6月）.docx
能力探真数据内容生成合成算法,服务提供者,北京知明而行网络科技有限公司,能力探真(网站),应用于文本生成场景，根据用户输入的需求或关键词，生成相应的文本内容。,2024-6,generative ai,境内深度合成服务算法备案清单（2024年6月）.docx
星智大模型算法,服务提供者,中电云计算技术有限公司,星智大模型(APP)、星智大模型(小程序)、星智大模型(公众账号),应用于对话生成场景，根据用户输入的内容，生成与输入文本相关的文本回复。,2024-6,generative ai,境内深度合成服务算法备案清单（2024年6月）.docx
浪潮海岳大模型算法,服务提供者,浪潮通用软件有限公司,浪潮海岳大模型算法智能对话(网站),应用于对话生成场景，根据用户输入的问题文本，生成相应的文本回复。,2024-6,generative ai,境内深度合成服务算法备案清单（2024年6月）.docx
海淀文旅如如大模型算法,服务提供者,中关村科学城城市大脑股份有限公司,海淀文旅(公众账号),应用于对话生成场景，根据用户输入的文本，生成文旅领域的文本回复。,2024-6,generative ai,境内深度合成服务算法备案清单（2024年6月）.docx
天翼数字生活智能应用算法,服务提供者,天翼数字生活科技有限公司,小翼管家(APP)、天翼数字乡村(网站)、天翼云盘(APP)、天翼智慧社区(网站),应用于对话生成场景，根据用户输入的问题文本，生成相应的文本回复。,2024-6,generative ai,境内深度合成服务算法备案清单（2024年6月）.docx
况客文生文生成合成算法,服务技术支持者,况客科技（北京）有限公司,--,应用于文本生成场景，服务于企业端客户，根据用户输入的基金方面的问题描述，生成回应问题的文本。,2024-6,generative ai,境内深度合成服务算法备案清单（2024年6月）.docx
星智大模型算法-2,服务技术支持者,中电云计算技术有限公司,--,应用于文本生成场景，服务于企业端客户，根据用户输入的文本，生成相应的回复文本。,2024-6,generative ai,境内深度合成服务算法备案清单（2024年6月）.docx
大觥影像增强算法,服务提供者,北京大觥科技有限公司,你我当年影像增强平台(网站)、你我当年(APP),应用于图像生成场景，对用户输入的图像进行重建和超分辨率，生成提升视觉效果的图像。,2024-6,generative ai,境内深度合成服务算法备案清单（2024年6月）.docx
大有空间智能体对话生成算法,服务提供者,杭州世间乐见科技有限公司,大有空间(APP),应用于文本生成场景，根据用户输入的文本或语音信息，生成符合用户需求的文本内容，利用语音合成技术将文本结果转化为语音输出。,2024-6,generative ai,境内深度合成服务算法备案清单（2024年6月）.docx
指尖艺术家图像深度合成算法,服务提供者,广东网演文旅数字科技有限公司,网演(APP),应用于图像生成场景，根据用户上传的图像及选择的风格图像模板，生成具有所选风格的新图像。,2024-6,generative ai,境内深度合成服务算法备案清单（2024年6月）.docx
kreadoAI生成内容算法,服务提供者,西安点告网络科技有限公司,AIGC数字营销创作平台(网站),应用于数字人视频生成场景，根据用户输入的视频和音频，生成数字人形象的新唇形视频。,2024-6,generative ai,境内深度合成服务算法备案清单（2024年6月）.docx
科沃斯机器人大模型算法,服务提供者,科沃斯家用机器人有限公司,扫地机器人(其他),应用于文本生成场景，根据用户输入的文本或语音信息，使用大语言模型生成符合用户需求的文本内容，利用语音合成技术将文本结果转化为语音输出。,2024-6,generative ai,境内深度合成服务算法备案清单（2024年6月）.docx
PSAI图像深度合成类算法-2,服务技术支持者,虹软科技股份有限公司,--,应用于图像生成场景，服务于企业端客户，根据用户输入的商品图像，使用分割模型保留用户想要展示的商品区域，最终生成符合用户需求的商品营销展示图。,2024-6,generative ai,境内深度合成服务算法备案清单（2024年6月）.docx
语映生成合成算法,服务提供者,杭州盖视科技有限公司,语映(APP)、语映(网站),应用于视频生成场景，将输入视频中的源语言语音转换为文本，对获取的文本进行翻译，生成目标语言的文本；将翻译后的文本转化为自然流畅的语音数据，最终输出包含翻译后语音及对应唇形的新视频。,2024-6,generative ai,境内深度合成服务算法备案清单（2024年6月）.docx
牛客文本生成算法,服务提供者,北京牛客科技有限公司,牛客(APP),应用于文本生成场景，根据用户输入的文本信息，生成符合用户需求的文本内容。,2024-6,generative ai,境内深度合成服务算法备案清单（2024年6月）.docx
喜马拉雅语音识别算法,服务提供者,上海喜马拉雅科技有限公司,喜马拉雅（APP）,应用于语音识别场景，根据用户输入的音频，生成对应的文字。,2024-6,generative ai,境内深度合成服务算法备案清单（2024年6月）.docx
丝芭心乐舞河数字虚拟偶像音舞生成算法,服务技术支持者,上海丝芭文化传媒集团有限公司,--,应用于视频生成场景，服务于企业端客户，根据输入的音频和视频，生成音乐特征对应的舞蹈视频。,2024-6,generative ai,境内深度合成服务算法备案清单（2024年6月）.docx
腾讯音乐未伴虚拟人合成算法,服务提供者,腾讯音乐娱乐（深圳）有限公司,未伴(APP),应用于虚拟人生成场景，用户可通过提供人脸图、风格图、示例音频和自定义的人设描述文本来创建虚拟人，根据用户输入的文本信息，虚拟人生成文本、图像、音频等内容。,2024-6,generative ai,境内深度合成服务算法备案清单（2024年6月）.docx
支付宝图像生成算法,服务提供者,支付宝（杭州）信息技术有限公司,支付宝（APP）、蚂蚁灵光(网站)、蚂蚁灵光(APP),应用于图像生场景，根据用户输入的文本、图像，生成符合用户需求的图像内容，实现文生图、图生图等功能。,2024-6,generative ai,境内深度合成服务算法备案清单（2024年6月）.docx
萌萌舒AI应事图片合成算法-1,服务提供者,成都萌萌舒科技有限公司,还梦（小程序）,应用于图像生场景，根据用户输入的语音、文本、图像，生成符合用户需求的图像内容，实现文生图、图生图等功能。,2024-6,generative ai,境内深度合成服务算法备案清单（2024年6月）.docx
中科知道数字人问答生成算法,服务提供者,中科知道（北京）科技有限公司,AI虚拟助理人(网站),应用于智能对话场景，根据用户输入的文本信息，生成符合用户需求的文本回复。,2024-6,generative ai,境内深度合成服务算法备案清单（2024年6月）.docx
理想汽车MindDiffusion图像生成算法,服务提供者,北京车励行信息技术有限公司,绘画大师(APP),应用于图像生成场景，根据用户输入的文本或自拍图像，生成对应的图像。,2024-6,generative ai,境内深度合成服务算法备案清单（2024年6月）.docx
喜马拉雅语音合成算法,服务提供者,上海喜马拉雅科技有限公司,喜马拉雅（APP）,应用于语音生成场景，根据用户输入的文本，生成对应的语音。,2024-6,generative ai,境内深度合成服务算法备案清单（2024年6月）.docx
喜马拉雅语音大模型算法,服务提供者,上海喜马拉雅科技有限公司,喜马拉雅（APP）,应用于语音生成场景，根据用户输入的文本和提示音频，生成目标说话人的输出语音。,2024-6,generative ai,境内深度合成服务算法备案清单（2024年6月）.docx
深兰硅基知识智能对话多模态大模型算法,服务提供者,深兰科技（武汉）股份有限公司,硅基大脑SaaS平台(网站)、metamind(APP)、AI硅基小助手(小程序),应用于对话生成场景，根据用户输入的问题和需求信息，结合上下文生成文本、图像、视频、音频等。,2024-6,generative ai,境内深度合成服务算法备案清单（2024年6月）.docx
牛客面试场景合成算法,服务提供者,北京牛客科技有限公司,牛客AI面(小程序),应用于虚拟面试场景，通过实时接收应聘者的影像，根据应聘者的回答，生成数字人面试官的声音回复。,2024-6,generative ai,境内深度合成服务算法备案清单（2024年6月）.docx
蝉镜数字人算法,服务提供者,厦门蝉羽网络科技有限公司,蝉镜(网站),应用于数字人生成场景，根据用户输入的文本、语音和人物图片，生成声音与口型一致的数字人视频。,2024-6,generative ai,境内深度合成服务算法备案清单（2024年6月）.docx
易企秀营销内容生成算法,服务提供者,北京中网易企秀科技有限公司,小易AI(网站)、易企秀（AI文案功能）(APP),应用于文本生成场景，根据用户输入的撰写文案要求，生成符合用户预期的文案。,2024-6,generative ai,境内深度合成服务算法备案清单（2024年6月）.docx
智境云创人脸融合算法,服务提供者,北京智境云创科技有限公司,Crush可式(小程序),应用于图像生成场景，根据用户上传的照片，与特定形象进行面部融合，生成融合后的人脸图像。,2024-6,generative ai,境内深度合成服务算法备案清单（2024年6月）.docx
菲咏AI合成算法,服务提供者,上海菲咏网络科技有限公司,灵飞AI绘画（小程序）、灵飞AI创作（小程序）、灵飞AI创作平台（网站）、灵飞AI配音（小程序）、灵飞AI配音平台（网站）,应用于多模态内容生成场景，根据用户输入的多模态内容，生成符合用户要求的文本、图像、视频等。,2024-6,generative ai,境内深度合成服务算法备案清单（2024年6月）.docx
风变内容生成算法,服务提供者,风变科技（深圳）有限公司,AI EDU(网站),应用于文本生成场景，根据用户输入的文本数据，生成相应的文本内容。,2024-6,generative ai,境内深度合成服务算法备案清单（2024年6月）.docx
ABCReading智能问答内容生成算法,服务提供者,重庆创浪时代未来科技有限公司,ABC Reading(APP),应用于对话生成场景，根据用户输入的语音问题，生成相应的文本和语音回复。,2024-6,generative ai,境内深度合成服务算法备案清单（2024年6月）.docx
迪智伟奥大模型算法,服务技术支持者,海南迪智伟奥网络科技有限公司,--,应用于文本生成场景，服务于企业端客户，根据用户输入的文本内容，生成对应的文本。,2024-6,generative ai,境内深度合成服务算法备案清单（2024年6月）.docx
文鳐大模型算法,服务技术支持者,福建中科星泰数据科技有限公司,--,应用于文本生成场景，服务于企业端客户，根据用户提出的问题，生成相应的文字内容。,2024-6,generative ai,境内深度合成服务算法备案清单（2024年6月）.docx
天工图生文算法,服务提供者,昆仑万维科技股份有限公司,天工AI助手(APP)、天工AI搜索(小程序)、天工AI助手(网站),应用于智能对话场景，根据用户输入的文本和图像，结合图像内容，生成符合用户需求的文本回复。,2024-6,generative ai,境内深度合成服务算法备案清单（2024年6月）.docx
天工图生文算法-1,服务技术支持者,昆仑万维科技股份有限公司,--,应用于智能对话场景，服务于企业端客户，根据用户输入的文本和图像，结合图像内容，生成符合用户需求的文本回复。,2024-6,generative ai,境内深度合成服务算法备案清单（2024年6月）.docx
XUNCHANG小基灵选题文案大模型算法,服务提供者,浙江寻常问道网络信息科技有限公司,XUNCHANG小基灵金融短视频剪辑运营平台(网站),应用于文本生成场景，根据用户输入的文本信息，生成符合用户需求的文本内容。,2024-6,generative ai,境内深度合成服务算法备案清单（2024年6月）.docx
派欧音频生成算法,服务技术支持者,派欧云计算（上海）有限公司,--,应用于语音合成场景，服务于企业端客户，根据用户输入的文本信息，生成对应的音频内容。,2024-6,generative ai,境内深度合成服务算法备案清单（2024年6月）.docx
职场密码智能面试场景合成算法,服务提供者,山东战千里教育咨询有限公司,职场密码（网站）,应用于虚拟面试场景，根据面试过程中文本、语音、视频等数据，通过打分评估候选人的回答表现，生成面试评估报告。,2024-6,generative ai,境内深度合成服务算法备案清单（2024年6月）.docx
AKS图生图算法,服务技术支持者,深圳市顺凯信息技术有限公司,--,应用于图像生成场景，服务于企业端客户，根据用户输入的图像信息，及配置好的文本信息，生成符合用户需求的相似风格图像内容。,2024-6,generative ai,境内深度合成服务算法备案清单（2024年6月）.docx
AKS文生图算法,服务技术支持者,深圳市顺凯信息技术有限公司,--,应用于图像生成场景，服务于企业端客户，根据用户输入的文本信息，生成符合用户需求的图像内容。,2024-6,generative ai,境内深度合成服务算法备案清单（2024年6月）.docx
影石Insta360-人工智能生成式算法,服务提供者,影石创新科技股份有限公司,œ(APP),应用于图像、视频生成场景，根据用户输入的文本、图像、视频信息，生成符合用户需求的图像、视频内容。,2024-6,generative ai,境内深度合成服务算法备案清单（2024年6月）.docx
C-Life塑美生成算法,服务提供者,深圳数联天下智能科技有限公司,怡美宝(小程序),应用于图像生成场景，根据用户输入的人脸图像和需要整形的部位，生成一张塑美后的人脸图像。,2024-6,generative ai,境内深度合成服务算法备案清单（2024年6月）.docx
C-Life人脸变化生成算法,服务提供者,深圳数联天下智能科技有限公司,美肤生活(小程序),应用于图像生成场景，根据用户输入的人脸图像，生成一张人脸变化后的图像，包括衰老预测，痘痘变化，色斑变化等。,2024-6,generative ai,境内深度合成服务算法备案清单（2024年6月）.docx
修图家图像修复去划痕算法,服务提供者,福建帝视科技集团有限公司,修图家(小程序),应用于图像生成场景，对用户输入的含有划痕、折痕、破损、缺角、污渍等缺陷的照片进行自动缺陷检测和自动修复，生成符合用户需求的图像。,2024-6,generative ai,境内深度合成服务算法备案清单（2024年6月）.docx
修图家图像修复黑白上色算法,服务提供者,福建帝视科技集团有限公司,修图家(小程序),应用于图像生成场景，根据用户输入的黑白图像，生成对应的彩色图像，实现黑白图像上色功能。,2024-6,generative ai,境内深度合成服务算法备案清单（2024年6月）.docx
修图家图像修复老照片修复算法,服务提供者,福建帝视科技集团有限公司,修图家(小程序),应用于图像生成场景，根据用户输入的低清图像，生成对应的高清图像，提升图像的清晰度。,2024-6,generative ai,境内深度合成服务算法备案清单（2024年6月）.docx
云从从容代码生成算法,服务提供者,云从科技集团股份有限公司,云从从容大模型官网(网站),应用于代码生成场景，根据用户输入的代码或文本，生成相应的代码。,2024-6,generative ai,境内深度合成服务算法备案清单（2024年6月）.docx
慧泽生成式算法,服务技术支持者,天翼云科技有限公司,--,应用于文本生成场景，服务于企业端客户，根据用户输入的文本信息，生成符合用户需求的文本内容。,2024-6,generative ai,境内深度合成服务算法备案清单（2024年6月）.docx
薄荷健康内容生成算法,服务提供者,上海薄荷健康科技股份有限公司,薄荷健康（APP）,应用于对话生成场景，根据用户输入的提问文本，生成减肥咨询相关领域的回复。,2024-6,generative ai,境内深度合成服务算法备案清单（2024年6月）.docx
百年育才高考报考智能助手文本生成算法,服务提供者,百年育人（大连）教育科技有限公司,百年育才AI志愿填报(APP)、百年育才AI志愿填报(网站)、百年育才AI志愿填报(小程序),应用于文本生成场景，根据用户输入的文本，生成高考志愿填报相关的建议文本。,2024-6,generative ai,境内深度合成服务算法备案清单（2024年6月）.docx
天融信天问安全文本生成算法,服务提供者,北京天融信网络安全技术有限公司,天融信大数据分析系统(网站)、天融信智能客服(网站),应用于文本生成场景，根据用户输入的文本，生成网络安全领域相关的文本。,2024-6,generative ai,境内深度合成服务算法备案清单（2024年6月）.docx
天融信天问安全文本生成服务算法,服务技术支持者,北京天融信网络安全技术有限公司,--,应用于文本生成场景，服务于企业端客户，根据用户输入的文本，生成网络安全领域相关的文本。,2024-6,generative ai,境内深度合成服务算法备案清单（2024年6月）.docx
大拿火箭大模型算法,服务提供者,深圳大拿智能设备有限公司,Dana AI(APP),应用于对话生成场景，根据用户输入的问题或提示，生成相应的回答。,2024-6,generative ai,境内深度合成服务算法备案清单（2024年6月）.docx
水母快写大模型算法,服务提供者,上海有乾网络科技有限公司,水母快写(网站)、水母快写(APP),应用于多模态内容生成场景，根据用户输入的文本，生成符合用户要求的文本、图像和视频内容。,2024-6,generative ai,境内深度合成服务算法备案清单（2024年6月）.docx
连信洞见人和大模型算法,服务提供者,浙江连信科技有限公司,连小信(APP),应用于文本生成场景，根据用户输入的文本、图像、音频、视频信息，生成符合用户需求的文本内容。,2024-6,generative ai,境内深度合成服务算法备案清单（2024年6月）.docx
有道云笔记内容生成算法,服务提供者,杭州网易竹邮科技有限公司,有道云笔记(APP),应用于文本生成场景，根据用户输入的文本信息，生成符合用户需求的文本内容。,2024-6,generative ai,境内深度合成服务算法备案清单（2024年6月）.docx
彩讯睿驰大模型算法,服务技术支持者,彩讯科技股份有限公司,--,应用于文本生成场景，服务于企业端客户，根据用户输入的文本、图像、音频、视频信息，生成符合用户需求的文本内容。,2024-6,generative ai,境内深度合成服务算法备案清单（2024年6月）.docx
秋米生成合成算法,服务提供者,秋米网络技术（北京）有限公司,超级语言(网站),应用于图像生成场景，根据用户输入的文本信息或参考图像，生成符合用户需求的图像内容。,2024-6,generative ai,境内深度合成服务算法备案清单（2024年6月）.docx
天天练智能对话生成算法,服务提供者,创境领域（深圳）科技有限公司,英语天天练(APP)、数学天天练(APP)、少年创境(APP),应用于对话生成场景，根据用户输入的文本问题，生成相应的文本回复。,2024-6,generative ai,境内深度合成服务算法备案清单（2024年6月）.docx
凯叔图像生成算法,服务提供者,北京凯声文化传媒有限责任公司,凯叔讲故事（APP）,应用于图像生成场景，根据用户输入的文本信息，生成符合用户需求的图像内容。,2024-6,generative ai,境内深度合成服务算法备案清单（2024年6月）.docx
汇智智能文本生成算法,服务提供者,江苏汇智智能数字科技有限公司,Gnomic智能体平台(网站),应用于文本生成场景，根据用户输入的文本信息，生成符合用户需求的文本内容。,2024-6,generative ai,境内深度合成服务算法备案清单（2024年6月）.docx
PSAI试衣视频生成算法,服务提供者,虹软科技股份有限公司,PhotoStudio® AI(网站),应用于视频生成场景，根据用户输入的单张试衣图像，结合内置模特驱动视频，利用深度神经网络和扩散模型技术，生成试衣视频。,2024-6,generative ai,境内深度合成服务算法备案清单（2024年6月）.docx
迪智伟奥生成合成算法,服务提供者,海南迪智伟奥网络科技有限公司,迪智伟奥(其他),应用于文本生成场景，根据用户输入的文本信息，通过大语言模型生成符合用户需求的文本内容。,2024-6,generative ai,境内深度合成服务算法备案清单（2024年6月）.docx
锋潮视频生成算法,服务提供者,晋城市锋潮网络科技有限公司,AI视频宝(APP)、简文(网站)、简文(APP),应用于视频生成场景，根据用户输入的字幕文本、视频片段、图像素材等内容，生成符合用户需求的视频内容。,2024-6,generative ai,境内深度合成服务算法备案清单（2024年6月）.docx
有道小P大模型算法,服务提供者,北京网易有道计算机系统有限公司,有道翻译官(APP)、小P老师(其他)、有道精品课(APP)、小P老师(APP)、Hi Echo口语教练(小程序)、小P老师(小程序)、有道小P(APP)、唱醒(APP)、有道博闻(APP)、有道小P(小程序)、有道小P(网站)、有道留学听课宝(APP)、Hi Echo(APP)、网易云课堂(APP)、网易有道词典(APP)、有道AIbox(APP)、有道翻译(APP)、中国大学MOOC(APP)、小P老师(网站),应用于对话生成场景，根据用户输入的问题文本，生成相应的文本回复。,2024-6,generative ai,境内深度合成服务算法备案清单（2024年6月）.docx
闪点AI生成算法,服务提供者,武汉闪点科技有限公司,盯闪(APP)、盯闪(小程序)、盯闪(网站),应用于对话生成场景，根据用户输入的问题，生成适合用户知识层次的内容。,2024-6,generative ai,境内深度合成服务算法备案清单（2024年6月）.docx
一语多模态文本语音生成式算法,服务提供者,北京星座女神文化传媒有限公司,准了星盘(小程序)、准了咨询平台(网站)、准了(APP)、准了星座(小程序),应用于文本、语音生成场景，根据用户输入的文本或语音转换成的文本数据，生成符合用户需求的文本内容并转换为语音。,2024-6,generative ai,境内深度合成服务算法备案清单（2024年6月）.docx
幻境智能文本深度合成算法,服务提供者,深圳市终极幻境网络科技有限公司,奇点Chat(APP)、EVE(APP)、奇点时代(APP),应用于对话生成场景，根据用户输入的问题或陈述文本，生成相应的文本、音频回复。,2024-6,generative ai,境内深度合成服务算法备案清单（2024年6月）.docx
亿图AIGC生成算法,服务提供者,亿图软件（湖南）有限公司,万兴脑暴(网站)、万兴脑暴(APP)、万兴图示(APP)、万兴脑图(APP)、万兴脑图(网站)、万兴图示(网站),应用于文本图像生成场景，根据用户输入的文本，生成相应的文本内容或图像。,2024-6,generative ai,境内深度合成服务算法备案清单（2024年6月）.docx
租租车智能客服和旅游行程生成合成算法,服务提供者,广州力挚网络科技有限公司,zuzuche.com/租租车(APP),应用于智能对话场景，根据用户输入的文本，生成符合用户需求的文本回复，解答用户关于租车和行程规划的各种问题。,2024-6,generative ai,境内深度合成服务算法备案清单（2024年6月）.docx
新向量人脸融合算法,服务提供者,南京新向量信息科技有限公司,AIface脸优(APP),应用于人脸图像生成场景，将用户上传的照片与模版图像、视频进行面部融合，生成的图像、视频既兼具指定照片中的人脸特征，也保持了模板图像、视频中人物的姿态、表情、动作等属性。,2024-6,generative ai,境内深度合成服务算法备案清单（2024年6月）.docx
可画文本生成算法,服务提供者,北京咖瓦信息技术有限公司,Canva可画(APP)、Canva可画(网站)、Canva可画(小程序),应用于文本生成场景，根据用户输入的文本信息，通过大语言模型生成符合用户需求的文本内容。,2024-6,generative ai,境内深度合成服务算法备案清单（2024年6月）.docx
简水人脸融合算法,服务提供者,上海简水网络科技有限公司,AI时光穿梭机(小程序)、AI百变相机(APP),应用于人脸图像生成场景，将用户上传的照片与特定模板图像进行面部融合，生成融合后的人脸图像。,2024-6,generative ai,境内深度合成服务算法备案清单（2024年6月）.docx
大拿火箭大模型内容生成算法,服务技术支持者,深圳大拿智能设备有限公司,--,应用于文本生成场景，服务于企业端客户，根据用户输入的文本或语音信息，生成符合用户需求的文本内容。,2024-6,generative ai,境内深度合成服务算法备案清单（2024年6月）.docx
中数自然语言生成算法,服务技术支持者,中数智算(成都)信息科技有限公司,--,应用于文本生成场景，服务于企业端客户，根据用户输入的文本信息，生成符合用户需求的文本内容。,2024-6,generative ai,境内深度合成服务算法备案清单（2024年6月）.docx
政和文本生成算法,服务提供者,政和科技股份有限公司,策问(网站),应用于文本生成场景，根据用户输入的文本信息，生成符合用户需求的文本内容。,2024-6,generative ai,境内深度合成服务算法备案清单（2024年6月）.docx
出门问问数字人合成算法,服务提供者,出门问问信息科技有限公司,序列猴子(网站)、奇妙问(网站)、奇妙元(网站),应用于数字人视频生成场景，根据用户输入的文本或音频，及选择的声音或数字人，生成数字人形象的视频。,2024-6,generative ai,境内深度合成服务算法备案清单（2024年6月）.docx
暴走P图图像深度合成类算法,服务提供者,重庆桂岑科技有限公司,暴走P图(APP),应用于图像生成场景，根据输入的文本描述或图像，生成相关的艺术化绘画作品。,2024-6,generative ai,境内深度合成服务算法备案清单（2024年6月）.docx
爱集微交互式文本内容生成算法,服务提供者,爱集微咨询(厦门)有限公司,集微网(网站)、爱集微(APP)、JiweiGPT(网站),应用于文本生成场景，根据用户输入的文本信息，生成符合用户需求的文本内容。,2024-6,generative ai,境内深度合成服务算法备案清单（2024年6月）.docx
北京首拍科技有限公司-图像深度合成算法,服务提供者,北京首拍科技有限公司,爱饰拍(APP),应用于图像生成场景，根据用户输入的文本信息和商品图像，生成符合用户描述的全新图像内容。,2024-6,generative ai,境内深度合成服务算法备案清单（2024年6月）.docx
鲜图AI-图像合成算法,服务提供者,湖南鲜图文化传播有限公司,鲜图AI(小程序),应用于图像生成场景，根据用户输入的文本信息和图像，生成符合用户需求的图像内容。,2024-6,generative ai,境内深度合成服务算法备案清单（2024年6月）.docx
元里千禾文本信息合成算法,服务提供者,重庆元里千禾科技有限公司,极光写作(APP),应用于文本生成场景，根据用户输入图像中的文本或直接输入的文本信息，生成符合用户需求的文本内容，实现作文生成、写作批改等功能。,2024-6,generative ai,境内深度合成服务算法备案清单（2024年6月）.docx
数联C-Life内容生成大模型算法,服务提供者,深圳数联天下智能科技有限公司,小C智慧宝贝(小程序),应用于文本生成场景，根据用户输入图像中的文本或直接输入的文本信息，生成符合用户需求的文本内容。,2024-6,generative ai,境内深度合成服务算法备案清单（2024年6月）.docx
数珩虚拟数字人算法,服务提供者,上海数珩信息科技股份有限公司,数智人(APP),应用于数字人视频生成场景，根据输入的音频，及有人物脸部的视频，生成数字人形象的视频。,2024-6,generative ai,境内深度合成服务算法备案清单（2024年6月）.docx
AI伴侣文本信息合成算法,服务提供者,武汉江上科技有限公司,AI伴侣(APP),应用于智能对话场景，根据用户输入的文本信息，生成符合用户需求的文本回复。,2024-6,generative ai,境内深度合成服务算法备案清单（2024年6月）.docx
北京快手科技有限公司快意大模型生成合成算法,服务提供者,北京快手科技有限公司,快手(APP),应用于文本生成场景，根据用户输入的文本信息，生成符合用户需求的文本内容。,2024-6,generative ai,境内深度合成服务算法备案清单（2024年6月）.docx
喜马拉雅文本生成算法,服务提供者,上海喜马拉雅科技有限公司,喜马拉雅（APP）,应用于文本生成场景，根据用户输入的文本信息，生成符合用户需求的文本内容。,2024-6,generative ai,境内深度合成服务算法备案清单（2024年6月）.docx
璞医MedicalGPT对话合成算法,服务提供者,海南璞医科技有限公司,璞医数智（小程序）,应用于对话生成场景，根据用户输入的提问或交互内容，生成医疗健康领域相关知识的回复文本。,2024-6,generative ai,境内深度合成服务算法备案清单（2024年6月）.docx
玄黄境app虚拟空间合成算法,服务提供者,常州商机旺旺汇网络科技有限公司,玄黄镜（APP）,应用于构建虚拟会议场景，通过创建虚拟会议室，实现参会人员实时内容展示、文档共享等功能。,2024-6,generative ai,境内深度合成服务算法备案清单（2024年6月）.docx
奥创光年图片生成算法,服务提供者,杭州奥创光年互联网科技有限责任公司,Mogic Pix(网站),应用于图像生成场景，根据用户提供的商品图片以及商品文字描述内容，生成包含该商品的营销图片。,2024-6,generative ai,境内深度合成服务算法备案清单（2024年6月）.docx
同花顺HithinkGPT企业版大模型算法,服务技术支持者,浙江同花顺智能科技有限公司,--,应用于对话生成场景，服务于企业端客户，根据用户输入的文本内容，生成金融投资相关的文本回复。,2024-6,generative ai,境内深度合成服务算法备案清单（2024年6月）.docx
奥创风格化视频素材生成算法,服务提供者,杭州奥创光年互联网科技有限责任公司,奥创幻影(小程序),应用于视频生成场景，根据用户输入的文本描述或原始视频，生成符合文本描述的视频或指定风格的视频。,2024-6,generative ai,境内深度合成服务算法备案清单（2024年6月）.docx
网际安全文本生成算法,服务提供者,中电长城网际系统应用有限公司,网际AI安全助理(网站),应用于文本生成场景，根据用户输入文本，结合上下文数据，生成符合用户要求的文本回复。,2024-6,generative ai,境内深度合成服务算法备案清单（2024年6月）.docx
逐鹿科技图片生成算法,服务提供者,乐陵逐鹿网络科技有限公司,土豆相机(小程序),应用于图像生成场景，根据用户输入的图片或图片序列帧，生成动漫或二次元风格的照片或图片序列帧。,2024-6,generative ai,境内深度合成服务算法备案清单（2024年6月）.docx
智学笃行语音合成算法,服务提供者,北京智学笃行科技有限公司,变影(小程序)、变影(APP),应用于语音生成场景，根据用户输入的文本，生成具有语音特征的音频内容。,2024-6,generative ai,境内深度合成服务算法备案清单（2024年6月）.docx
星纪魅族语音合成算法,服务提供者,珠海星纪魅族信息技术有限公司,Aicy语音(APP)、智能语音(APP),应用于语音对话生成场景，根据用户输入的语音，生成对应的文本和语音回复内容。,2024-6,generative ai,境内深度合成服务算法备案清单（2024年6月）.docx
新华三百业灵犀文本生成算法,服务技术支持者,新华三技术有限公司,--,应用于文本生成场景，服务于企业端客户，根据用户输入的文本，生成政务、机场、医疗、水利、教育等领域的响应文本。,2024-6,generative ai,境内深度合成服务算法备案清单（2024年6月）.docx
三星智能视觉服务算法,服务提供者,三星（中国）投资有限公司,创意壁纸(APP)、智绘人像(APP)、涂鸦生图(APP)、图上作画（涂鸦生图）(APP)、图片编辑器 - 一键消除路人(APP)、绘图助手(APP)、图片编辑器(APP)、三星键盘-AI贴纸(APP)、电话本-AI头像(APP)、图片编辑器-AI头像(APP),应用于图像生成场景，根据用户选择输入的文本、图片和编辑图片过程中产生的蒙版，利用扩散模型等生成式技术，自动生成满足用户需求的图像作品。,2024-6,generative ai,境内深度合成服务算法备案清单（2024年6月）.docx
中文逍遥大模型算法,服务提供者,中文在线集团股份有限公司,中文逍遥(网站),应用于文本生成场景，根据用户输入的文本，生成对应的文本内容。,2024-6,generative ai,境内深度合成服务算法备案清单（2024年6月）.docx
AI绘画宝合成算法,服务提供者,上海还复来信息科技有限公司,AI绘画宝(APP),应用于图像生成场景，根据用户输入的文本内容，生成符合文本描述的图像。,2024-6,generative ai,境内深度合成服务算法备案清单（2024年6月）.docx
奇笔文本生成算法,服务提供者,成都西仁科技有限公司,奇笔AI写作(APP)、奇笔AI(网站),应用于文本生成场景，根据用户输入的原始数据或简单指导，生成符合要求的文本内容。,2024-6,generative ai,境内深度合成服务算法备案清单（2024年6月）.docx
中科金财多场景多基座大模型算法,服务技术支持者,北京中科金财科技股份有限公司,--,应用于文本生成场景，服务于企业端客户，根据用户输入的文本指令，生成符合特定场景要求的文本结果。,2024-6,generative ai,境内深度合成服务算法备案清单（2024年6月）.docx
智能派自然语言处理算法,服务提供者,智能派(厦门)科技有限公司,智能派AI(APP),应用于文本生成场景，根据用户输入的文本信息，生成符合用户需求的文本内容。,2024-6,generative ai,境内深度合成服务算法备案清单（2024年6月）.docx
中国移动10086语音合成算法,服务技术支持者,中移在线服务有限公司,--,应用于语音合成场景，服务于企业端客户，基于用户输入的文本和音频数据，生成具有指定音色特征的音频。,2024-6,generative ai,境内深度合成服务算法备案清单（2024年6月）.docx
运通链达数智人多模态合成算法,服务技术支持者,广州运通链达金服科技有限公司,--,应用于数字人视频生成场景，服务于企业端客户，根据输入的文本，结合大模型，生成符合用户需求的文本内容。采用文本转语音技术将文本内容转化成语音，根据音频特征和相应的人脸图像生成与语音内容相匹配的唇部运动人脸图像，最终将人脸图像和音频合成口型视频输出给用户。,2024-6,generative ai,境内深度合成服务算法备案清单（2024年6月）.docx
天桥露泽人脸融合算法,服务提供者,济南天桥露泽软件开发中心,露泽仿妆秀(小程序),应用于人脸图像、视频生成场景，将用户上传的人脸图像与图片、视频模板进行融合，生成具备用户上传的人脸特征和模板图像属性（如姿态、表情、动作等）的新图片或视频。,2024-6,generative ai,境内深度合成服务算法备案清单（2024年6月）.docx
HITSZ智能问答大模型算法,服务技术支持者,哈尔滨工业大学（深圳）,--,应用于文本生成场景，服务于企业端客户，根据用户输入的文本信息，生成符合用户需求的文本内容。,2024-6,generative ai,境内深度合成服务算法备案清单（2024年6月）.docx
几个字内容生成算法,服务提供者,上海几个字人工智能科技有限公司,几个字AI(其他),应用于文本、图像生成场景，根据用户输入的文本内容，生成符合用户需求的文本、图像内容。,2024-6,generative ai,境内深度合成服务算法备案清单（2024年6月）.docx
喜马拉雅语音定制算法,服务提供者,上海喜马拉雅科技有限公司,喜马拉雅(APP),应用于语音合成场景，根据用户输入的音频数据及选定的文本，生成指定音色对应的音频内容。,2024-6,generative ai,境内深度合成服务算法备案清单（2024年6月）.docx
喜马拉雅语音驱动数字人算法,服务提供者,上海喜马拉雅科技有限公司,喜马拉雅(APP),应用于数字人视频生成场景，根据用户输入的定制形象的正面口播视频和音频数据，生成数字人形象的视频。,2024-6,generative ai,境内深度合成服务算法备案清单（2024年6月）.docx
中科金财语音合成算法,服务技术支持者,北京中科金财科技股份有限公司,--,应用于文本、语音生成场景，服务于企业端客户，根据用户输入的文本、音频信息，生成符合用户需求的文本、音频内容，实现语音识别、机器翻译、语音合成等功能。,2024-6,generative ai,境内深度合成服务算法备案清单（2024年6月）.docx
灵汩文本生成大模型算法,服务技术支持者,成都佳发安泰教育科技股份有限公司,--,应用于文本生成场景，服务于企业端客户，根据用户输入的文本信息，生成符合用户需求的文本内容。,2024-6,generative ai,境内深度合成服务算法备案清单（2024年6月）.docx
光锥元AI图像综合生成增强算法,服务提供者,广州光锥元信息科技有限公司,UniDreamAI绘画(APP)、PrettyUp(APP),应用于图像生成场景，根据用户输入的文本和参考图，生成图像或增强图像画质。,2024-6,generative ai,境内深度合成服务算法备案清单（2024年6月）.docx
动次拍置景溶图生成算法,服务提供者,上海动次拍信息科技有限公司,动次任意门AI换背景(小程序)、动次AI创意商店(网站),应用于图像生成场景，根据用户输入的背景关键词和前景图片，生成前景主体与虚拟背景融合后的图像。,2024-6,generative ai,境内深度合成服务算法备案清单（2024年6月）.docx
合合信息天玑大模型算法,服务技术支持者,上海合合信息科技股份有限公司,--,应用于对话生成场景，服务于企业端客户，根据用户输入的文本内容，生成相关的文本回复。,2024-6,generative ai,境内深度合成服务算法备案清单（2024年6月）.docx
阿里云人工智能平台AI写真算法,服务技术支持者,通义云启（杭州）信息技术有限公司,--,应用于图像生成场景，服务于企业端客户，根据用户上传的人脸照片和图像模板，生成相应的替换人脸后的图片。,2024-6,generative ai,境内深度合成服务算法备案清单（2024年6月）.docx
任性科技一键成片视频生成算法,服务技术支持者,杭州任性智能科技有限公司,--,应用于视频生成场景，服务于企业端客户，根据用户输入的素材视频和描述文本，通过音视频特征提取、语音识别、文本生成、语音合成等步骤，生成带有口播语音的新视频。,2024-6,generative ai,境内深度合成服务算法备案清单（2024年6月）.docx
优秘智能无忧多模态大模型算法,服务提供者,深圳优秘智能科技有限公司,优秘智能(小程序),应用于文本、图像生成场景，根据用户输入的文本信息，生成符合用户需求的文本或图像内容。,2024-6,generative ai,境内深度合成服务算法备案清单（2024年6月）.docx
小众圈AI聊天内容生成算法,服务提供者,杭州小众圈科技有限公司,回音(APP),应用于智能对话场景，根据用户输入的文本信息，生成符合用户需求的文本回复。,2024-6,generative ai,境内深度合成服务算法备案清单（2024年6月）.docx
蜜巢文生文内容生成算法,服务提供者,上海蜜度蜜巢智能科技有限公司,文稿通(网站)、知知通(网站),应用于文本生成场景，根据用户输入的文本信息，生成符合用户需求的文本内容。,2024-6,generative ai,境内深度合成服务算法备案清单（2024年6月）.docx
数人小美媒体深度合成算法,服务提供者,厦门数人小美科技有限公司,小美图像生成(网站),应用于图像生成场景，根据用户输入的文本信息和图像信息，生成与用户语义信息相符合的图像。,2024-6,generative ai,境内深度合成服务算法备案清单（2024年6月）.docx
京东方图像生成算法,服务提供者,京东方智慧物联科技有限公司,AI海报生成系统(网站)、Image3D(小程序),应用于图像生成场景，根据用户输入的文本描述和参考图片，生成尽量符合用户预期的图像内容。,2024-6,generative ai,境内深度合成服务算法备案清单（2024年6月）.docx
商汤V-ME视频合成算法,服务提供者,上海商汤智能科技有限公司,商汤V-ME(APP),应用于视频生成场景，根据用户输入的文本和图像提示信息，通过基于扩散模型的视频生成算法和视频插帧算法，生成符合提示要求的视频内容。,2024-6,generative ai,境内深度合成服务算法备案清单（2024年6月）.docx
优必选人工智能教育内容生成算法,服务提供者,深圳市优必选科技股份有限公司,Crealand(APP)、AI智慧教育平台(网站),应用于对话生成场景，根据用户输入的提问文本，生成相关的回复文本。,2024-6,generative ai,境内深度合成服务算法备案清单（2024年6月）.docx
腾讯玄武实验室安全文本生成算法,服务技术支持者,腾讯云计算（北京）有限责任公司,--,应用于文本生成场景，服务于企业端客户，根据用户输入的文本信息，生成符合用户需求的文本内容，实现告警信息分析等功能。,2024-6,generative ai,境内深度合成服务算法备案清单（2024年6月）.docx
AI绘画生成合成算法,服务提供者,郑州盛举信息科技有限公司,ai图库表(网站),应用于图像生成场景，根据用户输入的文本、图片信息，生成与输入相关的图片。,2024-6,generative ai,境内深度合成服务算法备案清单（2024年6月）.docx
问语邻智能对话合成算法,服务提供者,杭州与邻科技有限公司,里邻小程序(小程序),应用于对话生成场景，根据用户输入的问题，自动生成符合要求的文本内容。,2024-6,generative ai,境内深度合成服务算法备案清单（2024年6月）.docx
全球说TalkmateGLM文本生成算法,服务提供者,北京酷语时代教育科技有限公司,全球说Talkmate(APP),应用于文本生成场景，根据用户输入的文本内容，生成对应的文本回复内容。,2024-6,generative ai,境内深度合成服务算法备案清单（2024年6月）.docx
我猜相机图像合成算法,服务提供者,武汉网友科技有限公司,我猜相机(小程序),应用于图像生成场景，根据用户上传的人物面部特征，将其投影到目标写真图像上，而生成用户形象写真。,2024-6,generative ai,境内深度合成服务算法备案清单（2024年6月）.docx
浪潮海若大模型算法,服务提供者,浪潮云信息技术股份公司,浪潮海若大模型(网站),应用于对话生成场景，根据用户输入的文本信息，生成基于用户问题的文本回答。,2024-6,generative ai,境内深度合成服务算法备案清单（2024年6月）.docx
希施玛金融聊天助手算法,服务提供者,深圳希施玛数据科技有限公司,弈数玛(APP),应用于对话生成场景，根据用户输入的文本内容，生成金融领域相关的回复文本。,2024-6,generative ai,境内深度合成服务算法备案清单（2024年6月）.docx
钉钉AI助理智能生成算法,服务提供者,钉钉科技有限公司,钉钉(APP),应用于文本、图像生成场景，根据用户输入的文本、图片或语音指令，生成相应的文本或图像内容。,2024-6,generative ai,境内深度合成服务算法备案清单（2024年6月）.docx
鼎捷私域知识问答算法,服务提供者,鼎捷软件股份有限公司,鼎捷雅典娜ChatFile(网站),应用于对话生成场景，根据用户输入的提问文本或文档，生成内容总结或答案文本。,2024-6,generative ai,境内深度合成服务算法备案清单（2024年6月）.docx
玲珑AI生成算法,服务提供者,北京新锋未来科技有限公司,玲珑AI工具(小程序)、玲珑AI工具(网站),应用于文本图像生成场景，根据用户输入的文本指令或图片，生成符合用户意图的图片及文本。,2024-6,generative ai,境内深度合成服务算法备案清单（2024年6月）.docx
珍岛文生图内容生成算法,服务提供者,珍岛信息技术(上海) 股份有限公司,臻图(网站),应用于图像生成场景，根据输入的文本，生成市场营销宣传图、自媒体图片、电商图片等。,2024-6,generative ai,境内深度合成服务算法备案清单（2024年6月）.docx
同花顺HithinkImagen算法,服务提供者,浙江同花顺网络科技有限公司,i问财至尊版(APP)、同花顺(APP),应用于图像生成场景，根据输入的文本或图片信息，生成与输入文本或图片相匹配的图像。,2024-6,generative ai,境内深度合成服务算法备案清单（2024年6月）.docx
社会治理大模型算法,服务技术支持者,杭州城市大脑有限公司,--,应用于文本生成场景，服务于企业端客户，根据对社会治理数据进行分类和要素抽取，生成事件告警报告。,2024-6,generative ai,境内深度合成服务算法备案清单（2024年6月）.docx
科莱特问答引擎算法,服务提供者,福州科莱特教育科技有限公司,科莱特-AI助教(其他),应用于对话生成场景，根据用户输入的问题，分析上下文和语义信息，生成相应的答案。,2024-6,generative ai,境内深度合成服务算法备案清单（2024年6月）.docx
ChatGot文本生成算法,服务提供者,海南飞将军网络科技有限公司,ChatGot(网站)、ChatGot(小程序)、ChatGot(APP),应用于文本生成场景，根据用户输入的文本，生成对应的回复文本。,2024-6,generative ai,境内深度合成服务算法备案清单（2024年6月）.docx
梦昂科技图片生成算法,服务提供者,山东梦昂网络科技有限公司,图图来了(小程序),应用于图像生成场景，根据用户输入的文本描述和参考图片，生成尽量符合用户预期的图像内容。,2024-6,generative ai,境内深度合成服务算法备案清单（2024年6月）.docx
商汤人脸生成算法,服务提供者,上海商汤智能科技有限公司,Blingapp(APP),应用于图像生成场景，根据用户输入的人脸图像，生成指定风格的新图像，实现风格转换功能。,2024-6,generative ai,境内深度合成服务算法备案清单（2024年6月）.docx
图满意AI图像生成算法,服务提供者,土巴兔集团股份有限公司,图满意(网站),应用于图像生成场景，根据用户输入的3D场景文本描述和3D场景截图，输出3D场景的装修设计效果图。,2024-6,generative ai,境内深度合成服务算法备案清单（2024年6月）.docx
AKS文生文算法,服务技术支持者,深圳市顺凯信息技术有限公司,--,应用于文本生成场景，服务于企业端客户，根据用户输入的文本信息，生成符合用户需求的文本内容。,2024-6,generative ai,境内深度合成服务算法备案清单（2024年6月）.docx
奥创光年营销文案生成算法,服务提供者,杭州奥创光年互联网科技有限责任公司,Mogic内容协作平台(网站)、AI制片厂(网站),应用于文本生成场景，根据用户输入的产品信息及文案要求，生成符合用户需求的文案内容。,2024-6,generative ai,境内深度合成服务算法备案清单（2024年6月）.docx
万维易源文生文算法,服务提供者,昆明秀派科技有限公司,万维易源(网站),应用于文本生成场景，根据用户输入的文本信息，生成符合用户需求的文本内容。,2024-6,generative ai,境内深度合成服务算法备案清单（2024年6月）.docx
奥创3D视频素材生成算法,服务提供者,杭州奥创光年互联网科技有限责任公司,Mogic 3dcopilot(网站),应用于图像、视频生成场景，根据用户输入的文本和3D模型，对3D虚拟影棚的主商品、影棚内物品材质、环境光影、运镜动效等属性进行编辑或风格转换，生成图像、视频。,2024-6,generative ai,境内深度合成服务算法备案清单（2024年6月）.docx
可拍生成合成算法,服务提供者,武汉卧友网络科技有限公司,可拍(APP),应用于人脸图像、视频生成场景，将用户上传的照片与特定模板进行面部融合，生成融合后的人脸图像、视频。,2024-6,generative ai,境内深度合成服务算法备案清单（2024年6月）.docx
小P老师大模型算法,服务提供者,网易有道（杭州）智能科技有限公司,小P老师(智能硬件)、小P老师(APP)、小P老师(小程序)、小P老师(网站)、有道小P(APP)、有道小P(小程序)、有道小P(网站),应用于文本生成场景，根据用户输入的文本信息，生成符合用户需求的文本内容。,2024-6,generative ai,境内深度合成服务算法备案清单（2024年6月）.docx
度小满轩辕大模型算法,服务提供者,重庆度小满信息技术有限公司,度小满轩辕大模型(网站),应用于文本生成场景，根据用户输入的文本信息，生成符合用户需求的文本内容。,2024-6,generative ai,境内深度合成服务算法备案清单（2024年6月）.docx
元乘象Chatimg多模态图生文算法,服务技术支持者,南京智子引擎信息科技有限公司,--,应用于文本生成场景，服务于企业端客户，根据用户输入的图像及文本信息，生成符合用户需求的文本内容，实现图像描述、物体检测、图表理解、故事创作等功能。,2024-6,generative ai,境内深度合成服务算法备案清单（2024年6月）.docx
风平智能文本生成算法,服务技术支持者,北京风平智能科技有限公司,--,应用于文本生成场景，服务于企业端客户，根据用户输入的文本信息，生成符合用户需求的文本内容。,2024-6,generative ai,境内深度合成服务算法备案清单（2024年6月）.docx
金睛云华安全大脑智能辅助运营算法,服务技术支持者,北京金睛云华科技有限公司,--,应用于文本生成场景，服务于企业端客户，根据用户输入的文本信息，生成符合用户需求的文本内容。,2024-6,generative ai,境内深度合成服务算法备案清单（2024年6月）.docx
阿水AI大模型算法,服务提供者,南昌阿水科技有限公司,阿水AI(网站)、阿水AI(APP),应用于文本生成场景，根据用户输入的文本信息，生成符合用户需求的文本内容。,2024-6,generative ai,境内深度合成服务算法备案清单（2024年6月）.docx
零点楷模内容生成算法,服务提供者,北京零点远景网络科技有限公司,零点楷模知识咨询(网站),应用于文本生成场景，根据用户输入的文本信息，生成符合用户需求的文本内容。,2024-6,generative ai,境内深度合成服务算法备案清单（2024年6月）.docx
三星智能文本内容生成算法,服务提供者,三星（中国）投资有限公司,Samsung Intelligence Voice Services（SIVS）(APP)、Bixby(APP),应用于文本生成场景，根据用户输入的文本信息，生成符合用户需求的文本回复。,2024-6,generative ai,境内深度合成服务算法备案清单（2024年6月）.docx
云从智能文字识别算法,服务提供者,云从科技集团股份有限公司,云从从容大模型官网(网站),应用于文字识别场景，根据用户输入的图像，识别图像中的文字，结合用户输入的文字信息，生成符合用户需求的文本内容。,2024-6,generative ai,境内深度合成服务算法备案清单（2024年6月）.docx
爱信诺信诺GPT财税产业大语言模型算法-1,服务技术支持者,航天信息股份有限公司,--,应用于文本生成场景，服务于企业端客户，根据用户输入的文本信息，生成符合用户需求的文本内容。,2024-6,generative ai,境内深度合成服务算法备案清单（2024年6月）.docx
天九商机大模型算法,服务提供者,天九共享网络科技集团有限公司,超级生意圈(小程序)、超级AI数字人(小程序)、老板AI秘书(小程序)、老板帮(APP)、企业家AI顾问(小程序)、老板云(APP),应用于文本、图像、音频、视频生成场景，根据文本输入内容生成对应的文本回复，根据提示词、图像等参数生成图像，将文本内容转换为语音，根据图像和音频合成单图说话人脸视频。,2024-6,generative ai,境内深度合成服务算法备案清单（2024年6月）.docx
得物商品对比内容生成算法,服务提供者,上海得物信息集团有限公司,得物(APP),应用于文本生成场景，根据用户选择或输入的商品名称，生成商品对比分析，并回答用户关于商品的问题。,2024-6,generative ai,境内深度合成服务算法备案清单（2024年6月）.docx
简办AI写作生成算法,服务提供者,上海简办网络科技有限公司,笔灵 AI 写作(网站),应用于文本生成场景，根据用户输入的文本信息，生成符合用户需求的文本内容。,2024-6,generative ai,境内深度合成服务算法备案清单（2024年6月）.docx
镁佳Megatronix文本生成算法,服务提供者,镁佳（北京）科技有限公司,镁佳汽车座舱语音助手(其他),应用于文本生成场景，根据用户输入的文本信息，生成符合用户需求的文本内容。,2024-6,generative ai,境内深度合成服务算法备案清单（2024年6月）.docx
千幻对话生成算法,服务提供者,成都千幻科技有限公司,哄哄模拟气(小程序),应用于文本生成场景，根据用户输入的文本信息，生成符合用户需求的文本内容。,2024-6,generative ai,境内深度合成服务算法备案清单（2024年6月）.docx
智娃大模型算法,服务技术支持者,北京光年无限科技有限公司,--,应用于文本生成场景，服务于企业端客户，根据用户输入的文本信息，生成符合用户需求的文本内容。,2024-6,generative ai,境内深度合成服务算法备案清单（2024年6月）.docx
长亭问津安全文本生成服务算法,服务提供者,北京长亭科技有限公司,长亭问津（ChaitinAI）安全对话服务(网站),应用于文本生成场景，根据用户输入的文本信息，生成符合用户需求的文本内容，主要用于网络安全领域。,2024-6,generative ai,境内深度合成服务算法备案清单（2024年6月）.docx
相芯数字人合成算法,服务技术支持者,杭州相芯科技有限公司,--,应用于数字人视频生成场景，服务于企业端客户，根据输入的音频，及人像图像、视频，生成数字人形象的视频，生成的视频与输入的音频内容口唇同步。,2024-6,generative ai,境内深度合成服务算法备案清单（2024年6月）.docx
eSheep生成合成算法,服务提供者,上海继游信息科技有限公司,eSheep(APP),应用于图像生成场景，根据用户输入的图像和选择的预设模板，生成符合用户需求的图像。,2024-6,generative ai,境内深度合成服务算法备案清单（2024年6月）.docx
秀御AI生成算法,服务提供者,上海秀御网络科技有限公司,模型鸭(网站),应用于图像生成场景，根据用户输入的图像和选择的预设模板，生成符合用户需求的图像。,2024-6,generative ai,境内深度合成服务算法备案清单（2024年6月）.docx
混元金融大模型算法,服务技术支持者,腾讯云计算（北京）有限责任公司,--,应用于文本生成场景，服务于企业端客户，根据用户输入的文本信息，生成符合用户需求的文本内容，主要用于金融领域。,2024-6,generative ai,境内深度合成服务算法备案清单（2024年6月）.docx
阿水AI图像生成算法,服务提供者,南昌阿水科技有限公司,阿水AI(网站)、阿水AI(APP),应用于图像生成场景，根据输入的文本，生成与文本语义一致的目标图像。,2024-6,generative ai,境内深度合成服务算法备案清单（2024年6月）.docx
外脑文本生成算法,服务提供者,深圳市外脑科技有限公司,SDAR智能助手(APP),应用于文本生成场景，根据用户个人信息以及用户需求，生成相对应的文本。,2024-6,generative ai,境内深度合成服务算法备案清单（2024年6月）.docx
PingAI文本生成算法,服务提供者,北京易成星光科技有限公司,PingCode(网站),应用于文本生成场景，根据用户的输入文本，生成对应的摘要、翻译、代码等文本内容。,2024-6,generative ai,境内深度合成服务算法备案清单（2024年6月）.docx
外脑图像和视频生成算法,服务提供者,深圳市外脑科技有限公司,SDAR智能助手(APP),应用于图像、视频生成场景，根据用户的个人历史数据和需求，生成相应虚拟场景下的图片和视频。,2024-6,generative ai,境内深度合成服务算法备案清单（2024年6月）.docx
万维易源图像生成算法-2,服务技术支持者,昆明秀派科技有限公司,--,应用于图像生成场景，服务于企业端客户，根据用户输入的文本、图像信息，生成与之相对应的图像结果。,2024-6,generative ai,境内深度合成服务算法备案清单（2024年6月）.docx
云栈多模态内容生成算法,服务提供者,成都云栈科技有限公司,PAI证件照(小程序)、文创平台(网站),应用于文本、图像生成场景，根据用户输入文字、图像素材和目标要求，生成相应的文字、图像内容。,2024-6,generative ai,境内深度合成服务算法备案清单（2024年6月）.docx
风平智能图像生成算法,服务技术支持者,北京风平智能科技有限公司,--,应用于图像生成场景，服务于企业端客户，根据用户输入的文本、图片，生成符合文本语义的图片。,2024-6,generative ai,境内深度合成服务算法备案清单（2024年6月）.docx
万维易源图像生成算法,服务提供者,昆明秀派科技有限公司,万维易源(网站),应用于图像生成场景，根据用户输入的文本、图像信息，生成与之相对应的图像结果。,2024-6,generative ai,境内深度合成服务算法备案清单（2024年6月）.docx
绿巢GPT大语言模型算法,服务技术支持者,绿巢智慧数据科技（北京）有限公司,--,应用于文本生成场景，服务于企业端客户，根据用户输入的问题文本，生成文本回答内容。,2024-6,generative ai,境内深度合成服务算法备案清单（2024年6月）.docx
优学派文本生成算法,服务提供者,深圳市致远优学教育科技有限公司,作文批改(其他)、AI口语(其他)、智能问答(其他),应用于文本生成场景，根据用户输入的文本，结合提示词、上下文信息等，生成相应的文本回复。,2024-6,generative ai,境内深度合成服务算法备案清单（2024年6月）.docx
绿巢GPT生成式大语言模型算法,服务提供者,绿巢智慧数据科技（北京）有限公司,绿巢环境GPT(网站),应用于对话生成场景，根据用户输入的问题文本，生成文本回答内容。,2024-6,generative ai,境内深度合成服务算法备案清单（2024年6月）.docx
川观智媒大模型图像生成算法,服务提供者,四川日报网络传媒发展有限公司,川观新闻(APP),应用于图像生成场景，根据用户输入的文本信息，生成与之匹配的图像。,2024-6,generative ai,境内深度合成服务算法备案清单（2024年6月）.docx
小红焦文本生成算法,服务提供者,上海小红焦技术有限公司,小红椒AIGC(小程序),应用于文本生成场景，根据用户输入的特定提示或问题，生成相应的文本内容，用于乡村、文旅、商业空间运营。,2024-6,generative ai,境内深度合成服务算法备案清单（2024年6月）.docx
智境云创文本生成视频算法,服务提供者,北京智境云创科技有限公司,Metazen-Zora(网站),应用于视频生成场景，根据用户输入的文本描述或关键词，生成与输入文本相匹配的视频内容。,2024-6,generative ai,境内深度合成服务算法备案清单（2024年6月）.docx
川观智媒大模型文本生成算法,服务提供者,四川日报网络传媒发展有限公司,川观新闻(APP),应用于文本生成场景，通过理解分析用户所选预设问题的语义和上下文信息，生成与问题紧密相关的文本回答。,2024-6,generative ai,境内深度合成服务算法备案清单（2024年6月）.docx
奇绘AI图像生成算法,服务提供者,深圳市超时代软件有限公司,奇绘AI(网站),应用于图像生成场景，根据用户输入的文本，生成和其语义一致的图像。,2024-6,generative ai,境内深度合成服务算法备案清单（2024年6月）.docx
Y3编辑器游戏视听素材生成算法,服务提供者,广州网易计算机系统有限公司,Y3编辑器(APP),应用于图像、音频生成场景，根据用户输入的内容，生成图像、语音等游戏内容素材。,2024-6,generative ai,境内深度合成服务算法备案清单（2024年6月）.docx
1688图像生成算法,服务提供者,杭州阿里巴巴广告有限公司,阿里巴巴（1688）(APP)、1688.com(网站),应用于图像生成场景，根据用户上传的图片，生成符合用户需要的风格化图像。,2024-6,generative ai,境内深度合成服务算法备案清单（2024年6月）.docx
乐秀AI绘图算法,服务技术支持者,上海艾麒信息科技股份有限公司,--,应用于图像生成场景，服务于企业端客户，根据用户输入的文本和图像信息，生成与之匹配的图像。,2024-6,generative ai,境内深度合成服务算法备案清单（2024年6月）.docx
清睿ArynGPT大模型算法,服务提供者,苏州清睿智能科技股份有限公司,AIEnglish智慧学习空间(网站),应用于对话生成场景，根据用户输入的文本，生成英语学习相关的文本回复。,2024-6,generative ai,境内深度合成服务算法备案清单（2024年6月）.docx
绘蛙电商文本生成算法,服务提供者,杭州连凡信息技术有限公司,绘蛙(网站),应用于文本生成场景，根据用户输入的文案条数、笔记话题、人设等信息，生成对应的文案内容。,2024-6,generative ai,境内深度合成服务算法备案清单（2024年6月）.docx
思必驰语音合成算法,服务技术支持者,思必驰科技股份有限公司,--,应用于语音生成场景，服务于企业端客户，根据用户输入的文本，生成相应的语音回复。,2024-6,generative ai,境内深度合成服务算法备案清单（2024年6月）.docx
奇安信安全文本生成算法,服务提供者,奇安信科技集团股份有限公司,威胁情报AI助手(网站),应用于文本生成场景，根据用户输入的问题文本，生成安全知识相关的文本回复。,2024-6,generative ai,境内深度合成服务算法备案清单（2024年6月）.docx
边塞多模态写作生成算法,服务提供者,上海谱算科技有限公司,边塞互动(小程序),应用于多模态内容生成场景，根据用户输入的多模态内容，生成相应的文本、图像、音频、视频等内容。,2024-6,generative ai,境内深度合成服务算法备案清单（2024年6月）.docx
海信星海通用文生图算法,服务提供者,海信视像科技股份有限公司,氛围生活(APP)、海信智能语音助手(其他)、屏保画册(APP)、艺术画册(APP),应用于图像生成场景，根据输入的文本、语音和图像形式的指令数据，生成与用户指令相符的图像。,2024-6,generative ai,境内深度合成服务算法备案清单（2024年6月）.docx
共道法鼎大语言模型算法,服务提供者,共道网络科技有限公司,共道法鼎大语言模型(网站),应用于对话生成场景，根据用户输入的文本内容，生成相应的文本回复。,2024-6,generative ai,境内深度合成服务算法备案清单（2024年6月）.docx
萤石语音合成算法-2,服务技术支持者,杭州萤石软件有限公司,--,应用于语音生成场景，服务于企业端客户，根据用户输入的文本，生成指定音色的语音。,2024-6,generative ai,境内深度合成服务算法备案清单（2024年6月）.docx
天翼智绘内容生成算法,服务提供者,天翼数字生活科技有限公司,天翼云盘(APP),应用于图像生成场景，根据用户输入的文本、图像，生成语义相关的图片。,2024-6,generative ai,境内深度合成服务算法备案清单（2024年6月）.docx
企知道科创GPT大模型算法,服务提供者,企知道科技有限公司,企知道科创GPT大模型(网站),应用于对话生成场景，根据用户输入的问题文本，通过上下文分析，生成文本回复。,2024-6,generative ai,境内深度合成服务算法备案清单（2024年6月）.docx
零一万物大模型多模态生成算法,服务提供者,北京零一万物科技有限公司,万知(网站),应用于文本、图像生成场景，根据用户输入文本或图像，生成相应的图像或文本内容。,2024-6,generative ai,境内深度合成服务算法备案清单（2024年6月）.docx
万维易源文生文算法-2,服务技术支持者,昆明秀派科技有限公司,--,应用于文本生成场景，服务于企业端客户，根据用户输入的文本信息，生成符合用户需求的文本内容。,2024-6,generative ai,境内深度合成服务算法备案清单（2024年6月）.docx
崝澎人脸融合生成算法,服务提供者,安徽崝澎网络科技有限公司,AI换脸王(APP)、换脸王(APP)、AI换脸秀秀(APP)、AI换脸秀(APP)、AI换脸(APP),应用于图像、视频生成场景，根据用户输入的源图像和目标图像，生成人脸融合后的图像或视频。,2024-6,generative ai,境内深度合成服务算法备案清单（2024年6月）.docx
轻舟智问大语言模型算法,服务技术支持者,北京金山云网络技术有限公司,--,应用于文本生成场景，服务于企业端客户，根据用户输入的文本内容，生成相应的文本回复。,2024-6,generative ai,境内深度合成服务算法备案清单（2024年6月）.docx
Moka文本生成算法,服务提供者,北京希瑞亚斯科技有限公司,Moka Eva (网站),应用于文本生成场景，根据用户输入的文本内容，生成相应的文本回复。,2024-6,generative ai,境内深度合成服务算法备案清单（2024年6月）.docx
火龙果智能聊天机器人算法,服务提供者,北京香侬慧语科技有限责任公司,火龙果(APP),应用于对话生成场景，根据用户输入的文本信息，生成符合语境的回复文本。,2024-6,generative ai,境内深度合成服务算法备案清单（2024年6月）.docx
铱灵多模态具身交互算法,服务提供者,北京铱灵智能科技有限公司,10智能平台(网站),应用于多模态内容生成场景，根据用户输入的多模态内容，生成文本、音频、视频内容。,2024-6,generative ai,境内深度合成服务算法备案清单（2024年6月）.docx
铱灵交互式多能型认知算法,服务技术支持者,北京铱灵智能科技有限公司,--,应用于文本生成场景，服务于企业端客户，根据用户输入的文本、音频、视频，生成相匹配的文本回复。,2024-6,generative ai,境内深度合成服务算法备案清单（2024年6月）.docx
铱灵交互式多能型生成算法,服务技术支持者,北京铱灵智能科技有限公司,--,应用于音视频生成场景，服务于企业端客户，根据用户输入的文本、音频、视频，生成音频、视频内容。,2024-6,generative ai,境内深度合成服务算法备案清单（2024年6月）.docx
铱灵交互式语言大模型算法,服务技术支持者,北京铱灵智能科技有限公司,--,应用于文本生成场景，服务于企业端客户，根据用户输入的文本信息，生成对应的文本回复。,2024-6,generative ai,境内深度合成服务算法备案清单（2024年6月）.docx
萌萌舒AI应事图片合成算法-2,服务技术支持者,成都萌萌舒科技有限公司,--,应用于图片生成场景，服务于企业端客户，根据用户输入的对话指令或问题，生成符合用户需求的图片。,2024-6,generative ai,境内深度合成服务算法备案清单（2024年6月）.docx
文鳐大模型服务算法,服务提供者,福建中科星泰数据科技有限公司,文鳐MaaS垂直领域私有模型训练平台(网站),应用于文本生成场景，根据用户输入的文本，结合上下文，生成对应的文本。,2024-6,generative ai,境内深度合成服务算法备案清单（2024年6月）.docx
1688对话生成算法,服务提供者,杭州阿里巴巴广告有限公司,阿里巴巴（1688）(APP)、1688.com(网站),应用于文本生成场景，根据用户输入的文本数据，生成对应的文本回复。,2024-6,generative ai,境内深度合成服务算法备案清单（2024年6月）.docx
心海灵犀AI心理咨询算法,服务提供者,杭州心海灵犀智能科技有限公司,新昌AI心身支持系统(网站),应用于对话生成场景，根据用户输入的文本，生成心理健康服务相关的文本回复。,2024-6,generative ai,境内深度合成服务算法备案清单（2024年6月）.docx
奇点森林图像与文本拟人生成算法,服务提供者,奇点森林（北京）科技有限公司,幻幻(APP),应用于文本、图像生成场景，根据用户输入的文本内容，生成符合用户需求的文本内容或图片。,2024-6,generative ai,境内深度合成服务算法备案清单（2024年6月）.docx
智己生成式内容交互算法,服务提供者,智己汽车科技有限公司,IM智己(APP)、IM大模型(APP),应用于对话生成场景，根据用户输入的文本，生成符合预期的文本回复。,2024-6,generative ai,境内深度合成服务算法备案清单（2024年6月）.docx
南北阁文本生成算法,服务提供者,北京华品博睿网络技术有限公司,BOSS直聘(APP)、店长直聘(APP),应用于文本生成场景，根据用户填写的简历信息、职位信息，生成文本信息，为用户完善优化简历、职位、交流等信息。,2024-6,generative ai,境内深度合成服务算法备案清单（2024年6月）.docx
南北阁智能对话算法,服务提供者,北京华品博睿网络技术有限公司,BOSS直聘(APP),应用于对话生成场景，根据用户输入的文本数据，结合对话场景等向用户生成文本答复。,2024-6,generative ai,境内深度合成服务算法备案清单（2024年6月）.docx
盘盘盛丽AI文本生成算法,服务提供者,上海基钮钮数据科技有限公司,盘盘AI(公众账号)、盘盘AI(网站),应用于对话生成场景，根据用户输入的提问文本，生成符合用户预期的回答文本。,2024-6,generative ai,境内深度合成服务算法备案清单（2024年6月）.docx
卫数生成合成类智能健康风险评估算法,服务技术支持者,内蒙古卫数数据科技有限公司,--,应用于文本生成场景，服务于企业端客户，根据用户输入的血常规文本数据，生成对应的健康评估报告。,2024-6,generative ai,境内深度合成服务算法备案清单（2024年6月）.docx
智者千问大语言模型算法,服务提供者,北京智境云创科技有限公司,智者千问(网站),应用于对话生成场景，根据用户输入的文本数据，生成相应的文本回复。,2024-6,generative ai,境内深度合成服务算法备案清单（2024年6月）.docx
阳光公采大模型算法,服务提供者,博思数采科技股份有限公司,阳光公采大模型(网站),应用于对话生成场景，根据用户输入的文本信息，结合上下文，生成相应的文本回复。,2024-6,generative ai,境内深度合成服务算法备案清单（2024年6月）.docx
中关村科金得助大模型算法,服务技术支持者,北京中关村科金技术有限公司,--,应用于对话生成场景，服务于企业端客户，根据用户输入的文本数据，结合上下文信息，生成符合用户意图的回复文本。,2024-6,generative ai,境内深度合成服务算法备案清单（2024年6月）.docx
梵讯视频剧本生成算法,服务提供者,上海梵讯网络技术有限公司,手机梵讯(APP),应用于文本生成场景，根据用户输入的文本和房屋信息，生成相应的短视频剧本。,2024-6,generative ai,境内深度合成服务算法备案清单（2024年6月）.docx
超脑云AI内容生成算法,服务提供者,超脑智能科技（上海）有限公司,超脑AI平台(其他),应用于文本、图像生成场景，根据用户输入的文本内容，生成符合用户需求的文本、图像内容。,2024-6,generative ai,境内深度合成服务算法备案清单（2024年6月）.docx
得到学习助手生成合成算法,服务提供者,北京思维造物信息科技股份有限公司,得到(APP),应用于文本生成场景，根据用户输入的文本信息，生成符合用户需求的文本内容。,2024-6,generative ai,境内深度合成服务算法备案清单（2024年6月）.docx
通达信TendencyGPT大模型算法,服务提供者,深圳市财富趋势科技股份有限公司,问小达(APP),应用于文本生成场景，根据用户输入的文本信息，生成符合用户需求的文本内容，主要用于金融领域。,2024-6,generative ai,境内深度合成服务算法备案清单（2024年6月）.docx
智诊AI医疗大模型算法,服务提供者,杭州智诊科技有限公司,智诊AI医疗大模型(网站),应用于文本生成场景，根据用户输入的文本信息，生成符合用户需求的文本内容。,2024-6,generative ai,境内深度合成服务算法备案清单（2024年6月）.docx
智企问诊自然语言算法,服务技术支持者,深圳智企未来科技有限公司,--,应用于文本生成场景，服务于企业端客户，根据用户输入的文本信息，生成符合用户需求的文本内容。,2024-6,generative ai,境内深度合成服务算法备案清单（2024年6月）.docx
威爱云文生图生成算法,服务提供者,重庆威爱云科技有限公司,小宇宙大平台(网站),应用于图像生成场景，根据用户输入的文本，生成符合用户需求的图像内容。,2024-6,generative ai,境内深度合成服务算法备案清单（2024年6月）.docx
芒果TV图像生成算法,服务提供者,湖南快乐阳光互动娱乐传媒有限公司,芒果TV(APP),应用于图像生成场景，根据用户输入的文本、图像信息，生成符合用户需求的图像内容。,2024-6,generative ai,境内深度合成服务算法备案清单（2024年6月）.docx
小红焦图像生成算法,服务提供者,上海小红焦技术有限公司,小红椒AIGC(小程序),应用于图像生成场景，根据用户输入的图像和需求文本，生成指定风格的图像。,2024-6,generative ai,境内深度合成服务算法备案清单（2024年6月）.docx
星宇文本生成算法,服务提供者,广西创启恒达信息科技有限公司,星宇大模型(网站),应用于文本生成场景，根据用户输入的文本，生成符合用户意图的回复文本。,2024-6,generative ai,境内深度合成服务算法备案清单（2024年6月）.docx
智聊AI智能对话算法,服务提供者,大智若愚科技（广州）有限公司,智聊SmartChat(小程序)、智聊SmartChat(网站)、AI智聊号(公众账号),应用于对话生成场景，根据用户输入的文本、图片、语音等数据，生成符合用户需求的文本内容或语音内容。,2024-6,generative ai,境内深度合成服务算法备案清单（2024年6月）.docx
天河天元大模型算法,服务提供者,国家超级计算天津中心,天河天元大模型开放平台(网站),应用于文本生成场景，根据用户输入的文本，生成医疗健康领域相关的文本。,2024-6,generative ai,境内深度合成服务算法备案清单（2024年6月）.docx
智者人脸编辑内容生成合成算法,服务提供者,北京海鑫智圣技术有限公司,智者-深度伪造AI换脸(网站),应用于图像视频生成场景，根据用户上传的图片或视频素材，提取面部特征，生成人脸融合后的照片或视频。,2024-6,generative ai,境内深度合成服务算法备案清单（2024年6月）.docx
才识有余文本生成算法,服务提供者,深圳市识余科技有限公司,与你同行·治愈系AI(APP)、与你同行·治愈系AI(网站),应用于对话生成场景，根据用户输入的文本信息，生成情感陪伴领域相关的回复文本。,2024-6,generative ai,境内深度合成服务算法备案清单（2024年6月）.docx
天地大模型算法,服务技术支持者,汉王科技股份有限公司,--,应用于文本、语音、图像生成场景，服务于企业端客户，根据用户输入的文本、语音生成符合用户需求的文本、语音内容，或根据用户输入的文本、图像，生成符合用户需求的图像内容。,2024-6,generative ai,境内深度合成服务算法备案清单（2024年6月）.docx
诸事正解大语言模型算法,服务提供者,正大农业科学研究有限公司,诸事正解大语言模型(网站),应用于智能对话场景，根据用户输入的文本信息，生成符合用户需求的文本回复，主要用于农牧养殖领域。,2024-6,generative ai,境内深度合成服务算法备案清单（2024年6月）.docx
建木智能文本信息合成算法-1,服务提供者,厦门建木智能科技有限公司,厦门建木智能AI小助手(小程序),应用于文本生成场景，根据用户输入的文本信息，生成符合用户需求的文本内容。,2024-6,generative ai,境内深度合成服务算法备案清单（2024年6月）.docx
宙语大语言模型算法,服务技术支持者,上海墨舞科技有限公司,--,应用于文本生成场景，服务于企业端客户，根据用户输入的文本信息，生成符合用户需求的文本内容。,2024-6,generative ai,境内深度合成服务算法备案清单（2024年6月）.docx
芳踪AI风格写真深度合成算法,服务提供者,上海芳踪网络科技有限公司,芳踪AI写真(小程序),应用于图像生成场景，根据用户输入的多张人脸图像进行人脸建模，基于选定的风格模板和人脸模型，生成用户的个人风格写真图像。,2024-6,generative ai,境内深度合成服务算法备案清单（2024年6月）.docx
速创意AI算法,服务提供者,厦门速创意信息科技有限公司,速创意(APP)、速创意(小程序),应用于图像生成场景，根据用户输入的文本、图像，生成符合用户需求的图像内容。,2024-6,generative ai,境内深度合成服务算法备案清单（2024年6月）.docx
星环无涯预训练大模型算法,服务提供者,星环众志科技（北京）有限公司,无涯·问知(网站),应用于文本生成场景，根据用户输入的文本信息，生成符合用户需求的文本内容，主要用于金融领域。,2024-6,generative ai,境内深度合成服务算法备案清单（2024年6月）.docx
思谋图片智能生成算法,服务技术支持者,北京思谋智能科技有限公司,--,应用于图像生成场景，服务于企业端客户，根据用户输入的文本信息，生成符合用户需求的图像内容。,2024-6,generative ai,境内深度合成服务算法备案清单（2024年6月）.docx
光语慧言文生图合成算法,服务提供者,无限光年（上海）技术有限公司,光语慧言(小程序)、光语慧言(APP)、光语慧言(网站),应用于图像生成场景，根据用户输入的文本信息，生成符合用户需求的图像内容。,2024-6,generative ai,境内深度合成服务算法备案清单（2024年6月）.docx
星纪魅族智能客服合成算法,服务提供者,珠海星纪魅族信息技术有限公司,帮助和反馈(APP),应用于智能对话场景，根据用户输入的文本信息，生成符合用户需求的文本内容。,2024-6,generative ai,境内深度合成服务算法备案清单（2024年6月）.docx
张量矩阵文本信息合成算法,服务提供者,深圳市张量矩阵科技有限公司,COSAI(APP)、狐说英语(APP),应用于对话生成场景，根据用户输入的文本信息，生成符合用户需求的文本内容，主要用于提供虚拟角色扮演功能。,2024-6,generative ai,境内深度合成服务算法备案清单（2024年6月）.docx
智小律法律咨询算法,服务提供者,苏州百思特企业管理有限公司,智小律(小程序),应用于对话生成场景，根据用户输入的法律相关问题，生成法律咨询建议相关回复。,2024-6,generative ai,境内深度合成服务算法备案清单（2024年6月）.docx
135编辑器文本内容生成算法,服务提供者,提子科技（北京）有限公司,AI写作(网站)、AI文案(网站)、AI排版(网站),应用于文本生成场景，根据用户输入的问题或需求的文本描述，生成与输入相匹配的文本内容。,2024-6,generative ai,境内深度合成服务算法备案清单（2024年6月）.docx
ChatGript文本生成算法,服务技术支持者,海口穿杨网络科技有限公司,--,应用于智能对话场景，服务于企业端客户，根据用户输入的文本信息，生成符合用户需求的文本内容。,2024-6,generative ai,境内深度合成服务算法备案清单（2024年6月）.docx
ChatGript文本生成算法-2,服务提供者,海口穿杨网络科技有限公司,ChatGript(网站)、ChatGript(小程序)、ChatGript(APP),应用于智能对话场景，根据用户输入的文本信息，生成符合用户需求的文本内容。,2024-6,generative ai,境内深度合成服务算法备案清单（2024年6月）.docx
小星AI视频剪辑算法,服务提供者,星娱视界网络科技（天津）有限公司,惠窝(APP),用于视频生成场景，根据用户输入的视频和预设的母版模板，拼接和优化视频片段，生成符合要求的剪辑视频。,2024-6,generative ai,境内深度合成服务算法备案清单（2024年6月）.docx
漫咔叽图像生成合成算法,服务提供者,你好世界（上海）科技有限公司,漫咔叽(小程序),应用于图像生成场景，根据用户输入的头像照片，生成保留个人面部特征、涵盖各种姿势和各类风格的头像。,2024-6,generative ai,境内深度合成服务算法备案清单（2024年6月）.docx
绘蛙电商模特试装图像合成算法,服务提供者,杭州连凡信息技术有限公司,绘蛙(网站),应用于图像生成场景，根据用户上传的商品图片和模特图片，生成符合电商商品营销效果的模特试装效果图。,2024-6,generative ai,境内深度合成服务算法备案清单（2024年6月）.docx
数势云图片合成算法,服务提供者,北京数势云科技有限公司,数势云(小程序),应用于图像生成场景，通过图像预处理、特征提取、图像配准和融合等步骤，将两个或更多的图像合成为一个新的图像。,2024-6,generative ai,境内深度合成服务算法备案清单（2024年6月）.docx
EviMed大语言模型算法,服务提供者,灵犀量子（北京）医疗科技有限公司,有医得医(小程序)、药问答YWD(小程序)、EviMed(网站)、EviMed(APP),应用于对话生成场景，根据用户输入的问题文本，生成临床医学领域的回复文本。,2024-6,generative ai,境内深度合成服务算法备案清单（2024年6月）.docx
俊安一颜写真生成合成类AI绘图算法,服务提供者,广州俊安数字科技有限公司,一颜写真（Picsify）(APP),应用于图像生成场景，根据用户输入的图片，对图片进行风格转换，生成多种风格的写真图像。,2024-6,generative ai,境内深度合成服务算法备案清单（2024年6月）.docx
数联AI虚拟试衣算法,服务提供者,深圳数联天下智能科技有限公司,C-Life Virtual Vogue AI虚拟试衣(网站),应用于图像生成场景，根据用户输入的衣服平铺图和模特图像，生成模特试穿效果图，实现虚拟试穿功能。,2024-6,generative ai,境内深度合成服务算法备案清单（2024年6月）.docx
力维智联Chatwithdata算子流大模型生成算法,服务技术支持者,深圳力维智联技术有限公司,--,应用于智能对话场景，服务于企业端客户，根据用户输入的文本信息，生成符合用户需求的文本内容。,2024-6,generative ai,境内深度合成服务算法备案清单（2024年6月）.docx
领超图像生成算法,服务提供者,郑州领超科技有限公司,创意壁纸(APP),应用于图像生成场景，根据用户输入的文本、图像信息，生成符合用户需求的图像内容，实现文生图、图生图功能。,2024-6,generative ai,境内深度合成服务算法备案清单（2024年6月）.docx
可画图像生成算法-2,服务提供者,北京咖瓦信息技术有限公司,Canva可画(APP)、Canva可画(网站)、Canva可画(小程序),应用于图像生成场景，根据用户输入的文字或图片，生成符合用户意图的图像。,2024-6,generative ai,境内深度合成服务算法备案清单（2024年6月）.docx
ChatGript图片生成算法,服务技术支持者,海口穿杨网络科技有限公司,--,应用于图像生成场景，服务于企业端客户，根据用户输入的文本信息，生成符合用户需求的图像内容。,2024-6,generative ai,境内深度合成服务算法备案清单（2024年6月）.docx
北京笨笨学AI效果展示柜特效生成算法,服务提供者,北京笨笨学商贸中心（个体工商户）,轩的AI效果展示柜(小程序),应用于图像生成场景，根据用户输入的图片，生成该图片对应的素描图片。,2024-6,generative ai,境内深度合成服务算法备案清单（2024年6月）.docx
零与恒生成式对话算法,服务提供者,海南零与恒网络科技有限公司,万事通(APP)、点点穿书(APP),应用于文本生成场景，根据用户输入的文本，生成符合用户要求的文本内容。,2024-6,generative ai,境内深度合成服务算法备案清单（2024年6月）.docx
神农一号gpt算法-1,服务提供者,兰州中信展业信息科技有限公司,农技服务助手(小程序)、神农一号大模型(网站),应用于对话生成场景，根据用户输入的农业相关问题，生成农业相关领域的回答和解决方案。,2024-6,generative ai,境内深度合成服务算法备案清单（2024年6月）.docx
InsightGPT视频生成算法,服务提供者,广东创意热店互联网科技有限公司,InsightGPT(网站),应用于视频生成场景，根据用户输入的关键词，生成与提示词契合的视频。,2024-6,generative ai,境内深度合成服务算法备案清单（2024年6月）.docx
爱奇艺AI对话生成合成算法,服务提供者,北京爱奇艺科技有限公司,爱奇艺(APP),应用于对话生成场景，根据用户输入的文字，结合用户正在对话的影视剧角色背景，生成相应的文字聊天回复。,2024-6,generative ai,境内深度合成服务算法备案清单（2024年6月）.docx
智心图片生成算法,服务提供者,西安智心软件科技有限公司,闲普AI(APP)、闲普AI(小程序)、闲普AI(网站),应用于图像生成场景，根据用户输入的文本描述或上传的图片与所选风格，生成相应的新图像。,2024-6,generative ai,境内深度合成服务算法备案清单（2024年6月）.docx
意兔图像生成算法,服务提供者,上海逸智兔信息科技有限公司,意兔(APP),应用于图像生成场景，根据用户输入图像信息和选定的风格，生成符合用户需求的图像内容。,2024-6,generative ai,境内深度合成服务算法备案清单（2024年6月）.docx
摩米图形合成算法,服务提供者,长沙摩米智能科技有限公司,AI镜头(小程序),应用于图像生成场景，根据用户输入图像和文本信息，生成符合用户需求的图像内容。,2024-6,generative ai,境内深度合成服务算法备案清单（2024年6月）.docx
盘盘盛丽AI多模态合成算法-2,服务提供者,上海基钮钮数据科技有限公司,盘盘AI（h5）(网站),应用于文本、图像生成场景，根据用户输入图像和文本信息，生成符合用户需求的文本、图像内容。,2024-6,generative ai,境内深度合成服务算法备案清单（2024年6月）.docx
DragCrabGenGrapic图像生成算法,服务提供者,四川贝芙汀企业管理有限公司,DragCrab创意平台(网站),应用于图像生成场景，根据用户输入的文本、图像信息，生成符合用户需求的图像内容，实现文生图、图生图功能。,2024-6,generative ai,境内深度合成服务算法备案清单（2024年6月）.docx
索迈特AI文本生成算法-2,服务提供者,索迈特（上海）人工智能科技有限公司,索迈特AI助手(小程序)、索迈特AI(网站),应用于智能对话场景，根据用户输入的文本信息，生成符合用户需求的文本内容。,2024-6,generative ai,境内深度合成服务算法备案清单（2024年6月）.docx
月之暗面Moonshot语言模型算法-2,服务技术支持者,北京月之暗面科技有限公司,--,应用于文本生成场景，服务于企业端客户，根据用户输入的文本信息，生成符合用户需求的文本内容。,2024-6,generative ai,境内深度合成服务算法备案清单（2024年6月）.docx
萤石语音合成算法-1,服务提供者,杭州萤石软件有限公司,萤石AI图影工坊(小程序)、萤石云视频(APP)、萤石智能助眠枕(小程序)、晴小豆(APP)、萤石智家(APP)、萤石语音助手(小程序)、萤石派(APP)、萤石健康(APP),应用于语音合成场景，根据用户输入的文本信息，生成对应音频内容。,2024-6,generative ai,境内深度合成服务算法备案清单（2024年6月）.docx
七麦视觉合成算法,服务提供者,北京七麦科技股份有限公司,乐拍(APP),应用于图片、视频生成场景，根据用户上传的图片，提取图片特征与模板进行融合，生成新的图片或视频。,2024-6,generative ai,境内深度合成服务算法备案清单（2024年6月）.docx
天书AI智能助手算法,服务提供者,重庆律宸科技有限公司,天书AI(公众账号)、天书AI(网站),应用于对话生成场景，根据用户输入的文本指令，结合用户历史对话数据，生成符合用户指令要求的文本回复。,2024-6,generative ai,境内深度合成服务算法备案清单（2024年6月）.docx
元象AI绘图算法,服务提供者,深圳元象信息科技有限公司,大运数字文化旅游元宇宙(小程序)、咔嚓相机KACA(小程序),应用于图像生成场景，根据用户输入的文本或图像内容，生成照片、肖像图以及具有艺术感的风格化图像等。,2024-6,generative ai,境内深度合成服务算法备案清单（2024年6月）.docx
熊宝数字人算法,服务提供者,黄石市腾蛟网络信息科技有限公司,熊宝数字人(APP)、熊宝直播(APP)、熊宝直播(网站)、熊宝数字人(网站),应用于数字人生成场景，根据用户输入的文本和上传的图片或视频，生成数字人视频进行虚拟直播带货。,2024-6,generative ai,境内深度合成服务算法备案清单（2024年6月）.docx
琳宜凡对话生成算法,服务提供者,厦门琳宜凡网络科技有限公司,AI写作大神(APP),应用于对话生成场景，根据用户输入的文本内容，生成对应的文本回复。,2024-6,generative ai,境内深度合成服务算法备案清单（2024年6月）.docx
点亮艺术风格化图片生成算法,服务提供者,北京点亮灵感科技有限公司,美考(APP),应用于图像生成场景，根据用户上传的文本和图片数据，生成指定风格的创意图片。,2024-6,generative ai,境内深度合成服务算法备案清单（2024年6月）.docx
有道纵横棋院复盘文案生成算法,服务提供者,北京网易有道计算机系统有限公司,有道纵横棋院(APP),应用于文本生成场景，根据用户下棋棋谱，识别棋谱胜率走向，结合分析生成棋局解析描述文案。,2024-6,generative ai,境内深度合成服务算法备案清单（2024年6月）.docx
驰笙旅途随身听文本生成算法,服务提供者,北京驰笙科技有限公司,旅途随身听(小程序)、旅途随身听(APP),应用于文本生成场景，根据用户输入的旅游相关问题描述文本，生成与旅游景点、文化背景相关的文本答案。,2024-6,generative ai,境内深度合成服务算法备案清单（2024年6月）.docx
FerryChat生成式对话算法,服务提供者,上海心海舟楫健康科技有限公司,和OME聊聊(其他)、和OME聊聊(小程序),应用于对话生成场景，根据用户多轮对话信息以及实时输入的对话问题，生成符合用户对话意图的回复。,2024-6,generative ai,境内深度合成服务算法备案清单（2024年6月）.docx
听讯发型合成算法,服务技术支持者,西安听讯信息科技有限责任公司,--,应用于图像生成场景，服务于企业端客户，识别输入的图片中人脸、头发区域，对照片中头发进行重新绘制，生成和选择发型一致的新图像。,2024-6,generative ai,境内深度合成服务算法备案清单（2024年6月）.docx
医赋动态内容生成算法,服务提供者,医赋知识（北京）科技有限公司,Info X Med(APP),应用于文本生成场景，根据用户输入的文本信息，生成医药行业专业知识、文献智能解读服务等文本内容。,2024-6,generative ai,境内深度合成服务算法备案清单（2024年6月）.docx
尺颜智能客服算法,服务提供者,尺颜医美(北京)咨询有限公司,新氧极速版(APP)、新氧青春(APP),应用于智能对话场景，根据用户输入的文本信息，生成符合用户需求的文本内容。,2024-6,generative ai,境内深度合成服务算法备案清单（2024年6月）.docx
集光智能生成合成算法,服务提供者,福建织巢鸟网络科技有限公司,集光v(小程序),应用于图像、视频生成场景，根据用户输入的视频、图像、文字，生成文案文本和图像、视频。,2024-6,generative ai,境内深度合成服务算法备案清单（2024年6月）.docx
云蝠智能AI大模型对话算法,服务提供者,南京星蝠科技有限公司,云蝠 AI 智能外呼中心(网站),应用于智能对话场景，将用户输入的语音信息转换为文本内容，生成符合用户需求的文本回复，最后将文本内容转换为语音输出。,2024-6,generative ai,境内深度合成服务算法备案清单（2024年6月）.docx
汽车大师AutoMasterGPT对话生成算法,服务提供者,北京百车宝科技有限公司,汽车大师(APP)、汽车大师(小程序)、汽车大师（移动端M站）(网站)、汽车大师(公众账号),应用于智能对话场景，根据用户输入的文本信息，生成符合用户需求的文本回复，主要用于汽车领域。,2024-6,generative ai,境内深度合成服务算法备案清单（2024年6月）.docx
壹点天玑传媒大模型算法,服务提供者,山东齐鲁壹点传媒有限公司,齐鲁壹点(APP),应用于文本、图像生成场景，根据用户输入的文本内容，生成符合用户需求的文本、图像内容。,2024-6,generative ai,境内深度合成服务算法备案清单（2024年6月）.docx
驰笙旅途随身听语音生成算法,服务提供者,北京驰笙科技有限公司,旅途随身听(小程序)、旅途随身听(APP),应用于智能对话场景，将用户输入的语音信息转换为文本内容，生成符合用户需求的文本回复，最后将文本内容转换为语音输出。,2024-6,generative ai,境内深度合成服务算法备案清单（2024年6月）.docx
如意AI健康管理开放域自然对话算法,服务提供者,成都美佑医疗科技有限公司,如意AI健康管理开放域自然对话算法（RuYiChat）(小程序),应用于智能对话场景，根据用户输入的文本信息，生成符合用户需求的文本回复。,2024-6,generative ai,境内深度合成服务算法备案清单（2024年6月）.docx
索迈特AI文心算法,服务提供者,索迈特（上海）人工智能科技有限公司,索迈特AI助手(小程序)、索迈特AI(网站),应用于文本生成场景，根据用户输入的文本信息，生成符合用户需求的文本内容。,2024-6,generative ai,境内深度合成服务算法备案清单（2024年6月）.docx
B0B0扩散摸型视频图像生成算法,服务提供者,北京娱动未来科技有限公司,啵啵动漫(APP),应用于视频生成场景，根据用户输入的实景视频，生成动漫风格的视频。,2024-6,generative ai,境内深度合成服务算法备案清单（2024年6月）.docx
堆糖AI图像生成算法,服务提供者,堆糖信息科技（上海）有限公司,皮盒子AI(网站),应用于图像生成场景，根据用户输入的文本、图片和指令要求，生成相应的图像内容。,2024-6,generative ai,境内深度合成服务算法备案清单（2024年6月）.docx
有我内容合成智能算法,服务提供者,北京智卓凯科技有限公司,有我写作(APP)、有我AI(小程序)、有我写作(网站)、有我AI(网站)、有我写作(小程序)、有我(APP)、有我AI(APP),应用于对话生成场景，根据用户输入的文本描述，生成相应的文本回答。,2024-6,generative ai,境内深度合成服务算法备案清单（2024年6月）.docx
风之末元美生成算法,服务提供者,杭州风之末数字科技有限公司,元美名片(小程序),应用于3D模型生成场景，根据用户输入的文本或图像数据，生成符合用户需求的3D模型。,2024-6,generative ai,境内深度合成服务算法备案清单（2024年6月）.docx
WMAI深度合成算法,服务提供者,镇江微芒智软数据科技有限公司,微芒AI(网站),应用于文本生成场景，根据用户输入的主题或关键词，生成技术文本、报告、文章等文本内容。,2024-6,generative ai,境内深度合成服务算法备案清单（2024年6月）.docx
网旭文本生成合成算法,服务提供者,深圳市网旭科技有限公司,GitMind(APP)、轻闪PDF(APP)、思乎GitMind(网站)、轻闪PDF(网站),应用于文本生成场景，根据用户输入的文字或文档数据，生成符合用户需求的文本回复。,2024-6,generative ai,境内深度合成服务算法备案清单（2024年6月）.docx
言希大模型生成合成算法,服务技术支持者,广州言希人工智能技术有限公司,--,应用于文本、图像生成场景，服务于企业端客户，根据用户输入的文本描述，生成相应的文本或图像结果。,2024-6,generative ai,境内深度合成服务算法备案清单（2024年6月）.docx
货拉拉邀约和客服大模型算法-1,服务技术支持者,深圳货拉拉科技有限公司,--,应用于文本生成场景，服务于企业端客户，根据用户提出的货运领域相关的问题，自动生成回复的话术。,2024-6,generative ai,境内深度合成服务算法备案清单（2024年6月）.docx
蜀天AI智能生成算法,服务提供者,四川蜀天信息技术有限公司,STMP技术平台(网站)、蜀天潘宝AI助手(小程序)、蜀天数字博物馆(网站)、蜀天潘宝AI助手(网站),应用于对话生成场景，根据用户输入的文本、图像、音频数据，生成符合用户需求的文本、图片内容。,2024-6,generative ai,境内深度合成服务算法备案清单（2024年6月）.docx
无界AI多模态生成算法-1,服务技术支持者,杭州超节点信息科技有限公司,--,应用于图片视频生成场景，服务于企业端客户，根据用户输入的文本、图片信息，生成相应的图片、视频。,2024-6,generative ai,境内深度合成服务算法备案清单（2024年6月）.docx
孚遥科技数据决策算法,服务提供者,湖南孚遥科技发展有限公司,孚遥智慧城市管理问答机器人(网站),应用于文本生成场景，根据用户输入的文本信息，通过对城市运行的各类数据进行实时分析和预测，生成符合用户需求的文本内容。,2024-6,generative ai,境内深度合成服务算法备案清单（2024年6月）.docx
WiNGPT卫宁健康科技集团股份有限公司文本合成算法-1,服务技术支持者,卫宁健康科技集团股份有限公司,--,应用于文本生成场景，服务于企业端客户，根据用户输入的文本信息，生成符合用户需求的文本内容，主要用于医疗领域。,2024-6,generative ai,境内深度合成服务算法备案清单（2024年6月）.docx
时空爱豆文本生成聊天算法,服务提供者,重庆衡声网络有限公司,时空爱豆(APP),应用于智能对话场景，根据用户输入的文本信息，生成符合用户需求的文本回复。,2024-6,generative ai,境内深度合成服务算法备案清单（2024年6月）.docx
言希大模型生成合成算法-1,服务提供者,广州言希人工智能技术有限公司,言希(网站)、言希(APP),应用于文本、图像生成场景，根据用户输入的文本内容，生成符合用户需求的文本、图像内容。,2024-6,generative ai,境内深度合成服务算法备案清单（2024年6月）.docx
论论文本信息合成算法,服务提供者,海南论论科学技术有限公司,论论(APP),应用于文本生成场景，根据用户输入的文本信息，生成符合用户需求的文本内容。,2024-6,generative ai,境内深度合成服务算法备案清单（2024年6月）.docx
EconGPT经济大模型生成合成算法,服务提供者,智慧足迹数据科技有限公司,Econ-GPT(网站),应用于文本生成场景，根据用户输入的文本信息，生成符合用户需求的文本内容，主要用于经济领域。,2024-6,generative ai,境内深度合成服务算法备案清单（2024年6月）.docx
YYAI绘画算法,服务技术支持者,广州方硅信息技术有限公司,--,应用于图像生成场景，服务于企业端客户，根据用户输入的文本，生成符合用户需求的图像内容。,2024-6,generative ai,境内深度合成服务算法备案清单（2024年6月）.docx
太行AI大模型算法,服务提供者,北京太行星系科技有限公司,太行AI(网站),应用于文本、图像生成场景，根据用户输入的文本内容，生成符合用户需求的文本、图像内容。,2024-6,generative ai,境内深度合成服务算法备案清单（2024年6月）.docx
汽修宝智能客服合成算法,服务提供者,广州前实网络科技有限公司,汽修宝(APP),应用于智能对话场景，根据用户输入的文本信息，生成符合用户需求的文本回复，主要用于汽车维修领域。,2024-6,generative ai,境内深度合成服务算法备案清单（2024年6月）.docx
灵之宇语音驱动唇形算法,服务提供者,上海灵之宇技术有限公司,飞影数字人(小程序)、飞影AI直播(网站)、飞影数字人(网站),应用于数字人视频生成场景，根据用户输入的语音及人像视频，生成人物嘴部动作与音频内容同步的视频。,2024-6,generative ai,境内深度合成服务算法备案清单（2024年6月）.docx
赫力昂AI营养助手检索增强生成合成算法,服务提供者,赫力昂（中国）有限公司,AI营养助手(其他),应用于智能对话场景，根据用户输入的文本信息，生成符合用户需求的文本回复，主要用于健康领域。,2024-6,generative ai,境内深度合成服务算法备案清单（2024年6月）.docx
有道数字人算法,服务提供者,网易有道信息技术（北京）有限公司,有道数字人(APP)、Hi Echo(APP)、有道数字人(小程序)、网易云课堂(APP)、有道数字人(网站),应用于数字人视频生成场景，根据用户传入的一段说话视频文件，对形象与声音进行定制；定制完成后可以根据用户输入的文字，生成嘴型同步且声音还原的数字人视频。,2024-6,generative ai,境内深度合成服务算法备案清单（2024年6月）.docx
极仔智能问答大模型算法,服务提供者,深圳极限智能信息技术有限公司,极仔(APP),应用于智能对话场景，根据用户输入的文本信息，生成符合用户需求的文本回复。,2024-6,generative ai,境内深度合成服务算法备案清单（2024年6月）.docx
富问法律大模型算法,服务提供者,上海富问信息科技有限公司,富问AI法律家(网站),应用于智能对话场景，根据用户输入的文本信息，生成符合用户需求的文本回复，主要用于法律领域。,2024-6,generative ai,境内深度合成服务算法备案清单（2024年6月）.docx
有容图像生成算法-1,服务提供者,陕西有容软件技术有限公司,头像创意馆(小程序),应用于图像生成场景，根据用户输入的文本，生成符合用户需求的图像内容。,2024-6,generative ai,境内深度合成服务算法备案清单（2024年6月）.docx
51数字人合成算法,服务提供者,上海酩祎网络科技有限公司,51数字人(小程序),应用于图像、视频生成场景，根据用户上传的照片，结合预设的照片或视频模板，生成用户外貌特征与指定模板融合的照片或视频。,2024-6,generative ai,境内深度合成服务算法备案清单（2024年6月）.docx
光语文生图合成算法,服务提供者,上海光启慧语技术有限公司,晓象(小程序)、咖杞(公众账号)、咖杞(APP)、晓象(APP)、咖杞(小程序),应用于图像生成场景，根据用户输入的文本，生成符合用户需求的图像内容。,2024-6,generative ai,境内深度合成服务算法备案清单（2024年6月）.docx
千幻AI视频合成算法-1,服务提供者,成都千幻科技有限公司,哄哄模拟气(小程序),应用于视频生成场景，根据用户输入的文本、图像、视频，生成符合用户需求的视频内容。,2024-6,generative ai,境内深度合成服务算法备案清单（2024年6月）.docx
美耶生成算法,服务提供者,上海锚匠网络科技有限公司,美耶相机(小程序),应用于图像生成场景，根据用户上传的照片，生成符合用户要求的AI写真。,2024-6,generative ai,境内深度合成服务算法备案清单（2024年6月）.docx
呆马商贸出海视频翻译算法-2,服务技术支持者,临沂呆马区块链网络科技有限公司,--,应用于视频生成场景，服务于企业端客户，将原始视频中的语音翻译成别国语音，生成带有别国语言字幕、语音的新视频。,2024-6,generative ai,境内深度合成服务算法备案清单（2024年6月）.docx
灵思智脑数字人生成算法,服务提供者,福建灵思极智科技有限公司,灵思智脑(小程序)、数智伴侣(小程序),应用于数字人生成场景，根据用户输入的图片、视频、文本等原始数据，生成虚拟数字人视频用于直播带货和营销。,2024-6,generative ai,境内深度合成服务算法备案清单（2024年6月）.docx
易职邦自然语言生成算法,服务提供者,江西易职邦网络科技有限公司,全能AI写作(小程序),应用于文本生成场景，根据用户输入的文本，生成文章、报告、邮件等文本内容。,2024-6,generative ai,境内深度合成服务算法备案清单（2024年6月）.docx
现实边际图像美化算法,服务提供者,深圳市现实边际信息科技有限公司,现实图像创作(小程序),应用于图像视频生成场景，根据用户上传的图片和需求，对图像进行美化处理和调整。,2024-6,generative ai,境内深度合成服务算法备案清单（2024年6月）.docx
蜜巢文生图内容生成算法,服务提供者,上海蜜度蜜巢智能科技有限公司,蜜小豆(小程序)、蜜小豆(网站)、AI绘画(其他),应用于图像生成场景，根据用户输入的文本或图像，生成相应的图像内容。,2024-6,generative ai,境内深度合成服务算法备案清单（2024年6月）.docx
思行语言精灵对话生成合成算法,服务提供者,武汉思行教育科技有限公司,口语精灵(APP),应用于对话生成场景，根据用户输入的语音内容，生成英文口语对话内容的语音回复。,2024-6,generative ai,境内深度合成服务算法备案清单（2024年6月）.docx
尺颜魔镜助理算法,服务提供者,尺颜医美(北京)咨询有限公司,新氧极速版(APP),应用于对话生成场景，根据用户输入的医美类报告文本内容及用户提问信息，生成面部检测结论解读、医美方案科普、美学知识答疑等回复文本。,2024-6,generative ai,境内深度合成服务算法备案清单（2024年6月）.docx
海信智能交互大模型算法,服务提供者,海信视像科技股份有限公司,海信爱家(APP)、海信智能语音助手应用(其他),应用于对话生成场景，根据用户输入的文本和语音指令，生成符合用户意图的答复或执行相应动作。,2024-6,generative ai,境内深度合成服务算法备案清单（2024年6月）.docx
奇橘AI魔盒图片合成算法,服务提供者,杭州奇橘文化传媒有限公司,魔盒AI换图(小程序),应用于图像生成场景，根据商家提供的图片和不同背景风格的模特图片，生成符合商家需求的图片。,2024-6,generative ai,境内深度合成服务算法备案清单（2024年6月）.docx
天朝人脸融合算法,服务提供者,秦皇岛天朝计算机科技有限公司,美颜秀(小程序)、尊享图库(小程序),应用于图像、视频生成场景，根据用户上传的照片，与模板中特定人脸进行面部融合，生成融合后的人脸图像、视频。,2024-6,generative ai,境内深度合成服务算法备案清单（2024年6月）.docx
稿定AI图像合成服务技术算法,服务技术支持者,稿定（厦门）科技有限公司,--,应用于图像生成场景，服务于企业端客户，根据用户输入的文本描述和所选风格，生成符合文本描述、满足视觉设计所需的图像。,2024-6,generative ai,境内深度合成服务算法备案清单（2024年6月）.docx
草图里AI图像生成算法,服务提供者,草图里（广州）科技有限公司,草图里(网站),应用于图像生成场景，根据用户输入的风格偏好、空间图片、空间需求和功能要求等，生成建筑和室内设计领域的方案效果图。,2024-6,generative ai,境内深度合成服务算法备案清单（2024年6月）.docx
白小喵AI咨询生成合成算法,服务提供者,深圳光启计算科技有限公司,叮当(APP)、白小喵(APP)、白小喵AI(网站),应用于对话生成场景，根据用户输入的问题文本，生成相应的回复文本和音频。,2024-6,generative ai,境内深度合成服务算法备案清单（2024年6月）.docx
AirchiDesign图像生成算法,服务提供者,艾哎集瑟科技（上海）有限责任公司,AirchiDesign(网站),应用于图像生成场景，根据用户输入的设计需求或参数，生成符合要求的建筑设计图像。,2024-6,generative ai,境内深度合成服务算法备案清单（2024年6月）.docx
AI口语提升宝生成合成类算法,服务提供者,吉安市橙啦创业职业技能培训学校有限公司,AI口语提升宝(小程序),应用于对话生成场景，根据用户输入的英语文本或语音，生成对应的英语文本或音频回复。,2024-6,generative ai,境内深度合成服务算法备案清单（2024年6月）.docx
神图AI图像生成算法,服务提供者,徐州友朋网络科技有限公司,神图AI(APP)、神图AI(网站)、神图AI(小程序),应用于图像生成场景，根据用户上传的图片和文字描述，生成与描述和选定风格相匹配的新图像。,2024-6,generative ai,境内深度合成服务算法备案清单（2024年6月）.docx
辰来图像生成算法,服务提供者,郑州辰来科技有限公司,墨染(APP),应用于图像生成场景，根据用户上传的图片和文字描述，生成具有艺术性和创意性的新图像。,2024-6,generative ai,境内深度合成服务算法备案清单（2024年6月）.docx
灵聚SmartBrain文本生成算法,服务技术支持者,广州灵聚信息科技有限公司,--,应用于文本生成场景，服务于企业端客户，根据用户输入的文本，结合上下文生成相应的文字回复内容。,2024-6,generative ai,境内深度合成服务算法备案清单（2024年6月）.docx
真景影像合成算法,服务技术支持者,厦门真景科技有限公司,--,应用于图像生成场景，服务于企业端客户，根据用户输入的图像等信息，生成符合用户需求的图像内容。,2024-6,generative ai,境内深度合成服务算法备案清单（2024年6月）.docx
声入人心语音合成算法-2,服务技术支持者,成都声入人心网络科技有限公司,--,应用于语音生成场景，服务于企业端客户，根据用户输入的文本和所选算法模型中的声音，生成相应的语音。,2024-6,generative ai,境内深度合成服务算法备案清单（2024年6月）.docx
同花顺文本生成算法-2,服务技术支持者,杭州同花顺数据开发有限公司,--,应用于对话生成场景，服务于企业端客户，根据用户输入的文本，生成金融证券投资领域的文本。,2024-6,generative ai,境内深度合成服务算法备案清单（2024年6月）.docx
成都快火深度合成大模型算法,服务技术支持者,成都快火科技有限公司,--,应用于文本、音频生成场景，服务于企业端客户，根据用户输入的文本，生成具有语义和逻辑连贯性的文本内容或音频。,2024-6,generative ai,境内深度合成服务算法备案清单（2024年6月）.docx
宛在音容复刻AI算法,服务提供者,武汉市更好创新科技有限公司,宛在(APP)、宛在(小程序),应用于文本、语音生成场景，根据用户输入的信件文本和指定人物音频样本，生成相应的回信和与指定人声音特征一致的语音。,2024-6,generative ai,境内深度合成服务算法备案清单（2024年6月）.docx
点一几外脑AI社会化生成算法,服务技术支持者,深圳点一几科技有限责任公司,--,应用于文本、语音生成场景，服务于企业端客户，根据用户输入的文本、图像、音频等内容，生成符合用户需求的文本回复，或将文本回复转换为语音输出。,2024-6,generative ai,境内深度合成服务算法备案清单（2024年6月）.docx
万语大模型算法,服务技术支持者,北京鹰瞳科技发展股份有限公司,--,应用于文本生成场景，服务于企业端客户，根据用户输入的文本信息，生成符合用户需求的文本内容，主要用于医学领域。,2024-6,generative ai,境内深度合成服务算法备案清单（2024年6月）.docx
金月科技话知音生成合成类算法,服务提供者,金月科技有限公司,AI兔平台(网站),应用于文本生成场景，根据用户输入的文本信息，生成符合用户需求的文本内容。,2024-6,generative ai,境内深度合成服务算法备案清单（2024年6月）.docx
柠檬文本生成算法,服务提供者,北京柠檬极限科技有限公司,Limi Studio(网站),应用于文本生成场景，根据用户输入的文本信息，生成符合用户需求的文本内容。,2024-6,generative ai,境内深度合成服务算法备案清单（2024年6月）.docx
利欧数字广告创意图像生成合成算法,服务提供者,利欧集团数字科技有限公司,leo-aiad(网站),应用于图像生成场景，根据用户输入的图像和提示词文本，生成符合用户需求的图像内容。,2024-6,generative ai,境内深度合成服务算法备案清单（2024年6月）.docx
DATASKY大模型AI内容生成算法,服务技术支持者,成都数据天空科技有限公司,--,应用于文本、图像生成场景，服务于企业端客户，根据用户输入的文本内容，生成符合用户需求的文本、图像内容。,2024-6,generative ai,境内深度合成服务算法备案清单（2024年6月）.docx
比格AI绘画生成算法,服务提供者,成都刻尚科技有限公司,比格设计(网站),应用于图像生成场景，根据用户输入的文本，生成符合用户需求的图像内容。,2024-6,generative ai,境内深度合成服务算法备案清单（2024年6月）.docx
肯德基MenuX生成合成算法,服务提供者,环胜电子商务（上海）有限公司,肯德基(APP),应用于文本、图像生成场景，根据用户输入的文本内容，生成符合用户需求的文本、图像内容。,2024-6,generative ai,境内深度合成服务算法备案清单（2024年6月）.docx
智御内容生成模型算法,服务提供者,中国信息通信研究院,全国APP技术检测平台（APP公共服务系统）智御助手(网站),应用于文本生成场景，根据用户输入的文本信息，生成符合用户需求的文本内容。,2024-6,generative ai,境内深度合成服务算法备案清单（2024年6月）.docx
索贝明眸大模型算法,服务技术支持者,成都索贝数码科技股份有限公司,--,应用于文本生成场景，服务于企业端客户，根据用户输入的文本信息，生成符合用户需求的文本内容。,2024-6,generative ai,境内深度合成服务算法备案清单（2024年6月）.docx
千幻语音生成算法,服务提供者,成都千幻科技有限公司,哄哄模拟气(小程序),应用于语音生成场景，根据用户输入的语音信息，生成符合用户需求的文本内容，转换为语音进行输出。,2024-6,generative ai,境内深度合成服务算法备案清单（2024年6月）.docx
新氧智能对话算法,服务提供者,北京新氧科技有限公司,新氧医美(APP),应用于智能对话场景，根据用户输入的文本信息，生成符合用户需求的文本回复。,2024-6,generative ai,境内深度合成服务算法备案清单（2024年6月）.docx
即构视频生成与合成算法,服务提供者,深圳市即构科技有限公司,即构数智人创作平台(网站),应用于数字人视频生成场景，根据用户提供的视频、图像生成虚拟形象，根据用户输入的文本信息，生成数字人形象的视频。,2024-6,generative ai,境内深度合成服务算法备案清单（2024年6月）.docx
即构音频合成算法,服务提供者,深圳市即构科技有限公司,即构数智人创作平台(网站),应用于语音合成场景，根据用户输入的文本信息，结合给定的情绪、语速、性别等描述性信息，生成对应的音频内容。,2024-6,generative ai,境内深度合成服务算法备案清单（2024年6月）.docx
即构语音克隆算法,服务提供者,深圳市即构科技有限公司,即构数智人创作平台(网站),应用于语音合成场景，根据用户输入的音频及选定的声音风格，生成对应音频内容。,2024-6,generative ai,境内深度合成服务算法备案清单（2024年6月）.docx
手法AI大模型算法,服务技术支持者,汇成网络科技（福建）有限公司,--,应用于文本生成场景，服务于企业端客户，根据用户输入的文本信息，生成符合用户需求的文本内容。,2024-6,generative ai,境内深度合成服务算法备案清单（2024年6月）.docx
航旅大模型深度合成算法,服务技术支持者,广州民航信息技术有限公司,--,应用于文本生成场景，服务于企业端客户，根据用户输入的文本信息，生成符合用户需求的文本内容。,2024-6,generative ai,境内深度合成服务算法备案清单（2024年6月）.docx
邻商科技文生图算法,服务技术支持者,杭州邻商网络科技股份有限公司,--,应用于图像生成场景，服务于企业端客户，根据用户输入的文本和图像信息，生成符合用户需求的图像内容。,2024-6,generative ai,境内深度合成服务算法备案清单（2024年6月）.docx
ChatGript视频生成算法,服务技术支持者,海口穿杨网络科技有限公司,--,应用于视频生成场景，服务于企业端客户，根据用户输入的文本数据，生成符合用户需求的视频内容。,2024-6,generative ai,境内深度合成服务算法备案清单（2024年6月）.docx
ChatGript视频生成算法-2,服务提供者,海口穿杨网络科技有限公司,ChatGript(网站)、ChatGript(小程序)、ChatGript(APP),应用于视频生成场景，根据用户输入的文本数据，生成符合用户需求的视频内容。,2024-6,generative ai,境内深度合成服务算法备案清单（2024年6月）.docx
ChatGript图片生成算法-2,服务提供者,海口穿杨网络科技有限公司,ChatGript(网站)、ChatGript(小程序)、ChatGript(APP),应用于图像生成场景，根据用户输入的文本数据，生成符合用户需求的图像内容。,2024-6,generative ai,境内深度合成服务算法备案清单（2024年6月）.docx
元典问达法律信息生成算法,服务提供者,北京华宇元典信息服务有限公司,元典问达(网站),应用于文本生成场景，根据用户输入的文本信息，生成符合用户需求的文本内容，主要用于法律领域。,2024-6,generative ai,境内深度合成服务算法备案清单（2024年6月）.docx
祺云AI换脸生成算法,服务提供者,合肥祺云网络科技有限公司,换脸Faceswap(小程序)、大象ai相机(小程序)、换脸侠(小程序),应用于人脸图像生成场景，将用户上传的照片与特定模板进行面部融合，生成融合后的人脸图像。,2024-6,generative ai,境内深度合成服务算法备案清单（2024年6月）.docx
天禧图片生成算法,服务提供者,联想（北京）有限公司,联想小天(APP)、创作助手(APP)、联想(APP)、联想官网(网站)、Creator Zone（AI画师）(APP)、联想应用商店(APP)、Smart Note(APP)、联想(小程序),联想小天(APP)、创作助手(APP)、联想(APP)、联想官网(网站)、Creator Zone（AI画师）(APP)、联想应用商店(APP)、Smart Note(APP)、联想(小程序),2024-6,generative ai,境内深度合成服务算法备案清单（2024年6月）.docx
天禧AI会议生成算法,服务提供者,联想（北京）有限公司,联想智会(APP)、联想小天（商用版）(APP)、联想会记(APP),联想智会(APP)、联想小天（商用版）(APP)、联想会记(APP),2024-6,generative ai,境内深度合成服务算法备案清单（2024年6月）.docx
魔法AI图像视频生成算法,服务提供者,贵州一枝梅信息科技有限公司,魔法画师(小程序),应用于图像、视频生成场景，根据用户输入的文本信息，生成特定风格的图像和视频。,2024-6,generative ai,境内深度合成服务算法备案清单（2024年6月）.docx
无他相机人脸美颜算法,服务提供者,上海本趣网络科技有限公司,无他相机(APP),应用于图像编辑场景，根据用户输入的人脸照片，对人脸区域进行美颜处理。,2024-6,generative ai,境内深度合成服务算法备案清单（2024年6月）.docx
蜜源智能导购助手大模型算法,服务提供者,蜜源（广州）新媒体科技有限公司,蜜源(APP),应用于文本生成场景，根据用户输入的文本内容，生成符合用户需求的商品信息及个性化的购买建议。,2024-6,generative ai,境内深度合成服务算法备案清单（2024年6月）.docx
妙音国学多模态合成算法,服务提供者,北京妙音数科股份有限公司,妙音国学(APP),应用于对话生成场景，根据用户输入的关于国学经典、历史事件等相关的问题，生成相关的国学知识信息，对用户的问题作出详细解答以及知识推荐。,2024-6,generative ai,境内深度合成服务算法备案清单（2024年6月）.docx
DeepSeekChat求索对话生成算法,服务提供者,杭州深度求索人工智能基础技术研究有限公司,DeepSeek(网站),应用于文本生成场景，根据用户输入的文本信息，生成符合用户需求的文本内容。,2024-6,generative ai,境内深度合成服务算法备案清单（2024年6月）.docx
智能合同关键信息提取与摘要生成算法,服务技术支持者,杭州天谷信息科技有限公司,--,应用于文本生成场景，服务于企业端客户，根据用户输入的合同文本，输出用户指定的合同信息和摘要总结。,2024-6,generative ai,境内深度合成服务算法备案清单（2024年6月）.docx
邮储银行智能AI定制卡文生图大模型算法,服务提供者,中国邮政储蓄银行股份有限公司,智能AI定制卡面借记卡(其他),应用于图像生成场景，根据用户输入的文本，生成符合文本描述的图像，供用户选择作为银行卡的卡面图像。,2024-6,generative ai,境内深度合成服务算法备案清单（2024年6月）.docx
乐图生成算法,服务提供者,河北乐桐科技有限公司,乐图生成器(小程序)、快手乐图生成器(小程序)、百度乐图生成器(小程序)、抖音乐图生成器(小程序),应用于图像生成场景，根据用户输入的文本、图片和选择的模板内容，生成图片供用户下载。,2024-6,generative ai,境内深度合成服务算法备案清单（2024年6月）.docx
研律人脸融合生成算法,服务提供者,合肥研律网络科技有限公司,视频换脸秀(APP)、视频换脸(APP)、视频换脸秀秀(APP),应用于图像、视频生成场景，根据用户上传的源图像和目标图像，融合两者面部特征，生成融合后的人脸图像或视频。,2024-6,generative ai,境内深度合成服务算法备案清单（2024年6月）.docx
元石大模型语言生成算法,服务提供者,北京元石科技有限公司,问小白(APP),应用于对话生成场景，根据用户输入的文本内容，生成相应的文本回答。,2024-6,generative ai,境内深度合成服务算法备案清单（2024年6月）.docx
萤石图像视觉算法,服务提供者,杭州萤石软件有限公司,萤石AI图影工坊(小程序)、萤石云视频(APP),应用于图像生成场景，根据用户输入的文本和图像，生成满足需求的图像。,2024-6,generative ai,境内深度合成服务算法备案清单（2024年6月）.docx
灵镜科技生成合成类FaceMask3D算法-1,服务提供者,灵镜玉虚智能科技（上海）有限公司,灵镜科技AI创作平台(网站),应用于视频生成场景，根据用户上传的原始音频文件和人脸图像，生成音频与三维动画同步的视频。,2024-6,generative ai,境内深度合成服务算法备案清单（2024年6月）.docx
千图AI图像生成算法,服务技术支持者,上海品图网络科技有限公司,--,应用于图像生成场景，服务于企业端客户，根据用户输入的文本，生成符合用户文字描述的创意图片。,2024-6,generative ai,境内深度合成服务算法备案清单（2024年6月）.docx
云舶小K电商图生成算法,服务提供者,北京云舶在线科技有限公司,小K电商图(网站),应用于图像生成场景，根据用户输入的图片，生成模特试穿效果图，实现虚拟试穿功能。,2024-6,generative ai,境内深度合成服务算法备案清单（2024年6月）.docx
同花顺文本生成算法-1,服务提供者,杭州同花顺数据开发有限公司,飞研智能投研系统(网站)、iFinD金融数据终端(其他),应用于文本生成场景，根据用户输入的文本信息，生成符合用户需求的文本内容。,2024-6,generative ai,境内深度合成服务算法备案清单（2024年6月）.docx
大觥内容生成算法,服务技术支持者,北京大觥科技有限公司,--,应用于图像生成场景，服务于企业端客户，根据用户输入的文本或图像，生成符合文本描述的图像。,2024-6,generative ai,境内深度合成服务算法备案清单（2024年6月）.docx
微摩比文本生成算法,服务提供者,重庆微摩比科技有限公司,AI智能写手(APP),应用于文本生成场景，根据用户输入的文字指令，生成对应的报告、作文、创作脚本、翻译文字等文本内容。,2024-6,generative ai,境内深度合成服务算法备案清单（2024年6月）.docx
九天谛听居家自然语言交互算法,服务提供者,中移（杭州）信息技术有限公司,小移管家(APP),应用于文本生成场景，根据用户输入的文本信息，生成符合用户需求的文本内容。,2024-6,generative ai,境内深度合成服务算法备案清单（2024年6月）.docx
GeoGPT地学大语言模型算法,服务提供者,之江实验室,GeoGPT(网站),应用于文本生成场景，根据用户输入的文本信息，生成符合用户需求的文本内容。,2024-6,generative ai,境内深度合成服务算法备案清单（2024年6月）.docx
犇月律猫智能对话算法,服务提供者,厦门犇月科技有限公司,律猫(小程序),应用于文本生成场景，根据用户输入的文本信息，生成符合用户需求的文本内容。,2024-6,generative ai,境内深度合成服务算法备案清单（2024年6月）.docx
环球网校ATSGPT智能教辅算法,服务提供者,北京环球创智软件有限公司,环球网校(网站)、环球网校快题库(APP),应用于智能对话场景，根据用户输入的文本信息，生成符合用户需求的文本内容。,2024-6,generative ai,境内深度合成服务算法备案清单（2024年6月）.docx
派生万物传播大模型算法,服务提供者,上海派生万物智能科技有限公司,澎湃新闻(APP),应用于文本生成场景，根据用户输入的文本信息，生成符合用户需求的文本内容。,2024-6,generative ai,境内深度合成服务算法备案清单（2024年6月）.docx
星罗生成合成算法,服务提供者,厦门星罗网络科技有限公司,简拍(APP)、简拍(小程序)、魔力相册(小程序),应用于图片生成场景，根据用户输入的图片信息，生成符合用户需求的图片内容。,2024-6,generative ai,境内深度合成服务算法备案清单（2024年6月）.docx
帧臻电商评论文本生成算法,服务技术支持者,厦门云帧析科技有限公司,--,应用于文本生成场景，服务于企业端客户，根据输入的电商商品描述信息、现有的评论内容及商家的商业化需求等标签，生成符合商家预期的商品评论。,2024-6,generative ai,境内深度合成服务算法备案清单（2024年6月）.docx
AI来记文本生成算法,服务提供者,广州呃唉帮帮网络科技有限公司,AI来记(APP)、AI来记(网站)、AI来记(小程序),应用于文本生成场景，根据用户输入的文本信息，生成符合用户需求的文本内容。,2024-6,generative ai,境内深度合成服务算法备案清单（2024年6月）.docx
珍珠内容生成算法,服务提供者,南京贝湾信息科技有限公司,扇贝编程(网站)、扇贝编程(APP)、扇贝听力口语(APP)、扇贝阅读(APP)、扇贝单词英语版(APP),应用于文本、音频生成场景，根据用户输入的文本、音频，生成符合用户需求的文本、音频。,2024-6,generative ai,境内深度合成服务算法备案清单（2024年6月）.docx
云电脑自然语言交互生成算法,服务提供者,中移（杭州）信息技术有限公司,云电脑(APP),应用于文本、图像、音频生成场景，根据用户输入的文本、音频、图像，生成符合客户意图的文本、音频、图像。,2024-6,generative ai,境内深度合成服务算法备案清单（2024年6月）.docx
星锐网讯文生文算法,服务技术支持者,杭州星锐网讯科技有限公司,--,应用于文本生成场景，服务于企业端客户，根据输入的文本内容，生成回复文本。,2024-6,generative ai,境内深度合成服务算法备案清单（2024年6月）.docx
灵犀深智直播文案智能生成算法,服务提供者,北京灵犀深智科技有限公司,秒播(APP),应用于文本生成场景，根据用户输入的商品文本信息，生成商品介绍文案。,2024-6,generative ai,境内深度合成服务算法备案清单（2024年6月）.docx
灵犀深智互动智能生成算法,服务提供者,北京灵犀深智科技有限公司,秒播(APP),应用于文本生成场景，根据用户输入的文本信息，生成符合用户需求的文本内容。,2024-6,generative ai,境内深度合成服务算法备案清单（2024年6月）.docx
利欧数字广告创意图像生成合成服务算法,服务技术支持者,利欧集团数字科技有限公司,--,应用于图像生成场景，服务于企业端客户，根据输入的文本信息，生成符合文本描述的图像。,2024-6,generative ai,境内深度合成服务算法备案清单（2024年6月）.docx
达摩院人物舞蹈视频合成算法,服务技术支持者,阿里巴巴达摩院(杭州)科技有限公司,--,应用于视频生成场景，服务于企业端客户，根据用户输入的人物参考图和所选的预设姿态序列，生成指定姿态序列下的人物舞蹈视频。,2024-6,generative ai,境内深度合成服务算法备案清单（2024年6月）.docx
蔚领数字人面部表情预测算法,服务技术支持者,上海蒿蔚科技有限公司,--,应用于数字人合成场景，服务于企业端客户，根据用户输入的文本、音频、信息，合成3D数字人动画视频。,2024-6,generative ai,境内深度合成服务算法备案清单（2024年6月）.docx
云创BrainNet生成式算法,服务提供者,南京云创大数据科技股份有限公司,AI智能机器人(网站),应用于文本、图像、音频、视频生成场景，根据用户输入的文本，生成符合用户需求的文本、音频、图像、视频。,2024-6,generative ai,境内深度合成服务算法备案清单（2024年6月）.docx
易优缘文生生成算法,服务提供者,深圳市易优缘科技有限公司,虚拟恋人(APP),应用于文本生成场景，根据用户输入的文本信息，生成符合用户需求的文本内容。,2024-6,generative ai,境内深度合成服务算法备案清单（2024年6月）.docx
VideoX图生视频算法,服务技术支持者,南京智子引擎信息科技有限公司,--,应用于视频生成场景，服务于企业端客户，根据输入的静态图片，生成动态表情包、动态壁纸、动态写真等视频。,2024-6,generative ai,境内深度合成服务算法备案清单（2024年6月）.docx
达摩院人物地点合成算法,服务技术支持者,阿里巴巴达摩院(杭州)科技有限公司,--,应用于图像生成场景，服务于企业端客户，根据用户上传的个人照片和选定的地点照片，生成在特定地点的“打卡”照片。,2024-6,generative ai,境内深度合成服务算法备案清单（2024年6月）.docx
WindAlice文本生成算法,服务提供者,万得信息技术股份有限公司,Wind金融终端(APP),应用于文本生成场景，根据用户输入的问题文本，生成符合用户需求的文本内容。,2024-6,generative ai,境内深度合成服务算法备案清单（2024年6月）.docx
ChatApe文本生成算法,服务提供者,北京矩猿科技有限公司,ChatApe-AI智能助理(网站)、矩猿AI助手(小程序),应用于文本生成场景，根据用户输入的文本信息，生成符合用户需求的文本内容。,2024-6,generative ai,境内深度合成服务算法备案清单（2024年6月）.docx
云医GPT文本生成算法,服务提供者,广州互云医院管理有限公司,云医GPT(网站),应用于文本生成场景，根据用户输入的文本信息，生成符合用户需求的文本内容。,2024-6,generative ai,境内深度合成服务算法备案清单（2024年6月）.docx
慧能GPT智能导诊生成算法,服务提供者,创业慧康科技股份有限公司,慧能GPT(网站),应用于文本生成场景，根据用户输入的关键词或短文，生成符合语法和语义规则的文本内容。,2024-6,generative ai,境内深度合成服务算法备案清单（2024年6月）.docx
熊宝自然语言处理算法,服务提供者,黄石市腾蛟网络信息科技有限公司,熊宝(APP)、熊宝(网站),应用于文本、音频生成场景，根据用户输入的文本，生成符合用户需求的文本、音频。,2024-6,generative ai,境内深度合成服务算法备案清单（2024年6月）.docx
ApePen图像生成算法,服务提供者,北京矩猿科技有限公司,ApePen-AI艺术创作平台(网站)、ApePen AI创作(小程序),应用于图片生成场景，根据用户输入的文本、图片，生成符合用户需求的图片。,2024-6,generative ai,境内深度合成服务算法备案清单（2024年6月）.docx
索迈特AI星火文本生成算法,服务提供者,索迈特（上海）人工智能科技有限公司,索迈特AI助手(小程序)、索迈特AI(网站),应用于文本生成场景，根据用户输入的文本信息，生成符合用户需求的文本内容。,2024-6,generative ai,境内深度合成服务算法备案清单（2024年6月）.docx
盛典深度智库大模型生成合成算法,服务提供者,上海盛典软件有限公司,盛典写作平台(网站),应用于文本生成场景，根据用户输入的文本，生成模仿用户的行文风格、文章结构习惯、用语习惯的文章内容。,2024-6,generative ai,境内深度合成服务算法备案清单（2024年6月）.docx
光语语音合成算法,服务提供者,上海光启慧语技术有限公司,晓象(小程序)、咖杞(公众账号)、咖杞(APP)、晓象(APP)、咖杞(小程序),应用于语音生成场景，根据用户输入的音频和文本，生成相应的语音结果。,2024-6,generative ai,境内深度合成服务算法备案清单（2024年6月）.docx
BETA金融生成合成算法,服务提供者,上海贝耳塔信息技术有限公司,Beta理财师(APP),应用于对话生成场景，根据用户输入的金融产品及相关知识的提问，生成相关的文本回复。,2024-6,generative ai,境内深度合成服务算法备案清单（2024年6月）.docx
网易云商文本生成算法,服务技术支持者,杭州网易质云科技有限公司,--,应用于文本生成场景，服务于企业端客户，根据用户输入的提示文本，生成对应文本内容。,2024-6,generative ai,境内深度合成服务算法备案清单（2024年6月）.docx
九天AIGC视觉生成算法,服务技术支持者,中国移动通信有限公司研究院,--,应用于图像视频生成场景，服务于企业端客户，根据用户提供的文本、语音、图像、视频其中一种或多种模态组合信息，生成与提供的模态信息相匹配且满足用户需求的图像或视频。,2024-6,generative ai,境内深度合成服务算法备案清单（2024年6月）.docx
学晟科技文本内容生成算法,服务提供者,广州学晟科技有限公司,语有灵犀(APP),应用于文本生成场景，根据用户输入的文本信息，生成符合用户需求的文本内容。,2024-6,generative ai,境内深度合成服务算法备案清单（2024年6月）.docx
华中数控AI数控助手合成算法,服务提供者,武汉华中数控股份有限公司,数控云管家(APP)、机床远程运维(网站),应用于文本生成场景，根据用户输入的文本信息，生成符合用户需求的文本内容。,2024-6,generative ai,境内深度合成服务算法备案清单（2024年6月）.docx
天翼数字生活智能应用算法-2,服务提供者,天翼数字生活科技有限公司,小翼管家(APP)、天翼数字乡村(网站)、天翼云盘(APP)、天翼智慧社区(网站),应用于文本生成场景，根据用户输入的文本信息，生成符合用户需求的文本内容。,2024-6,generative ai,境内深度合成服务算法备案清单（2024年6月）.docx
正欧图像生成算法,服务提供者,郑州正欧科技有限公司,嗨炫壁纸(APP),应用于图片生成场景，根据用户输入的文本、图片，生成符合用户需求的图片。,2024-6,generative ai,境内深度合成服务算法备案清单（2024年6月）.docx
青书PreReview大模型算法,服务提供者,苏州青颖飞帆软件科技股份有限公司,青书学堂(网站),应用于文本生成场景，根据用户输入的文本信息，生成符合用户需求的文本内容。,2024-6,generative ai,境内深度合成服务算法备案清单（2024年6月）.docx
小米系统图像生成算法,服务提供者,美卓软件设计（北京）有限公司,AI写真(APP)、AI百宝箱(小程序)、小米AI创作(APP)、小米创作(APP),应用于图片生成场景，根据用户输入的文本、图片，生成符合用户创意的图片。,2024-6,generative ai,境内深度合成服务算法备案清单（2024年6月）.docx
同花顺基金文本生成算法,服务提供者,浙江同花顺基金销售有限公司,同花顺问财(APP)、同花顺爱基金(APP),应用于文本生成场景，根据用户输入的文本信息，生成符合用户需求的金融领域信息文本内容。,2024-6,generative ai,境内深度合成服务算法备案清单（2024年6月）.docx
建木智能图片合成算法-1,服务提供者,厦门建木智能科技有限公司,WeJumper(小程序),应用于图片生成场景，根据用户输入的文本、图片，通过分析用户输入的相关指令，生成符合用户需求的图片。,2024-6,generative ai,境内深度合成服务算法备案清单（2024年6月）.docx
八斗大模型算法,服务提供者,上海八斗智能技术有限公司,八斗大模型平台(网站),应用于文本生成场景，根据用户输入的文本信息，生成符合用户需求的文本内容。,2024-6,generative ai,境内深度合成服务算法备案清单（2024年6月）.docx
元创智能图文生成算法,服务提供者,元与创科技（南京）有限公司,元宇宙王队长(小程序)、https://ai.superxi.cn/(网站),应用于文本、图片生成场景，根据用户输入的文本、图片，生成符合用户需求的文本、图片内容。,2024-6,generative ai,境内深度合成服务算法备案清单（2024年6月）.docx
屈臣氏AI混饮师合成算法,服务提供者,广州市乐玩家网络科技有限公司,屈臣氏AI混饮师(网站),应用于文本生成场景，根据用户输入的文本信息提取出相关产品特征信息，生成符合用户需求的文本内容。,2024-6,generative ai,境内深度合成服务算法备案清单（2024年6月）.docx
智学笃行图像生成算法,服务提供者,北京智学笃行科技有限公司,变影(小程序)、变影(APP),应用于图片生成场景，根据用户输入的文本，生成符合用户需求的图片。,2024-6,generative ai,境内深度合成服务算法备案清单（2024年6月）.docx
晓禾对话生成算法,服务提供者,禾洺宏人工智能科技（重庆）有限公司,晓禾 AI(网站),应用于文本生成场景，根据用户输入的文本，结合上下文信息，实现文本写作和个性化文本问答功能。,2024-6,generative ai,境内深度合成服务算法备案清单（2024年6月）.docx
CuteU图像合成算法,服务提供者,深圳金奇异果科技有限公司,CuteU(小程序),应用于图片生成场景，根据用户输入的图片或文本，生成符合用户需求的图片。,2024-6,generative ai,境内深度合成服务算法备案清单（2024年6月）.docx
蒙牛营养健康智能问答文本生成算法,服务提供者,内蒙古蒙牛乳业（集团）股份有限公司,WOW健康+(小程序),应用于文本生成场景，根据用户输入的文本指令，生成相应的文本回答。,2024-6,generative ai,境内深度合成服务算法备案清单（2024年6月）.docx
斑马车载助手内容生成算法-2,服务提供者,斑马网络技术有限公司,斑马车载助手(APP),应用于文本生成场景，根据用户输入的文本信息，生成符合用户意图的文本内容。,2024-6,generative ai,境内深度合成服务算法备案清单（2024年6月）.docx
学习必备实验报告生成算法,服务提供者,深圳市千里龙科技有限公司,学习必备(网站),应用于报告生成场景，根据输入的实验数据，生成成对应的实验报告。,2024-6,generative ai,境内深度合成服务算法备案清单（2024年6月）.docx
星纪魅族图像消除算法,服务提供者,湖北星纪魅族网络技术有限公司,图库(APP),应用于图像编辑场景，根据用户输入原始图像和需要消除的区域，生成消除后的图像。,2024-6,generative ai,境内深度合成服务算法备案清单（2024年6月）.docx
瓴羊智能客服算法,服务提供者,瓴羊智能科技有限公司,Quick Service(网站),应用于文本生成场景，根据用户输入的文本、图片，生成符合用户需求的文本回复。,2024-6,generative ai,境内深度合成服务算法备案清单（2024年6月）.docx
同花顺云软件文生文算法,服务提供者,浙江同花顺云软件有限公司,同花顺至尊版(APP)、同花顺(APP)、同花顺模拟炒股(小程序),应用于文本生成场景，根据用户输入的文本信息，生成符合用户需求的文本内容。,2024-6,generative ai,境内深度合成服务算法备案清单（2024年6月）.docx
粉笔AI老师生成合成类算法,服务提供者,北京粉笔蓝天科技有限公司,粉笔(APP),应用于文本、图片生成场景，根据用户输入的文本问题，生成符合用户需求的文本、图片内容。,2024-6,generative ai,境内深度合成服务算法备案清单（2024年6月）.docx
梧桐对话生成合成算法,服务提供者,北京梧桐花开科技有限公司,一起投啊(小程序)、一起投啊(APP),应用于文本生成场景，根据用户输入的文本信息，生成符合用户需求的文本内容。,2024-6,generative ai,境内深度合成服务算法备案清单（2024年6月）.docx
武汉夜莺科技文本生成算法,服务提供者,武汉夜莺科技有限公司,微伴助手(网站)、壹伴助手(网站)、Ruta(网站)、会译(网站),应用于文本生成场景，根据用户输入的文本信息，生成符合用户需求的文本内容。,2024-6,generative ai,境内深度合成服务算法备案清单（2024年6月）.docx
流量源泉大模型算法,服务提供者,北京流量源泉科技有限公司,流量源泉-DD.chat(网站),应用于文本生成场景，根据用户输入的文本，分析用户输入的文本信息和预设的角色人设信息，生成符合用户需求的文本回复。,2024-6,generative ai,境内深度合成服务算法备案清单（2024年6月）.docx
电信安全见微威胁情报检索生成算法,服务提供者,天翼安全科技有限公司,电信安全见微威胁情报检索生成算法(网站),应用于文本生成场景，根据用户输入的文本信息，生成符合用户需求的文本内容。,2024-6,generative ai,境内深度合成服务算法备案清单（2024年6月）.docx
生数多模态大模型算法-2,服务技术支持者,北京生数科技有限公司,--,应用于图片、视频生成场景，服务于企业端客户，根据用户输入的文本，生成符合用户要求的图片或视频。,2024-6,generative ai,境内深度合成服务算法备案清单（2024年6月）.docx
Azero高级语音合成算法,服务技术支持者,北京声智科技有限公司,--,应用于语音生成场景，服务于企业端客户，根据输入的文本，生成相应的语音。,2024-6,generative ai,境内深度合成服务算法备案清单（2024年6月）.docx
Azero高级语音识别算法,服务技术支持者,北京声智科技有限公司,--,应用于语音识别场景，服务于企业端客户，根据输入的语音，生成相应的文本。,2024-6,generative ai,境内深度合成服务算法备案清单（2024年6月）.docx
灵之宇文本大模型算法,服务提供者,上海灵之宇技术有限公司,飞影AI直播(网站),应用于对话生成场景，根据用户输入的文本，结合上下文信息，生成符合用户需求的文本回复。,2024-6,generative ai,境内深度合成服务算法备案清单（2024年6月）.docx
瑞兔多模态大模型算法,服务技术支持者,北京中科睿途科技有限公司,--,应用于文本、图像生成场景，服务于企业端客户，根据用户输入的文本、图片、音频和视频，生成相应的文本或图片内容。,2024-6,generative ai,境内深度合成服务算法备案清单（2024年6月）.docx
九天多模态理解算法,服务技术支持者,中国移动通信有限公司研究院,--,应用于文本生成场景，服务于企业端客户，根据输入的图像、视频，生成对应的文本描述。,2024-6,generative ai,境内深度合成服务算法备案清单（2024年6月）.docx
深牧AIGC私人旅游助理算法,服务提供者,北京深牧科技有限公司,AIGC私人旅游助理(其他),应用于文本、视频生成场景，根据用户输入的文本、音频，生成符合用户需求的文本、视频。,2024-6,generative ai,境内深度合成服务算法备案清单（2024年6月）.docx
蔚领数字人智能对话算法,服务技术支持者,上海蒿蔚科技有限公司,--,应用于对话生成场景，服务于企业端客户，根据用户输入的语音、文本数据，生成符合用户需求的文本内容回复。,2024-6,generative ai,境内深度合成服务算法备案清单（2024年6月）.docx
夸克人像图片编辑和美化算法,服务提供者,广州市动悦信息技术有限公司,夸克(APP),应用于图片生成场景，根据用户的编辑操作对用户上传的图片进行编辑，生成符合用户需求的图片，实现图片编辑和美化功能。,2024-6,generative ai,境内深度合成服务算法备案清单（2024年6月）.docx
状元生文对话生成算法,服务提供者,码卡（广州）科技有限公司,文状元写作(APP),应用于文本生成场景，根据用户输入的文本信息，生成符合用户需求的文本内容，实现文本润色、文本纠错、智能应答等功能。,2024-6,generative ai,境内深度合成服务算法备案清单（2024年6月）.docx
智学笃行视频生成算法,服务提供者,北京智学笃行科技有限公司,变影(小程序)、变影(APP),应用于视频生成场景，根据用户输入的文本信息，生成符合用户需求的视频内容。,2024-6,generative ai,境内深度合成服务算法备案清单（2024年6月）.docx
易鑫启明大模型生成合成算法,服务提供者,北京易鑫信息科技有限公司,启明大模型(网站),应用于文本生成场景，根据用户输入的文本信息，生成符合用户需求的文本内容。,2024-6,generative ai,境内深度合成服务算法备案清单（2024年6月）.docx
数联大模型文本生成算法,服务技术支持者,深圳数联天下智能科技有限公司,--,应用于文本生成场景，服务于企业端客户，根据输入的文本，生成符合用户要求的文本。,2024-6,generative ai,境内深度合成服务算法备案清单（2024年6月）.docx
天聚地合智警大模型深度合成算法,服务技术支持者,天聚地合（苏州）科技股份有限公司,--,应用于文本生成场景，服务于企业端客户，根据用户输入的查询需求、执法问题、案件信息等，生成对应的法律知识、办案规范等文本。,2024-6,generative ai,境内深度合成服务算法备案清单（2024年6月）.docx
知业大模型生成算法,服务技术支持者,浪潮云洲工业互联网有限公司,--,应用于对话生成场景，服务于企业端客户，根据用户输入的文本或图像数据，生成符合用户预期的文本或图像回复内容。,2024-6,generative ai,境内深度合成服务算法备案清单（2024年6月）.docx
衔远品商文本大模型算法,服务提供者,北京衔远科技有限公司,摹小仙-热点营销(网站),应用于文本生成场景，根据用户输入的商品信息和选择的热点信息，生成对应的营销方案和不同社媒平台的营销文案。,2024-6,generative ai,境内深度合成服务算法备案清单（2024年6月）.docx
华坤AI换脸算法,服务提供者,菏泽华坤网络技术服务有限公司,华坤趣测(小程序),应用于图像生成场景，根据用户上传的人脸图像，与图片模板进行融合，生成具备用户上传的人脸特征和模板图像属性的新图片。,2024-6,generative ai,境内深度合成服务算法备案清单（2024年6月）.docx
关爱通数智福利官生成合成类算法,服务提供者,中智关爱通（上海）科技股份有限公司,给到(APP),应用于数字人生成场景，根据用户输入的任务口播视频、文本，生成数字人播报视频。,2024-6,generative ai,境内深度合成服务算法备案清单（2024年6月）.docx
艺咖大模型文本生成合成类算法,服务提供者,艺咖（北京）科技有限公司,艺咖(网站),应用于文本生成场景，根据用户输入的文本信息或音频信息，生成符合用户需求的文本内容。,2024-6,generative ai,境内深度合成服务算法备案清单（2024年6月）.docx
点石科技多模态生成算法,服务提供者,福建点石网络科技有限公司,点石客户服务系统(网站),应用于对话生成场景，根据用户输入的问题文本，生成文本、图像等回复内容。,2024-6,generative ai,境内深度合成服务算法备案清单（2024年6月）.docx
财赋通升LNM大数值模型生成算法-1,服务提供者,广东算法洞见科技有限公司,AI财赋通升(小程序),应用于对话生成场景，根据用户输入的财经教育领域相关问题，生成图文数值报告、统计分析图表内容。,2024-6,generative ai,境内深度合成服务算法备案清单（2024年6月）.docx
ArtAI文本生成算法,服务提供者,北京艺链科技有限公司,ArtAI(网站),应用于文本生成场景，根据用户输入的文本，生成相对应的文本内容。,2024-6,generative ai,境内深度合成服务算法备案清单（2024年6月）.docx
建木智能音频合成算法-1,服务提供者,厦门建木智能科技有限公司,厦门建木智能AI小助手(小程序),应用于音频生成场景，根据用户输入的指令和历史对话数据，生成符合要求的音频。,2024-6,generative ai,境内深度合成服务算法备案清单（2024年6月）.docx
一览AI文本生成算法,服务提供者,北京一览科技有限公司,一览妙笔(网站)、一览 AI 编剧(网站)、一览 AI 编剧(小程序),应用于文本生成场景，根据用户输入的文本，生成创意脚本、短视频文案、电商文案等文本内容。,2024-6,generative ai,境内深度合成服务算法备案清单（2024年6月）.docx
文可知识文库生成合成类算法,服务提供者,北京数字跃动科技有限公司,文可知识库(网站),应用于对话生成场景，根据用户提出的问题和上传的文本内容，生成相关的回复文本。,2024-6,generative ai,境内深度合成服务算法备案清单（2024年6月）.docx
讯飞星火医疗大模型算法-2,服务提供者,讯飞医疗科技股份有限公司,讯飞晓医(小程序)、讯飞晓医(APP),应用于对话生成场景，根据用户输入的医疗健康领域相关问题，生成相关的文本回复。,2024-6,generative ai,境内深度合成服务算法备案清单（2024年6月）.docx
笔神作文生成合成类语文作文批改算法,服务提供者,北京一笔两划科技有限公司,笔神作文(APP)、笔神语文作文(小程序),应用于文本生成场景，根据用户输入的文本、图片信息，生成符合用户需求的文本内容。,2024-6,generative ai,境内深度合成服务算法备案清单（2024年6月）.docx
一览绘图生成算法,服务提供者,北京一览科技有限公司,一览AI绘图(网站)、一览 AI 绘图(小程序),应用于图片生成场景，根据用户输入的文本、图片，生成符合用户需求的图片。,2024-6,generative ai,境内深度合成服务算法备案清单（2024年6月）.docx
生机数字人生成算法,服务提供者,杭州生机勃勃智能科技有限公司,葫芦分身(小程序)、生机数智人(其他),应用于视频生成场景，根据用户输入的文本、视频、音频信息，生成符合用户需求的数字人视频。,2024-6,generative ai,境内深度合成服务算法备案清单（2024年6月）.docx
AI科代一键生成式视频解说文案算法,服务提供者,天津市南开远扬慕盛信息技术有限公司,AI科代(APP),应用于文本生成场景，根据用户输入的文本信息，生成符合用户需求的文本内容。,2024-6,generative ai,境内深度合成服务算法备案清单（2024年6月）.docx
名阳语音合成算法,服务提供者,合肥名阳信息技术有限公司,培音(APP)、培影(APP)、朗读女配音(APP)、促销广告配音(APP)、语音合成助手(APP)、文字转语音(APP)、广告叫卖录音(APP)、录音转文字(APP),应用于音频生成场景，根据用户输入的文本信息，生成符合用户需求的音频内容。,2024-6,generative ai,境内深度合成服务算法备案清单（2024年6月）.docx
深思考Dongni多模态大模型算法,服务提供者,深思考人工智能机器人科技（北京）有限公司,Dongni-深思考AI多模态搜索引擎(网站),应用于文本生成场景，根据用户输入的文本、图片、音频信息，生成符合用户需求的文本内容。,2024-6,generative ai,境内深度合成服务算法备案清单（2024年6月）.docx
恩墨DB大模型算法,服务提供者,云和恩墨（北京）信息技术有限公司,zAIot数据智能平台(网站)、墨天轮(网站),应用于文本生成场景，根据用户输入的文本信息，生成符合用户需求的文本内容。,2024-6,generative ai,境内深度合成服务算法备案清单（2024年6月）.docx
登甲智能建筑文本生成大模型算法,服务提供者,广州登甲人工智能科技有限公司,登甲大模型(APP)、登甲大模型(小程序)、登甲大模型(网站),应用于文本生成场景，根据用户输入的文本信息，生成符合用户需求的文本内容。,2024-6,generative ai,境内深度合成服务算法备案清单（2024年6月）.docx
登甲智能建筑图像生成大模型算法,服务提供者,广州登甲人工智能科技有限公司,登甲大模型(APP)、登甲大模型(小程序)、登甲大模型(网站),应用于图片生成场景，根据用户输入的文本信息，生成符合用户需求的图片内容。,2024-6,generative ai,境内深度合成服务算法备案清单（2024年6月）.docx
般芸图片生成算法,服务提供者,北京般芸聚合科技有限公司,赫鲤(APP),应用于图片生成场景，根据用户输入的图片信息，生成符合用户需求的图片内容。,2024-6,generative ai,境内深度合成服务算法备案清单（2024年6月）.docx
力维智联聚典语义检索大模型生成算法,服务技术支持者,深圳力维智联技术有限公司,--,应用于文本生成场景，服务于企业端客户，根据用户上传的词典数据和检索请求，生成对应的文本内容。,2024-6,generative ai,境内深度合成服务算法备案清单（2024年6月）.docx
斑马车载助手内容生成算法,服务技术支持者,斑马网络技术有限公司,--,应用于文本生成场景，服务于企业端客户，根据用户输入的文本，生成景点、餐厅酒店、行程路线规划等文本。,2024-6,generative ai,境内深度合成服务算法备案清单（2024年6月）.docx
集之数字孪生深度合成唇形驱动模型算法,服务提供者,上海紫衡文化传播有限公司,集之数字孪生深度合成唇形驱动模型(网站),应用于数字人生成场景，根据用户输入的图像、音频、视频，生成口型动作与音频一致的2D数字人视频。,2024-6,generative ai,境内深度合成服务算法备案清单（2024年6月）.docx
RWKV音乐文本生成算法,服务提供者,深圳元始智能有限公司,RWKV作曲家(APP),应用于音乐生成场景，根据用户输入的音符文本，生成相应的音乐乐谱文本和音乐音频。,2025-3,generative ai,境内深度合成服务算法备案清单（2025年3月）.docx
匠邦AI智能生成合成算法-1,服务技术支持者,广州微匠互联网科技有限公司,--,应用于多模态内容生成场景，服务于企业端客户，根据用户输入的文本、图像、音频，生成符合用户需求的文本、图像、音频内容。,2025-3,generative ai,境内深度合成服务算法备案清单（2025年3月）.docx
小豆苗智能助手生成合成算法,服务提供者,深圳三代人科技有限公司,小豆苗(APP)、小豆苗(小程序),应用于智能对话场景，根据用户输入的文本，生成相应的文本回复。,2025-3,generative ai,境内深度合成服务算法备案清单（2025年3月）.docx
TTC小麦人才助手算法,服务提供者,北京才多对信息技术有限公司,小麦人才助手(网站)、TTC专业猎头求职招聘(小程序),应用于文本生成场景，根据用户输入的文本，生成相应的文本内容。,2025-3,generative ai,境内深度合成服务算法备案清单（2025年3月）.docx
智启特AI图片生成与处理算法,服务技术支持者,武汉智启特人工智能科技有限公司,--,应用于图像生成场景，服务于企业端客户，根据用户输入的文本、图像，生成相应的图像内容。,2025-3,generative ai,境内深度合成服务算法备案清单（2025年3月）.docx
言希数字人合成算法-1,服务提供者,广州言希人工智能技术有限公司,言希(网站)、言希(APP),应用于数字人视频生成场景，根据用户输入的音频、视频，生成相应的数字人视频。,2025-3,generative ai,境内深度合成服务算法备案清单（2025年3月）.docx
高斯光年视频合成类算法,服务技术支持者,高斯光年（北京）科技有限公司,--,应用于视频生成场景，服务于企业端客户，根据用户输入的文本、图像、音频、视频，生成相应的视频内容。,2025-3,generative ai,境内深度合成服务算法备案清单（2025年3月）.docx
极豆语音合成算法,服务技术支持者,上海极豆科技有限公司,--,应用于语音合成场景，服务于企业端客户，根据用户输入的文本和音频，生成与输入样本音色相似的音频。,2025-3,generative ai,境内深度合成服务算法备案清单（2025年3月）.docx
树氪知识库文本生成算法,服务提供者,深圳翰飞网络科技有限公司,树氪(小程序)、树氪知识库网站(网站),应用于智能对话场景，根据用户输入的文本，生成相应的文本回复。,2025-3,generative ai,境内深度合成服务算法备案清单（2025年3月）.docx
慧勤数字人合成算法,服务提供者,合肥慧企智能科技有限公司,慧企GPT(网站),应用于数字人视频生成场景，根据用户输入的文本、视频、音频，生成文本、音频和相应数字人视频。,2025-3,generative ai,境内深度合成服务算法备案清单（2025年3月）.docx
觅健医疗内容生成算法,服务提供者,厦门鹅卵石网络科技有限公司,觅健康复助手(小程序)、觅健(网站)、觅健康复助手(APP)、觅健(APP),应用于对话生成场景，根据用户输入的医疗领域相关问题，生成医疗领域相关的分析和解答文本。,2025-3,generative ai,境内深度合成服务算法备案清单（2025年3月）.docx
智创平台内容生成算法,服务提供者,小易智创（广东横琴）科技有限公司,AI智创平台(网站),应用于文本图像生成场景，根据用户输入的内容创作、文案生成、图像设计制作等需求，生成营销素材、社交媒体内容等文本或图像。,2025-3,generative ai,境内深度合成服务算法备案清单（2025年3月）.docx
首因自动识别桩位算法,服务提供者,南京首因教育科技有限公司,人工智能对自动识别桩位(小程序),应用于文本生成场景，根据用户输入的施工图纸图像，识别并生成桩位位置和类别，用于指导自动放线机器人准确定位并自动放线。,2025-3,generative ai,境内深度合成服务算法备案清单（2025年3月）.docx
创见AI智言生成合成算法,服务技术支持者,深圳市创见网络技术有限公司,--,应用于多模态内容生成场景，服务于企业端客户，根据用户输入的文本、图片、语音内容，生成符合主题和情感倾向的文本、符合文本描述的图片、相应的语音回复，实现文生文、文生图、图生文以及语音对话等功能。,2025-3,generative ai,境内深度合成服务算法备案清单（2025年3月）.docx
皓量科技大模型多模态算法-1,服务提供者,皓量科技（深圳）有限公司,皓量科技(小程序)、AdBright轻叶(网站)、AI小敦(小程序)、AI小敦(网站),应用于多模态内容生成场景，根据用户输入的文本、图片内容，生成符合用户输入要求的文字、图片、视频。,2025-3,generative ai,境内深度合成服务算法备案清单（2025年3月）.docx
冠邦文本生成算法,服务提供者,北京冠邦开源技术有限公司,小卡AI助手(网站),应用于文本生成场景，根据用户输入的文本数据，生成满足要求的文本内容，具备问答交流、记忆支持、文档与数据解析功能。,2025-3,generative ai,境内深度合成服务算法备案清单（2025年3月）.docx
快写红薯通AI小红书内容创作生产力智能算法,服务提供者,杭州耀尚智汇网络科技有限公司,快写红薯通AI(网站)、快写红薯通AI(小程序),应用于文本生成场景，根据用户输入的创作主题或关键词，生成个性化和定制化的小红书笔记内容。,2025-3,generative ai,境内深度合成服务算法备案清单（2025年3月）.docx
言希数字人合成算法,服务技术支持者,广州言希人工智能技术有限公司,--,应用于数字人生成场景，服务于企业端客户，根据用户输入的真人视频和音频数据，生成相关的数字人动态视频。,2025-3,generative ai,境内深度合成服务算法备案清单（2025年3月）.docx
安司源即时通讯智能服务算法,服务提供者,杭州安司源科技有限公司,企安盟(APP),应用于文本生成场景，根据用户输入的文本，生成相应的回复文本，实现智能客服中的多语言自动识别、提取、翻译与问题解答功能。,2025-3,generative ai,境内深度合成服务算法备案清单（2025年3月）.docx
Rodin三维资产生成算法,服务提供者,影眸科技（上海）有限公司,Rodin(网站),应用于3D模型生成场景，根据用户输入的文本描述或图像，生成对应的3D模型文件。,2025-3,generative ai,境内深度合成服务算法备案清单（2025年3月）.docx
万方智能文本生成算法,服务提供者,北京万方数据股份有限公司,万方数据(APP)、万方医学网-医文AI学术知识服务平台(网站)、慧写智能创作平台(网站)、数源AI学术研究服务平台(网站),应用于文本生成场景，根据用户输入的文本内容，生成相应的文本结果，实现搜索问答、交互式写作等功能。,2025-3,generative ai,境内深度合成服务算法备案清单（2025年3月）.docx
声云多模态内容深度生成算法-1,服务提供者,安徽声云智能科技有限公司,大模型语音鼠标(网站),应用于多模态内容生成场景，根据用户输入的问题或提示，生成相应的文本、图像、音频信息，实现语义理解、图片生成、对话问答、语音识别、机器翻译等功能。,2025-3,generative ai,境内深度合成服务算法备案清单（2025年3月）.docx
DeepThinkingAI拍摄系统视频生成算法,服务技术支持者,杭州深度思考人工智能有限公司,--,应用于视频生成场景，服务于企业端客户，根据用户输入的文本、图像、视频，生成符合用户需求的视频内容。,2025-3,generative ai,境内深度合成服务算法备案清单（2025年3月）.docx
留学行业多模态文件识别算法,服务提供者,广州繁之花科技有限公司,留学多模态文件识别(网站),应用于图片文字识别场景，根据用户输入的图片或文件，识别图片中的文本内容，适用于成绩单、简历、推荐信等文件识别。,2025-3,generative ai,境内深度合成服务算法备案清单（2025年3月）.docx
上海明启星智回对话回复算法,服务提供者,上海明启星企业管理有限公司,智回(小程序),应用于智能对话场景，根据用户输入的对话截屏，识别图片中的文本，生成符合用户需求的文本回复。,2025-3,generative ai,境内深度合成服务算法备案清单（2025年3月）.docx
战驴AI端侧实时驱动数字人算法,服务提供者,杭州轻松销网络科技有限公司,战驴数字人系统(APP),应用于数字人视频生成场景，根据用户输入的文本、音频，生成数字人形象的视频。,2025-3,generative ai,境内深度合成服务算法备案清单（2025年3月）.docx
小驴文字生成大模型算法,服务提供者,杭州轻松销网络科技有限公司,小驴文字大模型(网站),应用于智能对话场景，根据用户输入的文本，生成符合用户需求的文本回复。,2025-3,generative ai,境内深度合成服务算法备案清单（2025年3月）.docx
智爱文本生成算法,服务提供者,上海之爱智能科技有限公司,智爱(网站)、智爱(小程序),应用于智能对话场景，根据用户输入的文本，生成符合用户需求的文本回复，主要面向法律领域。,2025-3,generative ai,境内深度合成服务算法备案清单（2025年3月）.docx
万联易达智能问答算法,服务提供者,北京万联易达科技有限公司,万小联(小程序),应用于智能对话场景，根据用户输入的文本、语音，生成符合用户需求的文本、语音回复。,2025-3,generative ai,境内深度合成服务算法备案清单（2025年3月）.docx
蹦可可图文生成算法,服务提供者,上海蹦可可科技有限责任公司,OneAI智能助手(小程序)、OneAI智能助手(APP),应用于文本图像生成场景，根据用户输入的文本，生成相应的文本、图像内容。,2025-3,generative ai,境内深度合成服务算法备案清单（2025年3月）.docx
iForm智能表单生成算法,服务提供者,北京致链科技有限责任公司,iForm智能表单(网站),应用于文本生成场景，根据用户输入的文本信息，生成调查问卷、考试卷形式的文本信息。,2025-3,generative ai,境内深度合成服务算法备案清单（2025年3月）.docx
好心情智能问答算法,服务提供者,好心情健康产业集团有限公司,好心情AI陪伴(网站),应用于智能对话场景，根据用户输入的文本，生成符合用户需求的文本回复。,2025-3,generative ai,境内深度合成服务算法备案清单（2025年3月）.docx
沃德盛世文图生成算法,服务提供者,深圳沃德盛世人工智能科技有限公司,文图智融(网站)、文图智融(APP),应用于文本图像生成场景，根据用户输入的文本，生成对应的图像和文本描述。,2025-3,generative ai,境内深度合成服务算法备案清单（2025年3月）.docx
玖舆博泓音频处理合成算法,服务提供者,重庆玖舆博泓科技有限公司,造乐主(小程序),应用于音频生成场景，根据用户输入的音频样本，生成个性化定制的音乐和声音效果。,2025-3,generative ai,境内深度合成服务算法备案清单（2025年3月）.docx
巧恬文本生成算法,服务提供者,佛山巧恬科技有限公司,巧恬一言(网站),应用于文本生成场景，根据用户输入的文本数据，生成语义相关的文本回复，实现智能对话、智能写作等功能。,2025-3,generative ai,境内深度合成服务算法备案清单（2025年3月）.docx
迫无文生图算法,服务提供者,佛山迫无科技有限公司,智绘文韵(网站),应用于图像生成场景，根据用户输入的文本，生成相应的图像内容。,2025-3,generative ai,境内深度合成服务算法备案清单（2025年3月）.docx
爱主珏视频AI融合算法,服务提供者,深圳威富云数科技有限公司,爱主珏(APP),应用于视频生成场景，根据用户输入的个人形象视频和景区美景视频，生成个人形象与景区美景融合后的视频。,2025-3,generative ai,境内深度合成服务算法备案清单（2025年3月）.docx
豆威认知大模型算法,服务技术支持者,豆威科技（北京）有限公司,--,应用于文本音频生成场景，服务于企业端客户，根据用户直接输入的文本或语音转换的文本，生成相应的文本及语音内容。,2025-3,generative ai,境内深度合成服务算法备案清单（2025年3月）.docx
三维家AI文本生成合成算法,服务技术支持者,广东三维家信息科技有限公司,--,应用于文本生成场景，服务于企业端客户，根据用户输入的文本，生成相应的文本内容，主要面向家装设计领域。,2025-3,generative ai,境内深度合成服务算法备案清单（2025年3月）.docx
广监云人工智能安全应急大模型算法,服务提供者,北京广监云科技有限公司,大羽安全应急模型(网站),应用于对话生成场景，根据用户输入的文本、图像、音频、视频，生成相应的文本、图像、音频、视频等多模态数据，实现安全应急知识问答、事件识别、事件风险评估、事故分析、应急决策支持、应急预案生成与优化、应急演练智能化推演等功能。,2025-3,generative ai,境内深度合成服务算法备案清单（2025年3月）.docx
商汤灵觉生成合成算法,服务技术支持者,上海商汤智能科技有限公司,--,应用于文本音频生成场景，服务于企业端客户，根据用户输入的视频、音频数据，生成符合用户预期的音频流内容，实现语音对话和视频对话的功能。,2025-3,generative ai,境内深度合成服务算法备案清单（2025年3月）.docx
超级老板智能助理AI对话生成合成类算法,服务提供者,汇通数科智能科技有限公司,超级老板pro(APP),应用于对话生成场景，根据用户输入的采购诉求，生成商品采购建议、营销活动方案，辅助用户开展采购工作及店铺活动。,2025-3,generative ai,境内深度合成服务算法备案清单（2025年3月）.docx
兔展AnyReal图像生成算法,服务提供者,深圳兔展智能科技有限公司,智图(网站)、AnyReal(网站),应用于图像生成场景，根据用户上传的文本描述或图像，生成具有创意性、风格多样的商品图像。,2025-3,generative ai,境内深度合成服务算法备案清单（2025年3月）.docx
达朴可增强型AI换脸算法,服务提供者,合肥达朴汇联科技有限公司,Q颜相机(网站),应用于人脸融合场景，将用户上传的照片与特定模板进行面部融合，并进行风格处理，生成融合后的个人写真图像。,2025-3,generative ai,境内深度合成服务算法备案清单（2025年3月）.docx
炎也内容生成算法,服务提供者,上海炎也智能科技有限公司,闪光灯IP助手(网站),应用于文本生成场景，根据用户输入的文本，生成相应的文本内容，提供自媒体运营、企业营销问题解答与文案内容生成功能。,2025-3,generative ai,境内深度合成服务算法备案清单（2025年3月）.docx
神农新论文本生成算法,服务提供者,广东东华发思特软件有限公司,神农新论网站(网站),应用于智能对话场景，根据用户输入的文本，生成相应的文本回复。,2025-3,generative ai,境内深度合成服务算法备案清单（2025年3月）.docx
紫荆智康文本生成算法,服务提供者,无锡紫荆智康科技有限公司,紫荆AI医生(网站)、紫荆智康AI医院(APP),应用于医疗领域智能对话场景，根据用户输入的文本，生成相应的文本回复。,2025-3,generative ai,境内深度合成服务算法备案清单（2025年3月）.docx
中教畅享AI合成算法,服务提供者,中教畅享科技股份有限公司,中教畅享(网站),应用于文本图像生成场景，根据用户输入的文本，生成相应的文本、图像内容，适用于美术创作与设计领域。,2025-3,generative ai,境内深度合成服务算法备案清单（2025年3月）.docx
冠岳翼绘AI内容生成算法,服务提供者,广州冠岳网络科技有限公司,翼绘AI(网站)、翼绘AIGC实训平台(网站)、LartAI(网站)、翼狐网(网站)、翼绘AiRT(网站),应用于文本图像生成场景，根据用户输入的文本、图像，生成相应的文本、图像内容，进行绘画和推荐相关的绘画课程。,2025-3,generative ai,境内深度合成服务算法备案清单（2025年3月）.docx
万宝盒AI多模态合成算法,服务提供者,北京时分秒科技有限公司,万宝盒(APP),应用于多模态内容生成场景，根据用户输入的文本、图像信息，生成相应的回答或匹配的图像，满足不同场景下的内容创作需求。,2025-3,generative ai,境内深度合成服务算法备案清单（2025年3月）.docx
机械星球文本生成合成算法,服务提供者,要务（深圳）科技有限公司,机械星球(网站),应用于文本生成场景，根据用户输入的文本，生成工程机械品类相关的维修、报价、保养等知识，提供工程机械设备的一站式租赁服务、专业咨询和行业知识服务。,2025-3,generative ai,境内深度合成服务算法备案清单（2025年3月）.docx
上甲研报文档解析生成合成算法,服务提供者,上甲数据服务（厦门）有限公司,上甲AI-测试版(网站),应用于文本生成场景，根据用户上传的期货公司研究报告，生成结构化数据、图表和文字摘要，使交易者能够快速获取和分析关键信息。,2025-3,generative ai,境内深度合成服务算法备案清单（2025年3月）.docx
新道智融大模型算法,服务技术支持者,新道科技股份有限公司,--,应用于文本生成场景，服务于企业端客户，根据用户输入的文本信息，生成智能教学问答、个性化学习辅导、在线考试答疑等相关的文本回复。,2025-3,generative ai,境内深度合成服务算法备案清单（2025年3月）.docx
麒麟文本类合成算法,服务技术支持者,清图数据科技（南京）有限公司,--,应用于文本生成场景，服务于企业端客户，根据用户输入的文本或音频，生成相关的文本信息，提供即时解决方案。,2025-3,generative ai,境内深度合成服务算法备案清单（2025年3月）.docx
希沃数据问答分析算法,服务提供者,广州视睿电子科技有限公司,希沃魔方·数字基座(网站),应用于智能对话场景，根据用户输入的文本，对获取到的数据库数据及相关知识库进行数据分析，生成相应的文本回复。,2025-3,generative ai,境内深度合成服务算法备案清单（2025年3月）.docx
饿了么商家经营小助手算法,服务提供者,上海拉扎斯信息科技有限公司,饿了么商家版(APP),应用于智能对话场景，根据用户输入的文本，生成相应的文本回复。,2025-3,generative ai,境内深度合成服务算法备案清单（2025年3月）.docx
芒格生成式法律问答算法,服务技术支持者,黑龙江芒格科技有限公司,--,应用于文本生成场景，服务于企业端客户，根据用户输入的文本，生成相应的文本内容，主要面向法律领域。,2025-3,generative ai,境内深度合成服务算法备案清单（2025年3月）.docx
猫哈AI大模型算法,服务提供者,深圳市驱动人生科技股份有限公司,猫哈AI问答(APP),应用于对话生成场景，根据用户输入的文本，生成相应的文本回复，实现智能问答、内容创作、多轮对话、信息检索和语言翻译等功能。,2025-3,generative ai,境内深度合成服务算法备案清单（2025年3月）.docx
销生客基于知识库的智能回复算法,服务提供者,销生客（北京）数字科技有限公司,小税问答机器人(网站),应用于对话生成场景，根据用户输入的问题文本，生成客户服务、教育培训、日常生活助手、企业内部知识管理等领域相关的文本回复。,2025-3,generative ai,境内深度合成服务算法备案清单（2025年3月）.docx
匠邦AI智能生成合成算法,服务提供者,广州微匠互联网科技有限公司,匠邦AI(网站),应用于多模态内容生成场景，根据用户输入的图像、文本、语音，生成教育领域相关的文本、音频、图像内容，辅助老师制作PPT、个性化教学方案、智能互动课堂方案以及协助出题和相关教学科研工作。,2025-3,generative ai,境内深度合成服务算法备案清单（2025年3月）.docx
岛数字世界虚拟场景生成算法,服务提供者,岛购全球（海南）数字科技有限公司,岛数字世界(APP),应用于虚拟场景生成，根据用户输入的场景描述文本、参考图像和选定的模板，生成相应的3D虚拟场景。,2025-3,generative ai,境内深度合成服务算法备案清单（2025年3月）.docx
分贝通文本生成算法,服务提供者,北京分贝通科技有限公司,分贝通(APP),应用于智能对话场景，根据用户输入的文本，生成相应的文本回复，为用户提供行程规划服务。,2025-3,generative ai,境内深度合成服务算法备案清单（2025年3月）.docx
数命文本合成算法-2,服务技术支持者,数命科技（武汉）有限公司,--,应用于文本生成场景，服务于企业端客户，根据用户输入的文本，生成相应的文本内容。,2025-3,generative ai,境内深度合成服务算法备案清单（2025年3月）.docx
来康健康多模态内容生成算法,服务提供者,来康生命科技有限公司,健康服务智伴(网站)、e家管家(小程序)、郡主(APP)、来康健康(APP)、健康智能伙伴(APP),应用于对话生成场景，根据用户输入的健康咨询文本、图像信息，生成符合用户预期的文本、音频、图像或者视频内容，提供普惠的健康咨询服务。,2025-3,generative ai,境内深度合成服务算法备案清单（2025年3月）.docx
皓量科技大模型文本语音多模态算法,服务提供者,皓量科技（深圳）有限公司,皓量科技(小程序)、AdBright轻叶(网站)、AI小敦(小程序)、AI小敦(网站),应用于对话生成场景，根据用户输入的文本或语音，生成符合用户要求的文本，可进一步转换为语音信息。,2025-3,generative ai,境内深度合成服务算法备案清单（2025年3月）.docx
TripNow内容生成合成算法-1,服务提供者,深圳市活力天汇科技股份有限公司,航班管家(APP),应用于对话生成场景，根据用户输入的问题文本，生成机票信息、航班动态、机票或火车票实时余票、机场或火车站出行攻略等文本回复。,2025-3,generative ai,境内深度合成服务算法备案清单（2025年3月）.docx
深伴智能文本生成算法,服务提供者,北京深伴科技有限公司,智问通(APP),应用于文本生成场景，根据用户输入的文本或图片，生成对话文本、解题文本或翻译文本等，辅助用户写作、审校和理科解题。,2025-3,generative ai,境内深度合成服务算法备案清单（2025年3月）.docx
广州繁盛sperai客服生成算法,服务技术支持者,广州繁盛计算机有限公司,--,应用于文本生成场景，服务于企业端客户，根据用户输入的问题文本，生成相应的解答文本，实现智能客服功能。,2025-3,generative ai,境内深度合成服务算法备案清单（2025年3月）.docx
康小贝健康大模型算法,服务提供者,北京康宁瑞通信息技术有限责任公司,AI健康小贝贝(APP)、AI健康小贝贝(小程序)、AI健康小贝贝(其他)、AI健康小贝贝(网站),应用于健康管理领域文本生成场景，根据用户输入的文本或智能硬件设备上传的健康数据，生成相应的文本内容。,2025-3,generative ai,境内深度合成服务算法备案清单（2025年3月）.docx
无穹天权InfiniMegrez生成合成算法-1,服务技术支持者,上海无问芯穹智能科技有限公司,--,应用于文本生成场景，服务于企业端客户，根据用户输入的文本，生成相应的文本内容。,2025-3,generative ai,境内深度合成服务算法备案清单（2025年3月）.docx
天智工业大模型算法,服务技术支持者,卡奥斯工业智能研究院（青岛）有限公司,--,应用于工业领域文本生成场景，服务于企业端客户，根据用户输入的文本，生成相应的文本内容。,2025-3,generative ai,境内深度合成服务算法备案清单（2025年3月）.docx
智函内容生成大模型算法,服务提供者,北京智函科技有限公司,PaperX(网站),应用于文本生成场景，根据用户输入的文本需求，生成符合法律规范和专业标准的定制化法律文档。,2025-3,generative ai,境内深度合成服务算法备案清单（2025年3月）.docx
智学通学业评测合成算法,服务提供者,杭州智学通科技有限公司,智学通学业管理平台(网站),应用于多模态内容生成场景，根据用户属性信息和答题图像等内容，生成学习评价相关文本、学业图表相关图像和课程视频等内容。,2025-3,generative ai,境内深度合成服务算法备案清单（2025年3月）.docx
显生纪元多模态报价单识别内容生成算法,服务提供者,广州显生纪元智能科技有限公司,多模态报价单识别算法(小程序),应用于图像文字识别场景，根据用户输入的报价单图像，识别报价单中的日期、金额等文本信息。,2025-3,generative ai,境内深度合成服务算法备案清单（2025年3月）.docx
清杉数字人视频生成算法,服务提供者,深圳市清杉信息系统有限公司,欧闪弹幕网(网站),应用于数字人视频生成场景，根据用户输入的文本、图像、视频，生成数字人形象的视频。,2025-3,generative ai,境内深度合成服务算法备案清单（2025年3月）.docx
适享慧眼AI生图模型算法,服务提供者,适享智能科技（苏州）有限公司,适享慧眼AI(网站),应用于图像生成场景，根据用户输入的文本和图像，生成相应的模特试衣等图像。,2025-3,generative ai,境内深度合成服务算法备案清单（2025年3月）.docx
星汉文本合成算法,服务提供者,浙江大华技术股份有限公司,星汉算法(其他),应用于文本生成场景，根据公安、能源、电信运营商等行业用户输入的文本、图像业务诉求，生成相应的文本内容，实现多轮对话、机器翻译、文本分类、文本生成等功能。,2025-3,generative ai,境内深度合成服务算法备案清单（2025年3月）.docx
云澎AI大模型算法,服务提供者,浙江云澎科技有限公司,AI膳食营养师(APP)、AI膳食营养师(小程序),应用于文本生成场景，根据用户输入的文本和食物图像数据，生成详细的膳食分析报告，并提供动态的饮食优化建议。,2025-3,generative ai,境内深度合成服务算法备案清单（2025年3月）.docx
伽罗华域内容生成算法,服务提供者,北京伽罗华域科技有限公司,慧形AI知识分身(网站),应用于对话生成场景，根据用户输入的问题文本，生成相应的文本回复，提供多领域的专业知识问答服务。,2025-3,generative ai,境内深度合成服务算法备案清单（2025年3月）.docx
嵘智智能对话生成算法,服务提供者,北京嵘智科技有限公司,企业知识智能管理与应用平台(APP)、智才未来(APP),应用于对话生成场景，根据用户输入的文本、图片、语音等，生成相应的文本、图像、音频回复，实现即时聊天和信息交互功能。,2025-3,generative ai,境内深度合成服务算法备案清单（2025年3月）.docx
魅KTV音色迁移算法,服务提供者,江西爱魅文化科技有限公司,魅KTV(网站),应用于音频生成场景，根据用户输入的歌曲音频，将输入歌声的音色特征迁移到另一个目标歌手的音色上，生成新的歌曲音频同时保持原有歌曲内容不变。,2025-3,generative ai,境内深度合成服务算法备案清单（2025年3月）.docx
南方财经金融理财智能大模型算法,服务提供者,广东南方财经控股有限公司,南财GPT(网站),应用于智能对话场景，根据用户输入的文本或输入语音转换的文本，生成理财相关的文本回复。,2025-3,generative ai,境内深度合成服务算法备案清单（2025年3月）.docx
唐米宠物AI写真生成合成类算法,服务提供者,成都唐米科技有限公司,皮克方(APP),应用于图像生成场景，根据用户输入的宠物图像和选择的萌宠风格，生成相应的萌宠漫画和萌宠写真图像。,2025-3,generative ai,境内深度合成服务算法备案清单（2025年3月）.docx
微众数智法律文本生成算法,服务提供者,广东微众律师事务所,数智律师(小程序),应用于智能对话场景，根据用户输入的文本，生成相应的文本回复，主要面向法律领域。,2025-3,generative ai,境内深度合成服务算法备案清单（2025年3月）.docx
旋风文字生成大模型算法,服务提供者,重庆列星文化传播有限公司,AI旋风(网站),应用于智能对话场景，根据用户输入的文本，生成相应的文本回复。,2025-3,generative ai,境内深度合成服务算法备案清单（2025年3月）.docx
百川医疗大模型算法-1,服务技术支持者,北京百川智能科技有限公司,--,应用于对话生成场景，服务于企业端客户，根据用户输入的文本、图像、音频、视频，生成医疗领域相关的文本、音频回复内容。,2025-3,generative ai,境内深度合成服务算法备案清单（2025年3月）.docx
百川医疗大模型算法,服务提供者,北京百川智能科技有限公司,百川大模型(网站)、百小应(APP)、百川智能(网站)、百小应(小程序),应用于对话生成场景，根据用户输入的文本、图像、音频、视频，生成医疗领域相关的文本、音频回复内容。,2025-3,generative ai,境内深度合成服务算法备案清单（2025年3月）.docx
健成星云心理咨询生成算法,服务提供者,深圳市健成星云科技有限公司,星云星空网页版(网站)、星云星空(APP),应用于文本音频生成场景，根据用户输入的文本、语音或图像等信息，生成心理健康相关的文本、音频回复内容。,2025-3,generative ai,境内深度合成服务算法备案清单（2025年3月）.docx
三蕊多模态抑郁识别算法,服务提供者,深圳市三蕊科技有限公司,三蕊学生端(网站)、三蕊心桥(小程序)、三蕊商户端(网站)、三蕊专家(APP)、三蕊心泉(小程序)、三蕊大学H5端(网站)、三蕊学校端(网站)、三蕊心岸(小程序),应用于文本生成场景，根据用户输入的文字、语音、视频通话问答等多模态内容，生成抑郁结果文字报告。,2025-3,generative ai,境内深度合成服务算法备案清单（2025年3月）.docx
宜信瑞承智语意图分类内容生成算法,服务提供者,瑞承家族信息咨询（北京）有限公司,AI瑞承(APP),应用于文本生成场景，根据用户输入的文本，进行意图识别和内容检索，生成相应的文本，回复客户提问的产品相关问题。,2025-3,generative ai,境内深度合成服务算法备案清单（2025年3月）.docx
37手游AI客服生成合成算法,服务提供者,广州三七网络科技有限公司,37手游游戏在线客服(小程序)、37手游俱乐部(公众账号),应用于智能对话场景，根据用户输入的文本，生成相应的文本回复。,2025-3,generative ai,境内深度合成服务算法备案清单（2025年3月）.docx
乐秀AI音乐生成算法,服务技术支持者,上海艾麒信息科技股份有限公司,--,应用于音乐生成场景，服务于企业端客户，根据用户输入的文本描述和参考音频，生成乐谱和歌词，最终合并为音乐。,2025-3,generative ai,境内深度合成服务算法备案清单（2025年3月）.docx
蔻町软件生成PLE代码大模型算法-2,服务技术支持者,无锡蔻町智能科技有限公司,--,应用于文本生成场景，服务于企业端客户，根据用户输入的文本，生成软件开发、程序调试和代码重构等相关的文本回复。,2025-3,generative ai,境内深度合成服务算法备案清单（2025年3月）.docx
和睦家医疗文本翻译大模型算法,服务提供者,北京和睦家医院有限公司,和睦家医疗文本翻译大模型算法(网站),应用于文本翻译场景，根据用户输入的医疗文书或医疗报告，生成指定目标语言的医疗领域翻译文本。,2025-3,generative ai,境内深度合成服务算法备案清单（2025年3月）.docx
洛书大模型视觉分析文本生成算法,服务技术支持者,土豆数据时空智能科技（德清）有限公司,--,应用于文本生成场景，服务于企业端客户，根据用户输入的泛时空领域图片，生成相应的文本分析和描述。,2025-3,generative ai,境内深度合成服务算法备案清单（2025年3月）.docx
星录Staro大模型生成算法,服务提供者,深圳市深度增长科技有限公司,星录(网站),应用于文本生成场景，根据用户输入的需求文本，生成针对电商行业需求的营销策略和个性化营销内容。,2025-3,generative ai,境内深度合成服务算法备案清单（2025年3月）.docx
Vidu视频生成算法-2,服务提供者,北京生数科技有限公司,Vidu(网站),应用于视频生成场景，根据用户输入的文本或图像，生成符合用户期望的视频。,2025-3,generative ai,境内深度合成服务算法备案清单（2025年3月）.docx
惠利玛VALI服装服饰垂类AIGC生成算法-1,服务提供者,浙江惠利玛产业互联网有限公司,VALI 服装服饰AI设计平台(网站),应用于图像生成场景，根据用户输入的文本或图像，生成服装服饰领域的图像。,2025-3,generative ai,境内深度合成服务算法备案清单（2025年3月）.docx
警亿问通AI生成式大语言模型算法,服务提供者,博士林（无锡）新智能技术研究有限公司,警亿问通(APP)、警亿问通网站(网站),应用于智能对话场景，根据用户输入的文本，生成相应的文本回复。,2025-3,generative ai,境内深度合成服务算法备案清单（2025年3月）.docx
橙线科技终端智能交互生成多模态算法,服务提供者,北京橙线科技有限公司,贾维斯AI助理(网站),应用于多模态内容生成场景，根据用户输入的文本、音频、图片，生成满足用户需求的文本、音频、图片。,2025-3,generative ai,境内深度合成服务算法备案清单（2025年3月）.docx
哈比树AI生成算法,服务提供者,北京哈比树科技有限公司,小麦AI桌面(APP),应用于对话生成场景，根据用户输入的景区相关问题，生成与该景区紧密相关的文本、图片、视频等多模态内容。,2025-3,generative ai,境内深度合成服务算法备案清单（2025年3月）.docx
拼便宜多模态内容生成大模型算法,服务提供者,杭州拼便宜网络科技有限公司,拼便宜供应商管理工作台(网站),应用于多模态内容生成场景，根据用户输入的营销活动类型、特定节日或事件、图片底色等业务场景数据，生成个性化的营销宣传文案、图像。,2025-3,generative ai,境内深度合成服务算法备案清单（2025年3月）.docx
英语趣配音AI对话深度合成算法,服务提供者,杭州菲助科技有限公司,英语趣配音(APP),应用于对话生成场景，根据用户输入的说话内容，生成聊天回复文本后转成音频。,2025-3,generative ai,境内深度合成服务算法备案清单（2025年3月）.docx
织梦大模型算法,服务提供者,上海恺英软件技术有限公司,织梦大模型开放平台(网站),应用于对话生成场景，根据用户输入的文本内容，生成产品研发、商业办公及日常问答情景相关的文本回复内容。,2025-3,generative ai,境内深度合成服务算法备案清单（2025年3月）.docx
浪潮智慧监督大模型算法,服务技术支持者,山东浪潮云企数字技术有限公司,--,应用于文本生成场景，服务于企业端客户，根据用户输入的文本，生成相应的文本回复。,2025-3,generative ai,境内深度合成服务算法备案清单（2025年3月）.docx
贴贴APP文本生成服务算法,服务提供者,天津又闲网络科技有限公司,贴贴(APP),应用于智能对话场景，根据用户输入的文本，生成相应的文本回复。,2025-3,generative ai,境内深度合成服务算法备案清单（2025年3月）.docx
生成无限多模态大模型算法-1,服务技术支持者,北京生成无限科技有限公司,--,应用于图像视频生成场景，服务于企业端客户，根据用户输入的文本、图像，生成相应的图像、视频内容。,2025-3,generative ai,境内深度合成服务算法备案清单（2025年3月）.docx
信人AI对话生成算法,服务技术支持者,南京信人智能科技有限公司,--,应用于对话生成场景，服务于企业端客户，根据用户输入的文本内容，生成相应的文本回复，实现智能客服答疑。,2025-3,generative ai,境内深度合成服务算法备案清单（2025年3月）.docx
蔻町软件生成PLE代码大模型算法-1,服务提供者,无锡蔻町智能科技有限公司,AutoCoder(网站),应用于文本生成场景，根据用户输入的文本内容，生成软件开发、程序调试和代码重构等相关的文本回复。,2025-3,generative ai,境内深度合成服务算法备案清单（2025年3月）.docx
社区小脑多模态生成算法,服务技术支持者,上海东方怡动数字科技有限公司,--,应用于文本图像生成场景，服务于企业端客户，根据用户输入的文本、图像，生成相应的文本，实现自动分类回复、事件报告与分析以及政策宣传通知，生成相应的图像进行图像标注和识别等。,2025-3,generative ai,境内深度合成服务算法备案清单（2025年3月）.docx
栖屿AI智能车衣换色算法,服务技术支持者,杭州栖屿智能科技有限公司,--,应用于图像生成场景，服务于企业端客户，根据用户输入的车身图像和相关颜色指令，生成符合用户预期的车身颜色图像。,2025-3,generative ai,境内深度合成服务算法备案清单（2025年3月）.docx
有道子曰听记深度合成算法,服务提供者,北京网易有道计算机系统有限公司,有道文档FM(APP)、有道啵啵(APP),应用于文本生成场景，根据用户输入的文本、文档、语音或图像数据，生成符合用户需求的文本摘要或总结。,2025-3,generative ai,境内深度合成服务算法备案清单（2025年3月）.docx
RAGMind生成算法,服务技术支持者,北京舜息科技有限公司,--,应用于对话生成场景，服务于企业端客户，根据用户输入的问题文本，生成相应的文本回复，实现企业知识运营、企业客户助手功能。,2025-3,generative ai,境内深度合成服务算法备案清单（2025年3月）.docx
浅风多模态内容生成合成算法-1,服务提供者,北京浅风科技有限公司,万相(APP)、Halo(APP),应用于多模态内容生成场景，根据用户输入的文本或图像内容，生成相应的文本、图像、音频、视频回复。,2025-3,generative ai,境内深度合成服务算法备案清单（2025年3月）.docx
星空教育大模型数字人合成算法,服务提供者,北京竞业达数码科技股份有限公司,星空教育大模型数字人合成算法(网站),应用于数字人生成场景，根据用户输入的文本信息，生成数字人形象及语音和动作。,2025-3,generative ai,境内深度合成服务算法备案清单（2025年3月）.docx
创视空间智能问答算法,服务提供者,闪石信息科技（上海）有限公司,创视空间(网站),应用于对话生成场景，根据用户输入的文本信息，生成符合用户预期的文本回复内容。,2025-3,generative ai,境内深度合成服务算法备案清单（2025年3月）.docx
盛世影视剧本生成算法,服务提供者,青岛盛世影云科技有限公司,AI剧本创作平台(网站),应用于文本生成场景，根据用户输入的文本，生成相应的文本内容，实现剧本生成、剧本改写等功能。,2025-3,generative ai,境内深度合成服务算法备案清单（2025年3月）.docx
小锡在线智能客服算法,服务提供者,无锡锡商银行股份有限公司,锡商银行(小程序)、锡商银行(APP),应用于智能对话场景，根据用户输入的文本，生成相应的文本回复。,2025-3,generative ai,境内深度合成服务算法备案清单（2025年3月）.docx
蒙牛营养健康领域知识智能生成算法,服务技术支持者,内蒙古蒙牛乳业（集团）股份有限公司,--,应用于营养健康领域文本生成场景，服务于企业端客户，根据用户输入的文本，生成相应的文本内容。,2025-3,generative ai,境内深度合成服务算法备案清单（2025年3月）.docx
深报智汇内容生成和审核算法,服务提供者,深圳报业集团,读特(APP),应用于文本生成场景，根据用户输入的文本，生成相应的文本内容，实现财经新闻智能写作、润色续写等功能。,2025-3,generative ai,境内深度合成服务算法备案清单（2025年3月）.docx
苏泊尔云馔文本生成算法,服务提供者,浙江苏泊尔股份有限公司,苏泊尔(APP),应用于文本生成场景，根据用户输入的人脸图像和文本，分析用户的肤质状态、饮食习惯，从而生成对应的文本食谱，主要应用于智能家居领域。,2025-3,generative ai,境内深度合成服务算法备案清单（2025年3月）.docx
赛博迈石多模态算法,服务提供者,深圳赛博迈石科技有限公司,语境AI口语(APP)、语境AI口语(小程序)、语境AI口语(网站),应用于多模态生成场景，根据用户输入的文本、图像、音频、视频数据，生成符合用户需求的文本、图像、音频、视频内容。,2025-3,generative ai,境内深度合成服务算法备案清单（2025年3月）.docx
洛书大模型遥感影像语义生成算法,服务技术支持者,土豆数据时空智能科技（德清）有限公司,--,应用于文本生成场景，服务于企业端客户，根据用户输入的图片，生成相应的文本分析和描述，实现遥感影像分析、农业种植动态对比、灾害监测预警等功能。,2025-3,generative ai,境内深度合成服务算法备案清单（2025年3月）.docx
华发AI多模态生成算法,服务提供者,珠海华发金融科技研究院有限公司,华发+(小程序)、华发+(公众账号)、华发+(网站)、华发+(APP),应用于多模态内容生成场景，根据用户输入的文本描述内容，生成相应的文本回复或生成符合语速、语调要求的音频内容或生成匹配人物、动作要求的图片、视频内容。,2025-3,generative ai,境内深度合成服务算法备案清单（2025年3月）.docx
华发AI多模态生成算法-1,服务技术支持者,珠海华发金融科技研究院有限公司,--,应用于多模态内容生成场景，服务于企业端客户，根据用户输入的文本描述内容，生成相应的文本回复或生成符合语速、语调要求的音频内容或生成匹配人物、动作要求的图片、视频内容。,2025-3,generative ai,境内深度合成服务算法备案清单（2025年3月）.docx
哇呜说文本生成算法,服务提供者,北京哇呜科技有限公司,哇呜说(APP),应用于文本生成场景，根据用户上传的文本信息，生成满足儿童互动与学习需求的文本内容。,2025-3,generative ai,境内深度合成服务算法备案清单（2025年3月）.docx
心智未来内容生成算法,服务提供者,深圳市心智未来科技有限公司,星盒物语(小程序),应用于多模态内容生成场景，根据用户输入的文字、语音、图片、视频，生成相应的文字、语音、图片、视频内容，实现数字媒体创作、智能语聊、个性化合照、定制化闹钟提醒等功能。,2025-3,generative ai,境内深度合成服务算法备案清单（2025年3月）.docx
NoxRobot市场营销智能生成算法,服务提供者,北京多点在线科技有限公司,NoxRobot市场营销智能体(网站),应用于文本图像生成场景，根据用户输入的文本或图像，生成相应的文本或图像内容。,2025-3,generative ai,境内深度合成服务算法备案清单（2025年3月）.docx
格致数字人形象复刻算法,服务技术支持者,广州格致智能科技有限公司,--,应用于数字人视频生成场景，服务于企业端客户，首先根据输入的特定人物口播视频建立该人物模型，最终根据输入的音频，生成该数字人形象的口播视频。,2025-3,generative ai,境内深度合成服务算法备案清单（2025年3月）.docx
天纪云大数据中医诊断及体检深度合成算法,服务提供者,天纪智测（北京）科技有限公司,天纪云(小程序),应用于文本生成场景，根据用户输入的症状描述文本和舌面诊照片，生成相应的诊断文本内容，实现健康咨询功能。,2025-3,generative ai,境内深度合成服务算法备案清单（2025年3月）.docx
优必选教案辅助生成文生文算法,服务提供者,深圳市优必选科技股份有限公司,行知元项(网站),应用于文本生成场景，根据用户输入的文本，生成符合教师需求的项目式教学脑图与方案大纲等文本内容。,2025-3,generative ai,境内深度合成服务算法备案清单（2025年3月）.docx
猿辅导AI写作生成合成算法,服务提供者,广州九举科技有限公司,猿辅导素养课(APP),应用于文本生成场景，根据用户输入语音转换的文本，生成相应的文本内容，并转换为语音输出。,2025-3,generative ai,境内深度合成服务算法备案清单（2025年3月）.docx
蝌蚪之家文本生成算法,服务提供者,胆拖数据服务（上海）有限公司,蝌蚪之家(APP),应用于文本生成场景，根据用户输入的句子、段落或整篇文章，生成相应的文本内容，实现内容创作和数据分析等功能。,2025-3,generative ai,境内深度合成服务算法备案清单（2025年3月）.docx
影趣语音驱动视频合成算法,服务提供者,杭州影趣互联网科技有限公司,影分身(APP),应用于视频生成场景，根据用户输入的人物视频和语音，生成人脸动作嘴型与语音匹配的视频。,2025-3,generative ai,境内深度合成服务算法备案清单（2025年3月）.docx
星罗语音合成和识别算法,服务技术支持者,厦门星罗网络科技有限公司,--,应用于语音合成和识别场景，服务于企业端客户，根据用户输入的文本和选择预制的发音角色，生成相应的音频；根据用户输入的音频，生成相应的回复文本。,2025-3,generative ai,境内深度合成服务算法备案清单（2025年3月）.docx
TCL云创大模型算法,服务提供者,深圳市TCL云创科技有限公司,AI智学(APP),应用于文本图像生成场景，根据用户输入的文本或语音转换后的文本，生成相应的文本或图像内容，实现文生文、文生图等功能。,2025-3,generative ai,境内深度合成服务算法备案清单（2025年3月）.docx
法观法律内容生成算法,服务提供者,数智枫桥（北京）信息技术研究院有限公司,法观(网站),应用于文本生成场景，根据用户输入的法律咨询问题文本，生成法律建议、分析报告和法律文档等，实现法律文档分析、案件预测及法律咨询等服务。,2025-3,generative ai,境内深度合成服务算法备案清单（2025年3月）.docx
中移互联语音通话速记大模型算法,服务提供者,中移互联网有限公司,5G新通话-AI速记(网站),应用于文本生成场景，根据用户输入的通话语音转写成的文本，生成对话摘要、待办事项、关键词等文本内容。,2025-3,generative ai,境内深度合成服务算法备案清单（2025年3月）.docx
万相对话文本生成算法,服务提供者,深圳市迅雷网络技术有限公司,怦怦(APP),应用于文本生成场景，根据用户输入的文本内容，进行语义解析和上下文关联分析，生成应景、暖心、积极正能量的文本回复，为用户提供个性化的智能对话聊天服务。,2025-3,generative ai,境内深度合成服务算法备案清单（2025年3月）.docx
星空教育大模型课堂质量诊断算法,服务提供者,北京竞业达数码科技股份有限公司,星空教育大模型课堂质量诊断算法(网站),应用于智能对话场景，根据用户输入的文本，生成符合用户需求的文本回复。,2025-3,generative ai,境内深度合成服务算法备案清单（2025年3月）.docx
言途文本信息合成算法,服务提供者,深圳芝麻开花节节高科技有限公司,言途(APP),应用于智能对话场景，根据用户输入的文本，生成符合用户需求的文本回复。,2025-3,generative ai,境内深度合成服务算法备案清单（2025年3月）.docx
智产大模型生成算法,服务提供者,浪潮工创（山东）智能制造有限公司,智产大模型(网站),应用于对话生成场景，根据用户输入的文本内容、文档数据，结合用户历史对话数据，生成符合用户意图的回复文本。,2025-3,generative ai,境内深度合成服务算法备案清单（2025年3月）.docx
新语生成式大模型算法,服务提供者,新华融合媒体科技发展(北京)有限公司,新华新语(网站),应用于文本生成场景，根据用户输入的指令或数据文本，生成符合新闻写作和发布要求的文本内容，帮助用户进行智能新闻内容写作、新闻素材分析、新闻标题生成等新闻智能辅助生产工作。,2025-3,generative ai,境内深度合成服务算法备案清单（2025年3月）.docx
添可智能大模型算法,服务提供者,添可智能科技有限公司,食万料理机(其他),应用于对话生成场景，根据用户输入的烹饪需求文本或语音，生成相关菜肴的烹饪方法或料理机烹饪该菜肴的操作流程。,2025-3,generative ai,境内深度合成服务算法备案清单（2025年3月）.docx
厚德明心心理大模型算法,服务提供者,厚德明心(北京)科技有限公司,群星AI(APP),应用于对话生成场景，根据用户输入的文本，结合历史对话记录，生成相应的文本回复，实现情感支持对话、个人陪伴对话和心理学知识问答等功能。,2025-3,generative ai,境内深度合成服务算法备案清单（2025年3月）.docx
星空教育大模型智能答疑对话生成算法,服务提供者,北京竞业达数码科技股份有限公司,星空教育大模型智能答疑对话生成算法(网站),应用于对话生成场景，根据用户输入的文本，生成教育领域相关的回复文本。,2025-3,generative ai,境内深度合成服务算法备案清单（2025年3月）.docx
EconMGT经管学科大模型算法,服务提供者,中央财经大学,EconMGT经管学科大模型(网站),应用于对话生成场景，根据用户输入的文本信息，生成经管学科领域相关的回复文本，提供智能教学问答、个性化学习辅导等服务。,2025-3,generative ai,境内深度合成服务算法备案清单（2025年3月）.docx
梵霖智影生成合成算法-1,服务提供者,北京梵霖未来科技有限公司,梵霖工作室(网站)、霖声宝(小程序),应用于语音合成、数字人视频生成场景，针对用户输入的文本、音频数据，生成具有指定音色的音频；针对用户输入的音频、图像、视频数据，生成相应的数字人视频。,2025-3,generative ai,境内深度合成服务算法备案清单（2025年3月）.docx
梵霖智影生成合成算法-2,服务技术支持者,北京梵霖未来科技有限公司,--,应用于语音合成、数字人视频生成场景，服务于企业端客户，针对用户输入的文本、音频数据，生成具有指定音色的音频；针对用户输入的音频、图像、视频数据，生成相应的数字人视频。,2025-3,generative ai,境内深度合成服务算法备案清单（2025年3月）.docx
RexMedia图像生成算法,服务提供者,上海盒礼网络技术服务有限公司,RexMedia(网站),应用于图像生成场景，根据用户输入的文本、图像，生成相应的图像内容。,2025-3,generative ai,境内深度合成服务算法备案清单（2025年3月）.docx
潮信音乐音频合成算法,服务提供者,上海聊聊网络科技有限公司,潮信音乐生成平台(网站),应用于音乐生成场景，根据用户输入的文本，生成满足用户描述的音乐。,2025-3,generative ai,境内深度合成服务算法备案清单（2025年3月）.docx
TETRAS慧灵生成合成算法,服务技术支持者,深圳市慧鲤科技有限公司,--,应用于文本音频生成场景，服务于企业端客户，根据用户输入的多模态信息，生成相应的文本、音频内容。,2025-3,generative ai,境内深度合成服务算法备案清单（2025年3月）.docx
宜家AI购物助手算法,服务提供者,宜家电子商务（中国）有限公司,宜家门店助手(小程序)、IKEA宜家家居(APP)、IKEA 宜家家居(小程序),应用于对话生成场景，根据用户输入的线上购物咨询问题文本，生成商品介绍、商品推荐、商品对比分析结果、商品的用户评价等回复文本。,2025-3,generative ai,境内深度合成服务算法备案清单（2025年3月）.docx
爱心理心理识别干预内容生成算法,服务提供者,北京白泽京智科技有限公司,爱心理AI心理健康平台(网站)、AI心理实验室(小程序),应用于文本生成场景，根据用户输入的绘画图像或心理学相关问题文本，生成绘画内容投射的心理特征、人格特质等文本描述或心理学专业知识文本。,2025-3,generative ai,境内深度合成服务算法备案清单（2025年3月）.docx
子墨AI内容生成算法,服务提供者,派派数字人（深圳）科技有限公司,子墨AI(网站),应用于文本生成场景，根据用户输入的商品名称并指定营销内容类型，生成相应的商品营销文案、营销话术等文本内容。,2025-3,generative ai,境内深度合成服务算法备案清单（2025年3月）.docx
超数cs视觉大模型算法-1,服务提供者,福建超数科技有限公司,小可(APP),应用于文本生成场景，根据用户输入的图像，生成图像相应文本描述。,2025-3,generative ai,境内深度合成服务算法备案清单（2025年3月）.docx
精准学端到端语音生成算法,服务提供者,浙江精准学科技有限公司,精准学AI辅学营(小程序)、精准学AI辅学营(APP)、精准学AI辅学营(网站),应用于音频生成场景，根据用户输入的语音提问，生成相应的语音回答。,2025-3,generative ai,境内深度合成服务算法备案清单（2025年3月）.docx
爬越图片生成算法,服务提供者,广州爬越科技有限公司,画语者(网站),应用于图像生成场景，根据用户输入的文本，生成相应的图像内容。,2025-3,generative ai,境内深度合成服务算法备案清单（2025年3月）.docx
首因涉案未成年人心理辅导记录分析算法,服务提供者,南京首因教育科技有限公司,法启新程(小程序),应用于文本生成场景，根据用户输入的涉案未成年人心理辅导记录文本，生成其心理状态及存在问题等分析文本。,2025-3,generative ai,境内深度合成服务算法备案清单（2025年3月）.docx
未陌大模型算法,服务技术支持者,微米创想科技（北京）有限公司,--,应用于文本生成场景，服务于企业端客户，根据用户输入的文本，生成智能客服、办公辅助、内容创作等领域相关的文本内容。,2025-3,generative ai,境内深度合成服务算法备案清单（2025年3月）.docx
脉兴重症专科文本生成算法,服务提供者,杭州脉兴医疗科技有限公司,ICU-GPT(网站)、AI临床决策支持系统(APP),应用于文本生成场景，根据用户输入的病例记录、检查报告等文本数据，生成结构化的医学文档、病情总结和治疗建议等文本内容。,2025-3,generative ai,境内深度合成服务算法备案清单（2025年3月）.docx
医声日记智能问答算法,服务提供者,北京云基层健康科技有限公司,医声日记(APP),应用于对话生成场景，根据用户输入的健康咨询问题等文本信息，生成医疗健康领域相关的回复文本。,2025-3,generative ai,境内深度合成服务算法备案清单（2025年3月）.docx
AI小P出行服务生成合成类XGPT算法-1,服务提供者,广州智鹏车联网科技有限公司,AI小P(APP),应用于对话生成场景，根据用户输入的文本、图片信息，生成相应的回复文本或图像信息，播报或展示给用户。,2025-3,generative ai,境内深度合成服务算法备案清单（2025年3月）.docx
小对象文本生成算法,服务提供者,深圳市乐唯科技开发有限公司,小对象(APP),应用于智能对话场景，根据用户输入的文本，生成相应的文本或语音内容。,2025-3,generative ai,境内深度合成服务算法备案清单（2025年3月）.docx
钛镁AI多模态内容生成合成算法-1,服务技术支持者,上海钛镁网络科技有限公司,--,应用于文本、图像生成场景，服务于企业端客户，根据用户输入的文本或图像，生成相应的文本或图像，实现文生文、文生图功能。,2025-3,generative ai,境内深度合成服务算法备案清单（2025年3月）.docx
瑞庭AI图片生成算法,服务提供者,瑞庭网络技术（上海）有限公司,移动经纪人(APP),应用于图像生成场景，根据用户上传的照片和模板图片，生成符合用户个性化需求的形象照。,2025-3,generative ai,境内深度合成服务算法备案清单（2025年3月）.docx
文化小脑多模态生成算法,服务技术支持者,上海东方怡动数字科技有限公司,--,应用于文本图像生成场景，服务于企业端客户，根据用户输入的文本描述或图像，生成文化服务领域相关的文本或图像。,2025-3,generative ai,境内深度合成服务算法备案清单（2025年3月）.docx
正和岛照片数字人算法,服务提供者,北京正和岛信息科技有限公司,正和岛(APP)、正和岛(小程序),应用于数字人生成场景，根据用户输入的人像照片，生成相应的数字人3D模型。,2025-3,generative ai,境内深度合成服务算法备案清单（2025年3月）.docx
仲帆PreWrite算法,服务提供者,南京仲帆数字科技有限公司,量子喵(网站),应用于文本生成场景，根据用户输入的论文文本内容，生成论文选题、大纲、内容指导建议等。,2025-3,generative ai,境内深度合成服务算法备案清单（2025年3月）.docx
鲲言AI设计图生成算法,服务提供者,上海鲲言智能科技有限公司,鲲言AI设计平台(网站)、鲲言AI设计平台(APP),应用于图像生成场景，根据用户输入的文本描述或图像，生成符合用户预期的图像，实现图像生成与编辑、图片修复与增强、艺术与设计辅助等功能。,2025-3,generative ai,境内深度合成服务算法备案清单（2025年3月）.docx
萤石虚拟数字人算法-1,服务提供者,杭州萤石软件有限公司,萤石AI图影工坊(小程序)、萤石云视频(APP)、萤石智能助眠枕(小程序)、晴小豆(APP)、萤石智家(APP)、萤石语音助手(小程序)、萤石派(APP)、萤石健康(APP)、萤石数字人名片小程序(小程序)、萤石智居AI图影工坊(小程序)、萤石智居服务助手(小程序),应用于数字人生成场景，根据用户输入的文本、图像、音频、视频内容，生成相应的虚拟数字人，实现智能机器人对话、智能客服、虚拟数字人互动等功能。,2025-3,generative ai,境内深度合成服务算法备案清单（2025年3月）.docx
ChatZOC眼科文本生成算法,服务提供者,中山大学中山眼科中心,ChatZOC(APP)、ChatZOC(小程序)、ChatZOC(网站),应用于智能对话场景，根据用户输入的文本，生成相应的文本回复，主要面向眼科医疗领域。,2025-3,generative ai,境内深度合成服务算法备案清单（2025年3月）.docx
萤石虚拟数字人算法-2,服务技术支持者,杭州萤石软件有限公司,--,应用于数字人生成场景，服务于企业端客户，根据用户输入的文本、图像、音频、视频内容，生成相应的虚拟数字人，实现智能机器人对话、智能客服、虚拟数字人互动等功能。,2025-3,generative ai,境内深度合成服务算法备案清单（2025年3月）.docx
优必选UGOT机器人AI语音对话算法,服务提供者,深圳市优必选科技股份有限公司,UGOT机器人(其他),应用于智能对话场景，根据用户输入的语音，生成相应的文本回复，通过语音合成技术向用户输出语音。,2025-3,generative ai,境内深度合成服务算法备案清单（2025年3月）.docx
点字成画多模态内容生成合成算法,服务提供者,北京点字成画科技有限公司,数字工坊(APP)、星予(APP)、绿小宝(APP)、写作高手(APP)、灵境(APP)、会影(APP),应用于多模态内容生成场景，根据用户输入的文本、图像，生成相应的文本、图像、视频、音频内容。,2025-3,generative ai,境内深度合成服务算法备案清单（2025年3月）.docx
天目山实验室材料学术内容生成合成算法,服务提供者,天目山实验室,IDM实验室材料领域大语言模型Alpha平台(网站),应用于文本生成场景，根据用户输入的咨询问题，生成材料类学术论文相关的文本内容。,2025-3,generative ai,境内深度合成服务算法备案清单（2025年3月）.docx
璇玑玉衡健康服务内容生成算法,服务技术支持者,卓世科技（海南）有限公司,--,应用于文本生成场景，服务于企业端客户，根据用户输入的健康相关问题、症状描述等文本数据，生成医疗建议、诊断参考、护理指导、康养计划等文本结果。,2025-3,generative ai,境内深度合成服务算法备案清单（2025年3月）.docx
UOSAI大模型算法,服务提供者,统信软件技术有限公司,UOS AI(APP),应用于文本生成场景，根据用户输入的文本指令，生成符合上下文和任务场景的文本内容。,2025-3,generative ai,境内深度合成服务算法备案清单（2025年3月）.docx
天盈大模型合成算法,服务技术支持者,成都天盈宝科技有限责任公司,--,应用于文本生成场景，服务于企业端客户，根据用户输入的提问文本、主题描述等信息，生成符合用户需求的文本内容，实现问题解答、内容创作等功能。,2025-3,generative ai,境内深度合成服务算法备案清单（2025年3月）.docx
博智酝育AI小智文本生成算法,服务提供者,北京博智酝育医疗科技有限公司,AI小智(APP)、AI小智(网站)、AI小智(小程序),应用于智能对话场景，根据用户输入的文本，生成相应的文本回复，主要面向母婴健康领域。,2025-3,generative ai,境内深度合成服务算法备案清单（2025年3月）.docx
一城一家内容生成算法,服务提供者,一城一家网络科技有限公司,e城e家生活馆(小程序)、新奥95158网厅(小程序)、e城e家(APP)、e城e家营业厅(小程序),应用于文本语音生成场景，根据用户输入的文本、语音，生成相应的文本、语音内容。,2025-3,generative ai,境内深度合成服务算法备案清单（2025年3月）.docx
万流金融资讯生成算法,服务提供者,上海应帆数字科技有限公司,万流智慧金融信息运营平台(网站),应用于文本生成场景，根据用户输入的文本，生成相应的文本内容，主要面向金融领域。,2025-3,generative ai,境内深度合成服务算法备案清单（2025年3月）.docx
小狮子交互大模型算法-1,服务提供者,北京明日智语科技有限公司,小狮子AI私教(APP),应用于智能对话场景，根据用户输入的语音，生成相应的文本回复，通过语音合成技术向用户输出语音。,2025-3,generative ai,境内深度合成服务算法备案清单（2025年3月）.docx
Grammarly智能文本合成算法,服务提供者,青岛优源露合信息咨询有限公司,grammarlyai(网站),应用于文本生成场景，根据用户输入的文字内容，生成相应的文本信息，实现英文写作、英文纠错、工作事务处理、代码生成、代码纠错、文本润色、文本纠错等功能。,2025-3,generative ai,境内深度合成服务算法备案清单（2025年3月）.docx
微言多模态内容生成算法,服务提供者,微引网络科技（福建）有限公司,微言Chat(网站),应用于多模态内容生成场景，根据用户输入的文本、图像信息，生成符合用户预期的文本、音频、图像、视频内容。,2025-3,generative ai,境内深度合成服务算法备案清单（2025年3月）.docx
萤石音乐生成算法,服务提供者,杭州萤石软件有限公司,萤石AI图影工坊(小程序)、萤石云视频(APP)、萤石智能助眠枕(小程序)、晴小豆(APP)、萤石智家(APP)、萤石语音助手(小程序)、萤石派(APP)、萤石健康(APP),应用于音频生成场景，根据用户输入的歌曲旋律、风格、适用场景等文本描述及歌词文本，生成相应的音乐音频。,2025-3,generative ai,境内深度合成服务算法备案清单（2025年3月）.docx
工匠NornAI智能算法,服务提供者,贵州工匠行科技有限公司,NornAI智能体e工匠行(小程序),应用于对话生成场景，根据用户输入的文本内容，生成企业人力资源管理和求职者就业相关的回复文本。,2025-3,generative ai,境内深度合成服务算法备案清单（2025年3月）.docx
万华材料大模型算法,服务提供者,万华化学集团股份有限公司,万华材料智能助手(小程序)、万华材料智能助手(网站),应用于对话生成场景，根据用户输入的咨询文本，生成化工材料领域相关的信息和建议。,2025-3,generative ai,境内深度合成服务算法备案清单（2025年3月）.docx
百川教育大模型算法,服务技术支持者,北京百川智能科技有限公司,--,应用于文本生成场景，服务于企业端客户，根据用户输入的文本，生成相应的文本内容。,2025-3,generative ai,境内深度合成服务算法备案清单（2025年3月）.docx
元泰农业内容生成大模型算法,服务技术支持者,河北元泰数农科技有限责任公司,--,应用于文本生成场景，服务于企业端客户，根据用户输入的文本，生成相应的文本内容，主要面向农业领域。,2025-3,generative ai,境内深度合成服务算法备案清单（2025年3月）.docx
腾讯音乐文生图合成算法,服务提供者,腾讯音乐娱乐（深圳）有限公司,QQ音乐(APP)、全民K歌(APP),应用于图像生成场景，根据用户输入的文本，生成相应的图像内容。,2025-3,generative ai,境内深度合成服务算法备案清单（2025年3月）.docx
星空教育大模型音频生成算法,服务提供者,北京竞业达数码科技股份有限公司,星空教育大模型音频生成算法(网站),应用于文本、音频生成场景，根据用户输入的文本，生成相应的文本、音频内容。,2025-3,generative ai,境内深度合成服务算法备案清单（2025年3月）.docx
星空教育大模型知识图谱生成算法,服务提供者,北京竞业达数码科技股份有限公司,星空教育大模型知识图谱生成算法(网站),应用于文本、图像生成场景，根据用户输入的文本，生成相应的文本、图像内容。,2025-3,generative ai,境内深度合成服务算法备案清单（2025年3月）.docx
翼绘AI内容生成算法-2,服务技术支持者,广州冠岳网络科技有限公司,--,应用于多模态生成场景，服务于企业端客户，根据用户输入的文本、图像，生成相应的文本、图像、视频内容。,2025-3,generative ai,境内深度合成服务算法备案清单（2025年3月）.docx
星问人工智能教育垂直大模型算法,服务技术支持者,天津星问数据科技有限公司,--,应用于文本生成场景，服务于企业端客户，根据用户输入的题目描述、解题步骤、答案等文本及图像数据，生成相应的错误分析和题解思路文本。,2025-3,generative ai,境内深度合成服务算法备案清单（2025年3月）.docx
像数人幻像多模态大模型算法,服务提供者,杭州像数人科技有限公司,幻像(APP)、AI幻像(小程序),应用于图像、视频生成场景，根据用户输入的文本、图像，生成相应的图像、视频。,2025-3,generative ai,境内深度合成服务算法备案清单（2025年3月）.docx
心流文本生成服务算法,服务提供者,杭州优卖网络科技有限公司,心流AI助手(公众账号),应用于文本生成场景，根据用户输入的问题文本，生成准确、得体的文本内容，实现智能问答、论文总结、AI写作等功能。,2025-3,generative ai,境内深度合成服务算法备案清单（2025年3月）.docx
松果智能文本生成算法,服务提供者,北京正气和健康科技有限公司,松果健康(APP),应用于文本生成场景，根据用户输入的文本内容，生成健康领域相关的文本。,2025-3,generative ai,境内深度合成服务算法备案清单（2025年3月）.docx
秋月白XiMuForScience生成式模型算法-2,服务提供者,硒钼科技（北京）有限公司,秋月白（XiMuForScience）(网站),应用于文本生成场景，根据用户输入的文本内容，生成科学计算相关的知识文本。,2025-3,generative ai,境内深度合成服务算法备案清单（2025年3月）.docx
明果科技心理咨询疗愈深度合成算法,服务提供者,北京明果科技有限公司,小雀幸(APP),应用于对话生成场景，根据用户输入的问题文本，生成相应的文本回复，为用户提供个性化的心理疗愈服务。,2025-3,generative ai,境内深度合成服务算法备案清单（2025年3月）.docx
优悦数创内容深度合成类算法,服务提供者,成都优悦数创科技有限公司,月记管家(APP)、奇迹键盘(APP),应用于文本生成场景，根据用户输入的问题文本，生成相应的建议、计划、注意事项等文本回复。,2025-3,generative ai,境内深度合成服务算法备案清单（2025年3月）.docx
知行知识服务内容生成算法,服务提供者,明行科技(北京)有限公司,知行(网站),应用于智能对话场景，根据用户输入的文本，生成相应的文本回复。,2025-3,generative ai,境内深度合成服务算法备案清单（2025年3月）.docx
深瞳灵感跨模态大模型算法-1,服务提供者,北京格灵深瞳信息技术股份有限公司,格灵深瞳-灵感(网站),应用于文本生成场景，根据用户输入的文本、图像、视频，生成相应的文本内容，实现视频理解、图像理解等功能。,2025-3,generative ai,境内深度合成服务算法备案清单（2025年3月）.docx
乐校AI大模型算法,服务提供者,北京乐校科技有限公司,乐校AI大模型算法(网站),应用于智能对话场景，根据用户输入的文本，生成相应的文本回复。,2025-3,generative ai,境内深度合成服务算法备案清单（2025年3月）.docx
小智师生成合成算法,服务提供者,容县雪人儿数码科技店（个体工商户）,智师通(网站),应用于文本生成场景，根据用户输入的文本，生成相应的文本内容，用于内容创作、社交媒体管理、新闻编辑、营销文案等。,2025-3,generative ai,境内深度合成服务算法备案清单（2025年3月）.docx
高途闪学AI深度合成算法,服务提供者,广州高途科技有限公司,高途(APP),应用于对话生成场景，根据用户输入的语音信息，生成符合上下文语境的口语对话内容。,2025-3,generative ai,境内深度合成服务算法备案清单（2025年3月）.docx
浪潮云创水利大模型算法,服务技术支持者,山东浪潮云创数字技术有限公司,--,应用于文本生成场景，服务于企业端客户，根据用户输入的问题文本，生成水利行业相关的文本内容，实现水利基础知识和联网搜索助手、水利建设市场监管平台客服助手、防汛会商助手、智能办公助手、模拟降雨预测生成等功能。,2025-3,generative ai,境内深度合成服务算法备案清单（2025年3月）.docx
阿里云云安全中心智能助手内容生成算法,服务提供者,通义云启（杭州）信息技术有限公司,云安全中心智能助手(APP),应用于对话生成场景，根据用户输入的文本描述，生成相应的文本回复。,2025-3,generative ai,境内深度合成服务算法备案清单（2025年3月）.docx
半导千问文本生成算法,服务提供者,厦门爱问芯科技有限公司,半导千问(小程序),应用于文本生成场景，根据用户输入的问题文本，生成半导体或电子行业相关的文本内容，为用户提供半导体及电子行业的咨询服务。,2025-3,generative ai,境内深度合成服务算法备案清单（2025年3月）.docx
微大夫医疗大模型算法,服务提供者,广州基医云计算有限公司,基药云店(小程序),应用于对话生成场景，根据用户输入的咨询文本或音频，生成医疗健康领域相关的回复内容，为用户提供智能问诊、健康咨询、疾病症状分析、医学文章推荐、智能助手等服务。,2025-3,generative ai,境内深度合成服务算法备案清单（2025年3月）.docx
安恒恒脑安全垂域大模型算法,服务提供者,杭州安恒信息技术股份有限公司,恒脑体验中心(小程序)、恒脑智能门户(网站),应用于智能对话场景，根据用户输入的文本，生成相应的文本回复，主要面向安全领域。,2025-3,generative ai,境内深度合成服务算法备案清单（2025年3月）.docx
飞语大模型算法,服务提供者,北京中科凡语科技有限公司,飞语文档助手(网站),应用于文本生成场景，根据用户输入的文本，生成相应的文本内容。,2025-3,generative ai,境内深度合成服务算法备案清单（2025年3月）.docx
清若AI数字人视频深度合成算法,服务提供者,梁溪区索涂网络科技工作室（个体工商户）,清若AI(小程序),应用于数字人生成场景，根据用户上传的照片或视频，与文字生成的语音控制嘴型进行面部融合，生成具备特定音色和人物形象的数字人视频。,2025-3,generative ai,境内深度合成服务算法备案清单（2025年3月）.docx
青椒课堂AI智能测评算法,服务提供者,北京红亚华宇科技有限公司,青椒课堂测评平台(网站),应用于智能对话场景，根据用户输入的知识点、关键字或相关题目等文本，生成相应的测试题目文本。,2025-3,generative ai,境内深度合成服务算法备案清单（2025年3月）.docx
网科文生大模型算法,服务技术支持者,网科鸿欣（上海）数字科技有限公司,--,应用于文本生成场景，服务于企业端客户，根据用户输入的文本，生成相应的文本内容。,2025-3,generative ai,境内深度合成服务算法备案清单（2025年3月）.docx
FURAI毛小爱宠物医疗健康文本生成合成算法,服务提供者,毛孩子关爱（成都）科技有限公司,宠医助手(网站),应用于文本生成场景，根据用户输入的宠物健康咨询文本，生成宠物健康相关的建议与指导。,2025-3,generative ai,境内深度合成服务算法备案清单（2025年3月）.docx
易安能环境大模型算法,服务提供者,易安能（浙江）物联技术有限公司,易安能(网站),应用于智能对话场景，根据用户输入的文本，生成相应的文本回复，主要面向环境领域。,2025-3,generative ai,境内深度合成服务算法备案清单（2025年3月）.docx
广州后知后觉人力资源信息咨询生成合成类算法,服务技术支持者,广州后知后觉信息咨询有限公司,--,应用于文本生成场景，服务于企业端客户，根据用户输入的文本或语音，生成相应的文本内容。,2025-3,generative ai,境内深度合成服务算法备案清单（2025年3月）.docx
如意AI健康管理异常指标识别算法,服务技术支持者,成都美佑医疗科技有限公司,--,应用于文本生成场景，服务于企业端客户，根据用户输入的体检结果文本数据，抽取出异常的描述和病例等文本信息。,2025-3,generative ai,境内深度合成服务算法备案清单（2025年3月）.docx
优志愿ChatU文本生成合成算法,服务提供者,上海亿阁科技有限公司,优志愿(APP),应用于文本生成场景，根据用户输入的咨询文本，生成高校政策、高校分数、各行业专业、高考政策、生涯规划、各考试院信息等高考志愿填报相关文本内容。,2025-3,generative ai,境内深度合成服务算法备案清单（2025年3月）.docx
帆书智能找书生成算法,服务提供者,上海黄豆网络科技有限公司,帆书(APP),应用于文本生成场景，根据用户输入的咨询文本，生成相应的推荐文案或解答文本。,2025-3,generative ai,境内深度合成服务算法备案清单（2025年3月）.docx
百川教育大模型多模态算法,服务技术支持者,北京百川智能科技有限公司,--,应用于文本音频生成场景，服务于企业端客户，根据用户输入的文本、图像、音频，生成符合用户需求的文本、音频回复。,2025-3,generative ai,境内深度合成服务算法备案清单（2025年3月）.docx
技威多模态内容生成算法,服务提供者,深圳技威时代科技有限公司,有看头(APP),应用于文本生成场景，根据用户摄像头产生的图像、视频数据，生成相应文本内容摘要，实现图像描述、视频描述功能。,2025-3,generative ai,境内深度合成服务算法备案清单（2025年3月）.docx
APUS岐黄大模型应用算法-1,服务技术支持者,麒麟合盛网络技术股份有限公司,--,应用于文本生成场景，服务于企业端客户，根据用户输入的咨询文本，生成健康、饮食、运动、心理、科室、药物等相关的建议文本。,2025-3,generative ai,境内深度合成服务算法备案清单（2025年3月）.docx
营赛洞见文本内容生成大模型算法,服务提供者,深圳市东信云科技有限公司,营赛洞见(网站),应用于文本生成场景，根据用户输入的文本，生成相应的文本内容，实现营销领域的文案生成功能。,2025-3,generative ai,境内深度合成服务算法备案清单（2025年3月）.docx
小宝快长保教建议生成合成算法,服务提供者,昆山众易达信息科技有限公司,小宝快长(APP),应用于文本生成场景，根据老师提供学生的身高、体重、行为表现等描述文本，生成相应的保教建议文本。,2025-3,generative ai,境内深度合成服务算法备案清单（2025年3月）.docx
小先先睿智语文生文算法,服务提供者,常州市小先信息技术有限公司,科小宝(APP),应用于文本生成场景，根据用户输入的文本或图像，生成符合儿童认知水平和兴趣爱好的文本内容。,2025-3,generative ai,境内深度合成服务算法备案清单（2025年3月）.docx
三象AI内容创作算法,服务提供者,深圳市三象智能技术有限公司,BextAI(网站),应用于多模态内容生成场景，根据用户输入的文本或图像，生成广告创意、市场营销、社交媒体内容生成、客户服务、户外媒体广告等领域相关的图像、文本及多模态内容。,2025-3,generative ai,境内深度合成服务算法备案清单（2025年3月）.docx
中教智网教育大模型算法,服务提供者,中教智网（北京）信息技术有限公司,掌上考研(APP)、掌上高考(网站)、掌上考研(网站)、掌上高考(APP),应用于对话生成场景，根据用户输入的问题文本，生成教育领域相关的文本回复。,2025-3,generative ai,境内深度合成服务算法备案清单（2025年3月）.docx
中科智源物流AI多模态内容生成算法,服务提供者,中科富创（贵州）智能技术有限公司,中科智源大模型开放平台(网站),应用于文本图像生成场景，根据用户输入的文本、图像，生成相应的文本、图像内容。,2025-3,generative ai,境内深度合成服务算法备案清单（2025年3月）.docx
YOYO智能旅游多模态算法,服务提供者,上海优呦智侣科技有限公司,YOYO智能旅游助手(小程序)、YOYO智能旅游助手(网站)、YOYO智能旅游助手(APP),应用于智能对话场景，根据用户输入的文本、图像、音频，生成符合用户需求的文本、图像、音频内容，提供旅游信息和建议。,2025-3,generative ai,境内深度合成服务算法备案清单（2025年3月）.docx
雄狮LionCarmind智能车云服务生成合成算法-1,服务技术支持者,芜湖雄狮汽车科技有限公司,--,应用于文本图像生成场景，服务于企业端客户，根据用户输入的文本数据，生成相应的文本或图像，实现智能问询、车辆控制、健康监测及娱乐互动等功能。,2025-3,generative ai,境内深度合成服务算法备案清单（2025年3月）.docx
沧海观止智能体算法,服务技术支持者,杭州沧海观止科技有限公司,--,应用于文本生成场景，服务于企业端客户，根据用户输入的文本，生成相应的文本内容。,2025-3,generative ai,境内深度合成服务算法备案清单（2025年3月）.docx
沧海观止检索增强生成算法,服务技术支持者,杭州沧海观止科技有限公司,--,应用于文本生成场景，服务于企业端客户，根据用户输入的文本数据，生成相应的文本内容，具备文本内容搜索与溯源、文本增强检索、知识问答、文本写作、生成文章摘要、生成标签等功能。,2025-3,generative ai,境内深度合成服务算法备案清单（2025年3月）.docx
观薇中医多模态交互式内容生成算法,服务提供者,观薇智能科技（北京）有限公司,玄黄AI望面(APP),应用于文本生成场景，根据用户输入的健康问卷、面部或舌象图像、语音等数据，生成个性化健康评估、健康管理建议方案。,2025-3,generative ai,境内深度合成服务算法备案清单（2025年3月）.docx
言创AI大模型算法,服务提供者,言创智信（北京）科技有限公司,悟东(APP)、言创AI大模型(网站),应用于文本生成场景，根据用户输入的文本，生成相应的文本内容。,2025-3,generative ai,境内深度合成服务算法备案清单（2025年3月）.docx
客易云数字人克隆算法-1,服务技术支持者,泰安市去哪啊互联网信息咨询有限公司,--,应用于数字人视频生成场景，服务于企业端客户，根据用户输入的文本、音频和人脸图像、视频，生成唇形同步的数字人短视频。,2025-3,generative ai,境内深度合成服务算法备案清单（2025年3月）.docx
一炬科技智能体算法,服务提供者,深圳一炬科技有限公司,达蒙(APP)、达蒙Q100AI家庭通用机器人(其他),应用于文本、图像、音频生成场景，根据用户输入的文本、音频，生成相应的文本、图像、音频内容。,2025-3,generative ai,境内深度合成服务算法备案清单（2025年3月）.docx
规律未来智慧法律文本生成算法-1,服务技术支持者,规律未来（广州）智能技术有限公司,--,应用于文本生成场景，服务于企业端客户，根据用户输入的文本，生成相应的文本内容，主要面向法律领域。,2025-3,generative ai,境内深度合成服务算法备案清单（2025年3月）.docx
悦品盛荣观问乐大模型算法,服务提供者,北京悦品盛网络科技有限公司,荣观ai(小程序)、荣观(APP),应用于智能对话场景，根据用户输入的文本，生成相应的文本回复。,2025-3,generative ai,境内深度合成服务算法备案清单（2025年3月）.docx
烽利AI图像生成算法,服务提供者,佛山市烽利科技有限公司,AI高清壁纸大全(小程序),应用于图像生成场景，根据用户输入的文本信息，生成对应的图像结果。,2025-3,generative ai,境内深度合成服务算法备案清单（2025年3月）.docx
厦门虹约原物生成合成算法,服务技术支持者,厦门市虹约产品设计有限公司,--,应用于文本生成场景，服务于企业端客户，根据用户输入的文本，生成轻工领域设计相关的文本建议。,2025-3,generative ai,境内深度合成服务算法备案清单（2025年3月）.docx
厦门虹约智体产品设计生成合成算法,服务技术支持者,厦门市虹约产品设计有限公司,--,应用于图像生成场景，服务于企业端客户，根据用户输入的文本信息，生成轻工业领域相关的图像结果。,2025-3,generative ai,境内深度合成服务算法备案清单（2025年3月）.docx
小墨鹰AI文本内容生成算法,服务提供者,河南九鲸网络科技有限公司,小墨鹰编辑器(网站),应用于文本生成场景，根据用户输入的文本，生成相应的文本内容。,2025-3,generative ai,境内深度合成服务算法备案清单（2025年3月）.docx
中教畅享视频生成算法,服务提供者,中教畅享科技股份有限公司,中教畅享(网站),应用于视频生成场景，根据用户输入的文本、音频描述，生成相应的视频内容；根据用户输入的图像、视频，生成相应的数字人视频内容。,2025-3,generative ai,境内深度合成服务算法备案清单（2025年3月）.docx
银盾云生成合成算法,服务提供者,浙江银盾云科技有限公司,炼丹侠AI服务平台(网站),应用于图像生成场景，根据用户输入的文本、图像，生成相应的图像内容。,2025-3,generative ai,境内深度合成服务算法备案清单（2025年3月）.docx
上海银行AI手机银行大模型算法,服务提供者,上海银行股份有限公司,上海银行手机银行(APP),应用于智能对话场景，根据用户输入的文本，生成相应的文本回复。,2025-3,generative ai,境内深度合成服务算法备案清单（2025年3月）.docx
首因涉案未成年人在校行为识别算法,服务提供者,南京首因教育科技有限公司,法启新程(小程序),应用于文本生成场景，根据采集到的视频图像，识别出人物行走、跑步等行为特征，生成相应的文本报告。,2025-3,generative ai,境内深度合成服务算法备案清单（2025年3月）.docx
GroundingDINO开放词表目标检测算法,服务技术支持者,粤港澳大湾区数字经济研究院（国际先进技术应用推进中心（深圳））,--,应用于目标检测场景，服务于企业端客户，根据用户输入的文本，检测输入图片或视频中的特定目标，并输出相应的检测结果。,2025-3,generative ai,境内深度合成服务算法备案清单（2025年3月）.docx
嗯噢哇旅游规划生成算法,服务提供者,嗯噢哇网络科技有限公司,乐游西藏(小程序)、嗯噢哇(小程序),应用于文本生成场景，根据用户输入的文本，生成相应的文本内容，主要面向行程规划和地域文化领域。,2025-3,generative ai,境内深度合成服务算法备案清单（2025年3月）.docx
简水文生音频生成算法,服务提供者,上海简水网络科技有限公司,乐动AI(APP),应用于音乐生成场景，根据用户输入的文本，生成符合用户描述风格的音乐。,2025-3,generative ai,境内深度合成服务算法备案清单（2025年3月）.docx
小象智造设计图生成算法,服务提供者,大家智合（北京）网络科技股份有限公司,爱可贴(小程序)、小象智造(网站),应用于图像生成场景，根据用户输入的文本、图像，生成相应的图像内容。,2025-3,generative ai,境内深度合成服务算法备案清单（2025年3月）.docx
景网数据数字方案爵士大模型算法,服务提供者,景网数据服务（武汉）有限公司,数字方案(网站),应用于文本生成场景，通过智能识别和处理招标文件中的关键信息，生成符合要求的投标文件。,2025-3,generative ai,境内深度合成服务算法备案清单（2025年3月）.docx
深演智能AI深度合成算法,服务提供者,北京深演智能科技股份有限公司,深演智能(网站),应用于文本生成场景，根据用户输入的对话、问题、文章等文本，生成相应的回复文本。,2025-3,generative ai,境内深度合成服务算法备案清单（2025年3月）.docx
千面对话式文本生成算法,服务提供者,飞算数智科技（深圳）有限公司,千面人才评价管理系统(小程序),应用于文本生成场景，根据用户输入的文本内容，生成既符合对话逻辑又富有鲜明角色特点的文本回复。,2025-3,generative ai,境内深度合成服务算法备案清单（2025年3月）.docx
颐挚科技生成合成算法,服务提供者,上海颐挚健康科技有限公司,挚护阿姨(APP)、挚护到家(APP)、挚护帮(APP),应用于多模态内容生成场景，根据用户输入的文本、图像、音频、视频，生成相应的文本、图像、视频内容。,2025-3,generative ai,境内深度合成服务算法备案清单（2025年3月）.docx
大易AI面试维度评语算法,服务提供者,上海大易云计算有限公司,大易AI面试(小程序)、大易AI面试(网站),应用于文本生成场景，根据用户针对面试问题的文本回答，生成相应的面试回答分析结果文本。,2025-3,generative ai,境内深度合成服务算法备案清单（2025年3月）.docx
凡语智能摘要生成算法,服务提供者,中科凡语（武汉）科技有限公司,凡语智能摘要生成系统(网站),应用于文本生成场景，根据用户输入的文本，生成相应的摘要文本内容。,2025-3,generative ai,境内深度合成服务算法备案清单（2025年3月）.docx
暗壳AI室内设计图像合成算法-1,服务技术支持者,矩阵纵横设计股份有限公司,--,应用于图像生成场景，服务于企业端客户，根据用户输入的图片和描述文本，生成室内设计方案图像。,2025-3,generative ai,境内深度合成服务算法备案清单（2025年3月）.docx
暗壳AI室内设计图像合成算法-2,服务提供者,矩阵纵横设计股份有限公司,暗壳AI(网站),应用于图像生成场景，根据用户输入的图片和描述文本，生成室内设计方案图像。,2025-3,generative ai,境内深度合成服务算法备案清单（2025年3月）.docx
脉俊多模态协同数据挖掘内容融合生成算法,服务提供者,上海脉俊网络科技有限公司,情话专家(APP),应用于多模态内容生成场景，根据用户输入的文本、图片、视频，生成对应的文本、图像、视频内容。,2025-3,generative ai,境内深度合成服务算法备案清单（2025年3月）.docx
奇思妙物文本生成算法,服务提供者,深圳市奇思妙物科技有限公司,ChatHi(APP)、ChatHi(小程序)、文仓万物(网站)、文仓万物(小程序)、奇智绘AI(APP)、奇智绘AI(小程序)、文仓万物(APP)、奇智绘AI(网站)、ChatHi(网站),应用于文本生成场景，根据用户输入的文本内容，生成精准且符合语境的文本回复。,2025-3,generative ai,境内深度合成服务算法备案清单（2025年3月）.docx
漫调AI企业顾问算法,服务提供者,重庆启业大数据有限公司,爱漫调(APP),应用于对话生成场景，根据用户输入的问题文本，生成相应的文本回复。,2025-3,generative ai,境内深度合成服务算法备案清单（2025年3月）.docx
金保信智能客服深度合成算法,服务技术支持者,金保信社保卡科技有限公司,--,应用于文本生成场景，服务于企业端客户，根据用户输入的问题文本，生成相应的回复文本。,2025-3,generative ai,境内深度合成服务算法备案清单（2025年3月）.docx
首因涉案未成年人再犯罪预测算法,服务提供者,南京首因教育科技有限公司,法启新程(小程序),应用于文本生成场景，根据用户输入的相关区域犯罪记录等文本数据，预测未成年人的再犯罪风险，生成针对性的预防措施和干预策略。,2025-3,generative ai,境内深度合成服务算法备案清单（2025年3月）.docx
萤石蓝海大模型算法-1,服务提供者,杭州萤石软件有限公司,萤石云视频(APP)、萤石云开放平台(小程序)、晴小豆(APP)、萤石智家(APP)、萤石AI图影工坊(小程序)、萤石智能助眠枕(小程序)、萤石语音助手(小程序)、萤石派(APP)、萤石健康(APP)、萤石数字人名片(小程序)、萤石智居AI图影工坊(小程序)、萤石智居服务助手(小程序)、萤石开放平台(网站),应用于文本、图像、音频生成场景，根据用户输入的文本、图像、音频，生成相应的文本、图像、音频内容。,2025-3,generative ai,境内深度合成服务算法备案清单（2025年3月）.docx
萤石蓝海大模型算法-2,服务技术支持者,杭州萤石软件有限公司,--,应用于多模态内容生成场景，服务于企业端客户，根据用户输入的文本、图像、音频内容，生成对应的文本、图像、音频内容。,2025-3,generative ai,境内深度合成服务算法备案清单（2025年3月）.docx
TasiChat深度合成算法,服务提供者,成都它思科技有限公司,TasiChat(网站)、TasiChat(小程序),应用于文本生成场景，根据用户输入的文本，生成相应的文本内容。,2025-3,generative ai,境内深度合成服务算法备案清单（2025年3月）.docx
魔方韵动多模态深度合成算法,服务提供者,四川魔方韵动网络科技有限公司,魔方韵动(网站),应用于音频视频生成场景，根据用户输入的特定需求，结合上下文，生成音频、视频等内容。,2025-3,generative ai,境内深度合成服务算法备案清单（2025年3月）.docx
闪灵很酷灵思AI文本生成合成算法,服务技术支持者,北京闪灵很酷智能科技有限公司,--,应用于智能对话场景，服务于企业端客户，根据用户输入的文本，生成相应的文本回复。,2025-3,generative ai,境内深度合成服务算法备案清单（2025年3月）.docx
无相生成合成算法,服务技术支持者,北京云弈科技有限公司,--,应用于文本生成场景，服务于企业端客户，根据用户输入的文本，生成相应的文本内容，主要面向网络安全领域。,2025-3,generative ai,境内深度合成服务算法备案清单（2025年3月）.docx
星空教育实验实践大模型图文生成算法,服务提供者,北京竞业达数码科技股份有限公司,星空教育实验实践大模型图文生成算法(网站),应用于文本图像生成场景，根据用户输入的文本，生成相应的文本、图像内容。,2025-3,generative ai,境内深度合成服务算法备案清单（2025年3月）.docx
红货文本生成算法,服务技术支持者,广州红货科技服务有限公司,--,应用于文本生成场景，服务于企业端客户，根据用户输入的文本，生成相应的文本内容。,2025-3,generative ai,境内深度合成服务算法备案清单（2025年3月）.docx
星瞰遥感大模型生成算法,服务技术支持者,环天智慧科技股份有限公司,--,应用于文本图像生成场景，服务于企业端客户，根据用户输入的文本、图像，生成相应的文本、图像内容，实现图像分割、目标检测、图文对答等功能。,2025-3,generative ai,境内深度合成服务算法备案清单（2025年3月）.docx
联亿家AI文本生成算法,服务提供者,成都联亿家信息技术有限公司,绿青蛙剪辑大师(小程序),应用于智能对话场景，根据用户输入的文本，生成相应的文本回复。,2025-3,generative ai,境内深度合成服务算法备案清单（2025年3月）.docx
恒图智能视觉内容创作算法,服务提供者,成都恒图科技有限责任公司,Fotor移动端(APP)、影飞(网站)、Fotor桌面端(其他)、Fotor(网站),应用于图像视频生成场景，根据用户输入的文本、图片或视频，生成多样化的视觉创意图片、视频，实现照片美化、艺术风格转换、虚拟场景创作及短视频生成等功能。,2025-3,generative ai,境内深度合成服务算法备案清单（2025年3月）.docx
NBA小酒馆群聊内容生成算法,服务提供者,北京瑞奥视科技有限公司,NBA(APP),应用于对话生成场景，根据用户输入的聊天文本，生成相应的文本回复，为用户提供关于NBA球员、球队、历史、趣闻等问答对话服务。,2025-3,generative ai,境内深度合成服务算法备案清单（2025年3月）.docx
康奈网络决策内容生成算法,服务提供者,西安康奈网络科技有限公司,属地互联网平台及内容监管系统(网站),应用于文本生成场景，根据用户输入的文本，生成公共安全领域相关的文本信息。,2025-3,generative ai,境内深度合成服务算法备案清单（2025年3月）.docx
瑞庭AI视频合成算法,服务提供者,瑞庭网络技术（上海）有限公司,移动经纪人(APP)、58同城(APP)、安居客(APP),应用于视频生成场景，根据用户上传原始视频，生成带字幕的音频讲解视频。,2025-3,generative ai,境内深度合成服务算法备案清单（2025年3月）.docx
岩芯数智Yan大模型深度合成算法,服务提供者,上海岩芯数智人工智能科技有限公司,RockKB：企业级知识库问答系统(网站),应用于智能对话场景，根据用户输入的文本，生成相应的文本回复。,2025-3,generative ai,境内深度合成服务算法备案清单（2025年3月）.docx
digital惦记智能问答算法,服务提供者,苏州鼎级数字技术有限公司,digital惦记(APP),应用于智能对话场景，根据用户输入的文本，生成相应的文本回复，主要面向心理健康领域。,2025-3,generative ai,境内深度合成服务算法备案清单（2025年3月）.docx
我要智卡图片生成算法,服务提供者,广州漫游舱文化科技有限公司,我要智卡(小程序),应用于图像生成场景，根据用户输入的文本、图像，生成相应的图像内容。,2025-3,generative ai,境内深度合成服务算法备案清单（2025年3月）.docx
沃德盛世人脸融合算法,服务提供者,上海沃德盛世人工智能科技有限公司,人脸幻绘(网站),应用于图像生成场景，根据用户上传的正脸照片和选定的模板图像，生成既保留用户人脸特征又融入模板图像风格的融合图像。,2025-3,generative ai,境内深度合成服务算法备案清单（2025年3月）.docx
宠医客文本生成算法,服务提供者,汇依信息技术（上海）有限公司,宠医客(APP)、宠医客(网站)、宠医客(公众账号)、宠医客(小程序),应用于文本生成场景，根据用户输入的咨询文本，生成宠物健康相关的回复文本。,2025-3,generative ai,境内深度合成服务算法备案清单（2025年3月）.docx
数往多模态生成算法,服务提供者,厦门数往科技有限公司,苦瓜脸(小程序),应用于文本图像生成场景，根据用户输入的需求描述文本、图像，生成高质量的文本、图像，实现内容创作、创意生成、设计可视化等功能。,2025-3,generative ai,境内深度合成服务算法备案清单（2025年3月）.docx
云津政务智能体大模型算法,服务技术支持者,云津智慧科技有限公司,--,应用于文本生成场景，服务于企业端客户，根据用户输入的文本，生成政务服务领域相关的文本信息。,2025-3,generative ai,境内深度合成服务算法备案清单（2025年3月）.docx
百川金融大模型多模态算法,服务技术支持者,北京百川智能信息服务有限公司,--,应用于多模态内容生成场景，服务于企业端客户，根据用户输入的金融领域相关文本、图像、音频等数据，生成符合用户需求的文本、音频内容。,2025-3,generative ai,境内深度合成服务算法备案清单（2025年3月）.docx
和缓医生智慧医疗合成算法,服务提供者,北京和缓医疗科技有限公司,和缓视频医生(APP),应用于文本生成场景，根据用户输入的病情文本，生成对应的疾病及治疗方案，提供健康管理建议。,2025-3,generative ai,境内深度合成服务算法备案清单（2025年3月）.docx
法院智能文书系统裁判文书生成算法,服务提供者,广州一找网络科技有限公司,法院文书智能生成及分析平台(APP),应用于文本生成场景，根据接收的庭审笔录、申请书、答辩状、证据等文本信息，生成对应的裁判文书内容。,2025-3,generative ai,境内深度合成服务算法备案清单（2025年3月）.docx
钛镁AI多模态内容生成合成算法,服务提供者,上海钛镁网络科技有限公司,钛镁AI(网站),应用于文本图像生成场景，根据用户输入的文本、图像，生成相应的文本、图像内容。,2025-3,generative ai,境内深度合成服务算法备案清单（2025年3月）.docx
泰岳数智化新IT多模态行业大模型算法,服务技术支持者,北京神州泰岳软件股份有限公司,--,应用于文本图像生成场景，服务于企业端客户，根据用户输入的文本、图像，生成相应的文本、图像内容。,2025-3,generative ai,境内深度合成服务算法备案清单（2025年3月）.docx
冰山以下就业心理大模型算法,服务提供者,广州叮咚科技集团有限公司,海纳职通(小程序)、冰山以下(小程序),应用于文本生成场景，根据用户输入的文本，生成相应的文本内容，实现就业心理测评功能。,2025-3,generative ai,境内深度合成服务算法备案清单（2025年3月）.docx
和慧图片合成算法-1,服务提供者,成都和慧启元科技有限公司,头像来了(小程序),应用于图像生成场景，根据用户输入的文本、图像，生成相应的图像内容。,2025-3,generative ai,境内深度合成服务算法备案清单（2025年3月）.docx
雄狮LionCarmind智能车云服务生成合成算法-2,服务提供者,芜湖雄狮汽车科技有限公司,LionCarmind(其他)、LionCarmind(APP),应用于文本图像生成场景，根据用户输入的文本数据，生成车辆使用相关的文本和图像内容。,2025-3,generative ai,境内深度合成服务算法备案清单（2025年3月）.docx
金蝶Cosmic智能问答算法-1,服务提供者,金蝶软件（中国）有限公司,Boss助理(APP)、金蝶云星瀚(网站)、金蝶云苍穹(网站)、金蝶云社区(网站)、金蝶云星空(网站)、苍穹(APP),应用于对话生成场景，根据用户输入的问题文本，生成财务、税务、供应链、生产、零售、批发、客户经营领域相应的文本回复。,2025-3,generative ai,境内深度合成服务算法备案清单（2025年3月）.docx
动势AI智能营销文图生成算法,服务提供者,杭州动势数字信息咨询有限公司,动势智能市调平台(网站),应用于文本图像生成场景，根据用户输入的文本、图像，生成相应的文本、图像内容，主要面向营销领域。,2025-3,generative ai,境内深度合成服务算法备案清单（2025年3月）.docx
慧博云通悦见大模型算法,服务技术支持者,慧博云通科技股份有限公司,--,应用于文本生成场景，服务于企业端客户，根据用户输入的文本，生成相应的文本内容。,2025-3,generative ai,境内深度合成服务算法备案清单（2025年3月）.docx
宠胖胖宠物动作驱动算法,服务提供者,杭州宠胖胖科技有限公司,宠胖胖(APP)、宠胖胖(小程序),应用于宠物视频生成场景，根据用户输入的宠物图像，生成相应的宠物视频。,2025-3,generative ai,境内深度合成服务算法备案清单（2025年3月）.docx
奇思妙物图片生成算法,服务提供者,深圳市奇思妙物科技有限公司,ChatHi(APP)、ChatHi(小程序)、文仓万物(网站)、文仓万物(小程序)、奇智绘AI(APP)、奇智绘AI(小程序)、文仓万物(APP)、奇智绘AI(网站)、ChatHi(网站),应用于图像生成场景，根据用户输入的文本和图像，生成相应的图像。,2025-3,generative ai,境内深度合成服务算法备案清单（2025年3月）.docx
前成文本生成大模型算法,服务提供者,广州云智达创科技有限公司,前成测略(网站)、前成测略(小程序),应用于智能对话场景，根据用户输入的文本，生成相应的文本回复。,2025-3,generative ai,境内深度合成服务算法备案清单（2025年3月）.docx
长江灵曦大模型算法,服务提供者,长江证券股份有限公司,长江e号(APP),应用于对话生成场景，根据用户输入的问题文本，生成相应的文本回复。,2025-3,generative ai,境内深度合成服务算法备案清单（2025年3月）.docx
尚德数字人音视频合成算法,服务提供者,武汉之道在线教育科技有限公司,尚德语音助手(网站),应用于数字人生成场景，根据用户输入的真人授课老师的声音音色、面部表情、肢体动作、头部姿态等特征，生成相应的数字人教学视频。,2025-3,generative ai,境内深度合成服务算法备案清单（2025年3月）.docx
数鼎智能问数内容生成算法,服务技术支持者,广东数鼎科技有限公司,--,应用于文本生成场景，服务于企业端客户，根据用户输入的业务指标查询问题文本，生成数据查询语句以及数据分析图表结果。,2025-3,generative ai,境内深度合成服务算法备案清单（2025年3月）.docx
APUS智草大模型算法-1,服务技术支持者,郑州阿帕斯科技有限公司,--,应用于文本生成场景，服务于企业端客户，根据用户输入的文本，生成相应的文本内容，主要面向中医领域。,2025-3,generative ai,境内深度合成服务算法备案清单（2025年3月）.docx
顺茂博言多模态大模型算法,服务提供者,河北顺茂科技开发集团有限公司,顺茂博言AI知识库(其他)、顺茂博言AI知识库(网站),应用于多模态内容生成场景，根据用户输入的文本或图片，生成对应的文本、图像、视频内容。,2025-3,generative ai,境内深度合成服务算法备案清单（2025年3月）.docx
赛博无限智能生图算法,服务提供者,北京赛博无限智能科技有限公司,一分钟海报(小程序),应用于图像生成场景，根据用户输入的目标描述文本或图片，生成符合用户预期的海报图像。,2025-3,generative ai,境内深度合成服务算法备案清单（2025年3月）.docx
BoTrixBEM教育大模型算法,服务提供者,北京博导前程信息技术股份有限公司,BoTrixBEM教学实践平台(网站),应用于对话生成场景，根据用户输入的问题文本，生成教育领域相关的文本回复。,2025-3,generative ai,境内深度合成服务算法备案清单（2025年3月）.docx
闪灵很酷灵思AI文本生成合成算法-1,服务提供者,北京闪灵很酷智能科技有限公司,闪灵AI(网站),应用于智能对话场景，根据用户输入的文本，生成相应的文本回复。,2025-3,generative ai,境内深度合成服务算法备案清单（2025年3月）.docx
金蝶天燕中间件Copilot智能问答算法,服务提供者,深圳市金蝶天燕云计算股份有限公司,金蝶天燕Copilot智能问答机器人(网站),应用于对话生成场景，根据用户输入的问题文本，生成相应的文本回复。,2025-3,generative ai,境内深度合成服务算法备案清单（2025年3月）.docx
高途AI问答深度合成算法,服务提供者,广州高途科技有限公司,高途(APP),应用于对话生成场景，根据用户输入的问题文本，生成相应的文本回复。,2025-3,generative ai,境内深度合成服务算法备案清单（2025年3月）.docx
涂鸦IoT平台AI助手生成合成类算法,服务提供者,杭州涂鸦科技有限公司,涂鸦IoT平台(网站),应用于对话生成场景，根据用户输入的问题文本，生成相应的文本回复。,2025-3,generative ai,境内深度合成服务算法备案清单（2025年3月）.docx
名人朋友圈X图片生成算法,服务提供者,武汉华中时讯科技有限责任公司,名人朋友圈(APP),应用于图像生成场景，根据用户输入的文本和图像，生成相应的图像。,2025-3,generative ai,境内深度合成服务算法备案清单（2025年3月）.docx
快链语音合成算法,服务提供者,广州快链网络科技有限公司,悦读(APP),应用于语音合成场景，根据用户输入的文本和选定的朗读声音，生成与文本相应的朗读音频。,2025-3,generative ai,境内深度合成服务算法备案清单（2025年3月）.docx
茉莉文本生成算法,服务提供者,广东茉莉数字科技集团股份有限公司,豹播AI创作(网站),应用于文本生成场景，根据用户输入的文本，生成相应的视频脚本文本。,2025-3,generative ai,境内深度合成服务算法备案清单（2025年3月）.docx
45度户外路线生成算法,服务提供者,杭州战旗网络科技有限公司,45度(APP)、45度-探索生活每一度(小程序),应用于智能对话场景，根据用户输入的文本，生成旅游、文化、体育内容相关的文本回复。,2025-3,generative ai,境内深度合成服务算法备案清单（2025年3月）.docx
Deja视频生成合成算法,服务提供者,上海尤睿卡智能科技有限公司,DejaVideos视频创作平台(网站),应用于视频生成场景，根据用户上传需要替换的人物图片和需要被替换人物的视频内容，生成相应的特效视频。,2025-3,generative ai,境内深度合成服务算法备案清单（2025年3月）.docx
knockout生成合成算法,服务提供者,深圳市前海乐游原网络技术有限公司,ProKnockOut抠图p图修图神器&专业智能证件照制作(APP)、Knockout智能抠图P图(APP),应用于图像生成场景，根据用户输入的文本或图像，生成相应的高质量图像，实现图像生成、照片修复、图像风格转换等功能。,2025-3,generative ai,境内深度合成服务算法备案清单（2025年3月）.docx
易车彩绘车衣生成算法,服务提供者,北京易车互动广告有限公司,易车伙伴(APP)、易车(小程序)、易车鲨壳(小程序)、易车(APP)、XanvasRide(小程序),应用于图像生成场景，根据用户输入的文本描述，生成具有特定构图和风格的彩绘车衣图像。,2025-3,generative ai,境内深度合成服务算法备案清单（2025年3月）.docx
小能科技数字人视频生成算法,服务提供者,小能科技（北京）有限公司,灵小播(网站),应用于数字人生成场景，根据用户输入的商品文本关键词，生成商品介绍的数字人视频。,2025-3,generative ai,境内深度合成服务算法备案清单（2025年3月）.docx
叙简城市安全大模型算法,服务提供者,杭州叙简科技股份有限公司,银杏大模型(小程序)、银杏大模型(网站),应用于智能对话场景，根据用户输入的文本，生成相应的文本回复，主要面向城市安全信息服务领域。,2025-3,generative ai,境内深度合成服务算法备案清单（2025年3月）.docx
中启易联全球多语种文生音频生成算法,服务提供者,成都中启易联科技有限公司,中启易联全球多语种助手(网站),应用于音频生成场景，根据用户输入的文本，生成相应的音频内容。,2025-3,generative ai,境内深度合成服务算法备案清单（2025年3月）.docx
九章之光模多多文本生成算法,服务提供者,深圳九章之光智能科技有限公司,模多多(网站),应用于智能对话场景，根据用户输入的文本，生成相应的文本回复。,2025-3,generative ai,境内深度合成服务算法备案清单（2025年3月）.docx
智伴文本信息合成算法,服务提供者,武汉寻优科技有限公司,智伴(APP),应用于智能对话场景，根据用户选择的虚拟角色和输入的文本，生成相应的文本回复。,2025-3,generative ai,境内深度合成服务算法备案清单（2025年3月）.docx
知煤大师智能问答算法,服务提供者,天津美腾科技股份有限公司,知煤大师PC端(网站)、知煤大师(小程序),应用于智能对话场景，根据用户输入的文本，生成相应的文本回复，主要面向煤炭领域。,2025-3,generative ai,境内深度合成服务算法备案清单（2025年3月）.docx
B612咔叽AI视频生成合成算法,服务提供者,亿睿科信息技术（北京）有限公司,B612咔叽(APP),应用于视频生成场景，根据用户上传图片与选定视频模版，生成符合模板风格的相应视频。,2025-3,generative ai,境内深度合成服务算法备案清单（2025年3月）.docx
AI看舌舌诊手诊面诊算法,服务技术支持者,广州钰昕信息科技有限公司,--,应用于文本图像生成场景，服务于企业端客户，根据用户上传的舌头、手掌、人脸特征，结合用户填写的症状，生成检测报告和中医辨症调理方案。,2025-3,generative ai,境内深度合成服务算法备案清单（2025年3月）.docx
AI看舌舌诊手诊面诊辩证算法,服务提供者,广州钰昕信息科技有限公司,舌界AI观察(小程序)、AI看舌(小程序),应用于文本图像生成场景，根据用户上传的舌头、手掌、人脸图片，生成检测报告和中医辨症调理方案。,2025-3,generative ai,境内深度合成服务算法备案清单（2025年3月）.docx
易服智能酒店客服数字员工生成合成类算法,服务提供者,丰蓝星辰（上海）人工智能科技有限公司,易服智能(公众账号),应用于对话生成场景，根据用户输入的问题文本，生成在酒店服务范围内的回复内容。,2025-3,generative ai,境内深度合成服务算法备案清单（2025年3月）.docx
元始智能文本生成合成算法,服务技术支持者,深圳元始智能有限公司,--,应用于文本生成场景，服务于企业端客户，根据用户输入的文本，生成相应的文本内容。,2025-3,generative ai,境内深度合成服务算法备案清单（2025年3月）.docx
广州蝉问多模态内容生成合成算法,服务提供者,广州蝉问科技有限公司,黑马简历(APP)、气球键盘(APP)、绘影工坊(APP)、可颜(APP),应用于多模态内容生成场景，根据用户输入的文本或图片，生成对应的文本、图像、音频、视频内容。,2025-3,generative ai,境内深度合成服务算法备案清单（2025年3月）.docx
启成财智文本生成算法,服务技术支持者,中安启成科技有限公司,--,应用于文本生成场景，服务于企业端客户，根据用户输入的文本数据，生成相应的文本内容。,2025-3,generative ai,境内深度合成服务算法备案清单（2025年3月）.docx
幼师易创智能问答算法,服务提供者,重庆美愈科技有限公司,幼师易创(APP),应用于对话生成场景，根据用户输入的问题文本，生成相应的文本回复。,2025-3,generative ai,境内深度合成服务算法备案清单（2025年3月）.docx
昭曦语言模型生成算法,服务提供者,上海昭曦信息技术有限公司,曦望企业家办公室助手(小程序),应用于对话生成场景，根据用户提出的问题，结合上下文，生成相应的文字回复内容。,2025-3,generative ai,境内深度合成服务算法备案清单（2025年3月）.docx
中聚女娲企服智能问答算法,服务提供者,中产聚融有限公司,中聚企服(网站)、中聚企服(APP)、中聚企服(小程序),应用于对话生成场景，根据用户输入的文本，生成相应的回复文本。,2025-3,generative ai,境内深度合成服务算法备案清单（2025年3月）.docx
未界科技灵境智海文本生成算法,服务提供者,南通未界科技有限公司,独角兽 AI 创作平台(网站),应用于文本生成场景，根据用户输入的问题文本，生成相应的回复文本。,2025-3,generative ai,境内深度合成服务算法备案清单（2025年3月）.docx
妙应营养健康大模型算法,服务提供者,湖南尚膳健康科技有限公司,知食有方(APP)、知食有为(APP),应用于对话生成场景，根据用户输入的文本内容，生成相应的回复文本。,2025-3,generative ai,境内深度合成服务算法备案清单（2025年3月）.docx
山邮数字多模态大模型算法-2,服务提供者,山邮数字科技（山东）有限公司,校园随行助手(网站)、校园随行助手(APP),应用于多模态内容生成场景，根据用户输入的文本、图像、音频等内容，生成对应的文本、图像内容。,2025-3,generative ai,境内深度合成服务算法备案清单（2025年3月）.docx
原誉神智能问答算法,服务提供者,广西原誉神数字科技有限公司,OneDAO(小程序),应用于智能对话场景，根据用户输入的文本，生成相应的文本回复。,2025-3,generative ai,境内深度合成服务算法备案清单（2025年3月）.docx
神州医疗DHC大模型智能问答算法,服务提供者,神州医疗科技股份有限公司,神州医疗多模态大模型专科助手(网站),应用于医学领域文本生成场景，根据用户输入的文本，生成相应的文本内容。,2025-3,generative ai,境内深度合成服务算法备案清单（2025年3月）.docx
吃对了AI图像深度生成合成算法,服务提供者,上海南玩生物科技有限公司,吃对了(小程序),应用于文本生成场景，根据用户输入的食物照片，识别并生成图像中食物总能量、膳食得分以及详细营养成分等文本内容。,2025-3,generative ai,境内深度合成服务算法备案清单（2025年3月）.docx
华西数医医疗大模型算法,服务提供者,成都华西数字医疗科技有限公司,华华助手(小程序),应用于智能对话场景，根据用户输入的文本，生成相应的文本回复，主要面向医疗健康领域。,2025-3,generative ai,境内深度合成服务算法备案清单（2025年3月）.docx
星际悦动智能牙齿健康预测与生成算法,服务提供者,广州星际悦动股份有限公司,笑容加(APP),应用于图像生成场景，根据用户输入的口腔图像，生成对应的牙齿美白与正畸效果图像。,2025-3,generative ai,境内深度合成服务算法备案清单（2025年3月）.docx
啄医生医疗大模型算法,服务提供者,杭州健培科技有限公司,啄医生(小程序)、啄医生(APP),应用于对话生成场景，根据用户输入的文本内容，生成健康医疗领域相关的回复文本。,2025-3,generative ai,境内深度合成服务算法备案清单（2025年3月）.docx
九章之光模多多语音生成算法,服务提供者,深圳九章之光智能科技有限公司,模多多(网站),应用于语音生成场景，根据用户输入的语音指令，生成相应的文本回复，再合成为自然语音回复。,2025-3,generative ai,境内深度合成服务算法备案清单（2025年3月）.docx
优秘智能分身数字人驱动算法,服务提供者,深圳优秘智能科技有限公司,优秘AI数字人平台(APP)、优秘数字人(小程序),应用于数字人生成场景，根据用户输入的文本、视频，生成唇形同步、清晰逼真的数字人视频。,2025-3,generative ai,境内深度合成服务算法备案清单（2025年3月）.docx
随映面部融合算法,服务提供者,北京随映科技有限公司,妙趣AI绘图(小程序),应用于图像生成场景，根据用户输入的人脸图像，并选择特定的绘图模板图像，生成具备人脸特征和模版图像属性的新图片。,2025-3,generative ai,境内深度合成服务算法备案清单（2025年3月）.docx
闪灵很酷灵感AI图像生成合成算法,服务技术支持者,北京闪灵很酷智能科技有限公司,--,应用于图像生成场景，服务于企业端客户，根据用户输入的文本和图像，生成相应的图像。,2025-3,generative ai,境内深度合成服务算法备案清单（2025年3月）.docx
思特奇九思大模型文本生成合成算法,服务技术支持者,北京思特奇信息技术股份有限公司,--,应用于文本生成场景，服务于企业端客户，根据用户输入的文本，生成相应的文本内容。,2025-3,generative ai,境内深度合成服务算法备案清单（2025年3月）.docx
悦尔湾医疗健康大模型算法,服务提供者,悦尔湾(青岛)互联网医院有限公司,悦尔(APP),应用于智能对话场景，根据用户输入的文本，生成相应的文本回复，主要面向医疗健康领域。,2025-3,generative ai,境内深度合成服务算法备案清单（2025年3月）.docx
移号名片图片合成算法,服务提供者,广州移号信息科技有限公司,推荐信名片(APP)、推荐信名片(小程序),应用于图像生成场景，根据用户输入的文本信息和图像数据，生成高质量名片图像。,2025-3,generative ai,境内深度合成服务算法备案清单（2025年3月）.docx
无限猴子AI面部美化图片生成算法,服务提供者,深圳市无限猴子营销科技有限公司,无限猴子(网站),应用于图像生成场景，根据用户输入的文字描述和模特图片，生成美化处理后的五官图片，为用户提供个性化的面部美化服务。,2025-3,generative ai,境内深度合成服务算法备案清单（2025年3月）.docx
移动爱家健康健康问答生成算法,服务提供者,中移（杭州）信息技术有限公司,移动爱家健康(其他),应用于对话生成场景，根据用户输入的健康相关的问题文本，生成相应的回复内容，提供健康知识问答、健康问题分析、健康管理建议内容生成、多轮问答交互等服务。,2025-3,generative ai,境内深度合成服务算法备案清单（2025年3月）.docx
百捷云开根大模型算法,服务提供者,广州百捷云数字科技有限公司,慧先通(网站)、慧先通(APP),应用于对话生成场景，根据用户输入的文本，生成相应的文本回复，实现文档写作、阅读理解、概括总结等功能。,2025-3,generative ai,境内深度合成服务算法备案清单（2025年3月）.docx
中长康达作文数据处理及框架搭建生成算法,服务提供者,广州中长康达信息技术有限公司,中长康达AI探究自学室(APP)、中长康达AI探究伴学机(其他)、中长康达AI探究伴学机(网站)、中长康达AI探究自学室(其他)、中长康达AI探究自学室(网站),应用于文本生成场景，根据用户输入的文本或图像，生成高质量的作文。,2025-3,generative ai,境内深度合成服务算法备案清单（2025年3月）.docx
万行一言深度合成算法,服务提供者,上海万行道和人工智能科技有限公司,万行一言(网站),应用于对话生成场景，根据用户输入的问题文本，生成金融领域相关的文本回复，实现金融信息分析、投资决策支持等功能。,2025-3,generative ai,境内深度合成服务算法备案清单（2025年3月）.docx
蓝色光标Bmc营销质量评分算法,服务技术支持者,北京蓝色光标数字传媒科技有限公司,--,应用于文本生成场景，服务于企业端客户，根据用户输入的小红书笔记文本信息，生成小红书笔记评分结果。,2025-3,generative ai,境内深度合成服务算法备案清单（2025年3月）.docx
蓝色光标BLUEAI多模态营销大模型算法,服务技术支持者,北京蓝色光标数字传媒科技有限公司,--,应用于视频生成场景，服务于企业端客户，根据用户输入的视频片段，生成符合用户预期的营销视频内容。,2025-3,generative ai,境内深度合成服务算法备案清单（2025年3月）.docx
生境个性化空间图像生成算法,服务技术支持者,深圳生境科技有限公司,--,应用于图像生成场景，服务于企业端客户，根据用户输入的房间图像、风格和功能的文本需求，生成相应的图像，主要面向室内设计与家居装饰领域。,2025-3,generative ai,境内深度合成服务算法备案清单（2025年3月）.docx
小惊叹内容生成算法,服务提供者,深圳市小惊叹科技有限公司,TalkAI练口语(APP),应用于文本音频生成场景，根据用户输入的文本、音频，生成相应的文本、音频内容。,2025-3,generative ai,境内深度合成服务算法备案清单（2025年3月）.docx
长沙中芯文本内容生成算法,服务提供者,长沙中芯网络科技有限公司,易媒助手(网站)、易媒助手(小程序),应用于智能对话场景，根据用户输入的文本，生成相应的文本回复。,2025-3,generative ai,境内深度合成服务算法备案清单（2025年3月）.docx
海百川图灵九歌生成合成类算法,服务技术支持者,北京海百川科技有限公司,--,应用于视频生成场景，服务于企业端客户，根据用户输入的文本和图像，生成相应的视频内容。,2025-3,generative ai,境内深度合成服务算法备案清单（2025年3月）.docx
推吧文本生成算法,服务提供者,南京推吧网络科技有限公司,爱短链(网站)、爱短链(小程序),应用于智能对话场景，根据用户输入的文本，生成相应的文本回复。,2025-3,generative ai,境内深度合成服务算法备案清单（2025年3月）.docx
名人朋友圈X语音生成算法,服务提供者,武汉华中时讯科技有限责任公司,名人朋友圈(APP),应用于语音合成场景，根据用户输入的文本和选定的音色风格，将文本转为相应语音。,2025-3,generative ai,境内深度合成服务算法备案清单（2025年3月）.docx
生境个性化空间排布算法,服务技术支持者,深圳生境科技有限公司,--,应用于图像生成场景，服务于企业端客户，根据用户输入的房间尺寸、风格偏好和功能需求，生成室内设计领域相关的家具布局方案。,2025-3,generative ai,境内深度合成服务算法备案清单（2025年3月）.docx
元梦数字图片生成3D数字人模型算法,服务提供者,元梦空间数字科技（成都）有限公司,元梦空间(APP),应用于数字人模型生成场景，根据用户输入的图片，生成相应的3D数字人模型。,2025-3,generative ai,境内深度合成服务算法备案清单（2025年3月）.docx
原创力文档文本深度生成算法,服务提供者,四川文动网络科技有限公司,原创力文档(网站)、原创力文档(APP),应用于文本生成场景，根据用户输入的文本内容，结合上下文，生成相应的文本文档内容。,2025-3,generative ai,境内深度合成服务算法备案清单（2025年3月）.docx
夸夸生成器文本生成合成类算法,服务提供者,北京蒲扇科技有限公司,夸夸生成器(小程序),应用于智能对话场景，根据用户输入的文本，生成相应的文本回复。,2025-3,generative ai,境内深度合成服务算法备案清单（2025年3月）.docx
梧桐青年就业服务大模型算法,服务技术支持者,江苏梧桐人工智能科技有限公司,--,应用于文本生成场景，服务于企业端客户，根据求职者简历和招聘方要求等文本数据，生成职位匹配结果和职业建议等文本内容。,2025-3,generative ai,境内深度合成服务算法备案清单（2025年3月）.docx
新速秀GC超跑之城大模型算法,服务提供者,北京新速秀科技有限责任公司,GC超跑之城(网站),应用于智能对话场景，根据用户输入的文本和选择的角色，生成跑车相关的文本回复。,2025-3,generative ai,境内深度合成服务算法备案清单（2025年3月）.docx
北京阔量多模态内容生成合成算法,服务提供者,北京阔量信息技术有限公司,PPT大师(APP)、蝉设计(APP)、可盐(APP)、宠玩(APP),应用于多模态内容生成场景，根据用户输入的文本、图像，生成相应的文本、图像、音频、视频内容。,2025-3,generative ai,境内深度合成服务算法备案清单（2025年3月）.docx
虹云AI大模型算法,服务提供者,虹云守护科技（成都）有限公司,安安虎AI(小程序),应用于智能对话场景，根据用户输入的文本或语音，生成相应的文本或语音回复。,2025-3,generative ai,境内深度合成服务算法备案清单（2025年3月）.docx
万得基金Alice文本生成类算法,服务提供者,上海万得基金销售有限公司,万得基金Alice(APP),应用于文本生成场景，根据用户输入的文本信息，生成符合用户需求的文本内容。,2025-3,generative ai,境内深度合成服务算法备案清单（2025年3月）.docx
卓越数字人生成模型算法,服务技术支持者,上海卓越睿新数码科技股份有限公司,--,应用于数字人生成场景，服务于企业端客户，根据用户输入的文本、图片、视频、语音等，生成定制化的数字人音频、图片、视频及视频流。,2025-3,generative ai,境内深度合成服务算法备案清单（2025年3月）.docx
卓越数字人唇形生成算法,服务提供者,上海卓越睿新数码科技股份有限公司,数字人平台(网站),应用于数字人生成场景，根据用户输入的语音信号或文本内容，生成与语音同步的嘴型数据。,2025-3,generative ai,境内深度合成服务算法备案清单（2025年3月）.docx
小兔内容生成算法,服务提供者,世纪恒通科技股份有限公司,小兔驾考(小程序),应用于文本生成场景，根据驾考学员在线学习行为信息和题库数据，生成模拟试题、学员学习情况分析报告。,2025-3,generative ai,境内深度合成服务算法备案清单（2025年3月）.docx
九天文体大模型合成算法,服务技术支持者,咪咕文化科技有限公司,--,应用于文本生成场景，服务于企业端客户，根据用户输入的文本数据，生成相应的文本回复，实现智能搜索、文字解说、标题创作、体育赛事解说、视频内容运营、文博文旅问答等功能。,2025-3,generative ai,境内深度合成服务算法备案清单（2025年3月）.docx
仙乐文本生成算法,服务提供者,仙乐健康科技股份有限公司,小乐(小程序)、小乐(网站),应用于营养咨询智能对话场景，根据用户输入的文本，生成相应的文本回复。,2025-3,generative ai,境内深度合成服务算法备案清单（2025年3月）.docx
仙乐文本生成算法-1,服务技术支持者,仙乐健康科技股份有限公司,--,应用于营养咨询智能对话场景，服务于企业端客户，根据用户输入的文本，生成相应的文本回复。,2025-3,generative ai,境内深度合成服务算法备案清单（2025年3月）.docx
三合视玩AI人脸视频合成算法,服务提供者,浙江三合通信科技有限公司,视玩AI(小程序),应用于人脸融合视频生成场景，根据用户输入的人脸图像和模板视频，生成具有人脸图像的脸部特征属性，并保持模板视频中人物的姿态、动作等原有属性的视频。,2025-3,generative ai,境内深度合成服务算法备案清单（2025年3月）.docx
闪灵很酷灵感AI图像生成合成算法-1,服务提供者,北京闪灵很酷智能科技有限公司,闪灵AI(网站),应用于图像生成场景，根据用户输入的文本和图像，生成相应的图像。,2025-3,generative ai,境内深度合成服务算法备案清单（2025年3月）.docx
PDFlux深度解析与生成算法,服务提供者,北京庖丁科技有限公司,PDFlux(小程序)、PDFlux(网站),应用于对话生成场景，根据用户提出的问题，生成相应的文本回复。,2025-3,generative ai,境内深度合成服务算法备案清单（2025年3月）.docx
有道智能应用大模型算法,服务提供者,北京网易有道计算机系统有限公司,梦启(APP)、灵绘(APP)、即绘(APP)、智面友(APP)、闪绘(APP)、星启(APP)、智绘(APP)、面精灵(APP)、职通宝(APP)、简职(APP)、万物生(APP)、灵火(APP),应用于对话生成场景，根据用户输入的文本，生成符合用户要求的文本回复。,2025-3,generative ai,境内深度合成服务算法备案清单（2025年3月）.docx
第五维度多模态自动化数据生成算法,服务技术支持者,杭州五维数据有限责任公司,--,应用于文本图像生成场景，服务于企业端客户，根据用户上传的文本、图像，结合用户需求，生成符合用户期望的文本、图像。,2025-3,generative ai,境内深度合成服务算法备案清单（2025年3月）.docx
搜图神器图片生成算法,服务提供者,次元空间（重庆）网络科技有限公司,搜图神器(其他),应用于图像生成场景，根据用户输入的文本、图像，生成相应的图像内容。,2025-3,generative ai,境内深度合成服务算法备案清单（2025年3月）.docx
元气壁纸图片生成算法,服务提供者,次元空间（重庆）网络科技有限公司,元气壁纸(其他),应用于图像生成场景，根据用户输入的文本、图像，生成相应的壁纸图像内容。,2025-3,generative ai,境内深度合成服务算法备案清单（2025年3月）.docx
室内大师图片生成算法,服务提供者,次元空间（重庆）网络科技有限公司,AI室内大师(其他),应用于图像生成场景，根据用户输入的描述文本和图像，生成相应的室内场景图像内容。,2025-3,generative ai,境内深度合成服务算法备案清单（2025年3月）.docx
建筑大师图片生成算法,服务提供者,次元空间（重庆）网络科技有限公司,AI建筑大师(网站),应用于图像生成场景，根据用户输入的文本、图像，生成相应的建筑图像内容。,2025-3,generative ai,境内深度合成服务算法备案清单（2025年3月）.docx
飞鑫数字人生成合成算法,服务提供者,广州市飞鑫信息科技有限公司,诚企易(小程序)、诚企易(APP),应用于数字人生成场景，根据用户输入的正面人像照片和介绍音频，生成个性化的数字人名片。,2025-3,generative ai,境内深度合成服务算法备案清单（2025年3月）.docx
菜鸡AI生成合成算法,服务提供者,天津虞北文化科技有限公司,菜鸡梦想家(APP),应用于对话生成场景，根据用户输入的需求文本，生成符合游戏玩家心理需求的文本回复。,2025-3,generative ai,境内深度合成服务算法备案清单（2025年3月）.docx
抖吉生成合成类算法,服务提供者,上海赋生技术咨询有限公司,抖吉Doge(小程序),应用于文本生成场景，根据用户输入的文本，生成更富趣味的文本信息。,2025-3,generative ai,境内深度合成服务算法备案清单（2025年3月）.docx
大牛法律大模型算法,服务提供者,重庆大牛认知科技有限公司,大牛认知(网站),应用于文本生成场景，根据用户输入的文本，生成法律领域相关的文本内容。,2025-3,generative ai,境内深度合成服务算法备案清单（2025年3月）.docx
星际文字生成大模型算法,服务提供者,北京酷爱迪网络科技有限公司,星际聊天(APP),应用于智能对话场景，根据用户输入的文本，生成相应的文本回复。,2025-3,generative ai,境内深度合成服务算法备案清单（2025年3月）.docx
质变科技DataAgent算法,服务提供者,杭州质变科技有限公司,质变科技AI分析云(网站),应用于智能对话场景，根据用户输入的文本，生成相应的文本回复。,2025-3,generative ai,境内深度合成服务算法备案清单（2025年3月）.docx
东软凤凰创绘生成合成算法,服务提供者,大连都爱迪人力资源服务有限公司,东软凤凰创绘(APP)、东软凤凰创绘(小程序),应用于多模态内容生成场景，根据用户输入的文本、图像、视频，生成相应的文本、图像、视频内容。,2025-3,generative ai,境内深度合成服务算法备案清单（2025年3月）.docx
途途课堂课程个性化推荐算法,个性化推送类,北京途途向上线上学科培训学校,途途课堂（APP）,应用于课程推荐，根据用户历史浏览习惯和用户画像，为用户推荐可能感兴趣的课程内容。,2023-12,algorithmic service,境内互联网信息服务算法备案清单（2023年12月）.docx
有道词典个性化推荐算法,个性化推送类,北京网易有道计算机系统有限公司,网易有道词典（APP）,应用于资讯推荐，通过用户的历史行为数据和用户画像，为用户推荐可能感兴趣的内容。,2023-12,algorithmic service,境内互联网信息服务算法备案清单（2023年12月）.docx
五八同城信息搜索算法,检索过滤类,北京五八信息技术有限公司,58同城（APP）,应用于搜索功能，通过用户输入的查询词信息，搜索满足需求的招聘、房产、二手车、本地生活等内容。,2023-12,algorithmic service,境内互联网信息服务算法备案清单（2023年12月）.docx
五八同城榜单排序算法,排序精选类,北京五八信息技术有限公司,58同城(APP),应用于五八同城话题榜，基于用户浏览次数数据，生成应用热门话题。,2023-12,algorithmic service,境内互联网信息服务算法备案清单（2023年12月）.docx
美菜商城个性化推荐算法,个性化推送类,北京云杉信息技术有限公司,美菜商城（APP、小程序）,应用于商品推荐，根据用户历史浏览习惯和用户画像，为用户推荐可能感兴趣的商品内容。,2023-12,algorithmic service,境内互联网信息服务算法备案清单（2023年12月）.docx
美菜信息检索算法,检索过滤类,北京云杉信息技术有限公司,美菜商城（APP、小程序）,应用于搜索功能，通过用户输入的查询词信息，搜索满足需求的商品。,2023-12,algorithmic service,境内互联网信息服务算法备案清单（2023年12月）.docx
东方财富个性化推荐算法,个性化推送类,东方财富信息股份有限公司,东方财富（APP）,应用于资讯推荐，通过用户的历史行为数据，为用户推荐可能感兴趣的内容。,2023-12,algorithmic service,境内互联网信息服务算法备案清单（2023年12月）.docx
作业帮文本内容安全算法,检索过滤类,广州极目未来文化科技有限公司,作业帮（APP）,对用户发布的评论内容进行安全风险识别，发现和处置违法违规信息内容。,2023-12,algorithmic service,境内互联网信息服务算法备案清单（2023年12月）.docx
TT语音个性化推荐算法,个性化推送类,广州趣丸网络科技有限公司,TT语音（APP）,应用于资讯推荐，通过用户的历史行为数据，为用户推荐可能感兴趣的内容。,2023-12,algorithmic service,境内互联网信息服务算法备案清单（2023年12月）.docx
网易蜗牛读书个性化推荐算法,个性化推送类,广州网易计算机系统有限公司,网易蜗牛读书（APP）,应用于书籍、资讯推荐，通过用户的历史行为数据，为用户推荐可能感兴趣的内容。,2023-12,algorithmic service,境内互联网信息服务算法备案清单（2023年12月）.docx
唯品会搜索算法,检索过滤类,广州唯品会电子商务有限公司,唯品会（APP、网站、小程序）,应用于搜索功能，根据用户输入的查询词信息，搜索满足需求的商品。,2023-12,algorithmic service,境内互联网信息服务算法备案清单（2023年12月）.docx
抖能APP关键词搜索算法,检索过滤类,广州悦象网络科技有限公司,抖能（APP）,应用于搜索功能，通过用户输入的查询词，搜索满足需求的短视频、文本、产品和服务商信息。,2023-12,algorithmic service,境内互联网信息服务算法备案清单（2023年12月）.docx
妙时个性化推荐算法,个性化推送类,杭州乐读科技有限公司,妙时（APP）,应用于内容、歌曲、评论、用户推荐，根据用户属性信息、历史数据、关系数据等，为用户推荐可能感兴趣的资源。,2023-12,algorithmic service,境内互联网信息服务算法备案清单（2023年12月）.docx
天猫养车搜索算法,检索过滤类,杭州喵修科技有限公司,天猫养车（APP）,应用于搜索功能，根据用户输入的搜索词，结合用户历史使用记录，搜索符合要求的、用户可能感兴趣的商品、服务、门店。,2023-12,algorithmic service,境内互联网信息服务算法备案清单（2023年12月）.docx
天猫养车推荐算法,个性化推送类,杭州喵修科技有限公司,天猫养车（APP）,应用于服务门店、项目、商品推荐，根据用户历史浏览习惯和用户画像，为用户推荐可能感兴趣的服务内容。,2023-12,algorithmic service,境内互联网信息服务算法备案清单（2023年12月）.docx
氧气语音内容安全算法,检索过滤类,湖南大写信息科技有限公司,氧气语音（APP）,对用户发布的图像、文字、语音、语义内容安全风险识别，发现和处置违法违规信息内容。,2023-12,algorithmic service,境内互联网信息服务算法备案清单（2023年12月）.docx
华为商城推荐算法,个性化推送类,华为终端有限公司,华为商城（APP）,应用于商品服务信息推荐，使用用户信息，为用户推荐可能感兴趣的商品和服务内容。,2023-12,algorithmic service,境内互联网信息服务算法备案清单（2023年12月）.docx
极氪app相似文章推荐算法,个性化推送类,极氪汽车（宁波杭州湾新区）有限公司,极氪（APP）,应用于文章推荐，根据用户历史浏览习惯和关注文章，为用户推荐可能感兴趣的文章内容。,2023-12,algorithmic service,境内互联网信息服务算法备案清单（2023年12月）.docx
健康头条信息流个性化推送算法,个性化推送类,健康头条科技（湖北）股份有限公司,健康头条（APP）,应用于资讯推荐，通过用户阅读行为，为用户推荐可能感兴趣的内容。,2023-12,algorithmic service,境内互联网信息服务算法备案清单（2023年12月）.docx
赶集直招信息检索算法,检索过滤类,山景科创网络技术（北京）有限公司,赶集直招（APP）,应用于搜索功能，通过用户输入的查询词及搜索条件信息，搜索满足需求的内容。,2023-12,algorithmic service,境内互联网信息服务算法备案清单（2023年12月）.docx
得物搜索算法,检索过滤类,上海得物信息集团有限公司,得物（APP）,应用于搜索功能，通过用户输入的查询词，搜索满足需求的产品信息。,2023-12,algorithmic service,境内互联网信息服务算法备案清单（2023年12月）.docx
得物内容安全算法,检索过滤类,上海得物信息集团有限公司,得物（APP）,对用户发布的文字、图片进行内容安全风险识别，发现和处置违法违规信息内容。,2023-12,algorithmic service,境内互联网信息服务算法备案清单（2023年12月）.docx
拼多多内容安全算法,检索过滤类,上海寻梦信息技术有限公司,拼多多（APP）,对用户发布文本、图片、视频进行内容安全风险识别，发现和处置违法违规信息内容。,2023-12,algorithmic service,境内互联网信息服务算法备案清单（2023年12月）.docx
探探平台个性化推荐类算法,个性化推送类,探探文化发展（北京）有限公司,TANTAN（APP）,应用于文字、图片、直播推荐，通过用户的历史行为数据，为用户推荐可能感兴趣的内容。,2023-12,algorithmic service,境内互联网信息服务算法备案清单（2023年12月）.docx
一帧个性化推荐算法,个性化推送类,新壹（北京）科技有限公司,一帧视频（APP）,应用于短视频推荐，通过用户的历史浏览记录和用户画像，为用户推荐可能感兴趣的视频内容。,2023-12,algorithmic service,境内互联网信息服务算法备案清单（2023年12月）.docx
小红书个性化推荐算法,个性化推送类,行吟信息科技（上海）有限公司,小红书（APP）,应用于内容推荐，根据用户笔记内容和互动行为数据，为用户推荐可能感兴趣的内容。,2023-12,algorithmic service,境内互联网信息服务算法备案清单（2023年12月）.docx
掌阅书籍推荐算法,个性化推送类,掌阅科技股份有限公司,得间免费小说（APP）、掌阅（APP）,应用于书籍推荐，根据用户历史点击内容和阅读行为，为用户推荐可能感兴趣的书籍。,2023-12,algorithmic service,境内互联网信息服务算法备案清单（2023年12月）.docx
连信个性化推荐算法,个性化推送类,浙江简信科技有限公司,连信（APP）,应用于资讯、广告推荐，根据用户属性信息和行为数据，推荐用户可能感兴趣的内容。,2023-12,algorithmic service,境内互联网信息服务算法备案清单（2023年12月）.docx
大众日报客户端检索算法,检索过滤类,山东大众报业（集团）有限公司,大众日报客户端（APP）,应用于信息检索，通过用户提供的关键词数据，筛选出符合用户预期的内容。,2023-12,algorithmic service,境内互联网信息服务算法备案清单（2023年12月）.docx
快音个性化推送算法,个性化推送类,成都开心音符科技有限公司,快音（APP）,应用于音乐推荐，通过用户历史行为数据和歌曲特征，推荐符合用户偏好的歌曲。,2023-12,algorithmic service,境内互联网信息服务算法备案清单（2023年12月）.docx
趣拿搜索算法,检索过滤类,上海趣致网络科技有限公司,趣拿（APP）,应用于信息检索，通过用户输入关键词，返回查找的相关内容。,2023-12,algorithmic service,境内互联网信息服务算法备案清单（2023年12月）.docx
天天基金APP个性化推荐算法,个性化推送类,上海天天基金销售有限公司,天天基金（APP）,应用于内容推荐，通过用户行为数据构建画像，为用户推荐感兴趣的资讯及基金产品。,2023-12,algorithmic service,境内互联网信息服务算法备案清单（2023年12月）.docx
网易元气信息搜索算法,检索过滤类,杭州网易元气科技有限公司,网易LOFTER（APP）,应用于信息检索，通过理解用户输入的关键词，搜索内容库中相匹配的信息。,2023-12,algorithmic service,境内互联网信息服务算法备案清单（2023年12月）.docx
大智慧信息检索算法,检索过滤类,上海大智慧信息科技有限公司,大智慧（APP）,应用于信息检索，通过对信息检索内容的统计分析，为用户提供精准化金融数据检索服务。,2023-12,algorithmic service,境内互联网信息服务算法备案清单（2023年12月）.docx
作业帮个性化推荐算法,个性化推送类,广州极目未来文化科技有限公司,作业帮（APP）,应用于内容推荐，通过用户行为、学习需求等数据，为用户推荐适合当前需求的题目和学习内容。,2023-12,algorithmic service,境内互联网信息服务算法备案清单（2023年12月）.docx
滴滴上车点推荐算法,调度决策类,滴滴出行科技有限公司,滴滴出行（APP、小程序）,应用于滴滴平台网约车服务，基于用户当前位置以及周边环境，在发单前为用户推荐一至三个上车位置点供用户挑选。,2023-12,algorithmic service,境内互联网信息服务算法备案清单（2023年12月）.docx
宠胖胖个性化推送算法,个性化推送类,杭州宠胖胖科技有限公司,宠胖胖（APP）,应用于内容推荐，通过用户属性、历史行为、兴趣偏好数据，推荐与用户兴趣匹配的商品、知识、贴子。,2023-12,algorithmic service,境内互联网信息服务算法备案清单（2023年12月）.docx
滴滴预估到达时间算法,调度决策类,滴滴出行科技有限公司,滴滴出行（APP、小程序）、滴滴车主（APP）,应用于滴滴平台网约车服务，使用用户行程起点、终点、出发时间、实时道路拥堵情况等数据，计算行程的预估到达时间。,2023-12,algorithmic service,境内互联网信息服务算法备案清单（2023年12月）.docx
滴滴网约车一口价算法,调度决策类,滴滴出行科技有限公司,滴滴出行（APP、小程序）、滴滴车主（APP）,应用于滴滴平台网约车服务，使用用户行程起点、终点、路线等数据，计算订单结账价格。,2023-12,algorithmic service,境内互联网信息服务算法备案清单（2023年12月）.docx
高顿网校个性化推荐算法,个性化推送类,上海高顿教育科技有限公司,高顿网校（APP）,应用于内容推荐，通过使用用户偏好、学习目标、知识点覆盖、题型难度等特征，为用户推荐合适的试题练习内容。,2023-12,algorithmic service,境内互联网信息服务算法备案清单（2023年12月）.docx
网易传媒信息搜索算法,检索过滤类,北京网易传媒有限公司,网易新闻（APP）、网易网（网站）,应用于搜索功能，通过用户输入的查询词，搜索满足需求的新闻资讯。,2022-8,algorithmic service,境内互联网信息服务算法备案清单（2022年8月）.docx
一点资讯个性化内容推荐算法,个性化推送类,北京一点网聚科技有限公司,一点资讯（APP）,应用于资讯推荐，通过点击、观看时长等用户数据为用户推荐可能感兴趣的资讯内容。,2022-8,algorithmic service,境内互联网信息服务算法备案清单（2022年8月）.docx
360搜索信息检索算法,检索过滤类,北京奇虎科技有限公司,360搜索（网站）,应用于搜索引擎，通过用户输入的查询词信息，搜索满足需求的网页。,2022-8,algorithmic service,境内互联网信息服务算法备案清单（2022年8月）.docx
凤凰网个性化推荐算法,个性化推送类,北京天盈九州网络技术有限公司,凤凰视频客户端（APP）、凤凰新闻（APP）,应用于资讯推荐，通过用户的历史行为数据为用户推荐可能感兴趣的内容。,2022-8,algorithmic service,境内互联网信息服务算法备案清单（2022年8月）.docx
智联首页职位推荐算法,个性化推送类,北京网聘信息技术有限公司,智联招聘（APP）,应用于首页职位推荐，通过用户发布的职位信息、简历信息及选择填写的相关条件为用户推荐可能感兴趣的职位信息。,2022-8,algorithmic service,境内互联网信息服务算法备案清单（2022年8月）.docx
微博热搜算法,排序精选类,北京微梦创科网络技术有限公司,微博（APP、网站、小程序）,应用于热搜榜单，精选热点内容，通过用户搜索、讨论、传播数据，对热点内容进行排序。,2022-8,algorithmic service,境内互联网信息服务算法备案清单（2022年8月）.docx
微博个性化推送算法,个性化推送类,北京微梦创科网络技术有限公司,微博（APP、网站、小程序）,应用于微博推荐，通过用户历史浏览行为推荐用户可能感兴趣的微博内容。,2022-8,algorithmic service,境内互联网信息服务算法备案清单（2022年8月）.docx
美团配送调度决策算法,调度决策类,北京三快科技有限公司,美团（APP、小程序）、美团众包（APP）、美团骑手（APP）,应用于配送场景，计算用户订单的预计送达时间，并为订单匹配骑手。,2022-8,algorithmic service,境内互联网信息服务算法备案清单（2022年8月）.docx
优酷个性化推荐算法,个性化推送类,优酷信息技术（北京）有限公司,优酷（APP）,应用于视听内容推荐，通过用户的基础信息及历史记录，为用户推荐可能感兴趣的视听内容。,2022-8,algorithmic service,境内互联网信息服务算法备案清单（2022年8月）.docx
快手短视频生成合成算法,生成合成类,北京快手科技有限公司,快手（APP）,应用于短视频制作场景，利用生成模型对用户上传图片、视频进行编辑和重新生成，实现属性编辑、风格转换等。,2022-8,algorithmic service,境内互联网信息服务算法备案清单（2022年8月）.docx
快手个性化推送算法,个性化推送类,北京快手科技有限公司,快手（APP）,应用于视频推荐，通过用户历史浏览习惯、近期兴趣、长期兴趣和当前热度，为用户推荐可能感兴趣的视频内容。,2022-8,algorithmic service,境内互联网信息服务算法备案清单（2022年8月）.docx
百度热搜榜排序精选算法,排序精选类,北京百度网讯科技有限公司,百度（APP）、百度搜索（网站）,应用于百度热搜榜单，精选热点事件热词，使用事件相关统计信息及用户行为数据，对热点事件进行排序。,2022-8,algorithmic service,境内互联网信息服务算法备案清单（2022年8月）.docx
百度信息检索算法,检索过滤类,北京百度网讯科技有限公司,百度搜索（网站）、hao123（APP）、百度（APP）,应用于搜索引擎，根据用户输入的搜索词，搜索满足需求的网页结果。,2022-8,algorithmic service,境内互联网信息服务算法备案清单（2022年8月）.docx
百度内容安全算法,检索过滤类,北京百度网讯科技有限公司,百度新闻（APP、网站）百度百科（APP、网站）、百度贴吧（APP、网站）等,应用于用户发布信息内容的内容安全风险识别，发现和处置违法违规信息内容。,2022-8,algorithmic service,境内互联网信息服务算法备案清单（2022年8月）.docx
新浪新闻个性化推荐算法,个性化推送类,北京新浪互联信息服务有限公司,新浪新闻（APP）,应用于新闻推荐，通过使用用户历史行为数据为用户推荐可能感兴趣的新闻资讯。,2022-8,algorithmic service,境内互联网信息服务算法备案清单（2022年8月）.docx
抖音个性化推荐算法,个性化推送类,北京抖音信息服务有限公司,西瓜视频（APP）、抖音短视频（APP）、今日头条（APP）,应用于图文、视频、商品及服务内容推荐，通过用户历史的点击、时长、点赞、评论、转发、不喜欢等行为数据为用户推荐可能感兴趣的内容。,2022-8,algorithmic service,境内互联网信息服务算法备案清单（2022年8月）.docx
小米浏览器内容推荐算法,个性化推送类,小米科技有限责任公司,小米浏览器（APP）,应用于资讯、视频内容推荐，通过用户的行为日志数据为用户推荐可能感兴趣的资讯和视频内容。,2022-8,algorithmic service,境内互联网信息服务算法备案清单（2022年8月）.docx
猎聘信息推荐算法,个性化推送类,同道精英（天津）信息技术有限公司,猎聘（APP、网站、小程序）,应用于求职者职位信息推荐，通过求职者和岗位匹配程度分析数据为平台求职者推荐职位、为平台招聘方推荐求职者。,2022-8,algorithmic service,境内互联网信息服务算法备案清单（2022年8月）.docx
蜂鸟物流配送算法,调度决策类,上海拉扎斯信息科技有限公司,蜂鸟众包（APP）,应用于配送场景，统筹区域内订单和骑手，将订单匹配给时间充裕、顺路的骑手。,2022-8,algorithmic service,境内互联网信息服务算法备案清单（2022年8月）.docx
亲宝宝育儿推荐算法,个性化推送类,杭州点望科技有限公司,亲宝宝（APP）,应用于育儿资讯推荐，通过用户的行为数据和用户画像为用户推荐可能感兴趣的育儿资讯及话题。,2022-8,algorithmic service,境内互联网信息服务算法备案清单（2022年8月）.docx
天猫商品排行算法,排序精选类,浙江天猫网络有限公司,手机天猫（APP）,应用于商品排行，通过使用用户的点击、加购、销量等数据按不同类目、属性对商品进行客观排序。,2022-8,algorithmic service,境内互联网信息服务算法备案清单（2022年8月）.docx
钉钉语音识别算法,生成合成类,钉钉科技有限公司,钉钉（APP）,应用于即时通讯场景的语音转文字功能，实现对语音消息的文字识别。,2022-8,algorithmic service,境内互联网信息服务算法备案清单（2022年8月）.docx
淘宝推荐算法,个性化推送类,浙江淘宝网络有限公司,手机淘宝（APP）,应用于首页、逛逛、支付完成页等的内容推荐，通过用户的访问足迹、历史搜索数据为用户推荐可能感兴趣的商品或服务信息。,2022-8,algorithmic service,境内互联网信息服务算法备案清单（2022年8月）.docx
菜鸟包裹时效预测算法,调度决策类,杭州菜鸟物流信息科技有限公司,菜鸟（APP、小程序）,应用于配送场景，预测包裹派送到达时间。,2022-8,algorithmic service,境内互联网信息服务算法备案清单（2022年8月）.docx
聚好看音视频内容推荐算法,个性化推送类,聚好看科技股份有限公司,海信智能电视聚好看应用（APP）,应用于音视频推荐，通过用户兴趣特征、活跃特征等数据为用户推荐可能感兴趣的音视频内容。,2022-8,algorithmic service,境内互联网信息服务算法备案清单（2022年8月）.docx
苏宁易购个性化商品推荐算法,个性化推送类,深圳市云网万店电子商务有限公司,苏宁易购（APP、网站）,应用于商品信息推荐，通过用户偏好信息、行为数据为用户推荐可能感兴趣的商品。,2022-8,algorithmic service,境内互联网信息服务算法备案清单（2022年8月）.docx
富途牛牛内容推荐算法,个性化推送类,深圳市富途网络科技有限公司,富途牛牛（APP）,应用于金融资讯推荐，通过使用用户浏览、点击、关注、分享等行为数据为用户推荐可能感兴趣的文章、资讯内容。,2022-8,algorithmic service,境内互联网信息服务算法备案清单（2022年8月）.docx
微信看一看个性化推送算法,个性化推送类,深圳市腾讯计算机系统有限公司,微信（APP）,应用于资讯推荐，通过用户浏览记录、关注公众号、用户在看内容等数据为用户推荐可能感兴趣的图文、视频内容。,2022-8,algorithmic service,境内互联网信息服务算法备案清单（2022年8月）.docx
腾讯新闻排序精选算法,排序精选类,深圳市腾讯计算机系统有限公司,腾讯新闻(APP),应用于新闻内容排序场景，通过内容打散、排序打分等多种干预策略，优化新闻精选内容排序结果。,2022-8,algorithmic service,境内互联网信息服务算法备案清单（2022年8月）.docx
头条热榜算法,排序精选类,北京抖音信息服务有限公司,西瓜视频(APP)、今日头条(APP)、抖音短视频(APP),应用于榜单排序场景，根据用户的浏览、点击、搜索等互动数据，将事件、话题或内容根据实时热度值从高到低排序生成榜单。,2024-4,algorithmic service,境内互联网信息服务算法备案清单（2024年4月）.docx
屈臣氏自有电商平台排序精选算法,排序精选类,武汉屈臣氏个人用品商店有限公司,屈臣氏(APP)、屈臣氏(小程序),应用于商品榜单排序，根据屈臣氏平台的商品销售数据，生成飙升榜、热销榜、精选榜和价格榜，为用户按照品类偏好顺序展示各类榜单产品。,2024-4,algorithmic service,境内互联网信息服务算法备案清单（2024年4月）.docx
更美APP信息流推荐算法,个性化推送类,北京完美创意科技有限公司,更美(APP),应用于信息流推荐场景，根据用户历史行为数据，从信息流候选池中筛选出用户可能感兴趣的内容进行推送。,2024-4,algorithmic service,境内互联网信息服务算法备案清单（2024年4月）.docx
一亩田采购商推荐算法,个性化推送类,北京一亩田新农网络科技有限公司,一亩田(APP),应用于采购商推荐场景，根据供货商用户的历史行为信息，向其推荐标签匹配的采购商信息流。,2024-4,algorithmic service,境内互联网信息服务算法备案清单（2024年4月）.docx
一亩田首页推荐算法,个性化推送类,北京一亩田新农网络科技有限公司,一亩田(APP),应用于商品推荐场景，根据采购商用户的历史行为信息，向其推荐农产品商品和视频信息流。,2024-4,algorithmic service,境内互联网信息服务算法备案清单（2024年4月）.docx
一亩田商品搜索算法,信息检索类,北京一亩田新农网络科技有限公司,一亩田(APP),应用于搜索商品场景，根据用户输入的文字查询指令，从商品索引库中召回符合条件的商品并排序，输出排序前10名的商品。,2024-4,algorithmic service,境内互联网信息服务算法备案清单（2024年4月）.docx
一亩田采购商搜索算法,信息检索类,北京一亩田新农网络科技有限公司,一亩田(APP),应用于搜索采购商场景，根据供应商用户输入的文字查询指令，从采购商索引库中召回符合条件的采购商并排序，输出排序前20名的采购商。,2024-4,algorithmic service,境内互联网信息服务算法备案清单（2024年4月）.docx
拼多多个性化推送算法,个性化推送类,上海寻梦信息技术有限公司,拼多多(APP),应用于商品推荐场景，根据用户历史行为和商品属性数据，向用户推荐其可能感兴趣的商品信息。,2024-4,algorithmic service,境内互联网信息服务算法备案清单（2024年4月）.docx
小川个性化推荐算法,个性化推送类,北京小川科技有限公司,最右(APP),应用于图文或视频推荐场景，根据用户基本属性特征和用户行为数据，向用户推荐其可能感兴趣的内容。,2024-4,algorithmic service,境内互联网信息服务算法备案清单（2024年4月）.docx
测测个性化推荐算法,个性化推送类,北京力拓飞远科技有限公司,测测(APP),应用于内容推荐场景，根据用户搜索和浏览记录等历史行为信息，向用户推送可能感兴趣社区内容、服务信息等。,2024-4,algorithmic service,境内互联网信息服务算法备案清单（2024年4月）.docx
智谱ChatGLM搜索算法,信息检索类,北京智谱华章科技有限公司,智谱清言(APP)、智谱清言(网站)、智谱清言(小程序),应用于内容搜索场景，根据用户输入的搜索指令，对互联网公开内容检索后进行内容整合，输出满足用户需求的内容。,2024-4,algorithmic service,境内互联网信息服务算法备案清单（2024年4月）.docx
个人图书馆内容安全算法,内容过滤类,北京六智信息技术股份有限公司,个人图书馆(APP)、个人图书馆(网站)、个人图书馆小程序(小程序),应用于内容过滤场景，针对用户上传的文本、图片内容，进行内容安全筛查。,2024-4,algorithmic service,境内互联网信息服务算法备案清单（2024年4月）.docx
开拓寰宇虚拟世界个性化推送算法,个性化推送类,上海开拓寰宇技术开发有限公司,虚拟世界(APP),应用于图文内容推荐场景，根据用户基本属性数据和用户行为数据，向用户推荐其可能感兴趣的图文信息。,2024-4,algorithmic service,境内互联网信息服务算法备案清单（2024年4月）.docx
用友YonBIP运筹优化算法,调度决策类,用友网络科技股份有限公司,用友YonBIP(网站),应用于调度规划场景，根据用户导入的数据，进行目标优化运算后输出优化结果。,2024-4,algorithmic service,境内互联网信息服务算法备案清单（2024年4月）.docx
海艺AI图像推荐算法,个性化推送类,成都海艺互娱科技有限公司,海艺AI图像(网站),应用于图像个性化推荐场景，根据用户属性信息和历史操作行为等信息，给用户推荐感兴趣的图像、模板。,2024-4,algorithmic service,境内互联网信息服务算法备案清单（2024年4月）.docx
有书App书籍推荐算法,个性化推送类,北京万维之道信息技术有限公司,有书(APP),应用于商品推荐场景，根据用户基本属性信息、用户行为数据和商品数据，向用户推荐其可能感兴趣的书籍信息。,2024-4,algorithmic service,境内互联网信息服务算法备案清单（2024年4月）.docx
大风车二手车推荐算法,个性化推送类,浙江大风车科技有限公司,大风车(APP),应用于商品推荐场景，根据用户属性信息、用户历史行为和商品基础数据，向用户推荐其可能感兴趣的车辆信息。,2024-4,algorithmic service,境内互联网信息服务算法备案清单（2024年4月）.docx
车易拍二手车推荐算法,个性化推送类,北京巅峰科技有限公司,车易拍(小程序)、车易拍(APP),应用于商品推荐场景，根据用户属性信息、用户历史行为和商品基础数据，向用户推荐其可能感兴趣的车辆信息。,2024-4,algorithmic service,境内互联网信息服务算法备案清单（2024年4月）.docx
翼支付商城搜索算法,信息检索类,天翼电子商务有限公司,翼支付(APP),应用于信息检索场景，根据用户提供的关键词数据，筛选出符合用户预期的内容。,2024-4,algorithmic service,境内互联网信息服务算法备案清单（2024年4月）.docx
翼支付商城推荐算法,个性化推送类,天翼电子商务有限公司,翼支付(APP),应用于内容推荐场景，根据用户行为数据、商品数据，推荐用户可能感兴趣的商品、广告等信息。,2024-4,algorithmic service,境内互联网信息服务算法备案清单（2024年4月）.docx
95爱播个性化推送类算法,个性化推送类,湖北省东百网络科技有限公司,95爱播(APP),应用于主播推荐场景，根据用户历史行为数据和实时反馈数据，为用户推荐感兴趣的主播。,2024-4,algorithmic service,境内互联网信息服务算法备案清单（2024年4月）.docx
皮皮搞笑个性化推荐算法,个性化推送类,深圳市腾淘科技有限公司,皮皮搞笑(APP),应用于视频推荐场景，根据用户基本属性特征和用户行为数据，向用户推荐感兴趣的内容。,2024-4,algorithmic service,境内互联网信息服务算法备案清单（2024年4月）.docx
夸克风险文本及图像识别算法,内容过滤类,广州市动悦信息技术有限公司,夸克 (APP),应用于内容过滤场景，针对用户上传的文本、图片内容，进行内容安全筛查。,2024-4,algorithmic service,境内互联网信息服务算法备案清单（2024年4月）.docx
夸克通用搜索引擎算法,信息检索类,广州市动悦信息技术有限公司,夸克 (APP),应用于信息搜索场景，根据用户输入的查询词，匹配用户可能感兴趣的搜索结果并排序展示。,2024-4,algorithmic service,境内互联网信息服务算法备案清单（2024年4月）.docx
夸克日报内容推荐算法,个性化推送类,广州市动悦信息技术有限公司,夸克 (APP),应用于信息推荐场景，根据用户的历史浏览记录，为用户推荐感兴趣的信息。,2024-4,algorithmic service,境内互联网信息服务算法备案清单（2024年4月）.docx
夸克内容安全算法,内容过滤类,广州市动悦信息技术有限公司,夸克 (APP),应用于内容过滤场景，针对用户发布的文本、图片、音频、视频等内容，进行内容安全筛查。,2024-4,algorithmic service,境内互联网信息服务算法备案清单（2024年4月）.docx
京东内容过滤算法,内容过滤类,京东科技信息技术有限公司,京东金融(APP),应用于内容过滤场景，针对发布的文本、图片、音频、视频等信息，发现和处置违法违规信息内容。,2024-4,algorithmic service,境内互联网信息服务算法备案清单（2024年4月）.docx
斑马快跑网约车分单算法,调度决策类,武汉斑马快跑科技有限公司,斑马司机端(APP),应用于网约车派单场景，将待找车订单与可派单司机进行最优匹配，为网约车订单匹配司机。,2024-4,algorithmic service,境内互联网信息服务算法备案清单（2024年4月）.docx
咪咕视频App内容推荐算法,个性化推送类,咪咕视讯科技有限公司,咪咕视频(APP),应用于视频推荐场景，根据用户观看行为和内容偏好，为用户进行个性化内容推荐。,2024-4,algorithmic service,境内互联网信息服务算法备案清单（2024年4月）.docx
零假设医学信息检索算法,信息检索类,上海零假设信息科技有限公司,零假设Express(网站),应用于信息检索，通过用户输入的关键词或问题，筛选出符合用户预期的医学文献等内容。,2024-4,algorithmic service,境内互联网信息服务算法备案清单（2024年4月）.docx
转转商品个性化推荐算法,个性化推送类,北京转转精神科技有限责任公司,采货侠(小程序)、找靓机(APP)、二手手机找靓机(小程序)、转转二手交易网(小程序)、转转(APP)、采货侠(APP),根据用户行为数据、商品数据，向用户推荐可能感兴趣的商品信息。,2024-4,algorithmic service,境内互联网信息服务算法备案清单（2024年4月）.docx
转转商品搜索算法,信息检索类,北京转转精神科技有限责任公司,采货侠(小程序)、找靓机(APP)、二手手机找靓机(小程序)、转转(APP)、转转二手交易网(小程序)、采货侠(APP),应用于搜索功能，通过用户输入的搜索信息，结合商品标签和用户属性信息，匹配满足需求的内容。,2024-4,algorithmic service,境内互联网信息服务算法备案清单（2024年4月）.docx
UC浏览器热榜算法,排序精选类,广州市动景计算机科技有限公司,UC浏览器(APP),应用于UC浏览器热榜榜单，通过用户搜索、点击、阅读等数据，形成实时热点内容榜单。,2024-4,algorithmic service,境内互联网信息服务算法备案清单（2024年4月）.docx
视睿文本内容安全算法,内容过滤类,广州视睿电子科技有限公司,希沃白板（桌面版）(APP)、希沃白板（手机版）(APP),应用于文本过滤场景，对用户上传的文本，进行内容安全筛查。,2024-4,algorithmic service,境内互联网信息服务算法备案清单（2024年4月）.docx
迅雷内容安全过滤算法,内容过滤类,深圳市迅雷网络技术有限公司,迅雷浏览器(APP)、迅雷软件(APP),应用于使用相关产品时发布或上传的文本、图片、音频、视频等信息的内容安全风险识别，发现和处置违法违规信息内容。,2024-4,algorithmic service,境内互联网信息服务算法备案清单（2024年4月）.docx
转转榜单排序算法,排序精选类,北京转转精神科技有限责任公司,找靓机(APP)、二手手机找靓机(小程序)、转转(APP)、转转二手交易网(小程序),应用于商品榜单，根据商品销量、销额等数据，形成商品热销榜单。,2024-4,algorithmic service,境内互联网信息服务算法备案清单（2024年4月）.docx
曹操网约车分单算法,调度决策类,杭州优行科技有限公司,曹操出行(APP),应用于网约车派单场景，根据乘客发出的订单，匹配司机距离和状态，输出派单结果。,2024-4,algorithmic service,境内互联网信息服务算法备案清单（2024年4月）.docx
阿里云内容安全算法,内容过滤类,阿里云计算有限公司,阿里云内容安全(其他),应用于内容过滤场景，针对用户上传的文本、图片、音频、视频等内容，进行内容安全筛查。,2024-4,algorithmic service,境内互联网信息服务算法备案清单（2024年4月）.docx
北京微然网络科技有限公司-时间排序算法,排序精选类,北京微然网络科技有限公司,梨视频(APP),应用于视频稿件排序场景，通过发布或更新时间进行排序。,2024-4,algorithmic service,境内互联网信息服务算法备案清单（2024年4月）.docx
闪电新闻个性化推荐算法,个性化推送类,山东广播电视台,闪电新闻(APP),应用于内容推荐服务，根据用户基本特征和历史行为，及内容属性信息，向用户推荐其可能感兴趣的内容信息。,2024-4,algorithmic service,境内互联网信息服务算法备案清单（2024年4月）.docx
建设人求职招聘推荐算法,个性化推送类,上海人之路人力资源有限公司,建设人(网站),应用于职位推荐服务，根据用户行为数据、职位信息和公司信息，向用户推荐符合其需求和兴趣的职位。,2024-4,algorithmic service,境内互联网信息服务算法备案清单（2024年4月）.docx
雷电云手机权重优先排序算法,排序精选类,长沙雷电云网络科技有限公司,雷电云手机(APP),应用于套餐、文章资讯排序场景，根据套餐价格、购买量，文章阅读量、评论数等数据进行排序。,2024-4,algorithmic service,境内互联网信息服务算法备案清单（2024年4月）.docx
趣拿个性化推送算法,个性化推送类,上海趣致网络科技有限公司,趣拿(APP),应用于商品推荐场景，根据用户历史购物记录数据，为用户推荐可能感兴趣的商品或活动。,2024-4,algorithmic service,境内互联网信息服务算法备案清单（2024年4月）.docx
喜马拉雅搜索算法,信息检索类,上海喜马拉雅科技有限公司,喜马拉雅APP(APP),应用于内容搜索场景，根据用户输入的搜索词进行内容的检索与过滤，输出用户想要查询的结果。,2024-4,algorithmic service,境内互联网信息服务算法备案清单（2024年4月）.docx
喜马拉雅热搜榜排序算法,排序精选类,上海喜马拉雅科技有限公司,喜马拉雅APP(APP),应用于榜单排序场景，根据用户的搜索点击量和干预策略，构建热搜、热点和各专项榜单。,2024-4,algorithmic service,境内互联网信息服务算法备案清单（2024年4月）.docx
东方甄选商品个性化推送算法,个性化推送类,北京新东方迅程网络科技有限公司,东方甄选(APP),应用于商品推荐场景，根据用户的行为画像和商品数据，为用户推荐可能喜欢的商品。,2024-4,algorithmic service,境内互联网信息服务算法备案清单（2024年4月）.docx
摩托范首页信息流推荐算法,个性化推送类,苏州摩多多信息科技有限公司,摩托范(APP),应用于首页文章或视频等内容的推荐服务，根据用户特征和物料特征，向用户推荐其可能感兴趣的内容。,2024-4,algorithmic service,境内互联网信息服务算法备案清单（2024年4月）.docx
讯飞医疗个性化推荐算法,个性化推送类,讯飞医疗科技股份有限公司,诊疗助理临床辅助决策系统(APP)、智医助理辅助诊疗系统(APP),应用于药品推荐场景，根据输入的患者的电子病历内容，结合疾病知识库、药品知识库，推荐治疗方案。,2024-4,algorithmic service,境内互联网信息服务算法备案清单（2024年4月）.docx
用友YonBIP商机推荐算法,个性化推送类,用友网络科技股份有限公司,用友YonBIP(网站),应用于招标信息推荐场景，根据用户定制的推荐配置，为用户推荐招标信息列表。,2024-4,algorithmic service,境内互联网信息服务算法备案清单（2024年4月）.docx
用友YonBIP信息检索算法,信息检索类,用友网络科技股份有限公司,用友YonBIP(网站),应用于信息搜索场景，根据用户输入的查询词，进行内容检索与过滤，输出企业内部资源信息。,2024-4,algorithmic service,境内互联网信息服务算法备案清单（2024年4月）.docx
星纪魅族个性化广告推荐算法,个性化推送类,珠海星纪魅族信息技术有限公司,短视频(APP)、视频(APP)、日历(APP)、锁屏画报(APP)、手机管家(APP)、搜索(APP)、天气(APP)、主题美化(APP)、魅族浏览器(APP)、新闻资讯(APP)、魅族应用商店(APP),应用于个性化广告推荐服务，根据用户信息、物品信息、场景信息，向用户提供更相关、更感兴趣的广告内容。,2024-4,algorithmic service,境内互联网信息服务算法备案清单（2024年4月）.docx
四川省马上到信息技术有限公司网约车分单算法,调度决策类,四川省马上到信息技术有限公司,马上到司机(APP),用于网约车派单场景，将待找车订单与可派单司机进行最优匹配，最终为网约车订单匹配司机。,2024-4,algorithmic service,境内互联网信息服务算法备案清单（2024年4月）.docx
星纪魅族个性化内容推荐算法,个性化推送类,珠海星纪魅族信息技术有限公司,短视频(APP)、日历(APP)、锁屏画报(APP)、手机管家(APP)、搜索(APP)、天气(APP)、魅族浏览器(APP)、新闻资讯(APP)、Aicy纵览(APP),应用于新闻咨询内容推荐服务，根据用户信息、物品信息、场景信息，向用户提供可能感兴趣的内容。,2024-4,algorithmic service,境内互联网信息服务算法备案清单（2024年4月）.docx
燕抖出行网约车分单算法,调度决策类,河北大正人汽车租赁有限公司,燕抖出行司机端(APP),用于网约车派单场景，将待找车订单与可派单司机进行最优匹配，最终为网约车订单匹配司机。,2024-4,algorithmic service,境内互联网信息服务算法备案清单（2024年4月）.docx
贝壳个性化推荐算法,个性化推送类,贝壳找房（北京）科技有限公司,贝壳找房(APP)、贝壳找房(小程序),应用于房源推荐场景，根据用户设备信息和行为信息，推荐用户可能感兴趣的房源和内容。,2024-4,algorithmic service,境内互联网信息服务算法备案清单（2024年4月）.docx
视睿课件推荐算法,个性化推送类,广州视睿电子科技有限公司,希沃白板（桌面版）(APP)、希沃白板（手机版）(APP),应用于教师课件推荐服务，根据用户偏好标签和内容库内容标签，向用户提供可能感兴趣的课件。,2024-4,algorithmic service,境内互联网信息服务算法备案清单（2024年4月）.docx
曹操网约车供需折扣算法,调度决策类,杭州优行科技有限公司,曹操出行(APP),应用于订单折扣场景，根据网约车在特定时间和地点的供需状况，生成订单折扣。,2024-4,algorithmic service,境内互联网信息服务算法备案清单（2024年4月）.docx
驿创设计智能检索算法,信息检索类,上海驿创信息技术有限公司,字由(APP),应用于信息检索场景，根据用户输入的文本描述或参考图片，检索字体库中适合的字体，推荐文字渲染特效样式，适合的文字排版布局等。,2024-4,algorithmic service,境内互联网信息服务算法备案清单（2024年4月）.docx
盯闪进阶推荐算法,个性化推送类,武汉闪点科技有限公司,盯闪(APP)、盯闪(小程序)、盯闪(网站),应用于知识推荐场景，根据用户历史搜索记录、浏览记录，为用户推荐相关的知识点。,2024-4,algorithmic service,境内互联网信息服务算法备案清单（2024年4月）.docx
T3出行派单算法,调度决策类,南京领行科技股份有限公司,T3出租车司机(APP)、T3出行(APP)、T3车主(APP),应用于车辆派单场景，根据实时订单位置和距离，以及车辆供求关系，调度车辆进行派单。,2024-4,algorithmic service,境内互联网信息服务算法备案清单（2024年4月）.docx
T3出行供需折扣算法,调度决策类,南京领行科技股份有限公司,T3出行(APP),应用于订单折扣分配场景，根据车辆实时供需情况，结合订单、空间等信息，向乘客提供订单价格折扣。,2024-4,algorithmic service,境内互联网信息服务算法备案清单（2024年4月）.docx
稿定个性化推送类算法,个性化推送类,厦门稿定股份有限公司,稿定设计APP-(APP),应用于推荐服务，根据用户行为、用户标签、内容数据，向用户推荐其可能感兴趣的设计模板和设计素材。,2024-4,algorithmic service,境内互联网信息服务算法备案清单（2024年4月）.docx
屈臣氏自有电商平台信息检索算法,信息检索类,武汉屈臣氏个人用品商店有限公司,屈臣氏(APP)、屈臣氏(小程序),应用于信息检索，通过用户提供的关键词数据，筛选出符合用户预期的内容。,2024-4,algorithmic service,境内互联网信息服务算法备案清单（2024年4月）.docx
星纪魅族应用商店个性化内容推荐算法,个性化推送类,珠海星纪魅族信息技术有限公司,魅族应用商店(APP),应用于个性化内容推荐服务，根据应用特征、用户基本属性特征、用户行为特征、用户点击或浏览时间，向用户提供可能感兴趣的应用。,2024-4,algorithmic service,境内互联网信息服务算法备案清单（2024年4月）.docx
蔚蓝出行网约车分单算法,调度决策类,平源网络科技（山东）有限公司,蔚蓝出行乘客端(APP)、蔚蓝出行司机端(APP),应用于网约车派单场景，将待找车订单与可派单司机进行最优匹配，最终为网约车订单匹配司机。,2024-4,algorithmic service,境内互联网信息服务算法备案清单（2024年4月）.docx
百谷王数字艺术个性化推荐算法,个性化推送类,福州百谷王网络科技有限公司,百谷王数字艺术(网站),应用于个性化商品推荐服务，根据用户浏览、购买、收藏、关注等行为数据，向用户提供可能感兴趣的商品。,2024-4,algorithmic service,境内互联网信息服务算法备案清单（2024年4月）.docx
配音秀首页个性化推荐算法,个性化推送类,杭州秀秀科技有限公司,配音秀(APP),应用于内容推荐场景，根据用户的兴趣和行为，推荐符合用户需求的内容。,2024-4,algorithmic service,境内互联网信息服务算法备案清单（2024年4月）.docx
中智大学堂人才与岗位匹配推荐算法,调度决策类,中智国培科技发展（北京）有限公司,中智国培科技发展（北京）有限公司官网(网站),应用于人与岗位匹配度决策场景，根据人才的技能和经验，以及岗位的要求和描述，来匹配合适的人才与岗位。,2024-4,algorithmic service,境内互联网信息服务算法备案清单（2024年4月）.docx
智策运维大模型算法,服务提供者,中科凡语（武汉）科技有限公司,智策智能AI助手(网站),应用于对话生成场景，根据用户输入的文本，生成运维相关的文本内容。,2025-11,generative ai,境内深度合成服务算法备案清单（2025年11月）.docx
智策大模型算法,服务提供者,中科凡语（武汉）科技有限公司,智策智能AI助手(网站),应用于对话生成场景，根据用户输入的文本，生成相应的文本内容。,2025-11,generative ai,境内深度合成服务算法备案清单（2025年11月）.docx
芒种星球文本故事视频自动生成算法,服务技术支持者,北京芒种星球科技有限公司,--,应用于视频生成场景，服务于企业端客户，根据用户输入的文本或故事剧本，生成剧情对应的视频。,2025-11,generative ai,境内深度合成服务算法备案清单（2025年11月）.docx
数智源文本生成算法,服务提供者,广州数智源网络技术有限公司,数智源文本创作助手(网站),应用于对话生成场景，根据用户输入的文本，生成相应的文本内容。,2025-11,generative ai,境内深度合成服务算法备案清单（2025年11月）.docx
宝宝云智能育儿助手大模型算法,服务提供者,贵州康思田科技发展有限公司,宝宝云(APP),应用于对话生成场景，根据用户输入的文本，生成相应的文本内容。,2025-11,generative ai,境内深度合成服务算法备案清单（2025年11月）.docx
智策企业服务大模型算法,服务提供者,中科凡语（武汉）科技有限公司,智策智能AI助手(网站),应用于文本生成场景，根据用户输入的文本，生成企业服务领域相关的文本内容。,2025-11,generative ai,境内深度合成服务算法备案清单（2025年11月）.docx
智策公文智能生成大模型算法,服务提供者,中科凡语（武汉）科技有限公司,智策智能AI助手(网站),应用于文本生成场景，根据用户输入的文本，生成政务办公相关的文本内容。,2025-11,generative ai,境内深度合成服务算法备案清单（2025年11月）.docx
智策报告文案智能生成大模型算法,服务提供者,中科凡语（武汉）科技有限公司,智策智能AI助手(网站),应用于文本生成场景，根据用户输入的文本内容，生成相应的文本内容。,2025-11,generative ai,境内深度合成服务算法备案清单（2025年11月）.docx
壹点灵暖暖生成合成类算法,服务提供者,上海袋虎信息技术有限公司,壹点灵(APP),应用于对话生成场景，根据用户输入的文本、图像，生成心理健康相关的文本。,2025-11,generative ai,境内深度合成服务算法备案清单（2025年11月）.docx
BodyPark文本生成算法,服务提供者,成都沸彻科技有限公司,BodyPark健身指导(网站),应用于文本生成场景，根据用户输入的文本、图像、视频，生成运动健身场景下动作指导和训练优化文本建议。,2025-11,generative ai,境内深度合成服务算法备案清单（2025年11月）.docx
首旅慧科盘道AI视频生成合成算法-2,服务提供者,北京首旅慧联科技有限责任公司,AIGC Hub Pro(网站),应用于视频生成场景，根据用户输入的文本、图像，生成动态变化的视频。,2025-11,generative ai,境内深度合成服务算法备案清单（2025年11月）.docx
聚九州舌像健康文字合成算法,服务提供者,黄山聚九州医药科技有限公司,聚九洲舌像健康(APP),应用于对话生成场景，根据用户输入的舌苔图像，生成健康分析相关的文本回复。,2025-11,generative ai,境内深度合成服务算法备案清单（2025年11月）.docx
新讯智能问答文本生成算法,服务提供者,深圳前海翼联科技有限公司,新讯(APP),应用于对话生成场景，根据用户输入的文本，生成相应的文本回复。,2025-11,generative ai,境内深度合成服务算法备案清单（2025年11月）.docx
卿卿我我文本生成算法,服务提供者,成都金山世游卓立科技有限公司,卿卿我我(APP),应用于对话生成场景，根据用户输入的文本，生成相应的文本回复。,2025-11,generative ai,境内深度合成服务算法备案清单（2025年11月）.docx
易元亨AI问答内容生成算法,服务提供者,易元亨（广州）智能科技有限公司,易元亨利贞(小程序),应用于对话生成场景，根据用户输入的文本，生成相应的文本回复。,2025-11,generative ai,境内深度合成服务算法备案清单（2025年11月）.docx
智媒云图WonderTatooine语音深度合成算法-2,服务提供者,广东智媒云图科技股份有限公司,智媒云图一站式AIGC创作平台(网站),应用于音频生成场景，根据用户输入的文本，生成相应的音频内容。,2025-11,generative ai,境内深度合成服务算法备案清单（2025年11月）.docx
CICI飞越智能问策生成算法,服务提供者,苏州世纪飞越网络信息有限公司,CICI飞越智能问策(网站),应用于对话生成场景，根据用户输入的政策咨询文本，生成相应的文本回复。,2025-11,generative ai,境内深度合成服务算法备案清单（2025年11月）.docx
企域新链欧拉图灵多模态生成算法,服务提供者,深圳企域数字科技有限公司,汽车运营AI助手(小程序)、新链(网站),应用于对话生成场景，根据用户输入的文本，生成汽车销售领域相关的文本、音频。,2025-11,generative ai,境内深度合成服务算法备案清单（2025年11月）.docx
席悦科技多模态生成算法,服务提供者,深圳市席悦科技有限公司,席悦(APP),应用于多模态生成场景，根据用户输入的文本，生成睡眠健康领域相关的文本、图像。,2025-11,generative ai,境内深度合成服务算法备案清单（2025年11月）.docx
好兽医宠物医疗诊断决策生成算法,服务提供者,深圳市好兽医阿闻互联网宠物医院有限公司,好兽医AI助手(小程序)、好兽医AI助手(网站)、好兽医AI助手(APP)、小闻养宠助手(APP)、小闻养宠助手(网站)、小闻养宠助手(小程序),应用于文本生成场景，根据用户输入的文本、图像，生成宠物医疗相关的文本内容。,2025-11,generative ai,境内深度合成服务算法备案清单（2025年11月）.docx
AI伴学问答合成算法,服务提供者,深圳市广厦信息技术有限公司,AI伴学问答平台(网站),应用于多模态生成场景，根据用户输入的文本数据，生成符合用户需求的文本、图像、音频内容。,2025-11,generative ai,境内深度合成服务算法备案清单（2025年11月）.docx
问透AI多模态合成算法,服务提供者,北京生动视界科技有限公司,问透(网站),应用于文本视频生成场景，根据用户输入的文本，生成成人教育领域相关的文本、视频内容。,2025-11,generative ai,境内深度合成服务算法备案清单（2025年11月）.docx
乐享智能科技语音对话生成算法,服务技术支持者,苏州乐享智能科技有限公司,--,应用于语音生成场景，服务于企业端客户，根据用户输入的语音，生成相应的语音内容。,2025-11,generative ai,境内深度合成服务算法备案清单（2025年11月）.docx
居里出海图像内容生成合成算法,服务提供者,居里出海（深圳）信息科技有限公司,July.art(网站),应用于图像生成场景，根据用户输入的文本、图像，生成相应的图像。,2025-11,generative ai,境内深度合成服务算法备案清单（2025年11月）.docx
新壹生成式内容合成算法,服务提供者,新壹（北京）科技有限公司,一帧秒创(网站),应用于多模态生成场景，根据用户输入的文本、图像、音频，生成相应的文本、图像、视频内容。,2025-11,generative ai,境内深度合成服务算法备案清单（2025年11月）.docx
明悦己心理大模型算法,服务提供者,青岛己悦己心理咨询有限公司,明悦己心理(APP),应用于文本图像生成场景，根据用户输入的文本、图像、音频，生成心理健康相关的文本、图像。,2025-11,generative ai,境内深度合成服务算法备案清单（2025年11月）.docx
未来立体智能语音识别算法,服务技术支持者,深圳未来立体教育科技有限公司,--,应用于文本生成场景，服务于企业端客户，根据用户输入的音频，生成相应的文本内容。,2025-11,generative ai,境内深度合成服务算法备案清单（2025年11月）.docx
咪咕新空人脸融合生成算法,服务提供者,咪咕新空文化科技（厦门）有限公司,咪咕AI写真(网站),应用于图像视频生成场景，根据用户输入的人脸图像和选择的目标模板，生成人脸与目标脸融合后的图像或视频。,2025-11,generative ai,境内深度合成服务算法备案清单（2025年11月）.docx
篮之星故事内容生成合成算法,服务提供者,深圳市篮之星科技有限公司,篮之星儿童故事内容生成平台(网站),应用于多模态生成场景，根据用户输入的文本，生成儿童故事相关的文本、图像、音频、视频。,2025-11,generative ai,境内深度合成服务算法备案清单（2025年11月）.docx
杏林七贤图文生成算法,服务技术支持者,深圳市天方达健信科技股份有限公司,--,应用于文本图像生成场景，服务于企业端客户，根据用户输入的文本，生成医疗健康领域相关的文本、图像。,2025-11,generative ai,境内深度合成服务算法备案清单（2025年11月）.docx
Monar多模态生成算法,服务提供者,宁波莫艺人工智能科技有限公司,Monar(APP),应用于图像音频生成场景，根据用户输入的文本，生成相应的图像、音频内容。,2025-11,generative ai,境内深度合成服务算法备案清单（2025年11月）.docx
毕环AI多模态生成算法,服务提供者,上海趣学园智能科技有限公司,毕环AI(APP),应用于多模态内容生成场景，根据用户输入的文本、视频，生成相应的文本、数字人视频内容。,2025-11,generative ai,境内深度合成服务算法备案清单（2025年11月）.docx
魂域虚拟数字人生成合成算法,服务提供者,杭州魂域科技有限公司,魂域智能体(APP)、魂域智能体网页(网站),应用于数字人生成场景，根据用户输入的文本、视频，生成相应的数字人视频。,2025-11,generative ai,境内深度合成服务算法备案清单（2025年11月）.docx
迈峰学习助手文本生成算法,服务技术支持者,广州迈峰网络科技股份有限公司,--,应用于文本生成场景，服务于企业端客户，根据用户输入的文本，生成相应的文本内容。,2025-11,generative ai,境内深度合成服务算法备案清单（2025年11月）.docx
脉景大语言模型算法,服务提供者,脉景（杭州）健康管理有限公司,脉景大语言模型(网站),应用于对话生成场景，根据用户输入的文本，生成相应的中医解答知识文本。,2025-11,generative ai,境内深度合成服务算法备案清单（2025年11月）.docx
spiko语音信息合成算法,服务提供者,重庆帕鲁网络科技有限公司,spiko(APP),应用于文本音频生成场景，根据用户输入的文本或音频，生成相应的文本及音频内容。,2025-11,generative ai,境内深度合成服务算法备案清单（2025年11月）.docx
美异医疗导诊生成算法,服务提供者,杭州美异科技有限公司,美异医生(网站),应用于对话生成场景，根据用户输入的文本、音频，生成相应的文本内容。,2025-11,generative ai,境内深度合成服务算法备案清单（2025年11月）.docx
中移支付灵犀生成算法,服务提供者,中移支付有限公司,中国移动钱包(APP),应用于对话生成场景，根据用户输入的文本或音频，生成相应的文本、图像回复。,2025-11,generative ai,境内深度合成服务算法备案清单（2025年11月）.docx
智加无纸化会议系统的智能管理语言大模型算法,服务提供者,浙江智加信息科技有限公司,电子阅文(APP),应用于文本生成场景，根据用户输入的文本，生成相应的文本内容。,2025-11,generative ai,境内深度合成服务算法备案清单（2025年11月）.docx
智安应急管理辅助决策智能生成算法,服务技术支持者,厦门智安天工科技有限公司,--,应用于文本生成场景，服务于企业端客户，根据用户输入的文本，生成应急管理领域相关的文本。,2025-11,generative ai,境内深度合成服务算法备案清单（2025年11月）.docx
智安智库基于LLM的考题生成算法,服务技术支持者,厦门智安天工科技有限公司,--,应用于文本生成场景，服务于企业端客户，根据用户输入的文本，生成化工教育领域的考题和知识点。,2025-11,generative ai,境内深度合成服务算法备案清单（2025年11月）.docx
紫金AI智能生成算法,服务提供者,紫金智信智控（厦门）科技有限公司,紫金AI(APP),应用于智能对话场景，根据用户输入的文本，生成相应的文本内容。,2025-11,generative ai,境内深度合成服务算法备案清单（2025年11月）.docx
中移动供应链大模型算法,服务技术支持者,中移动信息技术有限公司,--,应用于文本生成场景，服务于企业端客户，根据用户输入的文本、图像、视频，生成供应链评审相关的文本内容。,2025-11,generative ai,境内深度合成服务算法备案清单（2025年11月）.docx
爱马奇科技智能评价生成算法,服务提供者,深圳爱马奇科技有限公司,成长评价(APP),应用于文本生成场景，根据用户输入的文本，生成学生综合素质表现的个性化文本评语。,2025-11,generative ai,境内深度合成服务算法备案清单（2025年11月）.docx
欢禧科技新能源车辆评估生成合成算法,服务提供者,广东欢禧科技有限公司,领航数字验车平台(网站),应用于文本生成场景，根据用户输入的车辆属性等文本数据，生成车辆评估相关的文本内容。,2025-11,generative ai,境内深度合成服务算法备案清单（2025年11月）.docx
迥灵知识图谱大模型生成算法,服务技术支持者,深圳力维智联技术有限公司,--,应用于文本生成场景，服务于企业端客户，根据用户输入的文本，生成相应的结构化图谱文本内容。,2025-11,generative ai,境内深度合成服务算法备案清单（2025年11月）.docx
迥灵社区挖掘大模型生成算法,服务技术支持者,深圳力维智联技术有限公司,--,应用于文本生成场景，服务于企业端客户，根据用户输入的结构化图谱文本，生成相应的文本内容。,2025-11,generative ai,境内深度合成服务算法备案清单（2025年11月）.docx
金保信就业在线AI简历生成算法,服务技术支持者,金保信社保卡科技有限公司,--,应用于文本生成场景，服务于企业端客户，根据用户输入的文本，生成相应的简历文本。,2025-11,generative ai,境内深度合成服务算法备案清单（2025年11月）.docx
我答答AI数字人合成算法,服务提供者,福建省我答答信息科技有限公司,我趣玩(APP),应用于数字人生成场景，根据用户输入的文本、音频、视频，生成对应口型驱动的数字人形象视频内容。,2025-11,generative ai,境内深度合成服务算法备案清单（2025年11月）.docx
可圈可点多模态合成算法,服务提供者,昆山可圈可点信息服务有限公司,高考志愿专家填报(APP),应用于多模态内容生成场景，根据用户输入的文本、图像、视频，生成相应的文本、图像、视频内容。,2025-11,generative ai,境内深度合成服务算法备案清单（2025年11月）.docx
魔方智绘包装设计文图生图算法,服务提供者,杭州魔方智绘科技有限公司,X·FUN智能包装设计平台(网站),应用于图像生成场景，根据用户输入的文本、图像，生成相应的图像内容。,2025-11,generative ai,境内深度合成服务算法备案清单（2025年11月）.docx
起杭生态环境预测生成算法,服务技术支持者,浙江起杭数智科技有限公司,--,应用于文本生成场景，服务于企业端客户，根据用户输入的文本，生成相应的文本内容。,2025-11,generative ai,境内深度合成服务算法备案清单（2025年11月）.docx
数海云笔文本生成算法,服务提供者,广州数海科技有限公司,数海云笔(网站)、数海云笔(小程序),应用于对话生成场景，根据用户输入的文本，生成相应的文本回复。,2025-11,generative ai,境内深度合成服务算法备案清单（2025年11月）.docx
鸣跃智能体文生文算法,服务提供者,杭州冰特科技股份有限公司,鸣跃智能体(网站)、鸣跃智能体(小程序),应用于对话生成场景，根据用户输入的文本，生成相应的文本回复。,2025-11,generative ai,境内深度合成服务算法备案清单（2025年11月）.docx
竹云多模态身份认证生成算法,服务提供者,深圳竹云科技股份有限公司,竹云城堡(网站),应用于多模态生成场景，根据用户输入的文本、图像，生成相应的文本、图像，主要面向于身份认证领域。,2025-11,generative ai,境内深度合成服务算法备案清单（2025年11月）.docx
创智交通大模型算法,服务技术支持者,浪潮智慧科技有限公司,--,应用于文本生成场景，服务于企业端客户，根据用户输入的文本、图像，生成相应的文本内容。,2025-11,generative ai,境内深度合成服务算法备案清单（2025年11月）.docx
金保信HR在线AI劳动仲裁生成合成算法,服务提供者,金保信社保卡科技有限公司,HR在线(网站),应用于文本生成场景，根据用户输入劳动仲裁相关的文本，生成相应的文本内容。,2025-11,generative ai,境内深度合成服务算法备案清单（2025年11月）.docx
沃资拓WordsTalk翻译生成算法,服务提供者,北京沃资拓管理咨询有限责任公司,WordsTalk沃资拓翻译助手(网站),应用于文本生成场景，根据用户输入的文本，生成相应的翻译文本内容。,2025-11,generative ai,境内深度合成服务算法备案清单（2025年11月）.docx
智策领航生成合成类问答算法,服务提供者,北京智策领航科技有限公司,财搭子(APP)、财搭子(网站),应用于对话生成场景，根据用户输入的文本，生成相应的文本回复。,2025-11,generative ai,境内深度合成服务算法备案清单（2025年11月）.docx
同萌TaMe照片合成算法,服务提供者,深圳市同萌创新科技有限公司,同萌TM(小程序)、同萌(小程序)、同萌ai(小程序)、同萌创新(小程序),应用于文本图像生成场景，根据用户输入的个人照片和自定义的风格模板，生成个性化的图像内容和文本回复。,2025-11,generative ai,境内深度合成服务算法备案清单（2025年11月）.docx
六一六企业分析大模型算法,服务技术支持者,北京六一六信息技术有限公司,--,应用于文本生成场景，服务于企业端客户，根据用户输入的文本、图像数据，生成分析文本内容。,2025-11,generative ai,境内深度合成服务算法备案清单（2025年11月）.docx
标信招采智能生成算法,服务技术支持者,标信智链（杭州）科技发展有限公司,--,应用于文本生成场景，服务于企业端客户，根据用户输入的文本数据，生成相应的文本内容。,2025-11,generative ai,境内深度合成服务算法备案清单（2025年11月）.docx
星缘智能影视剧本生成合成算法,服务技术支持者,广州星缘智能科技有限公司,--,应用于文本图像生成场景，服务于企业端客户，根据用户输入的文本，生成相应的文本、图像。,2025-11,generative ai,境内深度合成服务算法备案清单（2025年11月）.docx
地纬Darewen大模型算法,服务技术支持者,山大地纬软件股份有限公司,--,应用于文本生成场景，服务于企业端客户，根据用户输入的文本，生成相应的文本内容。,2025-11,generative ai,境内深度合成服务算法备案清单（2025年11月）.docx
科脉有数商品卖点文本生成算法,服务提供者,深圳市科脉技术股份有限公司,科脉有数(网站),应用于文本生成场景，根据用户输入的文本，生成商品广告文案。,2025-11,generative ai,境内深度合成服务算法备案清单（2025年11月）.docx
起杭环境模拟生成合成算法,服务技术支持者,浙江起杭数智科技有限公司,--,应用于文本图像生成场景，服务于企业端客户，根据用户输入的文本、图像数据，生成相应的文本、图像。,2025-11,generative ai,境内深度合成服务算法备案清单（2025年11月）.docx
科脉云帆报表解读文本生成算法,服务提供者,深圳市科脉技术股份有限公司,科脉云帆(网站)、科脉云帆(小程序),应用于文本生成场景，根据用户输入的文本，生成零售数据分析相关的文本内容。,2025-11,generative ai,境内深度合成服务算法备案清单（2025年11月）.docx
分小全智能AI大模型算法,服务提供者,上海智光年智能信息科技有限公司,分小全(APP),应用于文本生成场景，根据用户输入的小初高题目文本或图像，生成相应的文本解析和相似题目。,2025-11,generative ai,境内深度合成服务算法备案清单（2025年11月）.docx
飞点健康尿检内容生成算法,服务提供者,深圳市飞点健康管理有限公司,尿大夫(APP)、吾大夫(APP),应用于文本生场景，根据用户输入的文本，生成尿检相关文本内容。,2025-11,generative ai,境内深度合成服务算法备案清单（2025年11月）.docx
Emu文生视频大模型算法,服务提供者,北京智源人工智能研究院,Emu文生视频(网站),应用于视频生成场景，根据用户输入文本，生成相应的视频内容。,2025-11,generative ai,境内深度合成服务算法备案清单（2025年11月）.docx
Emu文生图大模型算法,服务提供者,北京智源人工智能研究院,Emu文生图(网站),应用于图像生成场景，根据用户输入的文本，生成相应的图像内容。,2025-11,generative ai,境内深度合成服务算法备案清单（2025年11月）.docx
金保信就业在线AI简历生成算法-1,服务提供者,金保信社保卡科技有限公司,就业在线H5(其他)、就业在线(APP)、就业在线支付宝小程序(小程序)、就业在线微信小程序(小程序)、就业在线(网站),应用于文本生成场景，根据用户输入的自我描述、工作经历等文本内容，生成个性化的求职文本简历。,2025-11,generative ai,境内深度合成服务算法备案清单（2025年11月）.docx
中科凯泽智能制造多模态大模型生成合成算法,服务提供者,广东中科凯泽信息科技有限公司,海颅云AI平台(网站),应用于对话生成场景，根据用户输入的文本、图像，生成船舶领域相关的文本内容。,2025-11,generative ai,境内深度合成服务算法备案清单（2025年11月）.docx
维盛AI外设大模型算法,服务提供者,深圳维盛半导体科技有限公司,维盛外设AI助手(APP)、维盛外设AI助手(网站),应用于多模态生成场景，根据用户输入的文本、图像、音频，生成相应的文本、图像内容。,2025-11,generative ai,境内深度合成服务算法备案清单（2025年11月）.docx
索答智能文书生成算法,服务提供者,广州索答信息科技有限公司,智能文书生成平台(APP),应用于文本生成场景，根据用户输入的庭审笔录、申请文件等文本，生成相应的裁判文书内容。,2025-11,generative ai,境内深度合成服务算法备案清单（2025年11月）.docx
鸿佳会计服务大语言模型算法,服务提供者,广州市鸿佳会计服务有限责任公司,鸿佳AI会计(网站),应用于文本生成场景，根据用户输入的文本内容，生成相应的文本回复。,2025-11,generative ai,境内深度合成服务算法备案清单（2025年11月）.docx
律盾法律AI大语言模型算法,服务提供者,广州市律盾信息咨询有限责任公司,律盾AI智能法律服务平台(网站),应用于文本生成场景，根据用户输入的文本，生成相应的文本，主要面向于法律领域。,2025-11,generative ai,境内深度合成服务算法备案清单（2025年11月）.docx
家具橙文本生成算法,服务提供者,广州豪斯嘉丽家居科技有限责任公司,家具橙(APP),应用于对话生成场景，根据用户输入的文本，生成相应的文本。,2025-11,generative ai,境内深度合成服务算法备案清单（2025年11月）.docx
河北医科大学第一医院肿瘤医疗决策内容生成算法,服务提供者,河北医科大学第一医院,精致问医（WenYI）(网站)、精致问医（WenYI）(小程序)、精致问医（WenYI）(APP),应用于对话生成场景，根据用户输入的文本，生成相应的文本回复，主要面向肿瘤医疗领域。,2025-11,generative ai,境内深度合成服务算法备案清单（2025年11月）.docx
诺亚文本生成算法,服务提供者,浙江寰信科技有限公司,诺亚AI(网站),应用于对话生成场景，根据用户输入的文本，生成相应的文本。,2025-11,generative ai,境内深度合成服务算法备案清单（2025年11月）.docx
诚毅软件文本生成算法,服务提供者,广州市诚毅科技软件开发有限公司,AI数字员工(网站),应用于对话生成场景，根据用户输入的文本，生成相应的文本。,2025-11,generative ai,境内深度合成服务算法备案清单（2025年11月）.docx
矩阵图片合成算法,服务提供者,北京矩阵奇迹科技有限公司,矩阵壁纸(小程序)、矩阵壁纸之家(小程序),应用于图像生成场景，根据用户输入的图像，生成处理后的图像。,2025-11,generative ai,境内深度合成服务算法备案清单（2025年11月）.docx
车海洋智能洗车AI客服文本生成算法,服务提供者,广东车海洋环保科技有限公司,车海洋智能洗车(小程序)、车海洋智能洗车(公众账号)、车海洋智能洗车(网站),应用于对话生成场景，根据用户输入的文本，生成相应的文本。,2025-11,generative ai,境内深度合成服务算法备案清单（2025年11月）.docx
链友融机器人生成合成类算法,服务提供者,厦门链友融机器人有限公司,融融小机灵教师助理系统(网站),应用于文本生成场景，根据用户输入的课堂基本信息、辅助资料等文本，生成教师备课、教学相关的文本资料。,2025-11,generative ai,境内深度合成服务算法备案清单（2025年11月）.docx
心逸语音合成算法,服务技术支持者,浙江心逸数字科技有限公司,--,应用于音频生成场景，服务于企业端客户，根据用户输入的文本、音频，生成相应的音色克隆的音频。,2025-11,generative ai,境内深度合成服务算法备案清单（2025年11月）.docx
尔康健康营养师深度融合算法,服务提供者,成都灵枢易诊健康科技有限公司,尔康易诊(小程序),应用于对话生成场景，根据用户输入的食物图像或文本、音频疑问，生成健康饮食相关的文本、音频。,2025-11,generative ai,境内深度合成服务算法备案清单（2025年11月）.docx
尚娱旁白语音自动生成算法,服务技术支持者,尚娱软件（深圳）有限公司,--,应用于音频生场景，服务于企业端客户，根据用户输入的参考音频、文本，生成与参考音频音色一致的新音频内容。,2025-11,generative ai,境内深度合成服务算法备案清单（2025年11月）.docx
翎衣图片合成算法,服务提供者,深圳衣加科技有限公司,翎衣AI(网站)、翎衣AI(小程序),应用于图像生成场景，根据用户输入的服装和试穿模特图像，生成模特试穿的图像，实现服装与模特图像的融合。,2025-11,generative ai,境内深度合成服务算法备案清单（2025年11月）.docx
燃灵教育文生文算法-2,服务技术支持者,广州燃灵级数科技有限公司,--,应用于文本生成场景，服务于企业端客户，根据用户输入的文本，生成相应的教育文本内容。,2025-11,generative ai,境内深度合成服务算法备案清单（2025年11月）.docx
微播易Flixor品牌风格迁移生成合成算法,服务技术支持者,北京微播易科技股份有限公司,--,应用于图像视频生成场景，服务于企业端客户，根据用户输入的文本、图像、视频，生成相应的图像、视频内容。,2025-11,generative ai,境内深度合成服务算法备案清单（2025年11月）.docx
尚娱特定风格图标生成算法,服务技术支持者,尚娱软件（深圳）有限公司,--,应用于图像生成场景，服务于企业端客户，根据用户输入文字提示，生成相应高质量的图像内容。,2025-11,generative ai,境内深度合成服务算法备案清单（2025年11月）.docx
九岳润鑫增强检索内容生成算法,服务提供者,北京九岳润鑫智能科技有限公司,信科智学AI(网站),应用于对话生成场景，根据用户输入的文本，生成相应的文本。,2025-11,generative ai,境内深度合成服务算法备案清单（2025年11月）.docx
北京富华智慧会议语音转文本算法,服务提供者,北京富华创新科技发展有限责任公司,金融界金企智创(网站),应用于语音识别场景，根据用户输入的语音，生成相应的文本，主要面向于会议记录领域。,2025-11,generative ai,境内深度合成服务算法备案清单（2025年11月）.docx
米哈游智能客服文本合成算法,服务提供者,上海米哈游秘法科技有限公司,云·绝区零(APP)、原神(APP)、崩坏：星穹铁道(APP)、崩坏学园2(APP)、崩坏3(APP)、云·原神(APP)、未定事件簿(APP)、绝区零(APP)、米哈游成长关爱平台(网站)、米哈游通行证(网站)、云·星穹铁道(APP)、米游社(APP),应用于对话生成场景，根据用户输入的文本，生成相应的文本。,2025-11,generative ai,境内深度合成服务算法备案清单（2025年11月）.docx
ReconovaQTune瑞为蜻豚视觉大模型算法,服务技术支持者,厦门瑞为信息技术股份有限公司,--,应用于图像识别场景，服务于企业端客户，根据用户输入的文本、图像，生成相应的文本。,2025-11,generative ai,境内深度合成服务算法备案清单（2025年11月）.docx
竹云动态访问控制生成算法,服务提供者,深圳竹云科技股份有限公司,竹云零信任平台(网站),应用于文本生成场景，根据用户输入的文本，生成适配复杂场景的动态访问控制文本方案。,2025-11,generative ai,境内深度合成服务算法备案清单（2025年11月）.docx
四维集智运维大模型算法,服务提供者,上海建工四建集团有限公司,四维集智运维大模型(网站),应用于对话生成场景，根据用户输入的文本，生成建筑工程运营维护相关的文本内容。,2025-11,generative ai,境内深度合成服务算法备案清单（2025年11月）.docx
万岳多模态大模型算法,服务提供者,山东万岳信息科技有限公司,万岳科技(网站),应用于多模态内容生成场景，根据用户输入的文本、图像，生成相应的文本、图像内容。,2025-11,generative ai,境内深度合成服务算法备案清单（2025年11月）.docx
宇质大模型算法,服务提供者,深圳宇质互联科技有限公司,宇质慧答(小程序),应用于文本生成场景，根据用户输入的文本，生成相应的文本内容。,2025-11,generative ai,境内深度合成服务算法备案清单（2025年11月）.docx
三三得玖行业智能适配文本生成算法,服务技术支持者,深圳市三三得玖技术有限公司,--,应用于文本生成场景，服务于企业端客户，根据用户输入的文本，生成符合行业风格的短信文本内容。,2025-11,generative ai,境内深度合成服务算法备案清单（2025年11月）.docx
超顶AI生成合成算法,服务提供者,杭州超顶科技有限公司,超顶AI(网站),应用于多模态生成场景，根据用户输入的文本、图像，生成文本、图像、音频、视频内容。,2025-11,generative ai,境内深度合成服务算法备案清单（2025年11月）.docx
广州城市合伙人智能助手葱妹合成算法,服务提供者,广州趣虎网络科技有限公司,广州城市合伙人智能助手葱妹(网站),应用于对话生成场景，根据用户输入的文本内容，生成贴合业务的文本答案。,2025-11,generative ai,境内深度合成服务算法备案清单（2025年11月）.docx
乘帆智问合成算法,服务提供者,宁波港信息通信有限公司,乘帆智问(网站),应用于对话生成场景，根据用户输入的文本，生成相应的文本回复。,2025-11,generative ai,境内深度合成服务算法备案清单（2025年11月）.docx
三三得玖语音调控合成算法,服务技术支持者,深圳市三三得玖技术有限公司,--,应用于音频生成场景，服务于企业端客户，根据用户输入的业务语境标签及待合成文本内容，自动生成符合特定营销或通知目的的多样化音频内容。,2025-11,generative ai,境内深度合成服务算法备案清单（2025年11月）.docx
与师行聊天合成算法,服务提供者,北京与师行科技有限公司,高情商输入法(APP),应用于对话生成场景，根据用户输入的文本内容，生成相应的文本回复。,2025-11,generative ai,境内深度合成服务算法备案清单（2025年11月）.docx
三三得玖个性化文本定制生成算法,服务技术支持者,深圳市三三得玖技术有限公司,--,应用于文本生成场景，服务于企业端客户，根据用户输入结构化的用户画像文本数据，生成具有个性差异化的短信文本内容。,2025-11,generative ai,境内深度合成服务算法备案清单（2025年11月）.docx
乙亥互娱图片素材生成海报算法,服务技术支持者,深圳市乙亥互娱信息科技有限公司,--,应用于文本图像生成场景，服务于企业端客户，根据用户输入的文本、图像，生成相应的海报文本布局及图像内容。,2025-11,generative ai,境内深度合成服务算法备案清单（2025年11月）.docx
乙亥互娱游戏剧情内容实时生成算法,服务技术支持者,深圳市乙亥互娱信息科技有限公司,--,应用于文本生成场景，服务于企业端客户，根据用户输入的文本，生成相应的文本。,2025-11,generative ai,境内深度合成服务算法备案清单（2025年11月）.docx
华泰乐问生成合成类算法,服务提供者,华泰证券股份有限公司,涨乐(APP),应用于对话生成场景，根据用户输入的文本、音频，生成相应的文本、音频。,2025-11,generative ai,境内深度合成服务算法备案清单（2025年11月）.docx
肯德基AI点餐智能体生成合成算法,服务提供者,肯鼎行信息科技（上海）有限公司,肯德基(APP),应用于对话生成场景，根据用户输入的文本、音频，生成相应的文本。,2025-11,generative ai,境内深度合成服务算法备案清单（2025年11月）.docx
支付宝探一下内容生成算法,服务提供者,支付宝（杭州）信息技术有限公司,支付宝(APP),应用于图像识别场景，根据用户输入的图像，生成相应的文本。,2025-11,generative ai,境内深度合成服务算法备案清单（2025年11月）.docx
大安问鉴大模型算法,服务提供者,大安健康科技（北京）有限公司,大安医鉴辅助诊疗系统(网站),应用于对话生成场景，根据用户输入的文本，生成相应的文本。,2025-11,generative ai,境内深度合成服务算法备案清单（2025年11月）.docx
起杭智能问答大模型生成算法,服务技术支持者,浙江起杭数智科技有限公司,--,应用于文本生成场景，服务于企业端客户，根据用户输入的文本，生成相应的文本。,2025-11,generative ai,境内深度合成服务算法备案清单（2025年11月）.docx
乙亥互娱多角色参考的一致性图像生成算法,服务技术支持者,深圳市乙亥互娱信息科技有限公司,--,应用于图像生成场景，服务于企业端客户，根据用户输入的文本、图像，生成相应的图像。,2025-11,generative ai,境内深度合成服务算法备案清单（2025年11月）.docx
万色星辰AI内容生成算法-2,服务提供者,万色星辰科技（青岛）有限公司,万色星辰(网站),应用于音频生成场景，根据用户输入的文本，生成有声内容创作、影视和游戏角色配音相关的音频。,2025-11,generative ai,境内深度合成服务算法备案清单（2025年11月）.docx
万色星辰文生图算法,服务提供者,万色星辰科技（青岛）有限公司,万色星辰(网站),应用于图像生成场景，根据用户输入的文本，生成相应的图像。,2025-11,generative ai,境内深度合成服务算法备案清单（2025年11月）.docx
光素渲染图文生成合成算法,服务提供者,上海光素渲染科技有限公司,图星人(APP),应用于图像生成场景，根据用户输入的文本、图像，生成相应的图像。,2025-11,generative ai,境内深度合成服务算法备案清单（2025年11月）.docx
起杭智能决策生成算法,服务技术支持者,浙江起杭数智科技有限公司,--,应用于文本生成场景，服务于企业端客户，根据用户输入的文本，生成相应的文本。,2025-11,generative ai,境内深度合成服务算法备案清单（2025年11月）.docx
唯都AI智能客服生成合成类算法,服务提供者,上海唯都市场营销策划股份有限公司,唯都AI智能客服(其他),应用于对话生成场景，根据用户输入的文本，生成相应的文本。,2025-11,generative ai,境内深度合成服务算法备案清单（2025年11月）.docx
Style3DAI多模态生成模型算法,服务提供者,浙江凌迪数字科技有限公司,Style3D AI(小程序)、Style3D AI(网站),应用于文本图像生成场景，根据用户输入的文本、图像，结合用户需求，生成符合用户期望的文本、图像内容。,2025-11,generative ai,境内深度合成服务算法备案清单（2025年11月）.docx
京东京医千询文本生成算法,服务提供者,北京京东弘元信息技术有限公司,京东康康(小程序),应用于对话生成场景，根据用户输入的文本、图像，生成医疗场景相关文本内容。,2025-11,generative ai,境内深度合成服务算法备案清单（2025年11月）.docx
数喆行业专家生成合成类算法,服务提供者,上海数喆数据科技股份有限公司,ADAS 统计专家大模型系统(网站)、ADAS统计报送大模型(网站)、ADAS 统计上报智能体(APP)、居安应急大模型(APP),应用于对话生成场景，根据用户输入的文本，生成相应的文本。,2025-11,generative ai,境内深度合成服务算法备案清单（2025年11月）.docx
国泰海通语音生成算法,服务提供者,国泰海通证券股份有限公司,灵犀桌面机器人(其他)、国泰海通君弘(APP)、国泰海通君弘(网站)、国泰海通君弘(小程序)、国泰海通证券富易(APP),应用于语音交互场景，根据用户输入的语音，生成相应的语音回复。,2025-11,generative ai,境内深度合成服务算法备案清单（2025年11月）.docx
陆基金智能理财助手生成合成类算法,服务提供者,上海陆金所基金销售有限公司,陆基金服务号(公众账号)、陆基金(APP),应用于对话生成场景，根据用户输入的文本，生成相应的文本回复。,2025-11,generative ai,境内深度合成服务算法备案清单（2025年11月）.docx
CBNData消费品类趋势追踪大模型算法,服务提供者,上海应帆数字科技有限公司,CBNData消费站(网站),应用于文本生成场景，根据用户输入的文本、图像，生成消费品类趋势相关的文本。,2025-11,generative ai,境内深度合成服务算法备案清单（2025年11月）.docx
量星问智能导购生成合成算法,服务提供者,量子数科科技有限公司,量星问(网站),应用于对话生成场景，根据用户输入文本，生成购物咨询相关文本内容。,2025-11,generative ai,境内深度合成服务算法备案清单（2025年11月）.docx
智勋文本生成算法,服务提供者,广州市海珠区智勋教育培训中心有限公司,智勋商城(小程序),应用于对话生成场景，根据用户输入文本，生成教育领域相关文本内容。,2025-11,generative ai,境内深度合成服务算法备案清单（2025年11月）.docx
小幸运合成算法,服务提供者,北京里投拉可新信息科技有限公司,小幸运(APP),应用于文本生成场景，根据用户输入的文本，生成指定主题的文本内容。,2025-11,generative ai,境内深度合成服务算法备案清单（2025年11月）.docx
持股帮内容生成与智能问答服务算法,服务提供者,广州市万隆证券咨询顾问有限公司,持股帮(APP)、持股帮(小程序)、好股道(APP)、好股道(小程序),应用于文本生成场景，根据用户输入文本，生成股票分析、投资策略相关文本内容。,2025-11,generative ai,境内深度合成服务算法备案清单（2025年11月）.docx
半宇极跃极刻AI文字任务生成合成算法,服务提供者,北京半宇极跃科技有限公司,咯嗒AI(APP),应用于文本生成场景，根据用户输入的文本、音频，生成个性化任务规划文本。,2025-11,generative ai,境内深度合成服务算法备案清单（2025年11月）.docx
NoDeskAI客服文本生成算法,服务提供者,杭州没有桌子人工智能科技有限公司,NoDeskAI客服(网站),应用于对话生成场景，根据用户输入的文本、图像，生成相应的文本回复。,2025-11,generative ai,境内深度合成服务算法备案清单（2025年11月）.docx
广发基金AiFa大模型生成算法,服务提供者,广发基金管理有限公司,广发基金(APP)、广发基金(公众账号),应用于对话生成场景，根据用户输入的文本，生成金融类相关文本回复。,2025-11,generative ai,境内深度合成服务算法备案清单（2025年11月）.docx
美趣柯斯MATRIX健康风险筛查应用算法-2,服务技术支持者,美趣柯斯人工智能科技(上海）有限公司,--,应用于文本生成场景，服务于企业端客户，根据用户输入文本、图像信息，生成健康状态文本报告。,2025-11,generative ai,境内深度合成服务算法备案清单（2025年11月）.docx
思必驰任务型对话算法,服务技术支持者,思必驰科技股份有限公司,--,应用于文本生成场景，服务于企业端客户，根据用户输入的文本，生成相应的文本内容。,2025-11,generative ai,境内深度合成服务算法备案清单（2025年11月）.docx
930智慧医养文本生成算法,服务提供者,壹佑（西安）医疗科技合伙企业（有限合伙）,930智慧医养(小程序),应用于对话生成场景，根据用户输入的文本，生成相应的文本内容。,2025-11,generative ai,境内深度合成服务算法备案清单（2025年11月）.docx
高斯通智能交互生成算法,服务技术支持者,深圳市高斯通通信股份有限公司,--,应用于文本生成场景，服务于企业端客户，根据用户输入的文本，生成相应的答复文本。,2025-11,generative ai,境内深度合成服务算法备案清单（2025年11月）.docx
TogetherAI视频深度合成算法,服务提供者,水木星云（北京）科技有限公司,Together AI(APP),应用于视频生成场景，根据用户输入的静态图像、文本描述、参考视频，生成视频内容。,2025-11,generative ai,境内深度合成服务算法备案清单（2025年11月）.docx
知识跳跳图像生成算法,服务提供者,杭州知识跳跳科技有限公司,作业批改(APP)、作业辅导(APP),应用于图像生成场景，根据用户输入的图像，生成带有文本、图表区域标注等信息标识的图像内容。,2025-11,generative ai,境内深度合成服务算法备案清单（2025年11月）.docx
高斯通视频内容生成算法,服务技术支持者,深圳市高斯通通信股份有限公司,--,应用于视频生成场景，服务于企业端客户，根据用户输入的文字、音频、图像、视频内容，生成符合用户需求的视频。,2025-11,generative ai,境内深度合成服务算法备案清单（2025年11月）.docx
美异AI图像视频生成算法,服务提供者,杭州美异科技有限公司,半面兽(网站),应用于图像视频生成场景，根据用户输入的文本、图像，生成相应的图像、视频。,2025-11,generative ai,境内深度合成服务算法备案清单（2025年11月）.docx
悠然多模态大模型算法,服务提供者,成都考拉悠然科技有限公司,悠然远智(网站),应用于对话生成场景，根据用户输入的文本、图像、视频，生成相应的文本内容。,2025-11,generative ai,境内深度合成服务算法备案清单（2025年11月）.docx
砖助知识检索增强问答算法,服务提供者,浙江砖助智连科技有限责任公司,企业知识管理平台(网站)、企业知识问答(小程序),应用于文本生成场景，根据用户输入的文本，生成相应的文本内容。,2025-11,generative ai,境内深度合成服务算法备案清单（2025年11月）.docx
魂域虚拟数字人生成合成算法-1,服务技术支持者,杭州魂域科技有限公司,--,应用于数字人生成场景，服务于企业端客户，根据用户输入的文本、视频，生成数字人口播视频。,2025-11,generative ai,境内深度合成服务算法备案清单（2025年11月）.docx
国民健康数字医疗辅助系统大模型算法,服务提供者,上海国民集团健康科技有限公司,小康助手(APP)、小康助手(网站),应用于对话生成场景，根据用户输入的文本，生成相应的文本，主要面向于医疗服务领域。,2025-11,generative ai,境内深度合成服务算法备案清单（2025年11月）.docx
LavieAI虚拟试衣合成算法,服务提供者,上海鲸跃子午科技发展有限公司,LavieAI虚拟试衣合成算法(网站),应用于图像生成场景，根据用户输入的人物图像和服装图像，生成相应的目标人物图像上合成指定服装的穿着图像。,2025-11,generative ai,境内深度合成服务算法备案清单（2025年11月）.docx
中信科凌瞰文本内容生成算法,服务提供者,河南中信科大数据科技有限公司,凌瞰AI(小程序),应用于文本生成场景，根据用户输入的文本内容，生成相应的文本回复。,2025-11,generative ai,境内深度合成服务算法备案清单（2025年11月）.docx
尚娱小说推文图像生成算法,服务技术支持者,尚娱软件（深圳）有限公司,--,应用于图像生成场景，服务于企业端客户，根据用户输入的小说推文及关键词文本，生成符合小说内容的图像。,2025-11,generative ai,境内深度合成服务算法备案清单（2025年11月）.docx
中信科凌瞰语音合成算法,服务提供者,河南中信科大数据科技有限公司,凌瞰AI(小程序),应用于音频生成场景，根据用户输入的文本，生成贴合需求的音频内容。,2025-11,generative ai,境内深度合成服务算法备案清单（2025年11月）.docx
熵易基理易通内容生成算法,服务提供者,熵易基（广州）科技有限公司,理易通(小程序),应用于文本生成场景，根据用户输入的文本内容，生成相应的文本回复。,2025-11,generative ai,境内深度合成服务算法备案清单（2025年11月）.docx
三三得玖动态场景文本生成算法,服务技术支持者,深圳市三三得玖技术有限公司,--,应用于文本生成场景，服务于企业端客户，根据用户输入的文本，生成相应的短文本内容。,2025-11,generative ai,境内深度合成服务算法备案清单（2025年11月）.docx
规范智达数字水利生成合成类算法,服务提供者,水发数字科技有限公司,规范智达(APP)、规范智达(网站),应用于文本生成场景，根据用户输入的问题文本信息，生成水利规范标准原文及总结等文本信息。,2025-11,generative ai,境内深度合成服务算法备案清单（2025年11月）.docx
KISSABC智能AI大模型算法,服务提供者,上海智沪学智能科技有限公司,KISSABC(APP),应用于对话生成场景，根据用户输入的文本、音频内容，生成相应的文本、音频回复。,2025-11,generative ai,境内深度合成服务算法备案清单（2025年11月）.docx
南大菲特文本生成算法,服务提供者,广州南大菲特医疗健康科技有限公司,数智营养师(小程序),应用于对话生成场景，根据用户输入的文本，生成饮食健康领域相关的文本。,2025-11,generative ai,境内深度合成服务算法备案清单（2025年11月）.docx
博极情绪识别生成算法,服务提供者,湖南博极生命科技有限公司,博极生命-博极情绪识别(网站),应用于图像识别场景，根据用户输入的面部图像，生成呈现情绪分析结果的图像。,2025-11,generative ai,境内深度合成服务算法备案清单（2025年11月）.docx
博极物体识别生成算法,服务提供者,湖南博极生命科技有限公司,博极生命-博极物体识别(网站),应用于图像生成场景，根据用户输入的图像，生成标注识别信息的图像。,2025-11,generative ai,境内深度合成服务算法备案清单（2025年11月）.docx
博极动作识别生成算法,服务提供者,湖南博极生命科技有限公司,博极生命-博极动作识别(网站),应用于图像识别场景，根据用户输入的图像，生成标注关节点位置的图像。,2025-11,generative ai,境内深度合成服务算法备案清单（2025年11月）.docx
山水AI文本生成算法,服务提供者,新山水数字科技（广东）有限公司,山水AI(网站)、山水AI(小程序),应用于文本生成场景，根据用户输入的文本，生成景观、建筑或规划相关的文本。,2025-11,generative ai,境内深度合成服务算法备案清单（2025年11月）.docx
方正鸿云智能大模型算法,服务技术支持者,北京北大方正电子有限公司,--,应用于文本生成场景，服务于企业端客户，根据用户输入的文本，生成相应的文本内容。,2025-11,generative ai,境内深度合成服务算法备案清单（2025年11月）.docx
博智天睿适老助残辅具适配系统文本生成算法,服务提供者,北京博智天睿信息技术服务有限公司,残疾人辅助器具适配服务系统(网站),应用于对话生成场景，根据用户输入的文本，生成适配的助残辅助器具介绍文本。,2025-11,generative ai,境内深度合成服务算法备案清单（2025年11月）.docx
企业预警通舆情生成算法,服务提供者,上海大智慧财汇数据科技有限公司,企业预警通金融终端(网站),应用于文本生成场景，根据用户输入的文本，生成热点舆情榜单及舆情文本报告。,2025-11,generative ai,境内深度合成服务算法备案清单（2025年11月）.docx
汇利旺水泵设备性能诊断合成算法,服务技术支持者,苏州汇利旺智控科技有限公司,--,应用于文本生成场景，服务于企业端客户，根据用户输入的实时传感器数据、环境参数等文本内容，生成水泵设备健康度评分与标准化维护文本指令。,2025-11,generative ai,境内深度合成服务算法备案清单（2025年11月）.docx
兴业证券机智猫内容生成算法,服务提供者,兴业证券股份有限公司,兴业证券-指数猜猜乐(小程序)、兴业证券优理宝(APP)、兴业证券企业微信客户线上化服务管理平台(其他),应用于对话生成场景，根据用户输入的文本，生成相应的文本。,2025-11,generative ai,境内深度合成服务算法备案清单（2025年11月）.docx
源康健智能导诊生成合成算法,服务提供者,广州源康健信息科技有限公司,源康健互联网医院(网站),应用于对话生成场景，根据用户输入的文本、音频，生成相应的文本、音频。,2025-11,generative ai,境内深度合成服务算法备案清单（2025年11月）.docx
茉语科技对话软件大模型算法,服务提供者,北京茉语科技有限公司,茉语AI恋人情感伴侣(小程序),应用于对话生成场景，根据用户输入的文本，生成相应的文本、音频回复内容。,2025-11,generative ai,境内深度合成服务算法备案清单（2025年11月）.docx
美团LongCat文本生成大模型算法,服务技术支持者,北京三快科技有限公司,--,应用于文本生成场景，服务于企业端客户，根据用户输入的文本，生成相应的文本。,2025-11,generative ai,境内深度合成服务算法备案清单（2025年11月）.docx
答税TaxMind智能对话生成算法,服务提供者,深圳答税科技有限公司,TaxMind(小程序),应用于对话生成场景，根据用户输入的文本，生成相应的文本。,2025-11,generative ai,境内深度合成服务算法备案清单（2025年11月）.docx
问稳内容合成算法,服务提供者,爱问答科技（北京）有限公司,问稳(APP)、问稳(网站)、问稳相机(APP),应用于文本生成场景，根据用户输入的文本、图像，生成相应的文本。,2025-11,generative ai,境内深度合成服务算法备案清单（2025年11月）.docx
元界矩阵AI合成算法,服务提供者,元界矩阵（北京）科技有限公司,元界AI助播(APP)、伴游精灵(APP),应用于多模态内容生成场景，根据用户输入的文本、图像、音频，生成相应的文本、音频、视频。,2025-11,generative ai,境内深度合成服务算法备案清单（2025年11月）.docx
连信智能聊天生成算法,服务提供者,浙江简信科技有限公司,连信(APP),应用于对话生成场景，根据用户输入的文本、图像、音频，生成相应的文本、图像、音频。,2025-11,generative ai,境内深度合成服务算法备案清单（2025年11月）.docx
默联生成合成算法,服务提供者,武汉默联股份有限公司,默联AIGC应用平台(网站),应用于对话生成场景，根据用户输入的文本、图像，生成相应的文本内容。,2025-11,generative ai,境内深度合成服务算法备案清单（2025年11月）.docx
槽点满满通用文本内容生成算法,服务技术支持者,北京槽点满满科技有限公司,--,应用于文本生成场景，服务于企业端客户，根据用户输入的文本，生成相应的文本内容。,2025-11,generative ai,境内深度合成服务算法备案清单（2025年11月）.docx
五德嘉苑健康管理生成算法,服务提供者,深圳市易启顺康酒店管理有限公司,五德嘉苑(小程序),应用于文本生成场景，根据用户输入的文本、图像内容，生成健康管理领域文本回复。,2025-11,generative ai,境内深度合成服务算法备案清单（2025年11月）.docx
四三九九大模型算法,服务提供者,四三九九网络股份有限公司,4399游戏盒(APP),应用于文本生成场景，根据用户输入的文本内容，生成游戏休闲领域文本回复。,2025-11,generative ai,境内深度合成服务算法备案清单（2025年11月）.docx
彩羊智能多模态算法,服务提供者,上海彩羊网络科技有限公司,彩羊百宝盒(其他),应用于多模态生成场景，根据用户输入的文本、图像、音频数据，生成符合用户需求的文本、图像、音频内容。,2025-11,generative ai,境内深度合成服务算法备案清单（2025年11月）.docx
万有工具书生成合成算法,服务提供者,万有知典（北京）数字传媒科技有限公司,万有语文(APP),应用于文本生成场景，根据用户输入的文本内容，生成字词查询领域文本回复。,2025-11,generative ai,境内深度合成服务算法备案清单（2025年11月）.docx
洋葱学园AI私教动画课内容生成算法,服务提供者,光合新知（北京）科技有限公司,洋葱学园(APP),应用于文本生成场景，根据用户输入的文本、图像，生成课程学习领域文本回复。,2025-11,generative ai,境内深度合成服务算法备案清单（2025年11月）.docx
飞鱼AI编导文案生成算法,服务提供者,飞鱼（广州）互动传媒有限公司,飞鱼AI编导(网站),应用于文本生成场景，根据用户输入的文本内容，生成编导创意领域文本回复。,2025-11,generative ai,境内深度合成服务算法备案清单（2025年11月）.docx
金蝉智采文本生成算法,服务提供者,山西金蝉电子商务有限公司,金蝉智采(网站),应用于对话生成场景，根据用户输入的文本，生成招标采购领域文本内容。,2025-11,generative ai,境内深度合成服务算法备案清单（2025年11月）.docx
左北科技内容创作生成式大语言模型算法,服务提供者,上海左北科技有限公司,Be heera(APP),应用于对话生成场景，根据用户输入的文本，生成相应的文本。,2025-11,generative ai,境内深度合成服务算法备案清单（2025年11月）.docx
中移动财务大模型算法,服务技术支持者,中移动信息技术有限公司,--,应用于多模态生成场景，服务于企业端客户，根据用户输入的文本、图像，生成财务领域文本、图像。,2025-11,generative ai,境内深度合成服务算法备案清单（2025年11月）.docx
灵焰文本生成大模型算法,服务提供者,杭州焱黄智能科技有限公司,灵焰恋爱大师(APP),应用于对话生成场景，根据用户输入的文本，生成相应的文本回复。,2025-11,generative ai,境内深度合成服务算法备案清单（2025年11月）.docx
浪潮灵犀政通事项智理大模型算法,服务技术支持者,浪潮软件股份有限公司,--,应用于文本生成场景，服务于企业端客户，根据用户输入的文本、图像，生成政务服务领域文本回复。,2025-11,generative ai,境内深度合成服务算法备案清单（2025年11月）.docx
智道鲸语智能问答多模态生成算法,服务提供者,深圳恒拓高科信息技术有限公司,WorkPlus AI助理(网站)、WorkPlus AI助理(APP),应用于对话生成场景，根据用户输入的文本、音频，生成智能问答领域的文本、音频回复。,2025-11,generative ai,境内深度合成服务算法备案清单（2025年11月）.docx
素问中医大模型算法,服务技术支持者,语联网（武汉）信息技术有限公司,--,应用于文本生成场景，服务于企业端客户，根据用户输入的文本，生成中医健康领域文本回复。,2025-11,generative ai,境内深度合成服务算法备案清单（2025年11月）.docx
朵宸多模态生成算法,服务提供者,武汉朵宸电子商务有限公司,朵宸官网(网站),应用于多模态内容生成场景，根据用户输入的文本、图像、视频，生成相应的文本、图像、视频。,2025-11,generative ai,境内深度合成服务算法备案清单（2025年11月）.docx
智媒云图WonderComposer音乐生成算法-1,服务技术支持者,广东智媒云图科技股份有限公司,--,应用于音频生成场景，服务于企业端客户，根据用户输入的图像，生成相应的原创音频。,2025-11,generative ai,境内深度合成服务算法备案清单（2025年11月）.docx
上岸鸭文本生成算法,服务提供者,上海上岸鸭教育科技有限公司,上岸鸭公考(小程序)、上岸鸭公考(APP)、上岸鸭公考(网站),应用于文本生成场景，根据用户输入的文本，生成公务员考试学习相关的文本内容。,2025-11,generative ai,境内深度合成服务算法备案清单（2025年11月）.docx
嗨学学霸助手文本合成算法,服务提供者,成都嗨学梅里教育科技有限公司,嗨学课堂(APP)、精进学堂(APP)、数培通(APP),应用于对话生成场景，根据用户输入的文本，生成职业资格考试相应的文本内容。,2025-11,generative ai,境内深度合成服务算法备案清单（2025年11月）.docx
魂域AI文本生成合成算法-1,服务技术支持者,杭州魂域科技有限公司,--,应用于文本生成场景，服务于企业端客户，根据用户输入的文本，生成相应的答复文本。,2025-11,generative ai,境内深度合成服务算法备案清单（2025年11月）.docx
MeowAI宠物图片视频生成算法,服务提供者,深圳市无界未来科技有限公司,Meow AI: art photo generator(其他),应用于图像视频生成场景，根据用户输入提示词文本、图像，生成符合用户审美需求的个性化宠物艺术写真图像、视频回复。,2025-11,generative ai,境内深度合成服务算法备案清单（2025年11月）.docx
云之家知识智能体生成合成算法,服务提供者,云之家网络（重庆）有限公司,云之家(APP),应用于对话生成场景，根据用户输入的文本，生成相应的文本内容。,2025-11,generative ai,境内深度合成服务算法备案清单（2025年11月）.docx
中化现代农业iMAP农业种植大模型算法,服务提供者,中化现代农业有限公司,MAP 大师(APP),应用于对话生成场景，根据用户输入的文本、图像、音频，生成农业领域相关的文本。,2025-11,generative ai,境内深度合成服务算法备案清单（2025年11月）.docx
XMuse内容生成合成算法,服务提供者,上海钦轩网络科技有限公司,X-Muse(网站),应用于多模态内容生成场景，根据用户输入的文本、图像，生成校服设计相关的文本、图像、视频。,2025-11,generative ai,境内深度合成服务算法备案清单（2025年11月）.docx
起杭环境溯源生成合成算法,服务技术支持者,浙江起杭数智科技有限公司,--,应用于文本生成场景，服务于企业端客户，根据用户输入的文本，生成污染物溯源追踪相关的文本，溯源污染源位置，还原污染物历史迁移路径。,2025-11,generative ai,境内深度合成服务算法备案清单（2025年11月）.docx
华软工业场景渲染与仿真生成式算法,服务技术支持者,华软智科（深圳）技术有限公司,--,应用于图像视频生成场景，服务于企业端客户，根据用户输入的产线参数、设备运行数据、设备图纸、环境图像等，生成工业场景的虚拟三维产线模型图像或视频。,2025-11,generative ai,境内深度合成服务算法备案清单（2025年11月）.docx
桉伴多模态健康评估生成算法,服务提供者,南京桉伴科技有限责任公司,桉心护(APP),应用于多模态内容生成场景，根据用户输入的文本、图像、音频、视频，生成身心健康评估相关的文本、音频。,2025-11,generative ai,境内深度合成服务算法备案清单（2025年11月）.docx
其乐草稿转特定风格的美术资源生成算法,服务技术支持者,深圳市其乐游戏科技有限公司,--,应用于图像生成场景，服务于企业端客户，根据用户输入的文本、图像，生成符合目标美术风格的图像。,2025-11,generative ai,境内深度合成服务算法备案清单（2025年11月）.docx
正欣AI盲盒视频合成算法-1,服务技术支持者,成都正欣文化传播有限公司,--,应用于视频生成场景，服务于企业端客户，根据用户输入的人物图像，生成3D盲盒风格的展示视频。,2025-11,generative ai,境内深度合成服务算法备案清单（2025年11月）.docx
追峰戈图文生成算法,服务提供者,上海追峰戈科技有限公司,彼行(APP),应用于多模态生成场景，根据用户输入的文本、音频，生成相应的文本、图像。,2025-11,generative ai,境内深度合成服务算法备案清单（2025年11月）.docx
创新大脑专利技术功效总结生成算法,服务提供者,北京八月瓜科技有限公司,创新大脑(网站),应用于文本生成场景，根据用户输入的文本，生成相应的文本内容。,2025-11,generative ai,境内深度合成服务算法备案清单（2025年11月）.docx
彭乐妮AI内容生成算法,服务提供者,北京指边科技有限公司,彭乐妮美妆化妆(网站),应用于对话生成场景，根据用户输入的文本，生成相应的文本。,2025-11,generative ai,境内深度合成服务算法备案清单（2025年11月）.docx
青稞智能建筑运维策略生成算法,服务提供者,深圳市青稞信息科技有限公司,青稞智能建筑运维策略生成助手(网站),应用于文本生成场景，根据用户输入的文本，生成相应的文本内容。,2025-11,generative ai,境内深度合成服务算法备案清单（2025年11月）.docx
慧眼识菌图像识别分析生成算法,服务提供者,丹娜（天津）生物科技股份有限公司,慧眼识菌(APP),应用于图像识别场景，根据用户输入的图像，生成相应的文本内容。,2025-11,generative ai,境内深度合成服务算法备案清单（2025年11月）.docx
律皓合规通大模型生成算法,服务提供者,深圳律皓科技有限公司,合规通(APP)、合规通(小程序)、律皓合规通(公众账号),应用于对话生成场景，根据用户输入的文本，生成相应的文本。,2025-11,generative ai,境内深度合成服务算法备案清单（2025年11月）.docx
彩讯AIBOX大模型智能客服生成合成算法,服务提供者,彩讯科技股份有限公司,双智能体智能客服平台(网站),应用于对话生成场景，根据用户输入的文本，生成相应的文本、音频。,2025-11,generative ai,境内深度合成服务算法备案清单（2025年11月）.docx
彩讯AIBOX大模型智能问答算法,服务提供者,彩讯科技股份有限公司,数问BI平台(网站),应用于文本音频生成场景，根据用户输入的文本，生成相应的文本、音频内容。,2025-11,generative ai,境内深度合成服务算法备案清单（2025年11月）.docx
彩讯AIBOX大模型智能营销内容生成算法,服务提供者,彩讯科技股份有限公司,智营电商平台(网站),应用于文本音频生成场景，根据用户输入的文本，生成相应的文本、音频内容。,2025-11,generative ai,境内深度合成服务算法备案清单（2025年11月）.docx
华软SAP系统工业级语音合成算法,服务技术支持者,华软智科（深圳）技术有限公司,--,应用于音频生成场景，服务于企业端客户，根据用户输入的调度文本信息，生成定制化工业生产指令音频。,2025-11,generative ai,境内深度合成服务算法备案清单（2025年11月）.docx
网安区块链数据合成算法,服务提供者,深圳市网安计算机安全检测技术有限公司,区块链数据处理优化系统(网站),应用于文本生成场景，根据用户输入的文本，生成区块链领域文本信息。,2025-11,generative ai,境内深度合成服务算法备案清单（2025年11月）.docx
网安等级测评合成算法,服务提供者,深圳市网安计算机安全检测技术有限公司,网安等级自动化测评(网站),应用于文本生成场景，根据用户输入的文本，生成网络安全管理相关的文本。,2025-11,generative ai,境内深度合成服务算法备案清单（2025年11月）.docx
爱可音ikkoGPT语音转文本生成合成算法,服务技术支持者,深圳市爱可音音频科技有限公司,--,应用于文本生成场景，服务于企业端客户，根据用户输入的音频，生成相应的文本内容。,2025-11,generative ai,境内深度合成服务算法备案清单（2025年11月）.docx
知识跳跳题库文本生成算法,服务提供者,杭州知识跳跳科技有限公司,作业批改(APP),应用于文本生成场景，根据用户输入的题目图像，生成作业批改相关的文本。,2025-11,generative ai,境内深度合成服务算法备案清单（2025年11月）.docx
竹云文本生成算法,服务提供者,深圳竹云科技股份有限公司,竹云AI小助手(网站),应用于文本生成场景，根据用户输入的文本，生成相应的文本内容。,2025-11,generative ai,境内深度合成服务算法备案清单（2025年11月）.docx
深圳人社服务大模型对话生成算法,服务技术支持者,深圳市智城软件技术服务有限公司,--,应用于文本生成场景，服务于企业端客户，根据用户输入的文本，生成相应的人社领域文本。,2025-11,generative ai,境内深度合成服务算法备案清单（2025年11月）.docx
其乐故事文本转结构化游戏内容生成算法,服务技术支持者,深圳市其乐游戏科技有限公司,--,应用于文本生成场景，服务于企业端客户，根据用户输入的结构化文本故事，生成结构化剧情文本。,2025-11,generative ai,境内深度合成服务算法备案清单（2025年11月）.docx
华软ERP可视化图谱自动生成算法,服务技术支持者,华软智科（深圳）技术有限公司,--,应用于图像生成场景，服务于企业端客户，根据用户输入的业务数据统计结果文本，生成柱状图等可视化图像。,2025-11,generative ai,境内深度合成服务算法备案清单（2025年11月）.docx
名片录多模态内容生成算法,服务提供者,上海蓝洋网络科技有限公司,名片录(APP),应用于多模态生成场景，根据用户输入的文本，生成符合用户需求的名片设计图像或结构化行程规划文本。,2025-11,generative ai,境内深度合成服务算法备案清单（2025年11月）.docx
华软智能ERP采购合同生成算法,服务技术支持者,华软智科（深圳）技术有限公司,--,应用于文本生成场景，服务于企业端客户，根据用户输入的采购基础信息、业务数据、格式规范等文本，生成相应的采购合同文本。,2025-11,generative ai,境内深度合成服务算法备案清单（2025年11月）.docx
明源云客营销视频生成类算法,服务提供者,深圳市明源云客电子商务有限公司,AI创意工场(网站),应用于视频生成场景，根据用户输入的文本、视频，生成相应的营销视频。,2025-11,generative ai,境内深度合成服务算法备案清单（2025年11月）.docx
其乐欢喜精灵智能聊天生成算法,服务技术支持者,深圳市其乐游戏科技有限公司,--,应用于文本生成场景，服务于企业端客户，根据用户输入的文本内容，输出为结构化文本回复。,2025-11,generative ai,境内深度合成服务算法备案清单（2025年11月）.docx
信立方仪智星文本生成合成算法,服务提供者,北京信立方科技发展股份有限公司,智检星(APP)、仪智星(网站)、智检星(网站)、仪智星(APP),应用于对话生成场景，根据用户输入的问题文本，生成相应科学仪器领域的文本回复。,2025-11,generative ai,境内深度合成服务算法备案清单（2025年11月）.docx
AI选校宝文本生成合成算法,服务提供者,杭州选校互动互联网科技有限公司,AI选校宝(网站)、AI选校宝(小程序)、AI选校宝(APP),应用于文本生成场景，根据用户输入留学相关的文本问题，生成相应的文本回复。,2025-11,generative ai,境内深度合成服务算法备案清单（2025年11月）.docx
心大陆智能大模型生成式对话算法,服务提供者,广州心大陆智能科技有限公司,心大陆AI角色引擎(小程序),应用于对话生成场景，根据用户输入的文本问题，生成相应的文本回复。,2025-11,generative ai,境内深度合成服务算法备案清单（2025年11月）.docx
嗨游ZhejiangTravelAI旅行助手生成合成类算法,服务提供者,浙江省广播电视监测评议中心（浙江省文化广电和旅游大数据中心）,嗨游 Zhejiang Travel(网站)、嗨游 Zhejiang Travel(小程序),应用于对话生成场景，根据用户输入的音频或文本，生成相应的出行相关文本。,2025-11,generative ai,境内深度合成服务算法备案清单（2025年11月）.docx
素问中医内容生成大模型算法,服务提供者,杭州聪宝科技有限公司,聪宝素问(公众账号)、聪宝素问中医大模型(网站),应用于对话生成场景，根据用户输入的文本，生成中医诊疗领域文本回复，匹配关联的食养方案图像。,2025-11,generative ai,境内深度合成服务算法备案清单（2025年11月）.docx
极逸游戏素材生成合成类算法,服务提供者,杭州极逸人工智能科技有限公司,极逸SOON(APP),应用于图像生成场景，根据用户输入的文本，生成游戏领域图像。,2025-11,generative ai,境内深度合成服务算法备案清单（2025年11月）.docx
中信建投证券Alpha实验工坊内容生成算法,服务提供者,中信建投证券股份有限公司,蜻蜓点金(APP)、AI智数平台(网站),应用于对话生成场景，根据用户输入的文本问题，生成证券领域文本回复。,2025-11,generative ai,境内深度合成服务算法备案清单（2025年11月）.docx
集微智能体融合通信生成算法,服务提供者,厦门集微科技有限公司,智能体融合通信平台(网站),应用于对话生成场景，根据用户输入的文本问题，生成专业且符合用户需求的文本回复。,2025-11,generative ai,境内深度合成服务算法备案清单（2025年11月）.docx
优量智能文本生成算法,服务提供者,广州优量网络技术有限公司,优量创意(网站),应用于文本生成场景，根据用户输入的文本，生成智能写作领域文本回复。,2025-11,generative ai,境内深度合成服务算法备案清单（2025年11月）.docx
DS智聊AI助手生成合成算法,服务提供者,徐州读云互联网科技有限公司,DS智聊AI助手(其他),应用于对话生成场景，根据用户输入的文本，生成智能对话领域文本回复。,2025-11,generative ai,境内深度合成服务算法备案清单（2025年11月）.docx
面壁智能MiniCPM端侧大模型算法,服务提供者,北京面壁智能科技有限责任公司,MiniCPM(网站),应用于对话生成场景，根据用户输入的文本、图像，生成相应的文本。,2025-11,generative ai,境内深度合成服务算法备案清单（2025年11月）.docx
苞米AI图片生成算法,服务提供者,深圳凡瀚智创科技有限公司,苞米AI(网站),应用于图像生成场景，根据用户输入的图像，生成珠宝首饰设计领域图像。,2025-11,generative ai,境内深度合成服务算法备案清单（2025年11月）.docx
谷医堂智能小谷生成合成算法,服务提供者,湖南谷医堂大药房连锁有限公司,谷医堂商城(小程序)、谷医堂商城(APP),应用于对话生成场景，根据用户输入的文本、音频，生成商品推荐相关的文本、音频。,2025-11,generative ai,境内深度合成服务算法备案清单（2025年11月）.docx
四川发布川企通政策生成合成类算法,服务提供者,四川领航新媒文化科技有限公司,川企通(小程序),应用于对话生成场景，根据用户输入的文本，生成企业政策领域文本回复。,2025-11,generative ai,境内深度合成服务算法备案清单（2025年11月）.docx
上海财经大学财经教育内容生成算法,服务提供者,上海财经大学,上财智能体平台(网站),应用于对话生成场景，根据用户输入的文本、图像、音频，生成经济学相关的文本回复。,2025-11,generative ai,境内深度合成服务算法备案清单（2025年11月）.docx
赢博士文本生成算法-1,服务技术支持者,广东赢商网数据服务股份有限公司,--,应用于文本生成场景，服务于企业端客户，根据用户输入的文本、音频，生成商业地产领域文本回复。,2025-11,generative ai,境内深度合成服务算法备案清单（2025年11月）.docx
企明灯智能问答算法,服务提供者,数联睿芯（成都）科技有限公司,企明灯(APP)、企明灯(小程序)、企明灯(网站),应用于对话生成场景，根据用户输入的文本、图像，生成相应的文本。,2025-11,generative ai,境内深度合成服务算法备案清单（2025年11月）.docx
汇利旺水泵能效分析生成算法,服务技术支持者,苏州汇利旺智控科技有限公司,--,应用于文本生成场景，服务于企业端客户，根据用户输入的现场生产过程文本，生成相应的指导性文本内容。,2025-11,generative ai,境内深度合成服务算法备案清单（2025年11月）.docx
银领新科病历生成算法,服务提供者,成都银领新科技有限公司,银领AI助手(小程序),应用于文本生成场景，根据用户输入的音频，识别后生成结构化医疗文书。,2025-11,generative ai,境内深度合成服务算法备案清单（2025年11月）.docx
智绘引擎AI图像合成算法,服务技术支持者,深圳智绘引擎科技有限公司,--,应用于图像生成场景，服务于企业端客户，根据用户输入的文本、图像，生成相应的图像内容。,2025-11,generative ai,境内深度合成服务算法备案清单（2025年11月）.docx
美音数字人深度合成算法,服务提供者,杭州美音软件有限公司,美音数字人(网站),应用于数字人视频生成场景，根据用户输入的文本、图像内容，生成相应的数字人口播视频。,2025-11,generative ai,境内深度合成服务算法备案清单（2025年11月）.docx
智绘引擎绘影智能合成算法,服务提供者,深圳智绘引擎科技有限公司,智绘引擎(网站),应用于图像生成场景，根据用户输入的文本、图像，生成相应的图像内容。,2025-11,generative ai,境内深度合成服务算法备案清单（2025年11月）.docx
春苗护航文本生成算法,服务提供者,美幻觉醒科技（深圳）有限公司,春苗护航(APP),应用于对话生成场景，根据用户输入的英语题目文本问题，生成相应的题目文本解析。,2025-11,generative ai,境内深度合成服务算法备案清单（2025年11月）.docx
福佑大模型生成算法,服务提供者,北京福佑多多信息技术有限公司,福佑卡车司机(APP),应用于对话生成场景，根据用户输入的音频或文本问题，生成相应的文本回复。,2025-11,generative ai,境内深度合成服务算法备案清单（2025年11月）.docx
正阿尔法AI内容生成算法,服务提供者,北京正阿尔法信息技术有限公司,正阿尔法AI(网站),应用于文本生成场景，根据用户输入的文本，生成相应的文本内容。,2025-11,generative ai,境内深度合成服务算法备案清单（2025年11月）.docx
六智AI多模态大模型算法,服务技术支持者,杭州六智科技有限公司,--,应用于文本图像生成场景，服务于企业端客户，根据用户输入的文本、图像，生成相应的结构化诊断文本报告、图像内容。,2025-11,generative ai,境内深度合成服务算法备案清单（2025年11月）.docx
卡西欧智能客服内容生成算法,服务提供者,卡西欧（中国）贸易有限公司,卡西欧官网(网站)、卡西欧(公众账号)、卡西欧官方商城(小程序),应用于对话生成场景，根据用户输入的文本，生成相应的文本内容。,2025-11,generative ai,境内深度合成服务算法备案清单（2025年11月）.docx
竹云动态场景水印生成算法,服务提供者,深圳竹云科技股份有限公司,竹云动态水印生成系统(网站),应用于文本生成场景，根据用户输入的页面文本数据，生成相应的文本内容。,2025-11,generative ai,境内深度合成服务算法备案清单（2025年11月）.docx
中石油数智研究院内容生成算法,服务提供者,中石油(北京)数智研究院有限公司,昆仑大模型(APP)、昆仑大模型(网站),应用于对话生成场景，根据用户输入的文本、音频，生成油气领域文本回复。,2025-11,generative ai,境内深度合成服务算法备案清单（2025年11月）.docx
旅伴旅行规划路线生成合成算法,服务提供者,旅伴（广州）科技有限公司,旅行伙伴(小程序),应用于旅行攻略文本生成场景，根据用户输入的旅行目的地个性化文本需求，生成相应的旅行文本攻略。,2025-11,generative ai,境内深度合成服务算法备案清单（2025年11月）.docx
灵筑智工交通基建领域文生文算法,服务提供者,宁夏交建交通科技研究院有限公司,灵筑智工(网站),应用于对话生成场景，根据用户输入的文本，生成相应的文本。,2025-11,generative ai,境内深度合成服务算法备案清单（2025年11月）.docx
ViiTorAI多模态生成算法,服务提供者,北京云上曲率科技有限公司,ViiTor AI(APP),应用于多模态内容生成场景，根据用户输入的文本、图像、音频、视频，生成相应的文本、音频、视频。,2025-11,generative ai,境内深度合成服务算法备案清单（2025年11月）.docx
素问中医内容生成大模型算法-1,服务技术支持者,杭州聪宝科技有限公司,--,应用于对话生成场景，服务于企业端客户，根据用户输入的文本，生成中医诊疗领域文本回复，匹配关联的食养方案图像。,2025-11,generative ai,境内深度合成服务算法备案清单（2025年11月）.docx
中信科凌瞰数字人视频生成算法,服务提供者,河南中信科大数据科技有限公司,凌瞰AI(小程序),应用于数字人视频生成场景，根据用户输入的文本、音频、视频，生成相应的视频。,2025-11,generative ai,境内深度合成服务算法备案清单（2025年11月）.docx
和同智焓大模型算法,服务技术支持者,山东和同信息科技股份有限公司,--,应用于文本生成场景，服务于企业端客户，根据用户输入的文本内容，输出供热行业领域文本回复。,2025-11,generative ai,境内深度合成服务算法备案清单（2025年11月）.docx
华软QMS质量报表自动分析生成算法,服务技术支持者,华软智科（深圳）技术有限公司,--,应用于文本图像生成场景，服务于企业端客户，根据用户输入的结构化文本数据，输出企业质量管理领域的文本、图像内容。,2025-11,generative ai,境内深度合成服务算法备案清单（2025年11月）.docx
华夏健康大模型服务算法,服务技术支持者,北京华夏智康科技发展有限公司,--,应用于文本生成场景，服务于企业端客户，根据用户输入的文本内容，输出个人健康领域文本回复。,2025-11,generative ai,境内深度合成服务算法备案清单（2025年11月）.docx
LUI智能对话生成算法,服务技术支持者,赞同科技股份有限公司,--,应用于文本音频生成场景，服务于企业端客户，根据用户输入的文本或音频，生成相应的文本、音频内容。,2025-11,generative ai,境内深度合成服务算法备案清单（2025年11月）.docx
merit健身智能助手生成合成算法,服务提供者,浙江御鹿电子科技有限公司,MERIT超燃脂(APP),应用于文本生成场景，根据用户输入的文本、音频、图像，生成健身推荐及健身指导文本回复。,2025-11,generative ai,境内深度合成服务算法备案清单（2025年11月）.docx
玄晞图文生成算法,服务提供者,广州玄晞科技有限责任公司,玄晞AI(网站),应用于文本图像生成场景，根据用户输入的文本，生成相应的文本、图像回复。,2025-11,generative ai,境内深度合成服务算法备案清单（2025年11月）.docx
中原智企大模型算法,服务提供者,中原算力科技发展有限公司,中原智企办公小助手(网站),应用于对话生成场景，根据用户输入的文本问题，生成符合规范的公文、政务相关文本。,2025-11,generative ai,境内深度合成服务算法备案清单（2025年11月）.docx
权球物联文本生成算法,服务提供者,广东聚晨晋力通信设备科技有限公司,权球物联(网站),应用于对话生成场景，根据用户输入的文本，生成物联网相关的文本内容。,2025-11,generative ai,境内深度合成服务算法备案清单（2025年11月）.docx
灵机坊人像特效生成合成算法,服务技术支持者,重庆灵机坊科技有限公司,--,应用于图像视频生成场景，服务于企业端客户，根据用户输入的图像、视频，生成美化后的图像、视频内容。,2025-11,generative ai,境内深度合成服务算法备案清单（2025年11月）.docx
游点好玩文本生成算法,服务提供者,广州游点好玩信息技术有限公司,游点好玩智能AI(小程序),应用于文本生成场景，根据用户输入的文本，生成相应的文本内容。,2025-11,generative ai,境内深度合成服务算法备案清单（2025年11月）.docx
BloomingTalk艺人聊天深度合成算法,服务提供者,上海乂特欧文化传媒有限公司,Blooming Talk China(APP),应用于对话生成场景，根据用户输入的文本、音频，生成艺人与粉丝交流的文本、音频回复。,2025-11,generative ai,境内深度合成服务算法备案清单（2025年11月）.docx
诛仙2机缘分析NPC文本生成算法,服务提供者,完美世界互娱（北京）科技有限公司,诛仙2(APP),应用于对话生成场景，根据用户输入的文本、图像，生成相应的文本。,2025-11,generative ai,境内深度合成服务算法备案清单（2025年11月）.docx
考拉佩佩宠圈多模态生成算法,服务提供者,深圳市考拉妈妈科技有限公司,佩佩宠圈(APP),应用于多模态生成场景，根据用户输入的文本、图像、音频、视频，生成相应的文本、视频、音频。,2025-11,generative ai,境内深度合成服务算法备案清单（2025年11月）.docx
中数新视界图像合成算法,服务提供者,中数智联（南京）科技有限公司,中数智联新视界(小程序),应用于多模态生成场景，根据用户输入的图像，生成相应的图像、视频。,2025-11,generative ai,境内深度合成服务算法备案清单（2025年11月）.docx
网安文本生成算法,服务提供者,深圳市网安计算机安全检测技术有限公司,网安智能教学平台(网站),应用于文本生成场景，根据用户输入的文本，生成相应的文本。,2025-11,generative ai,境内深度合成服务算法备案清单（2025年11月）.docx
迅猛兔文生文攻略生成算法,服务提供者,四川聚推汇荐信息技术有限公司,迅猛兔加速器(APP),应用于对话生成场景，根据用户输入的文本，生成相应的游戏文本攻略。,2025-11,generative ai,境内深度合成服务算法备案清单（2025年11月）.docx
亚联图像生成合成算法,服务提供者,广东亚联科技有限公司,AI招财店长(APP),应用于图像生成场景，根据用户输入的文本描述，生成高质量菜品图像。,2025-11,generative ai,境内深度合成服务算法备案清单（2025年11月）.docx
多好AI文生文算法,服务提供者,杭州多好数据科技有限公司,多好AI(APP),应用于对话生成场景，根据用户输入的文本问题，生成相应的文本回答。,2025-11,generative ai,境内深度合成服务算法备案清单（2025年11月）.docx
峰景应急服务精准识别和匹配合成算法,服务提供者,杭州峰景科技有限公司,安小景(网站),应用于文本生成场景，根据用户输入的文本、图像描述，生成符合上下文和法律法规的文本。,2025-11,generative ai,境内深度合成服务算法备案清单（2025年11月）.docx
科脉云帆智能问数生成式算法,服务提供者,深圳市科脉技术股份有限公司,科脉云帆(网站),应用于文本图像生成场景，根据用户输入的文本，生成相应的文本、图像内容。,2025-11,generative ai,境内深度合成服务算法备案清单（2025年11月）.docx
融洽数字图像生成合成算法,服务提供者,厦门融洽数字科技有限公司,融洽生管系统(网站),应用于图像生成场景，根据用户输入的文本，生成相应的图像。,2025-11,generative ai,境内深度合成服务算法备案清单（2025年11月）.docx
思维空间大师级人像摄影合成算法,服务提供者,北京思维空间文化传媒有限公司,AIFOTO(小程序)、爱刻拍(APP),应用于图像生成场景，根据用户输入的人脸图像，生成相应的图像内容。,2025-11,generative ai,境内深度合成服务算法备案清单（2025年11月）.docx
正元地信排水大模型生成算法,服务提供者,正元地理信息集团股份有限公司,正元地信排水大模型应用系统(网站),应用于文本音频生成场景，根据用户输入的文本、音频，生成相应排水领域应答的文本、音频内容。,2025-11,generative ai,境内深度合成服务算法备案清单（2025年11月）.docx
魔方智绘包装设计文生图算法,服务提供者,杭州魔方智绘科技有限公司,X·FUN智能包装设计平台(网站),应用于图像生成场景，根据用户输入的文本，生成包装设计领域相关的图像。,2025-11,generative ai,境内深度合成服务算法备案清单（2025年11月）.docx
45度书籍智能阅读生成算法,服务提供者,杭州战旗网络科技有限公司,45度(APP)、45度-探索生活每一度(小程序),应用于智能对话场景，根据用户输入的文本，生成相应的文本回复。,2025-11,generative ai,境内深度合成服务算法备案清单（2025年11月）.docx
必火AI多模态内容深度生成算法,服务提供者,深圳市必火人工智能有限公司,必火AI(网站),应用于多模态内容生成场景，根据用户输入的文本、图像、视频，生成相应的图像、数字人视频。,2025-11,generative ai,境内深度合成服务算法备案清单（2025年11月）.docx
多游信息文本合成算法,服务提供者,广州多游信息技术有限公司,AI Whale(APP),应用于对话生成场景，根据用户输入的文本，生成相应的文本回复。,2025-11,generative ai,境内深度合成服务算法备案清单（2025年11月）.docx
昀鼎传媒商圈广告生成算法,服务技术支持者,广州昀鼎广告有限公司,--,应用于图像生成场景，服务于企业端客户，根据用户输入的场景需求文本、产品图像，生成定制化户外广告图像。,2025-11,generative ai,境内深度合成服务算法备案清单（2025年11月）.docx
一心向上股权激励业务售前客服文本生成合成算法,服务提供者,北京一心向上科技有限公司,一心向上(网站),应用于对话生成场景，根据用户输入的问题文本，生成相应的文本回复。,2025-11,generative ai,境内深度合成服务算法备案清单（2025年11月）.docx
优利绚彩生成合成类算法,服务提供者,北京优利绚彩科技发展有限公司,悦印(小程序),应用于图像生成场景，根据用户输入的人脸图像，提取人脸特征与预设模板进行融合，生成具有特定风格或人物替换效果的图像。,2025-11,generative ai,境内深度合成服务算法备案清单（2025年11月）.docx
国民智能大宗师文本生成算法,服务技术支持者,上海国民集团智能科技有限公司,--,应用于文本生成场景，服务于企业端客户，根据用户输入的文本，生成相应的文本，主要面向于医疗领域。,2025-11,generative ai,境内深度合成服务算法备案清单（2025年11月）.docx
云小智销售会话生成算法,服务提供者,北京联云天下科技有限公司,云小智(网站),应用于对话生成场景，根据用户输入的文本，生成相应的文本。,2025-11,generative ai,境内深度合成服务算法备案清单（2025年11月）.docx
研途文本生成服务算法,服务提供者,苏州研途教育科技有限公司,研途考研(APP)、研途知舟(网站),应用于对话生成场景，根据用户输入的文本、图像，生成考研领域相关文本。,2025-11,generative ai,境内深度合成服务算法备案清单（2025年11月）.docx
四格互联事件智能识别与工单生成算法,服务技术支持者,深圳市四格互联信息技术有限公司,--,应用于图像识别场景，服务于企业端客户，根据用户输入的图像、视频，生成相应的异常事件文本工单。,2025-11,generative ai,境内深度合成服务算法备案清单（2025年11月）.docx
智能药师助手文本生成算法,服务提供者,上海华彬立成科技有限公司,智能药师小助手(网站),应用于对话生成场景，根据用户输入的文本，生成相应的药品知识文本。,2025-11,generative ai,境内深度合成服务算法备案清单（2025年11月）.docx
观云智能审查合成算法,服务技术支持者,杭州观云智算科技有限公司,--,应用于文本生成场景，服务于企业端客户，根据用户输入的文本，生成相应的文本内容。,2025-11,generative ai,境内深度合成服务算法备案清单（2025年11月）.docx
蝶生甲状腺智能问答算法,服务提供者,上海蝶笙医疗科技有限公司,蝶生甲状腺(小程序)、蝶生健康(APP),应用于对话生成场景，根据用户输入的文本问题，生成相应的医疗领域文本回答。,2025-11,generative ai,境内深度合成服务算法备案清单（2025年11月）.docx
Omnibox知识库文本生成算法,服务提供者,杭州昶元智能科技有限公司,Omnibox(网站),应用于文本生成场景，根据用户输入的文本描述，生成相应的文本内容。,2025-11,generative ai,境内深度合成服务算法备案清单（2025年11月）.docx
雀说文本生成算法-1,服务提供者,北京微戈科技有限公司,雀说语训(APP),应用于文本生成场景，根据用户输入的文本，生成康复技巧和产品使用相关的文本内容。,2025-11,generative ai,境内深度合成服务算法备案清单（2025年11月）.docx
广州新代码文本生成算法,服务提供者,广州新代码网络科技有限公司,新代码新媒体智能问答(网站),应用于对话生成场景，根据用户输入的文本，生成新媒体广告相关的文本内容。,2025-11,generative ai,境内深度合成服务算法备案清单（2025年11月）.docx
金保信就业在线职位匹配度分析算法,服务提供者,金保信社保卡科技有限公司,就业在线H5(其他)、就业在线(APP)、就业在线支付宝小程序(小程序)、就业在线微信小程序(小程序)、就业在线(网站),应用于文本生成场景，根据用户输入简历信息，生成职位匹配度分析文本报告。,2025-11,generative ai,境内深度合成服务算法备案清单（2025年11月）.docx
山桃短剧剧本生成算法,服务提供者,山桃(广东)文化科技有限责任公司,山桃短剧AI平台(网站),应用于文本生成场景，根据用户输入的文本需求，生成包含世界观、剧情大纲、角色背景和时间线的短剧剧本。,2025-11,generative ai,境内深度合成服务算法备案清单（2025年11月）.docx
网安安全合规智能生成算法,服务提供者,深圳市网安计算机安全检测技术有限公司,网安信息安全智能平台(网站),应用于文本生成场景，根据用户输入的文本问题，生成相应的安全方案文本内容。,2025-11,generative ai,境内深度合成服务算法备案清单（2025年11月）.docx
赢商网文本生成算法,服务提供者,广东赢商网数据服务股份有限公司,品牌云系统(网站)、赢博士(小程序)、赢博士(网站)、门店生命周期管理系统(网站)、CMiCloud云商管系统(网站)、赢商踩盘(小程序)、城市商业地图系统(网站)、赢商网(APP)、赢在选址系统(网站)、赢在选址(小程序),应用于对话生成场景，根据用户输入的文本、音频，生成商业地产领域相关的文本内容。,2025-11,generative ai,境内深度合成服务算法备案清单（2025年11月）.docx
悦度科技生成合成类算法,服务提供者,北京悦度科技有限公司,龙绘编程(网站)、龙绘编程(APP)、龙绘编程(公众账号)、Scratch启蒙(APP),应用于多模态生成场景，根据用户输入文本、音频内容，生成相应的文本、图像、音频回复。,2025-11,generative ai,境内深度合成服务算法备案清单（2025年11月）.docx
华御生成合成类算法,服务提供者,山东华御信息技术有限公司,百晓大模型(网站),应用于文本图像生成场景，根据用户输入文本，生成符合用户需求的文本、图像内容。,2025-11,generative ai,境内深度合成服务算法备案清单（2025年11月）.docx
高斯通多模态动态内容合成算法,服务技术支持者,深圳市高斯通通信股份有限公司,--,应用于多模态生成场景，服务于企业端客户，根据用户输入的文本、图像、音频、视频，生成相应多模态短信内容。,2025-11,generative ai,境内深度合成服务算法备案清单（2025年11月）.docx
知识跳跳教学文本生成算法,服务提供者,杭州知识跳跳科技有限公司,英语一对一(APP)、数学一对一(APP)、语文一对一(APP)、作业辅导(APP),应用于对话生成场景，根据用户输入的题目文本、图像内容，生成相应的知识点讲解、概念解析及答疑辅导文本。,2025-11,generative ai,境内深度合成服务算法备案清单（2025年11月）.docx
中软云智文本生成算法,服务技术支持者,贵州贵安新区中软云智科技有限公司,--,应用于文本生成场景，服务于企业端客户，根据用户输入的文本问题，生成相应的文本内容。,2025-11,generative ai,境内深度合成服务算法备案清单（2025年11月）.docx
智慧网络医院生成式算法,服务提供者,浙江智慧网络医院管理有限公司,西南医科大学附属医院互联网医院(小程序),应用于对话生成场景，根据用户输入症状文本、图像，生成相应的科室导诊、报告解读、就医问答、诊疗建议等文本内容。,2025-11,generative ai,境内深度合成服务算法备案清单（2025年11月）.docx
咪鼠AI问答大模型算法,服务提供者,安徽咪鼠科技有限公司,咪鼠AI(APP),应用于文本生成场景，根据用户输入的文本，生成相应的文本内容。,2025-11,generative ai,境内深度合成服务算法备案清单（2025年11月）.docx
迈峰计算机课程学习助手文本生成算法,服务技术支持者,广州迈峰网络科技股份有限公司,--,应用于文本生成场景，服务于企业端客户，根据用户输入的文本，生成计算机辅助教学相关的文本内容。,2025-11,generative ai,境内深度合成服务算法备案清单（2025年11月）.docx
星巢AI数字人生成算法,服务提供者,星巢引擎（深圳）数字科技有限公司,AI超级分身(网站),应用于数字人视频生成场景，根据用户输入的文本、音频、视频，生成相应视频。,2025-11,generative ai,境内深度合成服务算法备案清单（2025年11月）.docx
AutoSGPT文档检索生成算法,服务提供者,中国汽车技术研究中心有限公司,AutoS-GPT(网站)、汽标通(小程序),应用于文本生成场景，根据用户输入的文本，生成国行标相关文本内容。,2025-11,generative ai,境内深度合成服务算法备案清单（2025年11月）.docx
江苏钟吾大数据集团生成合成算法,服务技术支持者,江苏钟吾大数据发展集团有限公司,--,应用于文本生成场景，服务于企业端客户，根据用户输入的文本，生成相应文本内容。,2025-11,generative ai,境内深度合成服务算法备案清单（2025年11月）.docx
万里红文本生成算法,服务提供者,北京万里红科技有限公司,万里红大模型知识应用系统(网站),应用于文本生成场景，根据用户输入的文本问题，生成相应文本内容。,2025-11,generative ai,境内深度合成服务算法备案清单（2025年11月）.docx
华录新媒内容生成算法,服务提供者,北京华录新媒信息技术有限公司,华录新媒AI助手(网站),应用于对话生成场景，根据用户输入的文本问题，生成符合用户意图的文本内容。,2025-11,generative ai,境内深度合成服务算法备案清单（2025年11月）.docx
微保智能问答文生文算法,服务提供者,微民保险代理有限公司,腾讯微保(小程序),应用于对话生成场景，根据用户输入的文本，生成保险产品咨询相关的文本回复。,2025-11,generative ai,境内深度合成服务算法备案清单（2025年11月）.docx
四格互联资产管理智能服务对话生成算法,服务技术支持者,深圳市四格互联信息技术有限公司,--,应用于对话生成场景，服务于企业端客户，根据用户输入的文本，生成不动产领域相关的文本回复。,2025-11,generative ai,境内深度合成服务算法备案清单（2025年11月）.docx
天维知问文本生成算法,服务技术支持者,广州天维信息技术股份有限公司,--,应用于文本生成场景，服务于企业端客户，根据用户输入的文本，生成金融领域相关文本内容。,2025-11,generative ai,境内深度合成服务算法备案清单（2025年11月）.docx
铱云供应链AI开单智能生成算法,服务技术支持者,深圳市铱云云计算有限公司,--,应用于文本生成场景，服务于企业端客户，根据用户输入的文本、图像，生成商品销售领域文本信息。,2025-11,generative ai,境内深度合成服务算法备案清单（2025年11月）.docx
库尔豪斯AI体质健管内容生成算法,服务提供者,库尔豪斯（北京）健康技术有限公司,库尔豪斯体质健管(小程序),应用于对话生成场景，根据用户输入的文本，生成中医养生领域文本内容。,2025-11,generative ai,境内深度合成服务算法备案清单（2025年11月）.docx
铱云供应链智能预警与分析生成算法,服务技术支持者,深圳市铱云云计算有限公司,--,应用于文本生成场景，服务于企业端客户，根据用户输入的文本，生成客户营销领域文本信息。,2025-11,generative ai,境内深度合成服务算法备案清单（2025年11月）.docx
优赛电子合同异常判别生成算法,服务技术支持者,张家港优赛电子商务有限公司,--,应用于文本生成场景，服务于企业端客户，根据用户输入的文本，生成电子合同智能审查领域文本信息。,2025-11,generative ai,境内深度合成服务算法备案清单（2025年11月）.docx
铱云供应链客户运营分析报告生成算法,服务技术支持者,深圳市铱云云计算有限公司,--,应用于文本生成场景，服务于企业端客户，根据用户输入的文本，生成运营分析领域文本信息。,2025-11,generative ai,境内深度合成服务算法备案清单（2025年11月）.docx
优赛智能穿搭推荐生成算法,服务技术支持者,张家港优赛电子商务有限公司,--,应用于文本图像生成场景，服务于企业端客户，根据用户输入的文本、图像，生成穿搭文本建议和相应的展示图像。,2025-11,generative ai,境内深度合成服务算法备案清单（2025年11月）.docx
赵书养深度合成算法,服务提供者,眼前一亮（北京）文化有限公司,赵书养(公众账号),应用于对话生成场景，根据用户输入的文本，生成相应的文本内容。,2025-11,generative ai,境内深度合成服务算法备案清单（2025年11月）.docx
之型大模型对话合成算法,服务提供者,北京之型科技有限公司,语音对话小熊(其他),应用于对话生成场景，根据用户输入的音频，生成相应的音频回复。,2025-11,generative ai,境内深度合成服务算法备案清单（2025年11月）.docx
铱云供应链自定义报表生成算法,服务技术支持者,深圳市铱云云计算有限公司,--,应用于文本图像生成场景，服务于企业端客户，根据用户输入的文本，生成相应的文本和报表图像。,2025-11,generative ai,境内深度合成服务算法备案清单（2025年11月）.docx
米哈游游戏工具文本合成算法,服务提供者,上海米哈游秘法科技有限公司,米游社(网站)、米游社(APP),应用于文本生成场景，根据用户输入的文本，生成相应游戏攻略和角色养成建议等文本内容。,2025-11,generative ai,境内深度合成服务算法备案清单（2025年11月）.docx
灯火AI大模型算法,服务提供者,广州三更灯火互联网信息科技有限公司,灯火AI大模型(小程序),应用于图像生成场景，根据用户输入的文本、图像，生成相应的图像。,2025-11,generative ai,境内深度合成服务算法备案清单（2025年11月）.docx
华生辅具AI交互算法,服务提供者,北京德瑞莱茵国际医院管理有限公司,华生帮你(小程序)、华生帮你(APP),应用于对话生成场景，根据用户输入的文本、音频、图像、视频，生成相应的文本内容。,2025-11,generative ai,境内深度合成服务算法备案清单（2025年11月）.docx
承文科技AI文本生成算法,服务提供者,广州承文信息科技有限公司,承文科技AI(网站),应用于对话生成场景，根据用户输入的文本，生成相应的文本内容。,2025-11,generative ai,境内深度合成服务算法备案清单（2025年11月）.docx
迈量热量管理生成算法,服务技术支持者,广州迈量科技有限公司,--,应用于文本生成场景，服务于企业端客户，根据用户输入的文本，生成饮食规划与健康管理相关的文本内容。,2025-11,generative ai,境内深度合成服务算法备案清单（2025年11月）.docx
之之AI运动分析生成算法,服务提供者,深圳之之体育智能有限公司,之之AI(APP),应用于视频生成场景，根据用户输入的运动视频，生成运动分析相关的视频。,2025-11,generative ai,境内深度合成服务算法备案清单（2025年11月）.docx
翼得内容理解与生成类大模型算法,服务提供者,上海翼得营销策划有限公司,拓麦会议(网站),应用于文本生成场景，根据用户输入的文本、音频，生成在线会议、课程内容总结相关的文本内容。,2025-11,generative ai,境内深度合成服务算法备案清单（2025年11月）.docx
接龙管家生成合成类算法-1,服务提供者,山东拓宇信息技术有限公司,接龙管家 I 打卡签到收截图(小程序)、接龙管家(小程序)、接龙管家VIP(小程序),应用于文本生成场景，根据用户输入的文本、图像，生成相应的文本。,2025-11,generative ai,境内深度合成服务算法备案清单（2025年11月）.docx
四格互联智慧园区运营一体化解决方案生成算法,服务技术支持者,深圳市四格互联信息技术有限公司,--,应用于文本生成场景，服务于企业端客户，根据用户输入的文本，生成相应的文本内容。,2025-11,generative ai,境内深度合成服务算法备案清单（2025年11月）.docx
联通元景政务大模型文本生成算法,服务技术支持者,联通数据智能有限公司,--,应用于文本生成场景，服务于企业端客户，根据用户输入的文本，生成政务领域文本信息。,2025-11,generative ai,境内深度合成服务算法备案清单（2025年11月）.docx
四格互联资产管理决策分析生成算法,服务技术支持者,深圳市四格互联信息技术有限公司,--,应用于图像生成场景，服务于企业端客户，根据用户输入的文本，生成资产管理决策分析领域图像信息。,2025-11,generative ai,境内深度合成服务算法备案清单（2025年11月）.docx
小猴云印文本生成算法,服务提供者,广州小猴云印软件有限公司,小猴云印(小程序),应用于对话生成场景，根据用户输入的文本，生成相应的文本内容。,2025-11,generative ai,境内深度合成服务算法备案清单（2025年11月）.docx
蓝凌知识检索问答交互生成算法,服务技术支持者,深圳市蓝凌软件股份有限公司,--,应用于对话生成场景，服务于企业端客户，根据用户输入的文本及文档数据，生成相应的文本、图像。,2025-11,generative ai,境内深度合成服务算法备案清单（2025年11月）.docx
星巢AI语音合成算法,服务提供者,星巢引擎（深圳）数字科技有限公司,AI超级分身(网站),应用于音频生成场景，根据用户输入的文本、音频，生成相应的音频。,2025-11,generative ai,境内深度合成服务算法备案清单（2025年11月）.docx
三三得玖多模态图文短信合成算法,服务技术支持者,深圳市三三得玖技术有限公司,--,应用于文本图像生成场景，服务于企业端客户，根据用户输入的营销关键词及图像素材，生成企业营销领域文本和图像内容。,2025-11,generative ai,境内深度合成服务算法备案清单（2025年11月）.docx
创美荟文本生成算法,服务提供者,海口创美荟科技有限公司,创美荟AI面诊(小程序),应用于文本生成场景，根据用户输入的患处图像、症状描述文本，生成相应的综合文本诊疗方案。,2025-11,generative ai,境内深度合成服务算法备案清单（2025年11月）.docx
知识跳跳长语音生成算法,服务提供者,杭州知识跳跳科技有限公司,寒雪家访(APP),应用于音频生成场景，根据用户输入的文本，生成教育教学领域音频信息。,2025-11,generative ai,境内深度合成服务算法备案清单（2025年11月）.docx
鑫润星信息安全生成算法,服务提供者,深圳鑫润星智能有限公司,鑫润星安全策略生成助手(网站),应用于文本生成场景，根据用户输入的文本问题，生成防护策略相关文本内容。,2025-11,generative ai,境内深度合成服务算法备案清单（2025年11月）.docx
洋葱学园AI教学课件内容生成算法,服务提供者,光合新知（北京）科技有限公司,洋葱学园教师版(APP),应用于文本生成场景，根据用户输入的文本，生成协助教师用户备课的文本内容。,2025-11,generative ai,境内深度合成服务算法备案清单（2025年11月）.docx
讯通酷拍图像生成算法,服务提供者,讯通无限（广州）网络技术有限公司,讯通酷拍(APP),应用于图像生成场景，根据用户输入的文本、图像，生成符合语义的图像。,2025-11,generative ai,境内深度合成服务算法备案清单（2025年11月）.docx
智立方数字人合成算法,服务提供者,智立方程式营销顾问（北京）有限公司,智立方数字人(网站),应用于数字人生成场景，根据用户输入的音频、视频，生成数字人视频。,2025-11,generative ai,境内深度合成服务算法备案清单（2025年11月）.docx
健康账户生成式人工智能服务算法,服务提供者,云海链控股股份有限公司,健康账户(APP),应用于对话生成场景，根据用户输入的健康文本问题，生成对应健康管理的文本。,2025-11,generative ai,境内深度合成服务算法备案清单（2025年11月）.docx
智启AI多模态内容深度生成算法,服务提供者,深圳智启时代科技有限公司,智启AI(网站),应用于图像视频生成场景，根据用户输入文本、图像信息，生成相应的图像、视频内容。,2025-11,generative ai,境内深度合成服务算法备案清单（2025年11月）.docx
新之星深度合成算法,服务提供者,合肥新之星网络科技有限公司,星球客(APP)、310大师(APP)、有球体育(APP),应用于文本生成场景，根据用户输入的文本内容，生成体育赛事赛果文本回复。,2025-11,generative ai,境内深度合成服务算法备案清单（2025年11月）.docx
批改邦内容生成算法,服务提供者,北京批改邦科技有限公司,批改邦(小程序)、批改邦(网站),应用于文本生成场景，根据用户输入的文本、图像内容，生成作业批改建议、教学内容指导建议文本。,2025-11,generative ai,境内深度合成服务算法备案清单（2025年11月）.docx
全通教育教学文本生成算法,服务提供者,全通教育集团（广东）股份有限公司,全课云(小程序)、全课云(网站),应用于对话生成场景，根据用户输入的文本、图像，生成相应的文本内容，主要面向于教学领域。,2025-11,generative ai,境内深度合成服务算法备案清单（2025年11月）.docx
中工云链生成合成类算法,服务提供者,中工云链信息科技(厦门)有限公司,G2S绿色供应链协同平台(网站),应用于对话生成场景，根据用户输入的文本，生成相应的文本内容。,2025-11,generative ai,境内深度合成服务算法备案清单（2025年11月）.docx
同邦文本生成算法,服务技术支持者,广州同邦信息科技股份有限公司,--,应用于文本生成场景，服务于企业端客户，根据用户输入的文本，生成相应的文本，主要面向于知识产权领域。,2025-11,generative ai,境内深度合成服务算法备案清单（2025年11月）.docx
艾克斯多模态内容生成算法,服务提供者,艾克斯（广州）量子科技有限公司,AIX(网站),应用于多模态生成场景，根据用户输入的文本、图像、视频内容，生成相应的文本、图像、视频创作内容。,2025-11,generative ai,境内深度合成服务算法备案清单（2025年11月）.docx
趣米知识问答生成算法,服务提供者,广州趣米网络科技有限公司,趣米AI问答知识系统(网站),应用于对话生成场景，根据用户输入的文本内容，生成相应的文本回复。,2025-11,generative ai,境内深度合成服务算法备案清单（2025年11月）.docx
四格互联智慧停车可视化生成算法,服务技术支持者,深圳市四格互联信息技术有限公司,--,应用于文本图像生成场景，服务于企业端客户，根据用户输入的物联网感知终端采集的结构化文本数据和车场布局图等图像数据，生成相应的停车相关文本建议及动态车位分布图像。,2025-11,generative ai,境内深度合成服务算法备案清单（2025年11月）.docx
优酷大屏生成合成服务算法,服务提供者,杭州优酷文化娱乐有限公司,TUDOO AI产品(APP),应用于文本音频生成场景，根据用户输入的音频，生成相应的文本、音频内容。,2025-11,generative ai,境内深度合成服务算法备案清单（2025年11月）.docx
极天知识图谱生成算法,服务技术支持者,广州极天信息技术股份有限公司,--,应用于文本生成场景，服务于企业端客户，根据用户输入的文本内容，生成相应的文本知识图谱。,2025-11,generative ai,境内深度合成服务算法备案清单（2025年11月）.docx
四川发布川企通政策生成合成类算法-1,服务提供者,四川领航新媒文化科技有限公司,川企通(APP),应用于对话生成场景，根据用户输入的文本内容，生成相应的政策相关的文本回复。,2025-11,generative ai,境内深度合成服务算法备案清单（2025年11月）.docx
中兴星云多模态大模型算法,服务技术支持者,中兴通讯股份有限公司,--,应用于多模态识别场景，服务于企业端客户，根据用户输入的文本、图像、音频内容，生成相应的文本回复。,2025-11,generative ai,境内深度合成服务算法备案清单（2025年11月）.docx
卓派智能文本生成算法,服务提供者,杭州卓派信息技术有限公司,闪时送plus(小程序)、闪时送plus(网站)、闪动全城(小程序)、共享骑手系统(APP)、同用跑腿系统(网站)、共享骑手系统(小程序)、同用跑腿系统(小程序)、同用跑腿系统(APP)、共享骑手系统(网站)、闪时送plus(APP),应用于对话生成场景，根据用户输入的文本内容，生成相应的代码、翻译结果及创意文本回复。,2025-11,generative ai,境内深度合成服务算法备案清单（2025年11月）.docx
科脉云帆智能客服问答生成算法,服务提供者,深圳市科脉技术股份有限公司,科脉云帆(网站),应用于文本生成场景，根据用户输入的文本，生成相应的文本内容。,2025-11,generative ai,境内深度合成服务算法备案清单（2025年11月）.docx
多比特AI文本生成算法,服务提供者,武汉市多比特信息科技有限公司,智启特AI创作平台(网站),应用于对话生成场景，根据用户输入文本，生成相应的文本内容。,2025-11,generative ai,境内深度合成服务算法备案清单（2025年11月）.docx
红杉传媒智能图片生成算法,服务提供者,广州红杉信息科技有限公司,画梦笔(小程序),应用于图像生成场景，根据用户输入的文本，生成相应的图像。,2025-11,generative ai,境内深度合成服务算法备案清单（2025年11月）.docx
通亿清源新能源生成合成算法,服务提供者,北京通亿清源智能科技有限公司,通亿清源(小程序),应用于对话生成场景，根据用户输入的文本，生成新能源风力、光伏发电相关的文本内容。,2025-11,generative ai,境内深度合成服务算法备案清单（2025年11月）.docx
伊利智能下单生成合成算法,服务提供者,内蒙古伊利实业集团股份有限公司,活力伊利(小程序),应用于对话生成场景，根据用户输入的文本、音频，生成相应的文本、音频。,2025-11,generative ai,境内深度合成服务算法备案清单（2025年11月）.docx
联合创想语音生成与合成算法,服务提供者,武汉联合创想科技有限公司,冬瓜配音(其他)、冬瓜配音(APP)、冬瓜配音(小程序),应用于音频生成场景，根据用户输入的文本内容，生成相应的音频回复。,2025-11,generative ai,境内深度合成服务算法备案清单（2025年11月）.docx
自然资源政策文本生成合成算法,服务提供者,四川自然三资不动产管理集团有限责任公司,AI政策(小程序)、自然千问(网站),应用于文本生成场景，根据用户输入的文本，生成相应的文本内容，主要面向于土地整治、生态保护等领域政策解读。,2025-11,generative ai,境内深度合成服务算法备案清单（2025年11月）.docx
成都移乐图像生成合成算法,服务提供者,成都移乐科技有限责任公司,移乐AI(网站),应用于图像生成场景，根据用户输入的文本、图像，生成相应的图像。,2025-11,generative ai,境内深度合成服务算法备案清单（2025年11月）.docx
上海微杰智学助手生成合成类AI智能辅助学习算法,服务提供者,上海微杰智能科技有限公司,智学助手(APP),应用于文本生成场景，根据用户输入的文本，生成教育领域辅助学习相关的文本。,2025-11,generative ai,境内深度合成服务算法备案清单（2025年11月）.docx
睿途图形视频AI合成算法,服务提供者,成都睿途星耀科技有限公司,睿途(网站),应用于视频生成场景，根据用户输入的面部图像、视频，生成符合用户需求的创意视频。,2025-11,generative ai,境内深度合成服务算法备案清单（2025年11月）.docx
广厦AI小昇伴学智能问答合成算法,服务提供者,深圳市广厦人工智能技术有限公司,广厦AI小昇伴学智能问答平台(网站),应用于对话生成场景，根据用户输入的文本，生成专业领域的文本回复。,2025-11,generative ai,境内深度合成服务算法备案清单（2025年11月）.docx
文小栈文本生成算法,服务提供者,广州纸条科技有限公司,文小栈-作文助手(小程序),应用于文本生成场景，根据用户输入的文本，生成相应的文本内容。,2025-11,generative ai,境内深度合成服务算法备案清单（2025年11月）.docx
奇碰语音对话生成算法,服务提供者,上海小萌科技有限公司,奇碰AI互动玩具(其他)、奇碰AI智能玩具(小程序),应用于对话生成场景，根据用户输入的音频，生成相应的音频回复。,2025-11,generative ai,境内深度合成服务算法备案清单（2025年11月）.docx
广厦AI生题合成算法,服务提供者,深圳市广厦人工智能技术有限公司,广厦AI生题平台(网站),应用于文本生成场景，根据用户输入的教材文本，生成符合知识点难度的相关文本和题目。,2025-11,generative ai,境内深度合成服务算法备案清单（2025年11月）.docx
AiNex内容生成算法,服务提供者,杭州李未可人工智能技术有限公司,AiNex智能终端软件(APP),应用于文本生成场景，根据用户输入的文本，生成相应的文本内容。,2025-11,generative ai,境内深度合成服务算法备案清单（2025年11月）.docx
NBA多模态内容生成算法,服务提供者,北京瑞奥视科技有限公司,NBA(APP),应用于多模态生成场景，根据用户输入的图像、音频，生成相应的NBA风格盲盒图像和使用用户音色的各种方言版视频解说音频。,2025-11,generative ai,境内深度合成服务算法备案清单（2025年11月）.docx
外语郎智能AI大模型算法,服务提供者,上海瑛语朗智能科技有限公司,外语郎(APP),应用于对话生成场景，根据用户输入的音频，生成外语学习相关的文本、音频。,2025-11,generative ai,境内深度合成服务算法备案清单（2025年11月）.docx
数智本草内容生成算法,服务提供者,天津天士力数智中医药科技有限公司,数智本草(网站),应用于对话生成场景，根据用户输入的文本、图像内容，生成相应的文本回复。,2025-11,generative ai,境内深度合成服务算法备案清单（2025年11月）.docx
酷追科技基于云端的图像视频多模态生成算法,服务提供者,河南酷追科技有限公司,酷追AI(网站)、酷梦AI(小程序)、酷梦AI(APP),应用于图像视频生成场景，根据用户输入的文本、图像、视频信息，生成相应的图像、视频内容。,2025-11,generative ai,境内深度合成服务算法备案清单（2025年11月）.docx
坤元万象大模型算法,服务提供者,福建博思软件股份有限公司,坤元万象智能体平台(网站),应用于对话生成场景，根据用户输入文本的描述，生成相应的文本回复。,2025-11,generative ai,境内深度合成服务算法备案清单（2025年11月）.docx
易知Synapse大模型算法,服务技术支持者,长沙易知智能科技有限责任公司,--,应用于多模态生成场景，服务于企业端客户，根据用户输入的文本、图像、音频、视频，生成相应的文本、图像、音频、视频。,2025-11,generative ai,境内深度合成服务算法备案清单（2025年11月）.docx
川投数科智旅大模型深度合成算法,服务技术支持者,四川川投智胜数字科技有限公司,--,应用于文本生成场景，服务于企业端客户，根据用户输入文本，生成相应的文本回复。,2025-11,generative ai,境内深度合成服务算法备案清单（2025年11月）.docx
优品智投AI问答大模型算法,服务技术支持者,武汉优品楚鼎科技有限公司,--,应用于文本生成场景，服务于企业端客户，根据用户输入的文本，生成证券投资领域相关的文本回复。,2025-11,generative ai,境内深度合成服务算法备案清单（2025年11月）.docx
智客云文本生成算法,服务提供者,智客云科技（广州）股份有限公司,智客云AI(网站),应用于文本生成场景，根据用户输入的工程图像，生成图纸解析文本内容。,2025-11,generative ai,境内深度合成服务算法备案清单（2025年11月）.docx
棱镜七彩漏洞修复方案文本生成算法,服务提供者,苏州棱镜七彩信息科技有限公司,棱镜七彩智能漏洞修复(其他),应用于文本生成场景，根据用户输入的文本，生成相应的文本。,2025-11,generative ai,境内深度合成服务算法备案清单（2025年11月）.docx
东锋智云AI大语言模型算法,服务提供者,东锋智云（广州）科技有限公司,申债易(网站),应用于文本生成场景，根据用户输入的文本，生成相应的文本内容。,2025-11,generative ai,境内深度合成服务算法备案清单（2025年11月）.docx
笃读跟读资源生成算法,服务提供者,北京滟峰科技有限公司,笃读(APP),应用于文本生成场景，根据用户输入的音频、视频，生成相应的文本内容。,2025-11,generative ai,境内深度合成服务算法备案清单（2025年11月）.docx
之型大模型算法,服务技术支持者,北京之型科技有限公司,--,应用于文本生成场景，服务于企业端客户，根据用户输入的文本，生成相应的文本。,2025-11,generative ai,境内深度合成服务算法备案清单（2025年11月）.docx
昆仑智界图文生图深度合成算法-1,服务技术支持者,昆仑智界科技（深圳）有限公司,--,应用于图像生成场景，服务于企业端客户，根据用户输入的文本、图像，生成相应的图像，主要面向于珠宝设计领域。,2025-11,generative ai,境内深度合成服务算法备案清单（2025年11月）.docx
博达文本纠错生成算法,服务提供者,西安博达软件股份有限公司,博达智脑-智能体中心(网站),应用于文本生成场景，根据用户输入的文本，生成文本错误纠正优化后的文本内容。,2025-11,generative ai,境内深度合成服务算法备案清单（2025年11月）.docx
真诚环保百科对话生成算法,服务提供者,广州市真诚环保科技股份有限公司,真诚环保AI管家(网站),应用于对话生成场景，根据用户输入的文本，生成环保领域知识相关的文本。,2025-11,generative ai,境内深度合成服务算法备案清单（2025年11月）.docx
赋安视频空间坐标映射文本生成算法,服务技术支持者,广州赋安数字科技有限公司,--,应用于文本生成场景，服务于企业端客户，根据用户输入的带有地理位置特征的视频、配套的文本数据，生成实时的坐标映射文本。,2025-11,generative ai,境内深度合成服务算法备案清单（2025年11月）.docx
固生堂中医生成合成算法,服务提供者,广东固生堂中医养生健康科技股份有限公司,固生堂中医i(小程序),应用于对话生成场景，根据用户输入的文本、图像，生成医疗咨询相关的文本。,2025-11,generative ai,境内深度合成服务算法备案清单（2025年11月）.docx
太始智慧文本生成算法,服务提供者,太始（湖北）智慧科技有限公司,i素问(小程序),应用于对话生成场景，根据用户输入的文本，生成医疗健康管理相关的文本回复。,2025-11,generative ai,境内深度合成服务算法备案清单（2025年11月）.docx
彩讯智能机器人内容生成算法,服务技术支持者,广州彩讯数字技术有限公司,--,应用于文本生成场景，服务于企业端客户，根据用户输入的文本，生成相应的文本内容。,2025-11,generative ai,境内深度合成服务算法备案清单（2025年11月）.docx
柠檬WiFi工具智能客服生成算法,服务提供者,深圳市网联天下科技有限公司,柠檬WiFi工具(小程序),应用于对话生成场景，根据用户输入的文本，生成相应的文本回复。,2025-11,generative ai,境内深度合成服务算法备案清单（2025年11月）.docx
知识跳跳多模态生成算法,服务提供者,杭州知识跳跳科技有限公司,数学一对一(APP),应用于多模态生成场景，根据用户输入的文本、图像、音频，生成相应的文本、图像、音频，主要面向于教学领域。,2025-11,generative ai,境内深度合成服务算法备案清单（2025年11月）.docx
夕里心理多模态合成算法,服务提供者,夕里科技（北京）有限公司,AI心理咨询师（CBT）(网站)、Seein心理大模型(网站)、AI心理疏导(其他)、汐里心理(小程序),应用于对话生成场景，根据用户输入的文本、音频，生成相应的文本、音频，主要面向于心理咨询领域。,2025-11,generative ai,境内深度合成服务算法备案清单（2025年11月）.docx
四时维空虚拟人视频生成算法,服务提供者,四时维空（北京）科技有限公司,穿越次元(APP),应用于视频生成场景，根据用户输入的文本、音频，生成相应的视频。,2025-11,generative ai,境内深度合成服务算法备案清单（2025年11月）.docx
耀播实时无绿幕抠像合成算法,服务提供者,广州耀播科技有限公司,耀播(APP),应用于视频生成场景，根据用户输入的图像、视频，生成替换背景后的视频，主要实现实时无绿幕抠像的功能。,2025-11,generative ai,境内深度合成服务算法备案清单（2025年11月）.docx
智识神工CAMo编程智能体模型生成算法,服务提供者,智识神工（上海）信息技术股份有限公司,AI编程助手(网站),应用于文本生成场景，根据用户输入的文本，生成相应的程序文本报告回复。,2025-11,generative ai,境内深度合成服务算法备案清单（2025年11月）.docx
广州大川文本生成合成算法,服务提供者,广州大川通讯设备有限公司,AI问答伙伴(网站),应用于对话生成场景，根据用户输入文本的描述，生成符合上下文语义的文本回复。,2025-11,generative ai,境内深度合成服务算法备案清单（2025年11月）.docx
LOGO大师设计AI生成算法,服务提供者,广州小括号文化传媒有限公司,LOGO大师(APP),应用于图像生成场景，根据用户输入的文本信息，生成符合品牌形象的设计图像内容。,2025-11,generative ai,境内深度合成服务算法备案清单（2025年11月）.docx
长河智能问答数据生成算法,服务技术支持者,长河信息股份有限公司,--,应用于文本生成场景，服务于企业端客户，根据用户输入的文本，生成相应的文本回复。,2025-11,generative ai,境内深度合成服务算法备案清单（2025年11月）.docx
九九盛荣文本生成算法,服务提供者,九九盛荣（上海）机器人科技股份有限公司,好美康(APP),应用于对话生成场景，根据用户输入的文本，生成健康管理相关的文本。,2025-11,generative ai,境内深度合成服务算法备案清单（2025年11月）.docx
袭明应急大模型多模态算法,服务提供者,北京图安世纪科技股份有限公司,袭明应急大模型(网站)、袭明应急大模型(小程序),应用于文本生成场景，根据用户输入的自然灾害或安全事故文本、图像和视频，生成应急领域相关的文本。,2025-11,generative ai,境内深度合成服务算法备案清单（2025年11月）.docx
万紫千红图文生图合成算法,服务提供者,广州万紫千红网络科技有限公司,图文创作(APP),应用于图像生成场景，根据用户输入的文本，图像，生成相应的图像。,2025-11,generative ai,境内深度合成服务算法备案清单（2025年11月）.docx
泽晓律文本生成算法,服务提供者,法言网络科技（西安）有限公司,泽晓律(APP),应用于对话生成场景，根据用户输入的文本，生成司法领域相关的文本内容。,2025-11,generative ai,境内深度合成服务算法备案清单（2025年11月）.docx
万联智链产联关系大模型算法,服务提供者,北京万联智链科技有限公司,万联摩尔(网站),应用于文本音频生成场景，根据用户输入的文本、音频信息，生成相应的文本、音频内容。,2025-11,generative ai,境内深度合成服务算法备案清单（2025年11月）.docx
不择细流内容生成算法,服务提供者,不择细流（重庆）数智科技有限公司,福伴伴(APP),应用于对话生成场景，根据用户输入的文本信息，生成相应的文本内容。,2025-11,generative ai,境内深度合成服务算法备案清单（2025年11月）.docx
艾赛克智能评估生成算法,服务提供者,深圳市艾赛克科技有限公司,艾赛克应急演练评估平台(网站),应用于文本生成场景，根据用户输入的文本，生成企业应急演练领域的文本回复。,2025-11,generative ai,境内深度合成服务算法备案清单（2025年11月）.docx
智联达多模态内容生成算法,服务提供者,重庆智联达科技有限公司,照片恢复大师(APP)、录音转文字助手(APP)、语音转换文字(APP)、极速AI写作(APP),应用于多模态内容生成场景，根据用户输入的文本、图像、音频，生成满足用户需求的文本、图像、音频。,2025-11,generative ai,境内深度合成服务算法备案清单（2025年11月）.docx
鑫润星场景评估生成算法,服务提供者,深圳鑫润星智能有限公司,鑫润星智安评估系统(网站),应用于文本生成场景，根据用户输入的文本，生成相应的文本。,2025-11,generative ai,境内深度合成服务算法备案清单（2025年11月）.docx
驯鹿智能内容生成算法,服务技术支持者,深圳迅海科技有限公司,--,应用于对话生成场景，服务于企业端客户，根据用户输入的文本、图像、音频，生成相应的文本、图像、音频。,2025-11,generative ai,境内深度合成服务算法备案清单（2025年11月）.docx
灵狐未来多模态生成算法,服务提供者,杭州灵狐未来网络科技有限公司,VoiceFox(网站),应用于对话生成场景，根据用户输入的文本、音频，生成相应的文本、音频。,2025-11,generative ai,境内深度合成服务算法备案清单（2025年11月）.docx
墨演文本生成算法,服务提供者,墨演（杭州）人工智能科技有限公司,小墨助手(网站),应用于对话生成场景，根据用户输入的文本，生成居家养老领域的文本内容。,2025-11,generative ai,境内深度合成服务算法备案清单（2025年11月）.docx
熠瓴多模态大模型算法,服务提供者,成都派兹互连电子技术有限公司,熠瓴(网站),应用于对话生成场景，根据用户输入的文本、图像，生成电子设计领域文本内容。,2025-11,generative ai,境内深度合成服务算法备案清单（2025年11月）.docx
优农服语音记账文字生成算法,服务提供者,优农服科技发展（广东）有限公司,优农AI(APP),应用于文本生成场景，根据用户输入的农业领域记账音频，生成符合记账习惯的文本记录。,2025-11,generative ai,境内深度合成服务算法备案清单（2025年11月）.docx
中国移动稷元储粮自然语言交互算法,服务提供者,中移(成都)信息通信科技有限公司,稷元储粮大模型(网站),应用于文本生成场景，根据用户输入的文本，生成储粮农业领域相关的文本内容。,2025-11,generative ai,境内深度合成服务算法备案清单（2025年11月）.docx
网安隐私合规合成算法,服务提供者,深圳市网安计算机安全检测技术有限公司,网安合成检测系统(网站),应用于文本生成场景，根据用户输入的文本，生成隐私合规相关的文本。,2025-11,generative ai,境内深度合成服务算法备案清单（2025年11月）.docx
新时间文本生成合成算法,服务提供者,成都秒来客网络科技有限公司,新时间(网站)、新时间(小程序),应用于文本生成场景，根据用户输入的文本，生成相应的文本内容。,2025-11,generative ai,境内深度合成服务算法备案清单（2025年11月）.docx
律鉴合成生成类算法,服务提供者,厦门律鉴炽能科技有限公司,律鉴AI(小程序),应用于文本生成场景，根据用户输入的文本，生成法律领域相关的文本。,2025-11,generative ai,境内深度合成服务算法备案清单（2025年11月）.docx
云视通音视频会议文本生成算法,服务提供者,广州云视通科技有限公司,CIVi视讯管理平台(网站),应用于文本生成场景，根据用户输入的音频、视频，生成区分发言人的文本内容。,2025-11,generative ai,境内深度合成服务算法备案清单（2025年11月）.docx
搭画快写文本生成算法,服务提供者,广州画触教育科技有限公司,搭画快写(网站),应用于文本生成场景，根据用户输入的文本，生成营销相关的文本。,2025-11,generative ai,境内深度合成服务算法备案清单（2025年11月）.docx
森慕AI数字人生成算法,服务提供者,广州森慕信息技术有限公司,数字人智课(网站),应用于数字人视频生成场景，根据用户输入的文本、音频，生成相应的数字人视频。,2025-11,generative ai,境内深度合成服务算法备案清单（2025年11月）.docx
XiaoteAI车载语音控制生成合成类算法,服务提供者,小特科技（广州）有限公司,Xiaote AI(APP),应用于文本音频生成场景，根据用户输入的文本、音频指令，生成相应的文本、音频回复内容。,2025-11,generative ai,境内深度合成服务算法备案清单（2025年11月）.docx
芯见AI文本生成算法,服务技术支持者,芯见（广州）科技有限公司,--,应用于对话生成场景，服务于企业端客户，根据用户输入的文本内容，生成相应的文本回复。,2025-11,generative ai,境内深度合成服务算法备案清单（2025年11月）.docx
食问FoodSeek生成合成算法,服务提供者,烟台富美特信息科技股份有限公司,食问FoodSeek(网站),应用于对话生成场景，根据用户输入的文本内容，生成相应的文本回复。,2025-11,generative ai,境内深度合成服务算法备案清单（2025年11月）.docx
心传生成算法,服务提供者,北京莘传信息科技有限公司,心传(APP),应用于文本图像生成场景，根据用户输入的音频，生成相应的文本、图像内容。,2025-11,generative ai,境内深度合成服务算法备案清单（2025年11月）.docx
AI学堂能力诊断报告生成算法,服务提供者,广东宜教通科技有限公司,AI学堂(网站),应用于文本生成场景，根据用户输入的文本内容，生成学情分析文本报告。,2025-11,generative ai,境内深度合成服务算法备案清单（2025年11月）.docx
适享拾心文本生成算法,服务提供者,上海适享文化传播有限公司,chatapplesay(网站),应用于对话生成场景，根据用户输入的文本内容，生成相应文本内容。,2025-11,generative ai,境内深度合成服务算法备案清单（2025年11月）.docx
银盛陪聊生成合成类算法,服务提供者,天津银盛科技有限公司,卡卡星球(APP),应用于对话生成场景，根据用户输入的文本、图像、音频，生成相应的文本。,2025-11,generative ai,境内深度合成服务算法备案清单（2025年11月）.docx
保达中医辅助诊断与方剂内容生成算法,服务提供者,广州保达科技有限公司,保达云诊所(网站),应用于对话生成场景，根据用户输入的文本，生成相应的文本，主要面向中医药领域的辅助诊断和方剂生成。,2025-11,generative ai,境内深度合成服务算法备案清单（2025年11月）.docx
OKKIAI生成合成算法,服务提供者,深圳市小满科技有限公司,OKKICRM(网站),应用于文本生成场景，根据用户输入的文本，生成相应的文本，主要面向出口贸易领域。,2025-11,generative ai,境内深度合成服务算法备案清单（2025年11月）.docx
明略黄金3秒生成合成类算法,服务提供者,北京明略昭辉科技有限公司,妙啊(网站),应用于文本生成场景，根据用户输入的文本、图像、视频，生成相应的文本。,2025-11,generative ai,境内深度合成服务算法备案清单（2025年11月）.docx
数智万维棱镜AI文本生成算法,服务技术支持者,北京数智万维人力资源科技有限公司,--,应用于文本生成场景，服务于企业端客户，根据用户输入的文本，生成相应的文本。,2025-11,generative ai,境内深度合成服务算法备案清单（2025年11月）.docx
紫鸾融合知识文本生成合成算法,服务技术支持者,紫光云技术有限公司,--,应用于文本生成场景，服务于企业端客户，根据用户输入的文本，生成相应的文本。,2025-11,generative ai,境内深度合成服务算法备案清单（2025年11月）.docx
鑫润星代码生成算法,服务提供者,深圳鑫润星智能有限公司,鑫润星快码系统(网站),应用于代码生成场景，根据用户输入的文本，生成相应的文本。,2025-11,generative ai,境内深度合成服务算法备案清单（2025年11月）.docx
轩晔智能问答生成算法,服务提供者,杭州轩晔数字科技有限公司,轩晔数字科技数唤(网站),应用于对话生成场景，根据用户输入的文本，生成相应的文本回复。,2025-11,generative ai,境内深度合成服务算法备案清单（2025年11月）.docx
西安筷子帮文本生成算法,服务提供者,西安筷子帮信息科技有限公司,文书妙笔(小程序)、AI材料星(APP)、材料星AI(小程序)、材料星(网站),应用于文本生成场景，根据用户输入的文本，生成面向写作领域相关的文本内容。,2025-11,generative ai,境内深度合成服务算法备案清单（2025年11月）.docx
泰迪数字人生成算法,服务提供者,广东泰迪智能科技股份有限公司,智能教学辅助平台（iTeach）(网站),应用于数字人生成场景，根据用户输入的文本、音频、视频，生成口型表情同步的数字人播报视频。,2025-11,generative ai,境内深度合成服务算法备案清单（2025年11月）.docx
杜鹃传媒文本创作生成算法,服务提供者,广州杜鹃传媒科技有限公司,灵感写手(网站),应用于文本生成场景，根据用户输入的文本，生成相应的文本内容。,2025-11,generative ai,境内深度合成服务算法备案清单（2025年11月）.docx
莘力健AI智能生成合成算法,服务提供者,丰顺县莘力健健康管理有限责任公司,莘力健AI(APP),应用于对话生成场景，根据用户输入的文本、音频，生成符合目标语言习惯的文本和音频内容。,2025-11,generative ai,境内深度合成服务算法备案清单（2025年11月）.docx
好兽医宠物医疗影像诊断生成算法,服务技术支持者,深圳市好兽医阿闻互联网宠物医院有限公司,--,应用于文本生成场景，服务于企业端客户，根据用户输入文本、图像、音频、视频，生成相应的文本回复。,2025-11,generative ai,境内深度合成服务算法备案清单（2025年11月）.docx
一粒麦籽数字人生成算法,服务提供者,上海一粒麦籽信息有限责任公司,汇麦商城(网站)、汇麦商城(APP)、汇麦商城(小程序),应用于数字人生成场景，根据用户输入的文本、音频，生成唇形、音频、面部表情及动作同步的数字人视频。,2025-11,generative ai,境内深度合成服务算法备案清单（2025年11月）.docx
太湖云医文本生成算法,服务提供者,天津众妙之门科技有限公司,太湖云医(APP),应用于对话生成场景，根据用户输入的文本内容，生成相应的文本回复。,2025-11,generative ai,境内深度合成服务算法备案清单（2025年11月）.docx
秦云农帮手农业AI大模型算法,服务提供者,西安星辰云数据科技有限公司,秦云农帮手(小程序),应用于文本生成场景，根据用户输入的文本、音频、图像内容，生成相应的文本回复。,2025-11,generative ai,境内深度合成服务算法备案清单（2025年11月）.docx
山海产业经济大模型算法,服务提供者,安徽智侒信信息技术有限公司,山海产业经济大模型(网站),应用于对话生成场景，根据用户输入的文本，生成相应的文本内容。,2025-11,generative ai,境内深度合成服务算法备案清单（2025年11月）.docx
水月雨智能交互生成算法,服务提供者,成都水月雨科技有限公司,MMOONDR(网站)、MOONDROP(APP),应用于对话生成场景，根据用户输入的文本、音频转换的文本、图像中的文本，生成相应的文本、音频。,2025-11,generative ai,境内深度合成服务算法备案清单（2025年11月）.docx
尚准仪器文本生成算法,服务提供者,广州尚准仪器设备股份有限公司,广州尚准仪器设备股份有限公司(网站),应用于对话生成场景，根据用户输入的文本，生成相应的文本。,2025-11,generative ai,境内深度合成服务算法备案清单（2025年11月）.docx
谐云研发质量保障生成算法,服务提供者,杭州谐云科技有限公司,谐云研发质量保障(网站),应用于对话生成场景，根据用户输入的源代码等文本信息，生成修复方案推荐、质量评分计算等文本内容。,2025-11,generative ai,境内深度合成服务算法备案清单（2025年11月）.docx
盟聚多模态生成算法,服务提供者,上海盟聚信息科技有限公司,AI Work365(网站),应用于多模态生成场景，根据用户输入的文本、图像，生成相应的文本、图像、视频。,2025-11,generative ai,境内深度合成服务算法备案清单（2025年11月）.docx
企鲸生成合成类算法-1,服务提供者,青岛拓宇数智科技有限公司,企鲸(小程序),应用于文本生成场景，根据用户输入的文本及图像中的文本内容，生成相应的文本表单回复。,2025-11,generative ai,境内深度合成服务算法备案清单（2025年11月）.docx
翎衣图文生图算法,服务提供者,深圳衣加科技有限公司,翎衣AI(网站)、翎衣AI(小程序),应用于图像生成场景，根据用户输入的文本、图像内容，生成相应的图像回复。,2025-11,generative ai,境内深度合成服务算法备案清单（2025年11月）.docx
光帆Lightware内容生成算法,服务提供者,北京光帆科技有限公司,随行睛聆(APP),应用于文本音频生成场景，根据用户输入的图像、音频、视频信息，生成符合用户需求的文本、音频内容。,2025-11,generative ai,境内深度合成服务算法备案清单（2025年11月）.docx
甜贝母亲声音陪伴子宫环境音频生成算法,服务提供者,广州爱听贝科技有限公司,甜贝AI(APP),应用于音频生成场景，根据用户输入的心跳、说话、肠鸣等音频内容，生成模拟子宫环境音频。,2025-11,generative ai,境内深度合成服务算法备案清单（2025年11月）.docx
东鑫森瀚法律知识生成算法,服务提供者,北京东鑫森瀚科技有限公司,趣儿智慧助手(小程序),应用于对话生成场景，根据用户输入的文本、音频内容，生成符合用户需求的法律文本回复。,2025-11,generative ai,境内深度合成服务算法备案清单（2025年11月）.docx
中旅旅行定制游智能助手生成合成算法,服务提供者,中国旅游集团旅行服务有限公司,中旅旅行(APP),应用于对话生成场景，根据用户输入的文本内容，生成相应的文本、图像回复。,2025-11,generative ai,境内深度合成服务算法备案清单（2025年11月）.docx
玩吧情头造梦多模态生成算法-1,服务提供者,北京默契破冰科技有限公司,玩吧(APP),应用于图像视频生成场景，根据用户输入的文本、图像内容，生成相应的个性化卡通图像及动态视频回复。,2025-11,generative ai,境内深度合成服务算法备案清单（2025年11月）.docx
360安全分析大模型算法,服务提供者,三六零数字安全科技集团有限公司,360安全大模型(网站),应用于对话生成场景，根据用户输入的日志信息、告警描述或安全事件文本，生成对异常行为、攻击阶段或潜在风险的语义解析与解释说明文本。,2025-11,generative ai,境内深度合成服务算法备案清单（2025年11月）.docx
白豆医生智能生成合成算法,服务提供者,深圳三代人科技有限公司,白豆医生(APP),应用于文本生成场景，根据用户输入的文本、图像、音频、视频内容，生成疫苗科普PPT及测试题文本回复。,2025-11,generative ai,境内深度合成服务算法备案清单（2025年11月）.docx
万怡医学服务文本生成算法,服务提供者,上海万怡医学科技股份有限公司,医学学术助手(网站),应用于文本生成场景，根据用户输入的文本，生成医学与健康相关的文本。,2025-11,generative ai,境内深度合成服务算法备案清单（2025年11月）.docx
广医岐智大模型算法,服务提供者,中国中医科学院广安门医院,广安门医院(APP)、广安门医院(小程序),应用于对话生成场景，根据用户输入的文本、音频，生成相应的文本，主要面向于中医诊疗领域。,2025-11,generative ai,境内深度合成服务算法备案清单（2025年11月）.docx
之间数科情感陪伴LLMAnyoneV3模型算法,服务技术支持者,北京之间数科科技有限公司,--,应用于文本音频生成场景，服务于企业端客户，根据用户输入的文本、音频，生成文旅、文博相关的文本、音频。,2025-11,generative ai,境内深度合成服务算法备案清单（2025年11月）.docx
reelsagent文本生成算法,服务提供者,荷里购科技（广州）有限公司,reelsagent(小程序)、reelsagent(网站)、reelsagent(APP),应用于文本生成场景，根据用户输入的文本，生成相应的文本内容。,2025-11,generative ai,境内深度合成服务算法备案清单（2025年11月）.docx
鹏霄科技XGPT生成类算法,服务提供者,广州鹏霄科技有限公司,车载系统AI胶囊功能(其他),应用于对话生成场景，根据用户输入的文本、图像、音频，生成日常用车相关的文本、音频。,2025-11,generative ai,境内深度合成服务算法备案清单（2025年11月）.docx
中和应泰多模态知识生成合成算法,服务提供者,上海中和应泰智能科技有限公司,好人好股(APP),应用于多模态生成场景，根据用户输入的文本、图像，生成相应的文本、图像。,2025-11,generative ai,境内深度合成服务算法备案清单（2025年11月）.docx
中和应泰多模态知识生成合成算法-1,服务技术支持者,上海中和应泰智能科技有限公司,--,应用于多模态生成场景，服务于企业端客户，根据用户输入的文本、图像，生成相应的文本、图像。,2025-11,generative ai,境内深度合成服务算法备案清单（2025年11月）.docx
简视文本合成算法,服务提供者,天脉视迅（北京）科技有限公司,简视(小程序)、简视(APP),应用于文本生成场景，根据用户输入的文本，生成相应的文本内容。,2025-11,generative ai,境内深度合成服务算法备案清单（2025年11月）.docx
财咨道大模型算法,服务提供者,财咨道信息技术有限公司,财咨道智选股(小程序),应用于对话生成场景，根据用户输入的文本、音频，生成金融相关的文本、音频。,2025-11,generative ai,境内深度合成服务算法备案清单（2025年11月）.docx
颐键智能AI内容生成算法,服务提供者,上海颐键信息技术有限公司,易健检(小程序),应用于对话生成场景，根据用户输入的文本、图像、音频，生成相应的文本、音频，主要面向于体检报告分析和医学知识问答领域。,2025-11,generative ai,境内深度合成服务算法备案清单（2025年11月）.docx
媲美科技数字人合成算法,服务提供者,深圳媲美科技有限公司,媲美科技创作平台(网站),应用于数字人视频生成场景，根据用户输入的文本、音频、视频，生成相应的视频内容。,2025-11,generative ai,境内深度合成服务算法备案清单（2025年11月）.docx
青否数字人合成算法,服务提供者,河南极域智能科技有限公司,青否数字人(网站),应用于数字人生成场景，根据用户输入的文本、音频，生成口型与音频同步的数字人视频。,2025-11,generative ai,境内深度合成服务算法备案清单（2025年11月）.docx
明洋数据文本生成算法,服务技术支持者,明洋智造（杭州）科技有限公司,--,应用于对话生成场景，服务于企业端客户，根据用户输入的文本数据，生成包含数据要点总结、表现评估及行动建议的文本分析报告。,2025-11,generative ai,境内深度合成服务算法备案清单（2025年11月）.docx
财宝科技智能对话生成算法,服务提供者,广州财宝科技信息有限公司,财宝科技智能对话(小程序),应用于对话生成场景，根据用户输入的文本，生成相应的文本内容。,2025-11,generative ai,境内深度合成服务算法备案清单（2025年11月）.docx
中国移动工程设计大模型算法,服务提供者,中国移动通信集团设计院有限公司,中国移动工程设计大模型(网站),应用于文本图像生成场景，根据用户输入的文本、图像，生成专业工程设计相关的文本、图像。,2025-11,generative ai,境内深度合成服务算法备案清单（2025年11月）.docx
晟诺科讯达多模态视图合成算法,服务提供者,深圳市晟诺科讯达科技有限责任公司,晟诺AI(网站),应用于多模态内容生成场景，根据用户输入的文本、图像、音频，生成相应的文本内容和数字人视频。,2025-11,generative ai,境内深度合成服务算法备案清单（2025年11月）.docx
信安数据智能财务报告生成算法,服务提供者,广州信安数据有限公司,智能分析助手(网站),应用于文本生成场景，根据用户输入的财务、工商、资质等文本或图像数据，生成相应的财务文本报告。,2025-11,generative ai,境内深度合成服务算法备案清单（2025年11月）.docx
泽众形态识别文本生成算法,服务提供者,山东泽众电子科技有限公司,泽众AI助手(小程序),应用于文本生成场景，根据用户输入的包含细胞形态特征的生物医学图像，输出细胞形态分类名称、置信度和特征区域坐标等文本内容。,2025-11,generative ai,境内深度合成服务算法备案清单（2025年11月）.docx
星睿多智能体协作内容生成算法,服务技术支持者,北京星睿启智科技有限公司,--,应用于文本生成场景，服务于企业端客户，根据用户输入的文本内容，生成相应的文本回复。,2025-11,generative ai,境内深度合成服务算法备案清单（2025年11月）.docx
小U家装方案文字图片生成算法,服务提供者,杭州凡华互联网科技有限公司,小U家装AI(APP),应用于文本图像生成场景，根据用户输入的文本描述，生成家装设计领域文本、图像内容。,2025-11,generative ai,境内深度合成服务算法备案清单（2025年11月）.docx
客流易生成合成类算法,服务提供者,广州市梦享网络技术有限公司,客流易(APP),应用于对话生成场景，根据用户输入的文本内容，生成相应的文本回复。,2025-11,generative ai,境内深度合成服务算法备案清单（2025年11月）.docx
蕾AI面向城乡规划设计的生成式AI平台算法,服务提供者,深圳市蕾奥规划设计咨询股份有限公司,蕾AI规划设计助手(网站),应用于图像生成场景，根据用户输入的文本、图像，生成城市规划与建筑设计领域图像内容。,2025-11,generative ai,境内深度合成服务算法备案清单（2025年11月）.docx
幂动图文生图算法,服务提供者,广州幂动科技有限公司,无极星河(网站),应用于图像生成场景，根据用户输入的文本、图像，生成相应的图像。,2025-11,generative ai,境内深度合成服务算法备案清单（2025年11月）.docx
中科刑事案件材料要素抽取大模型算法,服务提供者,湖北中科网络科技股份有限公司,武昌区刑事犯罪数字地图(网站),应用于刑事案件分析场景，根据用户输入的文本，生成相应的文本内容。,2025-11,generative ai,境内深度合成服务算法备案清单（2025年11月）.docx
铱云供应链智能订单可视化生成算法,服务技术支持者,深圳市铱云云计算有限公司,--,应用于智能订单生成场景，服务于企业端客户，根据用户输入的订单数据文本，生成输出订单分拣指引的图文数据。,2025-11,generative ai,境内深度合成服务算法备案清单（2025年11月）.docx
惠瀜智能客服生成算法,服务技术支持者,浙江惠瀜网络科技有限公司,--,应用于文本生成场景，服务于企业端客户，根据用户输入的文本、图像、音频、视频，生成金融领域相关的文本内容。,2025-11,generative ai,境内深度合成服务算法备案清单（2025年11月）.docx
轩晔剧本创作生成算法,服务提供者,杭州轩晔数字科技有限公司,AI 智能剧本创作助手(网站),应用于文本生成场景，根据用户输入的题材、风格或关键词文本，生成相应剧本文本。,2025-11,generative ai,境内深度合成服务算法备案清单（2025年11月）.docx
热芒生成算法,服务提供者,北京热芒科技有限公司,小芒学伴(APP),应用于文本生成场景，根据用户输入的文本、图像、音频等，生成引导解题相关的文本内容。,2025-11,generative ai,境内深度合成服务算法备案清单（2025年11月）.docx
简合方舟AI生成可行性研究报告大模型算法,服务提供者,北京万领工程咨询有限公司,简合方舟(网站),应用于文本生成场景，根据用户输入的文本，生成项目可行性研究报告或相关专业文档。,2025-11,generative ai,境内深度合成服务算法备案清单（2025年11月）.docx
Ai增长猫文本生成算法,服务提供者,猫大（广州）信息科技有限公司,Ai增长猫(小程序),应用于文本生成场景，根据用户输入的文本，生成招商领域相关文本。,2025-11,generative ai,境内深度合成服务算法备案清单（2025年11月）.docx
卓志集团智能报关单生成算法,服务技术支持者,广东卓志供应链科技集团有限公司,--,应用于文本生成场景，服务于企业端客户，根据用户输入的进出口报关单证图像，生成报关服务相关文本。,2025-11,generative ai,境内深度合成服务算法备案清单（2025年11月）.docx
北京富华智慧绘图生成合成算法,服务提供者,北京富华创新科技发展有限责任公司,金融界金企智创(网站),应用于图像生成场景，根据用户输入的文本，生成相应的图像。,2025-11,generative ai,境内深度合成服务算法备案清单（2025年11月）.docx
长城汽车标准知识大模型算法,服务技术支持者,长城汽车股份有限公司,--,应用于对话生成场景，服务于企业端客户，根据用户输入的文本内容，生成国行标相关知识文本内容。,2025-11,generative ai,境内深度合成服务算法备案清单（2025年11月）.docx
游盟奇点内容生成算法,服务提供者,广东游盟科技股份有限公司,游盟奇点(网站),应用于对话生成场景，根据用户输入的文本内容，生成相应的文本回复。,2025-11,generative ai,境内深度合成服务算法备案清单（2025年11月）.docx
初心互动AI智能对话生成算法,服务提供者,广州初心互动科技有限公司,初心AI(网站),应用于对话生成场景，根据用户输入的文本，生成相应的文本内容。,2025-11,generative ai,境内深度合成服务算法备案清单（2025年11月）.docx
快马文本生成算法,服务技术支持者,广州快马互联科技有限公司,--,应用于对话生成场景，服务于企业端客户，根据用户输入的文本指令，生成专业政策相关文本内容。,2025-11,generative ai,境内深度合成服务算法备案清单（2025年11月）.docx
useehel运动健康建议生成算法,服务提供者,杭州佳跑科技有限公司,useehel(APP),应用于对话生成场景，根据用户输入身体相关文本数据，生成个性化训练计划、涵盖运动类型、强度、频率及进阶相关文本建议。,2025-11,generative ai,境内深度合成服务算法备案清单（2025年11月）.docx
Hollyglobe文本生成算法,服务提供者,荷里购跨境电商（广州）有限公司,Hollyglobe(APP)、Hollyglobe(网站)、Hollyglobe(小程序),应用于电商领域对话生成场景，根据用户输入文本问题，生成相关回复文本。,2025-11,generative ai,境内深度合成服务算法备案清单（2025年11月）.docx
京盟AI多模态内容生成算法,服务提供者,京盟世纪（北京）科技有限公司,AI畅聊(APP)、AI高清壁纸(APP)、慧康云联(APP)、京盟AI绘画(小程序)、AI日程(APP),应用于图像视频生成场景，根据用户输入的文本、图像、视频，生成符合语义意图的图像、视频内容，满足个性化创作需求。,2025-11,generative ai,境内深度合成服务算法备案清单（2025年11月）.docx
融洽数字人生成算法,服务提供者,厦门融洽数字科技有限公司,融洽生管系统(网站),应用于数字人视频生成场景，根据用户输入的文本，生成相应的数字人视频。,2025-11,generative ai,境内深度合成服务算法备案清单（2025年11月）.docx
蔚察大气环境智能问答算法,服务技术支持者,杭州蔚察智能科技有限公司,--,应用于大气环境分析场景，服务于企业端客户，根据用户输入的文本，生成相应文本或分析报告。,2025-11,generative ai,境内深度合成服务算法备案清单（2025年11月）.docx
星檬多模态生成算法,服务提供者,广州星檬网络科技有限公司,Muse AI(APP),应用于多模态内容生成场景，根据用户输入的文本内容，生成相关歌词文本、图像及音频内容。,2025-11,generative ai,境内深度合成服务算法备案清单（2025年11月）.docx
新烨图像识别文字生成算法,服务提供者,广州新烨数码科技股份有限公司,新烨AI(网站),应用于文本生成场景，根据用户输入的文本、图像，生成相应的文本内容。,2025-11,generative ai,境内深度合成服务算法备案清单（2025年11月）.docx
广厦AI伴学智能问答合成算法,服务提供者,深圳市广厦人工智能技术有限公司,广厦AI伴学智能问答平台(网站),应用于对话生成场景，根据用户输入的文本，生成相应的文本回复并转为音频播报，同步输出匹配的图像、视频。,2025-11,generative ai,境内深度合成服务算法备案清单（2025年11月）.docx
南方网通AI图文笔记生成算法,服务技术支持者,深圳市南方网通网络技术开发有限公司,--,应用于文本图像生成场景，服务于企业端客户，根据用户输入的文本、图像，生成营销内容创作相关的文本、图像。,2025-11,generative ai,境内深度合成服务算法备案清单（2025年11月）.docx
新讯智能交互2D数字人合成算法,服务技术支持者,新讯数字科技（杭州）有限公司,--,应用于数字人视频生成场景，服务于企业端客户，根据用户输入的音频、图像，生成相应的2D数字人视频内容。,2025-11,generative ai,境内深度合成服务算法备案清单（2025年11月）.docx
南方网通AI营销视频合成算法,服务技术支持者,深圳市南方网通网络技术开发有限公司,--,应用于视频生成场景，服务于企业端客户，根据用户输入的文本、图像，生成符合用户需求的专业级营销视频内容。,2025-11,generative ai,境内深度合成服务算法备案清单（2025年11月）.docx
南方网通个性化语音合成算法,服务技术支持者,深圳市南方网通网络技术开发有限公司,--,应用于音频生成场景，服务于企业端客户，根据用户输入的文本、音频，生成符合用户需求的个性化音频内容。,2025-11,generative ai,境内深度合成服务算法备案清单（2025年11月）.docx
微品创新药情报文本生成大模型算法,服务提供者,深圳微品致远信息科技有限公司,基于多模态大语言模型面向生物行业商业情报系统V1.0(网站),应用于对话生成场景，根据用户输入的文本内容，生成相应的文本回复，主要面向于医药领域。,2025-11,generative ai,境内深度合成服务算法备案清单（2025年11月）.docx
好兽医宠物医疗诊断决策生成算法-1,服务技术支持者,深圳市好兽医阿闻互联网宠物医院有限公司,--,应用于对话生成场景，服务于企业端客户，根据用户输入的文本描述，生成相应的文本回复。,2025-11,generative ai,境内深度合成服务算法备案清单（2025年11月）.docx
玲珑音人像精修合成算法,服务技术支持者,成都玲珑音文化传播有限公司,--,应用于图像生成场景，服务于企业端客户，根据用户输入的人物图像，生成精修后的图像内容。,2025-11,generative ai,境内深度合成服务算法备案清单（2025年11月）.docx
高新兴GoMo大模型算法,服务提供者,高新兴科技集团股份有限公司,GoMo大模型(网站),应用于文本生成场景，根据用户输入的文本，生成相应的文本，主要面向于法律咨询领域。,2025-11,generative ai,境内深度合成服务算法备案清单（2025年11月）.docx
玖创云智文生文算法,服务提供者,广东玖创云智人工智能科技有限公司,玖创云智AI(小程序),应用于对话生成场景，根据用户输入的文本，生成相应的文本。,2025-11,generative ai,境内深度合成服务算法备案清单（2025年11月）.docx
师幼空间内容生成算法,服务提供者,兑达（山东）教育科技有限公司,师幼空间(APP),应用于文本生成场景，根据用户输入的图像、视频，生成幼儿教育相关的文本内容。,2025-11,generative ai,境内深度合成服务算法备案清单（2025年11月）.docx
蚁群AI智能体文本生成算法,服务提供者,广州蚁群信息科技有限公司,蚁群AI(网站)、蚁群AI(APP),应用于对话生成场景，根据用户输入的文本，生成相应的文本内容。,2025-11,generative ai,境内深度合成服务算法备案清单（2025年11月）.docx
植侣多模态大模型算法,服务提供者,广州市景丽园芳信息技术有限公司,植侣(APP),应用于对话生成场景，根据用户输入的文本、图像，生成植物养护相关的文本。,2025-11,generative ai,境内深度合成服务算法备案清单（2025年11月）.docx
南方网通智能客服对话生成算法,服务技术支持者,深圳市南方网通网络技术开发有限公司,--,应用于对话生成场景，服务于企业端客户，根据用户输入的文本，生成相应的文本回复。,2025-11,generative ai,境内深度合成服务算法备案清单（2025年11月）.docx
鑫研智能问答文本生成算法,服务提供者,广州鑫研科技有限公司,鑫研AI(小程序),应用于对话生成场景，根据用户输入的文本内容，生成相应文本回复。,2025-11,generative ai,境内深度合成服务算法备案清单（2025年11月）.docx
龋病口腔曲面体层图像辅助检测合成算法,服务提供者,北京羽医甘蓝信息技术有限公司,龋病口腔曲面体层图像辅助检测软件(网站),应用于文本图像生成场景，根据用户输入的患者口腔图像，生成相应的文本、图像龋病诊断内容。,2025-11,generative ai,境内深度合成服务算法备案清单（2025年11月）.docx
杰钡利文本生成算法,服务提供者,广州市杰钡利科技有限公司,杰钡文本通(网站),应用于对话生成场景，根据用户输入的文本内容，生成相应文本回复。,2025-11,generative ai,境内深度合成服务算法备案清单（2025年11月）.docx
大余康养助手生成合成类深度合成算法,服务提供者,大余科技(北京)有限公司,大余康养助手(网站),应用于对话生成场景，根据用户输入的文本，生成相应的文本，主要面向养生健康领域。,2025-11,generative ai,境内深度合成服务算法备案清单（2025年11月）.docx
火鹰AI文本生成算法,服务提供者,广州火鹰信息科技有限公司,火鹰AI助手(网站),应用于对话生成场景，根据用户输入的文本，生成相应的文本内容。,2025-11,generative ai,境内深度合成服务算法备案清单（2025年11月）.docx
小医助手慢病医疗大模型算法,服务技术支持者,南京小医助手科技有限公司,--,应用于CT图像分析场景，服务于企业端客户，根据用户输入的CT图像，生成结构化的评估文本。,2025-11,generative ai,境内深度合成服务算法备案清单（2025年11月）.docx
景心科技本地生活智能客服文本生成算法,服务提供者,广州市景心科技股份有限公司,皓鹿SaaS(小程序)、皓鹿SaaS(网站),应用于对话生成场景，根据用户输入的文本、图像，生成相应的文本内容。,2025-11,generative ai,境内深度合成服务算法备案清单（2025年11月）.docx
知识跳跳文本生成算法,服务提供者,杭州知识跳跳科技有限公司,英语一对一(APP)、数学一对一(APP)、语文一对一(APP)、作业辅导(APP),应用于对话生成场景，根据用户输入的音频，生成题目知识点解析相关的文本。,2025-11,generative ai,境内深度合成服务算法备案清单（2025年11月）.docx
数禾AI客服文本生成算法,服务提供者,上海数禾信息科技有限公司,数禾AI客服(网站),应用于对话生成场景，根据用户输入的文本，生成相应的文本内容。,2025-11,generative ai,境内深度合成服务算法备案清单（2025年11月）.docx
A1B1智能问答文本生成算法,服务提供者,上海来觅智创人工智能科技有限公司,A1B1(APP),应用于对话生成场景，根据用户输入的文本，生成相应的文本内容。,2025-11,generative ai,境内深度合成服务算法备案清单（2025年11月）.docx
PetaTalk智能宠物陪伴与健康问答生成合成算法,服务提供者,毛宝宝（宁波）科技有限公司,PETA(小程序),应用于对话生成场景，根据用户输入的文本，生成宠物服务相关的文本。,2025-11,generative ai,境内深度合成服务算法备案清单（2025年11月）.docx
北大医疗健康云智能生成算法,服务提供者,北京大学国际医院,北大医疗(小程序),应用于对话生成场景，根据用户输入的文本、图像，生成医疗健康领域相关的文本。,2025-11,generative ai,境内深度合成服务算法备案清单（2025年11月）.docx
龙腾智能排产与能力平衡文本生成算法,服务技术支持者,北京龙腾微时代科技信息有限公司,--,应用于文本生成场景，服务于企业端客户，根据用户输入的文本，生成生产制造行业相关的文本。,2025-11,generative ai,境内深度合成服务算法备案清单（2025年11月）.docx
移远飞鸢AIoT大模型算法,服务提供者,上海移远通信技术股份有限公司,移联万物(APP),应用于对话生成场景，根据用户输入的音频，生成相应的文本、音频。,2025-11,generative ai,境内深度合成服务算法备案清单（2025年11月）.docx
货拉拉搬家智能助手生成合成算法,服务提供者,深圳依时货拉拉科技有限公司,货拉拉搬家 搬运叫车搬家公司(小程序),应用于对话生成场景，根据用户输入的文本，生成相应的文本内容。,2025-11,generative ai,境内深度合成服务算法备案清单（2025年11月）.docx
易工品工业品智能导购生成合成算法,服务提供者,广州市易工品科技有限公司,商品匹配(网站),应用于对话生成场景，根据用户输入的文本内容，生成相应的配套采购文本方案回复。,2025-11,generative ai,境内深度合成服务算法备案清单（2025年11月）.docx
全球通产品营销文本生成算法,服务提供者,广东全球通信息技术有限公司,小渔夫(网站),应用于文本生成场景，根据用户输入的产品特性、核心功能或技术亮点等产品相关文本，生成符合产品宣传需求的文本内容。,2025-11,generative ai,境内深度合成服务算法备案清单（2025年11月）.docx
观云医疗智能问答生成算法,服务技术支持者,杭州观云智算科技有限公司,--,应用于文本生成场景，服务于企业端客户，根据用户输入医疗相关的文本问题，生成精准的医疗文本解答。,2025-11,generative ai,境内深度合成服务算法备案清单（2025年11月）.docx
边缘计算深井铸造漏铝智能监测文字生成算法,服务提供者,广州市边缘计算科技有限公司,边缘AI(网站),应用于文本生成场景，根据用户输入的工业现场图像，生成生产泄漏相关的预警文本信息。,2025-11,generative ai,境内深度合成服务算法备案清单（2025年11月）.docx
百寻AI内容生成算法,服务提供者,广州百寻数字科技有限公司,百寻智能问答(网站),应用于对话生成场景，根据用户输入的文本，生成健康管理、疾病预防相关的文本回复。,2025-11,generative ai,境内深度合成服务算法备案清单（2025年11月）.docx
川文数AI问答文本生成算法,服务提供者,四川省文化大数据有限责任公司,川文数AI问答系统(网站),应用于对话生成场景，根据用户输入的文本，生成相应的文本回复。,2025-11,generative ai,境内深度合成服务算法备案清单（2025年11月）.docx
飞鹅AI店长文本生成算法,服务提供者,广州市大枣信息科技有限公司,飞鹅外卖打印机(公众账号),应用于对话生成场景，根据用户输入的文本，生成零售行业相关的文本回复。,2025-11,generative ai,境内深度合成服务算法备案清单（2025年11月）.docx
启天龄全息舌象文字生成算法,服务提供者,长春市关东人科技有限公司,启天龄AI(APP),应用于文本生成场景，根据用户输入的症状描述文本和舌诊图像，生成医疗健康相关的文本。,2025-11,generative ai,境内深度合成服务算法备案清单（2025年11月）.docx
瑞丰宝丽企业智能对话生成与知识管理算法,服务提供者,瑞丰宝丽（北京）科技有限公司,AI营销系统(网站),应用于文本生成场景，根据用户输入的文本，生成相应的文本内容。,2025-11,generative ai,境内深度合成服务算法备案清单（2025年11月）.docx
深跃智能运维大模型算法,服务提供者,广州市深跃科技有限公司,深跃智能运维大模型(网站),应用于文本生成场景，根据用户输入的文本，生成符合运维规范的文本操作指引或分析结论。,2025-11,generative ai,境内深度合成服务算法备案清单（2025年11月）.docx
吉飞AI施工安全分析生成算法,服务提供者,广州吉飞电子科技有限公司,吉飞AI施工安全分析(网站),应用于文本生成场景，根据用户输入的施工图像，生成相应的安全分析报告。,2025-11,generative ai,境内深度合成服务算法备案清单（2025年11月）.docx
力量网络钻木取火信息合成算法,服务技术支持者,常州市力量网络科技有限公司,--,应用于对话生成场景，服务于企业端客户，根据用户输入的文本，生成相应的文本内容，主要面向于家电维修领域。,2025-11,generative ai,境内深度合成服务算法备案清单（2025年11月）.docx
创智交通大模型服务算法,服务技术支持者,浪潮智慧科技（武汉）有限公司,--,应用于文本生成场景，服务于企业端客户，根据用户输入的文本、图像，生成相应的文本内容。,2025-11,generative ai,境内深度合成服务算法备案清单（2025年11月）.docx
侨远智能报表文本生成算法,服务提供者,侨远科技有限公司,侨远智能报表Agent(网站),应用于对话生成场景，根据用户输入的文本，生成相应的数据分析报表文本。,2025-11,generative ai,境内深度合成服务算法备案清单（2025年11月）.docx
飞象AI互动生成合成算法,服务提供者,北京飞象星球科技有限公司,飞象课堂(网站),应用于对话生成场景，根据用户输入的音频，生成相应的文本、音频回复。,2025-11,generative ai,境内深度合成服务算法备案清单（2025年11月）.docx
GoBox跨境选品生成算法,服务提供者,西安颗粒狗科技有限公司,GoBox(网站),应用于文本生成场景，根据用户输入的文本，生成跨境电商行业相关的文本。,2025-11,generative ai,境内深度合成服务算法备案清单（2025年11月）.docx
迅游文生文攻略生成算法,服务提供者,四川速宝网络科技有限公司,迅游加速器(APP),应用于文本生成场景，根据用户输入的文本，生成游戏攻略领域相关的文本。,2025-11,generative ai,境内深度合成服务算法备案清单（2025年11月）.docx
观展文生文算法,服务提供者,广东鸿威国际会展集团有限公司,观展合成(网站),应用于对话生成场景，根据用户输入的文本，生成乐园景点、博览会资讯相关的文本回复。,2025-11,generative ai,境内深度合成服务算法备案清单（2025年11月）.docx
青瞳文本生成算法,服务提供者,深圳青瞳科技有限公司,千面人才评价管理系统(小程序),应用于对话生成场景，根据用户输入的文本，生成人才评价相关的文本。,2025-11,generative ai,境内深度合成服务算法备案清单（2025年11月）.docx
艾赛克物管文本生成算法,服务提供者,深圳市艾赛克科技有限公司,艾赛克物管文本智能系统(网站),应用于文本生成场景，根据用户输入的文本，生成物流运输全链路管理相关的文本。,2025-11,generative ai,境内深度合成服务算法备案清单（2025年11月）.docx
樱桃智能交互内容生成算法,服务提供者,南京虎踞龙盘智慧科技有限公司,樱桃AI语音助手(APP),应用于对话生成场景，根据用户输入的文本、音频，生成相应的文本、音频回复。,2025-11,generative ai,境内深度合成服务算法备案清单（2025年11月）.docx
软件工程文档生成算法,服务提供者,广州软件应用技术研究院,软件工程文档生成系统(网站),应用于文本生成场景，根据用户输入的文档、图像，生成软件开发相关的文档。,2025-11,generative ai,境内深度合成服务算法备案清单（2025年11月）.docx
智会云文件解析文字生成算法,服务提供者,广州智会云科技有限公司,智会云AI(网站),应用于对话生成场景，根据用户输入的文本，生成相应的文本。,2025-11,generative ai,境内深度合成服务算法备案清单（2025年11月）.docx
同档档案业务问答智能客服文本生成算法,服务提供者,同档（广东）信息科技有限公司,同档档案业务问答智能客服(网站),应用于对话生成场景，根据用户输入的文本、图像，生成相应的文本。,2025-11,generative ai,境内深度合成服务算法备案清单（2025年11月）.docx
钛动营销图像生成算法,服务提供者,广州钛动科技股份有限公司,Tec-Creative(网站),应用于图像生成场景，根据用户输入的文本，生成营销领域图像内容。,2025-11,generative ai,境内深度合成服务算法备案清单（2025年11月）.docx
贝瓦儿歌文本生成算法,服务提供者,芝兰玉树（北京）科技股份有限公司,贝瓦儿歌(APP),应用于对话生成场景，根据用户输入的文本内容，生成贴合儿童认知特点的文本回复。,2025-11,generative ai,境内深度合成服务算法备案清单（2025年11月）.docx
盖睿睿康文本生成算法,服务提供者,江苏盖睿健康科技有限公司,医防健康(小程序)、健康帮手(公众账号)、健康助手(其他)、健康服务运营平台(网站)、睿贴心(APP),应用于对话生成场景，根据用户输入的文本、音频、图像，生成医疗健康领域文本内容。,2025-11,generative ai,境内深度合成服务算法备案清单（2025年11月）.docx
云智创心文本生成算法,服务提供者,杭州云智创心网络有限公司,超级编导(APP),应用于文本生成场景，根据用户输入的文本信息，生成写作创作领域文本内容。,2025-11,generative ai,境内深度合成服务算法备案清单（2025年11月）.docx
赛业百沐文本生成算法,服务提供者,广州赛业百沐生物科技有限公司,AbSeek(网站),应用于文本生成场景，根据用户输入的文本，并整合多维度特征，生成蛋白质的三维结构文件或功能优化文本描述。,2025-11,generative ai,境内深度合成服务算法备案清单（2025年11月）.docx
AAV衣壳产量预测文本生成算法,服务提供者,广州译码基因科技有限公司,AAV衣壳产量预测模型(网站),应用于文本生成场景，根据用户输入的AAV突变体文本信息，生成结构化的产量预测文本结果。,2025-11,generative ai,境内深度合成服务算法备案清单（2025年11月）.docx
天辰交互式信息服务文字生成算法,服务提供者,广州天辰信息科技有限公司,天辰(网站),应用于对话生成场景，根据用户输入的文本，生成相应的文本回复。,2025-11,generative ai,境内深度合成服务算法备案清单（2025年11月）.docx
TSAgent大模型生成合成算法,服务技术支持者,广东至合交通科技有限公司,--,应用于文本生成场景，服务于企业端客户，根据用户输入的文本，生成变电站设备运行相关的文本。,2025-11,generative ai,境内深度合成服务算法备案清单（2025年11月）.docx
北京富华AI助手智能内容生成合成算法,服务提供者,北京富华创新科技发展有限责任公司,金融界AI助手(网站),应用于文本生成场景，根据用户输入的文本，生成相应文本内容。,2025-11,generative ai,境内深度合成服务算法备案清单（2025年11月）.docx
乙亥互娱游戏客服RAG智能问答生成式算法,服务技术支持者,深圳市乙亥互娱信息科技有限公司,--,应用于对话生成场景，服务于企业端客户，根据用户输入的文本、图像，生成游戏相关的文本回复。,2025-11,generative ai,境内深度合成服务算法备案清单（2025年11月）.docx
汇利旺纺织品回收分类生成算法,服务技术支持者,苏州汇利旺智控科技有限公司,--,应用于文本生成场景，服务于企业端客户，根据用户输入的文本参数、纺织品图像，生成适配废旧纺织品回收作业的文本分类方案。,2025-11,generative ai,境内深度合成服务算法备案清单（2025年11月）.docx
晶恩数智化文本生成算法,服务技术支持者,广州晶恩电子科技有限公司,--,应用于文本生成场景，服务于企业端客户，根据用户输入的文本，生成企业转型相关的文本。,2025-11,generative ai,境内深度合成服务算法备案清单（2025年11月）.docx
优赛设备铭牌信息识别生成算法,服务技术支持者,张家港优赛电子商务有限公司,--,应用于图像识别场景，服务于企业端客户，根据用户输入的工业管理领域设备铭牌图像，识别并生成铭牌信息相应的文本。,2025-11,generative ai,境内深度合成服务算法备案清单（2025年11月）.docx
名医汇智能就医分诊文本生成算法,服务提供者,广州诚益信息技术有限公司,名医汇(网站),应用于对话生成场景，根据用户输入的文本，生成医疗分诊相关的文本。,2025-11,generative ai,境内深度合成服务算法备案清单（2025年11月）.docx
光点AI问数文字生成算法,服务提供者,广州光点信息科技股份有限公司,光点AI(网站),应用于对话生成场景，根据用户输入的文本，生成相应的文本内容。,2025-11,generative ai,境内深度合成服务算法备案清单（2025年11月）.docx
网前推文本生成算法,服务提供者,广州网前推信息技术有限公司,网前推AI(网站),应用于对话生成场景，根据用户输入的文本，生成相应的文本内容。,2025-11,generative ai,境内深度合成服务算法备案清单（2025年11月）.docx
先途智能文本生成算法,服务提供者,广州先途人工智能科技有限公司,华南先进光电子研究院科研智能体(网站),应用于对话生成场景，根据用户输入的文本，生成相应的文本内容。,2025-11,generative ai,境内深度合成服务算法备案清单（2025年11月）.docx
智者汇档案知识问答文本生成算法,服务提供者,广州智者汇信息科技有限公司,档案知识问答专家(网站),应用于对话生成场景，根据用户输入档案领域的问题文本，生成相应的文本解答。,2025-11,generative ai,境内深度合成服务算法备案清单（2025年11月）.docx
电力交易大模型算法,服务提供者,山东浪潮智慧能源科技有限公司,电力交易大模型(网站),应用于文本生成场景，根据用户输入电力交易业务相关的文本、图像，生成相应的文本内容。,2025-11,generative ai,境内深度合成服务算法备案清单（2025年11月）.docx
众森财税问答生成算法,服务技术支持者,济南众森人工智能科技有限公司,--,应用于文本生成场景，服务于企业端客户，根据用户输入的关键词文本，生成财税领域文本内容。,2025-11,generative ai,境内深度合成服务算法备案清单（2025年11月）.docx
沈苏预防接种智能问答生成算法,服务提供者,沈苏科技（苏州）股份有限公司,预防接种信息咨询服务机器人(网站),应用于对话生成场景，根据用户输入的普通话或方言音频，生成疫苗接种相关的文本、音频。,2025-11,generative ai,境内深度合成服务算法备案清单（2025年11月）.docx
爱浦文本生成算法,服务技术支持者,广州市爱浦电子科技有限公司,--,应用于文本生成场景，服务于企业端客户，根据用户输入的库存文件，生成制造业企业物料需求的文本清单。,2025-11,generative ai,境内深度合成服务算法备案清单（2025年11月）.docx
科服仪器文字生成算法,服务提供者,广州科服仪器有限公司,科服AI(网站),应用于对话生成场景，根据用户输入的文本，生成相应的文本回复。,2025-11,generative ai,境内深度合成服务算法备案清单（2025年11月）.docx
翼迅AI智能体文本生成算法,服务提供者,广东翼迅信息科技有限公司,翼迅AI智能体(网站),应用于文本生成场景，根据用户输入的文本，生成文本内容。,2025-11,generative ai,境内深度合成服务算法备案清单（2025年11月）.docx
智城大模型文本生成算法,服务提供者,深圳市智城软件技术服务有限公司,智城大模型(网站),应用于智能对话场景，根据用户输入的文本，生成相应的文本回复。,2025-11,generative ai,境内深度合成服务算法备案清单（2025年11月）.docx
平安证券大模型内容生成算法,服务提供者,平安证券股份有限公司,平安证券(APP)、智能投资助理小安(网站),应用于对话生成场景，根据用户输入的文本，生成金融领域和通用的文本回复。,2025-11,generative ai,境内深度合成服务算法备案清单（2025年11月）.docx
卓医航智慧文本生成算法,服务提供者,广州卓医航医疗门诊部有限公司,卓医航智慧AI(小程序),应用于对话生成场景，根据用户输入的文本，生成相应的文本回复。,2025-11,generative ai,境内深度合成服务算法备案清单（2025年11月）.docx
太美医疗科技智能医药多目标生成算法,服务技术支持者,浙江太美医疗科技股份有限公司,--,应用于文本生成场景，服务于企业端客户，根据用户输入的文本、图像，生成临床试验管理和医学数据处理相关的文本。,2025-11,generative ai,境内深度合成服务算法备案清单（2025年11月）.docx
迈源文本生成算法,服务提供者,广州市迈源科技有限公司,迈源科技(网站)、迈源MVR(小程序),应用于文本生成场景，根据用户输入的文本，生成工业数据智能分析与知识管理相关的文本。,2025-11,generative ai,境内深度合成服务算法备案清单（2025年11月）.docx
晶灵智能体内容生成算法-1,服务技术支持者,安徽晶奇网络科技股份有限公司,--,应用于文本图像生成场景，服务于企业端客户，根据用户输入的文本、图像，生成相应的文本、图像内容。,2025-11,generative ai,境内深度合成服务算法备案清单（2025年11月）.docx
致胜PaperRed文本生成合成算法,服务提供者,山东致胜信息科技有限公司,PaperRed论文辅助工具(APP)、PaperRed论文查重系统(小程序)、PaperRed论文辅助工具(网站),应用于文本生成场景，根据用户输入的文章标题、研究思路等文本，生成符合学术规范的文本内容。,2025-11,generative ai,境内深度合成服务算法备案清单（2025年11月）.docx
云帆探海文本生成算法,服务提供者,杭州云帆探海科技有限公司,种草方案策划(网站)、种草码(网站)、种草方案策划(小程序)、种草方案策划(APP),应用于营销文案生成场景，根据用户输入的文本，生成相应的文本内容。,2025-11,generative ai,境内深度合成服务算法备案清单（2025年11月）.docx
鑫润星风控生成算法,服务提供者,深圳鑫润星智能有限公司,鑫润星风控平台(网站),应用于文本生成场景，根据用户输入的文本，生成相应的文本内容，主要面向于风控领域。,2025-11,generative ai,境内深度合成服务算法备案清单（2025年11月）.docx
造点AI多模生成算法,服务提供者,广州市动悦信息技术有限公司,造点AI(APP),应用于多模态生成场景，根据用户输入的文本、图像，生成相应的图像、视频。,2025-11,generative ai,境内深度合成服务算法备案清单（2025年11月）.docx
轩晔数字人生成算法,服务提供者,杭州轩晔数字科技有限公司,轩晔数字人生成应用(网站),应用于数字人视频生成场景，根据用户输入的文本、音频、视频，生成相应的视频。,2025-11,generative ai,境内深度合成服务算法备案清单（2025年11月）.docx
华资AI智能填报生成算法,服务技术支持者,广州华资软件技术有限公司,--,应用于文本生成场景，服务于企业端客户，根据用户输入的文本、音频，生成相应的文本内容，主要面向于智能填报领域。,2025-11,generative ai,境内深度合成服务算法备案清单（2025年11月）.docx
北京富华数智人深度合成算法,服务提供者,北京富华创新科技发展有限责任公司,金融界AI助手(网站),应用于数字人视频生成场景，根据用户输入的文本、音频、图像、视频，生成相应的视频。,2025-11,generative ai,境内深度合成服务算法备案清单（2025年11月）.docx
亚太知产智能生成算法,服务提供者,深圳市亚太知识产权科技服务有限公司,亚太知产智能系统(网站),应用于文本生成场景，根据用户输入的文本，生成知识产权领域文本内容。,2025-11,generative ai,境内深度合成服务算法备案清单（2025年11月）.docx
蓝豆语音生文算法,服务提供者,广州蓝豆软件科技有限公司,住客服务管家(APP)、座机通话语音识别与智能分析盒子(其他),应用于通话信息提取场景，根据用户输入的通话音频，生成相应的文本内容。,2025-11,generative ai,境内深度合成服务算法备案清单（2025年11月）.docx
集换社集换式卡牌文本生成合成算法,服务提供者,深圳市同调科技有限公司,集换社(APP)、集换社(小程序),应用于对话生成场景，根据用户输入的文本、图像，生成集换式卡牌游戏的对战辅助与策略建议文本。,2025-11,generative ai,境内深度合成服务算法备案清单（2025年11月）.docx
诺斯控文本生成算法,服务提供者,广州诺斯控科技有限公司,诺斯控智能员工平台(网站),应用于文本生成场景，根据用户输入的文本，生成相应的文本内容。,2025-11,generative ai,境内深度合成服务算法备案清单（2025年11月）.docx
Fabarta文本生成合成算法,服务提供者,北京枫清科技有限公司,Fabarta个人专属智能体(APP),应用于文本生成场景，根据用户输入的文本，生成相应的文本内容。,2025-11,generative ai,境内深度合成服务算法备案清单（2025年11月）.docx
万物智灵情感语音合成算法,服务提供者,万物智灵（深圳）科技有限公司,Ling 万物灵(小程序),应用于对话生成场景，根据用户输入的文本、音频，生成自然流畅的音频回复。,2025-11,generative ai,境内深度合成服务算法备案清单（2025年11月）.docx
万兴超媒智能体视频生成算法,服务提供者,万兴科技（湖南）有限公司,万兴超媒智能体(网站)、万兴超媒(APP),应用于视频生成场景，根据用户输入的文本，生成相应的视频。,2025-11,generative ai,境内深度合成服务算法备案清单（2025年11月）.docx
InfoSeek舆情信息交叉验证推理生成算法,服务提供者,北京字节探索科技有限公司,InfoSeek字节探索(网站),应用于文本生成场景，根据用户输入的文本、图像、视频，生成虚假信息辟谣相关的申诉文本。,2025-11,generative ai,境内深度合成服务算法备案清单（2025年11月）.docx
天猫养车智能车管家文本合成算法,服务提供者,杭州魅俪信息技术有限公司,天猫养车(APP),应用于对话生成场景，根据用户输入的文本或车辆图像，生成养护车辆相关的文本。,2025-11,generative ai,境内深度合成服务算法备案清单（2025年11月）.docx
中国民航共翔睿行文本生成算法,服务技术支持者,中国民航信息网络股份有限公司,--,应用于文本生成场景，服务于企业端客户，根据用户输入的文本问题，生成简洁的文本内容，助力航空服务方提高运营效率。,2025-11,generative ai,境内深度合成服务算法备案清单（2025年11月）.docx
汇利旺危险品车辆电子围栏生成算法,服务技术支持者,苏州汇利旺智控科技有限公司,--,应用于文本生成场景，服务于企业端客户，根据用户输入的工厂园区、重点设施企业文本数据，生成危险品车辆核心属性、园区及周边高风险区域管控的文本内容。,2025-11,generative ai,境内深度合成服务算法备案清单（2025年11月）.docx
岚图视觉语言大模型算法,服务提供者,岚图汽车科技有限公司,岚图VLM智驾系统(APP),应用于文本生成场景，根据用户输入驾驶场景相关的文本、图像、音频、视频数据，生成相应的文本内容。,2025-11,generative ai,境内深度合成服务算法备案清单（2025年11月）.docx
华途文字生成算法,服务提供者,广州华途信息科技有限公司,春芽地图(APP),应用于文本生成场景，根据用户输入的现场图像、测量关键参数文字描述，生成符合评估标准的整改文本方案。,2025-11,generative ai,境内深度合成服务算法备案清单（2025年11月）.docx
中能坤域时间序列数据预测生成算法,服务提供者,中能坤域科技控股(浙江)有限公司,中能坤域原力光年虚拟电厂应用平台(网站),应用于文本生成场景，根据用户输入的历史电价数据、实时市场状况等文本信息，生成预测的电价时间序列数据文本信息。,2025-11,generative ai,境内深度合成服务算法备案清单（2025年11月）.docx
云积软件文本生成算法,服务技术支持者,广州云积软件技术有限公司,--,应用于文本生成场景，服务于企业端客户，根据用户输入的实时考场图像，生成相应的异常行为预警等文本内容。,2025-11,generative ai,境内深度合成服务算法备案清单（2025年11月）.docx
仁之初人才测评与选聘文本生成算法,服务提供者,仁之初（四川）智能信息技术有限公司,仁之初人才大模型平台(网站),应用于对话生成场景，根据用户输入的问题回答文本，生成面试总结文本报告。,2025-11,generative ai,境内深度合成服务算法备案清单（2025年11月）.docx
欧盾中试基于音频的宠物叫声识别与生成算法,服务提供者,杭州欧盾中试科技有限公司,皮皮窝宠语翻译(APP),应用于宠物互动场景，根据用户输入的宠物音频，生成相应的文本、音频回复。,2025-11,generative ai,境内深度合成服务算法备案清单（2025年11月）.docx
银河期货智能大模型算法,服务提供者,银河期货有限公司,银河期货(APP),应用于对话生成场景，根据用户输入的文本内容，生成相应的文本回复。,2025-11,generative ai,境内深度合成服务算法备案清单（2025年11月）.docx
来鼓AI智能客服文本生成算法,服务提供者,成都呼声科技有限责任公司,来鼓(网站)、来鼓(APP),应用于文本生成场景，根据用户输入的文本、图像，生成智能客服领域文本内容。,2025-11,generative ai,境内深度合成服务算法备案清单（2025年11月）.docx
爱原生AI端侧Agent内容生成算法,服务提供者,深圳市爱原生科技有限公司,AIEgo(APP)、AIEgo(网站),应用于对话生成场景，根据用户输入的文本、图像指令，自主识别操作意图，并动态匹配所需功能模块或第三方应用程序，生成任务完成的结果文字回复。,2025-11,generative ai,境内深度合成服务算法备案清单（2025年11月）.docx
紫为云3D数字人与视频生成算法,服务提供者,广州紫为云科技有限公司,视能空间(小程序)、紫站(APP)、紫为AI · 3D智能创作生产力平台(网站),应用于数字人生成场景，根据用户输入的文本、音频、图像内容，生成3D数字人视频。,2025-11,generative ai,境内深度合成服务算法备案清单（2025年11月）.docx
天工开悟农业生成合成类算法,服务技术支持者,哈尔滨工业大学人工智能研究院有限公司,--,应用于文本生成场景，服务于企业端客户，根据用户输入的农业相关文本问题，生成相应的决策指导文本内容，主要面向于农业领域。,2025-11,generative ai,境内深度合成服务算法备案清单（2025年11月）.docx
TuriXCUA内容生成算法,服务提供者,深圳新升代技术科技有限公司,TuriX(网站)、TuriX(APP),应用于对话生成场景，根据用户输入的文本、音频，生成相应的文本内容。,2025-11,generative ai,境内深度合成服务算法备案清单（2025年11月）.docx
爬越智梯文本生成算法,服务提供者,宁波爬越科技有限公司,爬越智梯(小程序),应用于对话生成场景，根据用户输入的文本，生成相应的文本内容。,2025-11,generative ai,境内深度合成服务算法备案清单（2025年11月）.docx
鑫润星企业培训文本生成算法,服务提供者,深圳鑫润星智能有限公司,鑫润星企业培训平台(网站),应用于文本生成场景，根据用户输入的文本，生成安全培训领域相关的文本内容。,2025-11,generative ai,境内深度合成服务算法备案清单（2025年11月）.docx
海豚商协云智能对话生成式算法,服务提供者,深圳市鹏兴网络科技有限公司,海豚商协云(小程序),应用于对话生成场景，根据用户输入的文本，生成相应的文本内容。,2025-11,generative ai,境内深度合成服务算法备案清单（2025年11月）.docx
健缘多模态诊疗生成合成算法,服务提供者,广东省健缘云健康管理有限公司,健缘名医堂(小程序)、健缘大脑(网站),应用于对话生成场景，根据用户输入的文本、图像，生成相应的文本内容，主要面向于舌诊领域。,2025-11,generative ai,境内深度合成服务算法备案清单（2025年11月）.docx
思高科技智能体网络生成合成类算法,服务提供者,安徽思高智能科技有限公司,Thingo Lite(APP),应用于对话生成场景，根据用户输入的文本，生成相应的文本内容。,2025-11,generative ai,境内深度合成服务算法备案清单（2025年11月）.docx
博成光纤智能侦听监控文本生成算法,服务提供者,广东博成网络科技有限公司,博成光纤智能侦听系统(网站),应用于对话生成场景，根据用户输入的音频，生成相应的文本内容。,2025-11,generative ai,境内深度合成服务算法备案清单（2025年11月）.docx
惠企政通文本生成算法,服务提供者,四川金信通科技有限公司,惠企政通大模型系统(网站),应用于对话生成场景，根据用户输入的文本，生成政策服务建议相关的文本。,2025-11,generative ai,境内深度合成服务算法备案清单（2025年11月）.docx
鱼长就业咨询文本生成合成算法,服务提供者,鱼长网络技术（大连）有限公司,大人才官(网站)、大人才官(小程序)、大人才官(APP),应用于文本生成场景，根据用户输入的文本，生成求职与职业规划相关的文本内容。,2025-11,generative ai,境内深度合成服务算法备案清单（2025年11月）.docx
洲明数字文化山隐自然语言大模型算法,服务提供者,深圳市洲明数字文化科技有限公司,洲明互动(小程序),应用于文本生成场景，根据用户输入的文本，生成相应的文本内容。,2025-11,generative ai,境内深度合成服务算法备案清单（2025年11月）.docx
长沙二三三网络科技有限公司AI答疑合成算法-1,服务技术支持者,长沙二三三网络科技有限公司,--,应用于文本生成场景，服务于企业端客户，根据用户输入的文本，生成考证领域相关的文本。,2025-11,generative ai,境内深度合成服务算法备案清单（2025年11月）.docx
沐云纺织品图案设计生成算法,服务技术支持者,江苏沐云物联科技有限公司,--,应用于图像生成场景，服务于企业端客户，根据用户输入的文本，生成纺织领域图像内容。,2025-11,generative ai,境内深度合成服务算法备案清单（2025年11月）.docx
圆医智慧家康智能客服文字生成算法,服务提供者,广州圆医生物科技有限公司,智慧家康智能客服(APP),应用于对话生成场景，根据用户输入的文本，生成相应的文本内容。,2025-11,generative ai,境内深度合成服务算法备案清单（2025年11月）.docx
速策智审生成合成类算法,服务提供者,南京速策智能科技有限公司,速策智审(网站),应用于标书评审场景，根据用户输入的文本，生成相应的文本内容。,2025-11,generative ai,境内深度合成服务算法备案清单（2025年11月）.docx
同元软控智能问答算法,服务提供者,苏州同元软控信息技术有限公司,MoHub智能问答助手(网站)、MoHub智能问答助手(其他),应用于图像识别场景，根据用户输入的文本、图像，生成相应的文本内容。,2025-11,generative ai,境内深度合成服务算法备案清单（2025年11月）.docx
海捷ChatBI智能分析文本生成算法,服务提供者,广州市海捷计算机科技有限公司,海捷ChatBI智能分析平台(网站),应用于对话生成场景，根据用户输入的文本，生成相应的文本内容。,2025-11,generative ai,境内深度合成服务算法备案清单（2025年11月）.docx
云色装饰文本生成算法,服务提供者,广州云色装饰设计有限公司,纵向AI(小程序)、纵向AI(APP),应用于对话生成场景，根据用户输入的文本，生成相应的文本内容。,2025-11,generative ai,境内深度合成服务算法备案清单（2025年11月）.docx
蜀道问医文本生成算法,服务提供者,科秘机器人（四川）有限公司,蜀道问医(网站),应用于对话生成场景，根据用户输入的文本，生成相应的文本内容，主要面向于智能问诊领域。,2025-11,generative ai,境内深度合成服务算法备案清单（2025年11月）.docx
财跃多模态内容生成算法,服务提供者,上海财跃星辰智能科技有限公司,财跃多模广场(网站),应用于多模态生成场景，根据用户输入的文本，生成相应的图像、音频、视频。,2025-11,generative ai,境内深度合成服务算法备案清单（2025年11月）.docx
迪士领克AutoMind代码编程生成合成类算法,服务提供者,上海迪士领克数据技术有限公司,CoCoder编程助手(APP),应用于代码生成场景，根据用户输入的文本，生成相应的文本内容。,2025-11,generative ai,境内深度合成服务算法备案清单（2025年11月）.docx
钱柜物联智垒生成合成算法,服务提供者,广州钱柜物联科技有限公司,QNetMind官网(网站),应用于文本生成场景，根据用户输入的文本，生成相应的文本内容。,2025-11,generative ai,境内深度合成服务算法备案清单（2025年11月）.docx
卓甄人脸融合生成算法,服务提供者,广州卓甄科技有限公司,卓甄(网站),应用于图像生成场景，根据用户输入的人脸模板图和上传的人脸图，生成人脸融合后的图像。,2025-11,generative ai,境内深度合成服务算法备案清单（2025年11月）.docx
恒笑信息识别文本生成算法,服务提供者,广州恒笑信息科技有限公司,档案智能识别系统(网站),应用于文本生成场景，根据用户输入的文本、图像，生成相应的文本内容。,2025-11,generative ai,境内深度合成服务算法备案清单（2025年11月）.docx
新点新知大模型算法,服务提供者,国泰新点软件股份有限公司,招标文件解读(网站),应用于文本生成场景，根据用户输入的文本，生成招标投标相关的文本。,2025-11,generative ai,境内深度合成服务算法备案清单（2025年11月）.docx
飞符大模型算法,服务技术支持者,浙江中之杰智能系统有限公司,--,应用于文本生成场景，服务于企业端客户，根据用户输入的文本，生成相应的文本。,2025-11,generative ai,境内深度合成服务算法备案清单（2025年11月）.docx
健交科技GPTHybrid数据挖掘生成算法,服务技术支持者,上海健交科技服务有限责任公司,--,应用于文本图像生成场景，服务于企业端客户，根据用户输入的文本，生成数据挖掘相关的文本或图像。,2025-11,generative ai,境内深度合成服务算法备案清单（2025年11月）.docx
英途图片生成算法,服务提供者,广州市英途信息软件股份有限公司,英途Ai(网站),应用于图像生成场景，根据用户输入的文本，生成相应的图像。,2025-11,generative ai,境内深度合成服务算法备案清单（2025年11月）.docx
神州司鉴智能客服助手生成合成类算法,服务提供者,江西神州司法鉴定中心,神州司鉴(小程序),应用于对话生成场景，根据用户输入的文本，生成司法鉴定相关的文本回复。,2025-11,generative ai,境内深度合成服务算法备案清单（2025年11月）.docx
立信数据小书童报告方案文本生成算法,服务提供者,立信（重庆）数据科技股份有限公司,立信数据“小书童”报告方案智能生成系统(网站),应用于文本生成场景，根据用户输入的文本，生成相应的文本报告。,2025-11,generative ai,境内深度合成服务算法备案清单（2025年11月）.docx
展通安全生产大模型合成算法,服务提供者,湖南展通科技集团有限公司,安全检查智能管理系统(小程序),应用于文本生成场景，根据用户输入的文本、图像，生成生产隐患相关的文本。,2025-11,generative ai,境内深度合成服务算法备案清单（2025年11月）.docx
钟吕多模态智能生成算法,服务提供者,深圳市钟吕文化传播有限公司,MuGen AI(网站),应用于多模态生成场景，根据用户输入的文本、图像、视频，生成相应的文本、图像、视频。,2025-11,generative ai,境内深度合成服务算法备案清单（2025年11月）.docx
云枢智能图表生成算法,服务技术支持者,深圳奥哲网络科技有限公司,--,应用于图像生成场景，服务于企业端客户，根据用户输入的文本，生成相应的可视化图像。,2025-11,generative ai,境内深度合成服务算法备案清单（2025年11月）.docx
达谙数据底座咨询文本生成算法,服务技术支持者,广州达谙信息科技有限公司,--,应用于文本生成场景，服务于企业端客户，根据用户输入的文本，生成数据底座领域相关的文本。,2025-11,generative ai,境内深度合成服务算法备案清单（2025年11月）.docx
享道出行基于对话的打车任务理解与执行生成算法,服务提供者,上海赛可出行科技服务有限公司,享道出行(APP),应用于文本生成场景，根据用户输入的文本，生成打车出行相关的文本。,2025-11,generative ai,境内深度合成服务算法备案清单（2025年11月）.docx
白梦写作文本生成算法,服务提供者,深圳白梦网络科技有限公司,白梦写作(网站),应用于文本生成场景，根据用户输入的文本，生成文学创作相关的文本。,2025-11,generative ai,境内深度合成服务算法备案清单（2025年11月）.docx
艾赛克智能生产文本生成算法,服务提供者,深圳市艾赛克科技有限公司,艾赛克智能生产平台(网站),应用于文本生成场景，根据用户输入的文本，生成生产进度报表等文本内容。,2025-11,generative ai,境内深度合成服务算法备案清单（2025年11月）.docx
中韵小福营养师文字生成算法,服务提供者,杭州中韵网络科技有限公司,中韵AI(APP),应用于对话生成场景，根据用户输入的身体状况、饮食偏好等文字信息，生成针对性的产品及营养文本建议。,2025-11,generative ai,境内深度合成服务算法备案清单（2025年11月）.docx
艾赛克资产管理生成算法,服务提供者,深圳市艾赛克科技有限公司,艾赛克资产管理助手(网站),应用于文本生成场景，根据用户输入的文本问题，输出结构化报表、维护指引等文本内容。,2025-11,generative ai,境内深度合成服务算法备案清单（2025年11月）.docx
光元AI数字人视频生成算法,服务提供者,广州光元智能科技有限公司,光元AI(网站),应用于数字人视频生成场景，根据用户输入的营销文本内容，生成符合用户需求的数字人视频。,2025-11,generative ai,境内深度合成服务算法备案清单（2025年11月）.docx
艾赛克仓储文本生成算法,服务提供者,深圳市艾赛克科技有限公司,艾赛克仓储对话助手(网站),应用于文本生成场景，根据用户输入的文本问题，生成货物清单、库存报表、异常预警等文本内容。,2025-11,generative ai,境内深度合成服务算法备案清单（2025年11月）.docx
观云油气智慧生产大模型算法,服务技术支持者,杭州观云智算科技有限公司,--,应用于文本生成场景，服务于企业端客户，根据用户输入的文本，生成相应的文本内容。,2025-11,generative ai,境内深度合成服务算法备案清单（2025年11月）.docx
小至运维大模型算法,服务提供者,广州至远信息技术有限公司,小至运维大模型(网站),应用于文本生成场景，根据用户输入运维相关的文本、图像数据，生成相应的文本内容。,2025-11,generative ai,境内深度合成服务算法备案清单（2025年11月）.docx
轩晔音乐合成算法,服务提供者,杭州轩晔数字科技有限公司,轩晔音乐合成平台(网站),应用于音频生成场景，根据用户输入的歌词文本、音乐风格音频等内容，生成相应的歌曲音频。,2025-11,generative ai,境内深度合成服务算法备案清单（2025年11月）.docx
元驰慧康健康管理内容生成算法,服务提供者,上海元驰慧康科技有限公司,digivita(小程序),应用于文本生成场景，根据用户输入的文本、图像，生成相关的文本内容。,2025-11,generative ai,境内深度合成服务算法备案清单（2025年11月）.docx
猿人行走视觉识别文本生成算法,服务提供者,广东方柚科技有限公司,猿人行走(网站),应用于文本生成场景，根据用户输入的监控视频、图像内容，生成相应的告警文本。,2025-11,generative ai,境内深度合成服务算法备案清单（2025年11月）.docx
RNA剪接预测图片生成算法,服务提供者,赛业（广州）生物科技有限公司,RNA剪接预测模型(网站),应用于图像生成场景，根据用户输入基因突变相关信息的文本内容，生成剪接预测图像内容。,2025-11,generative ai,境内深度合成服务算法备案清单（2025年11月）.docx
健康有益AI健康管理大模型算法,服务技术支持者,北京健康有益科技有限公司,--,应用于文本生成场景，服务于企业端客户，根据用户输入的文本、图像，生成健康管理相关的文本。,2025-11,generative ai,境内深度合成服务算法备案清单（2025年11月）.docx
恒智文生文算法,服务提供者,广东恒电信息科技股份有限公司,恒智人工智能(小程序),应用于文本生成场景，根据用户输入的文本，生成儿童语言风格的短篇故事或寓言故事文本。,2025-11,generative ai,境内深度合成服务算法备案清单（2025年11月）.docx
三合医药行业政策动态监测深度合成算法,服务技术支持者,广州三合医药开发有限公司,--,应用于文本生成场景，服务于企业端客户，根据用户输入的文本，生成医药政策风险预警相关的文本。,2025-11,generative ai,境内深度合成服务算法备案清单（2025年11月）.docx
梦软AI交互式多模态大模型算法,服务提供者,武汉梦软科技有限公司,梦软AI平台(网站)、梦软AI(小程序),应用于文本生成场景，根据用户输入的文本、图像或音频，生成相应的文本。,2025-11,generative ai,境内深度合成服务算法备案清单（2025年11月）.docx
贪吃虎智能AI内容生成算法,服务提供者,广州贪吃虎网络技术有限公司,小虎助理(网站),应用于文本生成场景，根据用户输入的文本，生成业务场景相应的文本。,2025-11,generative ai,境内深度合成服务算法备案清单（2025年11月）.docx
宇翊鑫医疗设备人工智能运维大模型算法,服务提供者,广州宇翊鑫医疗科技有限公司,宇翊鑫AI(网站),应用于文本生成场景，根据用户输入的文本，生成医疗行业相关的文本。,2025-11,generative ai,境内深度合成服务算法备案清单（2025年11月）.docx
汇利旺化工管道泄漏诊断生成算法,服务技术支持者,苏州汇利旺智控科技有限公司,--,应用于图像识别场景，服务于企业端客户，根据用户输入的图像，生成相应的文本，主要面向于化工安全领域。,2025-11,generative ai,境内深度合成服务算法备案清单（2025年11月）.docx
南方网通数据可视化分析生成算法,服务技术支持者,深圳市南方网通网络技术开发有限公司,--,应用于多模态生成场景，服务于企业端客户，根据用户输入的文本，生成相应的文本、可视化图像。,2025-11,generative ai,境内深度合成服务算法备案清单（2025年11月）.docx
经略AI内容生成算法,服务提供者,厦门川佰数字科技有限公司,经略AI智能体(网站),应用于对话生成场景，根据用户输入的文本，生成相应的文本内容。,2025-11,generative ai,境内深度合成服务算法备案清单（2025年11月）.docx
智绘光年AI深度生成合成算法-1,服务提供者,济南智绘光年数字科技有限公司,PicDoc(网站),应用于多模态生成场景，根据用户输入的文本、图像，生成相应的文本、图像。,2025-11,generative ai,境内深度合成服务算法备案清单（2025年11月）.docx
机智云文本生成算法,服务提供者,广州机智云物联网科技有限公司,机智魔方(小程序),应用于对话生成场景，根据用户输入的温控设备使用相关的文本问题，生成相应文本回复。,2025-11,generative ai,境内深度合成服务算法备案清单（2025年11月）.docx
威克健身文本生成算法,服务提供者,广州市万胜巨斯威克健身有限公司,威克健身(小程序),应用于文本生成场景，根据用户输入的文本问题，生成文本回复，满足用户在健身知识查询、问题咨询等方面的需求。,2025-11,generative ai,境内深度合成服务算法备案清单（2025年11月）.docx
恒通智联水务水准分析生成合成算法,服务提供者,广州恒通智联科技有限公司,智慧水务感知设备监控平台(网站),应用于对话生成场景，根据用户输入的文本，生成相应的文本内容，主要面向于水务监测领域。,2025-11,generative ai,境内深度合成服务算法备案清单（2025年11月）.docx
云枢智能知识问答生成算法,服务技术支持者,深圳奥哲网络科技有限公司,--,应用于文本生成场景，服务于企业端客户，根据用户输入的文本问题，生成并输出结构化的文本答案。,2025-11,generative ai,境内深度合成服务算法备案清单（2025年11月）.docx
舜天信息智能数据分析生成算法,服务提供者,广州舜天信息科技股份有限公司,舜天智能数据分析平台(网站),应用于文本生成场景，根据用户输入的财务报表、市场数据等文本信息，生成数据对比、风险识别等文本内容。,2025-11,generative ai,境内深度合成服务算法备案清单（2025年11月）.docx
聚焦博客文章文本生成算法,服务提供者,广州聚焦网络技术有限公司,聚焦博客文章(网站),应用于文本生成场景，根据用户输入的关键词及简要的文章主题文本描述，生成博客文章逻辑结构的纯文本文章。,2025-11,generative ai,境内深度合成服务算法备案清单（2025年11月）.docx
规律未来智慧法律文本生成算法,服务技术支持者,广州规律未来智能科技有限公司,--,应用于文本生成场景，服务于企业端客户，根据用户输入的文本问题，生成符合规范要求的法律推理文本建议。,2025-11,generative ai,境内深度合成服务算法备案清单（2025年11月）.docx
中科麒芯智语芯半导体设计合成算法,服务技术支持者,中科麒芯智能技术（南京）有限公司,--,应用于多模态生成场景，服务于企业端客户，根据用户输入的文本，生成相应的文本、图像，主要面向于半导体芯片领域。,2025-11,generative ai,境内深度合成服务算法备案清单（2025年11月）.docx
云望视觉大模型搜索算法,信息检索类,江西云眼视界科技股份有限公司,云望城市视觉大模型应用系统(网站),应用于跨模态信息检索场景，根据用户输入的文本，在数据库中检索出相关的图像内容，实现以文搜图功能。,2025-3,algorithmic service,境内互联网信息服务算法备案清单（2025年3月）.docx
五八驾考信息检索类算法,信息检索类,天津五八驾考信息技术有限公司,驾校一点通(APP)、驾校通(APP),应用于文本检索场景，根据用户输入的关键词或条件，搜索相关文档并从中选出最佳文档返回给用户。,2025-3,algorithmic service,境内互联网信息服务算法备案清单（2025年3月）.docx
伊对个性化推送算法,个性化推送类,北京米连科技有限公司,伊对(APP)、伊对同城(APP),应用于内容和用户个性化推荐服务，根据用户自然属性和历史行为，实现个性化的用户、动态、直播间推送。,2025-3,algorithmic service,境内互联网信息服务算法备案清单（2025年3月）.docx
牵逅匹配个性化推荐算法,个性化推送类,牵逅网（广东）信息科技有限公司,牵逅(APP)、牵逅(小程序)、牵逅(网站),应用于内容推荐场景，根据用户行为数据、人口统计信息及兴趣偏好数据，对用户进行精准画像，向用户推荐个性化信息流或推荐列表等内容。,2025-3,algorithmic service,境内互联网信息服务算法备案清单（2025年3月）.docx
云享智慧拾心搜索算法,信息检索类,上海适享文化传播有限公司,拾心搜索引擎(网站)、拾心搜索引擎(小程序),应用于电商领域商品检索场景，根据用户输入的搜索关键词，及用户行为和商品属性，把相关性高的商品内容展示给用户。,2025-3,algorithmic service,境内互联网信息服务算法备案清单（2025年3月）.docx
闪回在线智能定价算法,调度决策类,深圳闪回科技有限公司,闪回门店系统(APP),应用于二手电子设备回收定价场景，根据用户拟出售的二手电子设备的品牌、机型、内存、外观成色和功能缺陷等信息，以及公司利润和成本，确定该设备的回收价格。,2025-3,algorithmic service,境内互联网信息服务算法备案清单（2025年3月）.docx
启魔方精准商机智能推荐算法,个性化推送类,启魔方(北京)科技有限公司,启魔方(网站),应用于内容推荐场景，根据用户基本属性数据、用户行为数据，预测用户意图特征，向用户推荐商机线索信息。,2025-3,algorithmic service,境内互联网信息服务算法备案清单（2025年3月）.docx
DUCG动态不确定因果图算法,调度决策类,北京予同智能科技有限公司,DUCG临床辅助诊断系统(其他),应用于辅助医生诊断疾病场景，根据输入的患者主诉、伴随症状、体征、实验室检验结果、影像学检查等信息，推理患者罹患疾病的概率以及下一步应收集的数据。,2025-3,algorithmic service,境内互联网信息服务算法备案清单（2025年3月）.docx
安居客信息检索类算法,信息检索类,上海瑞家信息技术有限公司,安居客(APP),应用于房源信息检索场景，根据用户输入的查询词，将符合用户检索要求的房源信息以列表的形式展现给用户。,2025-3,algorithmic service,境内互联网信息服务算法备案清单（2025年3月）.docx
安居客榜单排序算法,排序精选类,上海瑞家信息技术有限公司,安居客(APP),应用于房源榜单排序场景，根据用户对房源帖子的浏览、搜索、评论等行为数据，对房源列表进行排序，生成各类榜单。,2025-3,algorithmic service,境内互联网信息服务算法备案清单（2025年3月）.docx
犀有物个性化推荐算法,个性化推送类,杭州有物科技有限公司,犀有物(小程序),应用于商家、产品个性化推荐场景，根据用户历史行为数据、用户偏好、商家信息等，最终输出符合用户兴趣的推荐商家、产品结果。,2025-3,algorithmic service,境内互联网信息服务算法备案清单（2025年3月）.docx
图谱天下智能人岗匹配排序算法,排序精选类,图谱天下（北京）科技有限公司,图谱招聘管理系统(网站),应用于招聘简历排序场景，根据企业历史招聘数据，分析候选人简历与岗位的匹配程度，提供候选人排序建议。,2025-3,algorithmic service,境内互联网信息服务算法备案清单（2025年3月）.docx
华数云人才与岗位智能匹配算法,个性化推送类,广州华数云计算有限公司,人才岗位胜任力评估测试(小程序),应用于求职者个性化岗位推荐场景，根据用户个人简历、用户测评报告等数据，实现个性化的工作岗位推荐。,2025-3,algorithmic service,境内互联网信息服务算法备案清单（2025年3月）.docx
帆书个性化推荐算法,个性化推送类,上海黄豆网络科技有限公司,帆书(APP),应用于书籍个性化推荐场景，根据用户浏览历史、购买记录和行为数据，为用户推荐可能感兴趣的书籍。,2025-3,algorithmic service,境内互联网信息服务算法备案清单（2025年3月）.docx
欢网内容推荐算法,个性化推送类,广州欢网科技有限责任公司,乐学(APP),应用于内容个性化推荐服务，根据用户在日常浏览、互动等过程中产生的行为数据，实现个性化的图文、音视频、广告等内容推荐。,2025-3,algorithmic service,境内互联网信息服务算法备案清单（2025年3月）.docx
天学网批改个性化推荐算法,个性化推送类,北京天学网教育科技股份有限公司,天学网学生(APP),应用于内容推荐场景，根据用户的兴趣和行为，为其推荐符合需求的内容链接，从而提高学生对此内容的掌握率和解答率。,2025-3,algorithmic service,境内互联网信息服务算法备案清单（2025年3月）.docx
蔚来移动应用商店搜索算法,信息检索类,蔚来移动科技有限公司,应用商店(APP),应用于文本检索场景，根据用户输入的应用名称，将应用商店中匹配的应用进行检索过滤，并按照匹配程度排序展示应用列表。,2025-3,algorithmic service,境内互联网信息服务算法备案清单（2025年3月）.docx
慢病A糖尿病饮食推荐算法,个性化推送类,南京慧康智科技术有限公司,慢病管理服务平台(小程序),应用于饮食个性化推荐场景，根据糖前期患者身高、体重计算BMI值，测算出每天应吃的总热量，按早、午、晚餐各40%，40%，20%推荐饮食。,2025-3,algorithmic service,境内互联网信息服务算法备案清单（2025年3月）.docx
仓颉个性化推荐算法,个性化推送类,广州仓颉科技有限公司,仓颉AIGC(网站),应用于内容及商品个性化推荐服务，根据用户行为数据，为用户推荐图文、视频及商品内容。,2025-3,algorithmic service,境内互联网信息服务算法备案清单（2025年3月）.docx
盒马骑手配送调度算法,调度决策类,上海盒礼网络技术服务有限公司,盒马驾到(APP),应用于骑手配送商品场景，根据订单商品、用户位置、离店距离等，预估订单配送时间，将订单分配给时间充裕顺路的骑手。,2025-3,algorithmic service,境内互联网信息服务算法备案清单（2025年3月）.docx
舜网时政内容风控监测算法,内容过滤类,山东舜网传媒股份有限公司,舜网+(APP),应用于内容过滤场景，针对发布内容中的文本、图像、音频、视频，识别和过滤出违规或不良的内容。,2025-3,algorithmic service,境内互联网信息服务算法备案清单（2025年3月）.docx
三维家内容安全过滤算法,内容过滤类,广东三维家信息科技有限公司,素材广场(网站),应用于内容过滤场景，针对平台上发布的文本、图片等信息，识别并过滤各类违法违规内容。,2025-3,algorithmic service,境内互联网信息服务算法备案清单（2025年3月）.docx
时代商创数字人内容推荐算法,个性化推送类,福建时代商创数字科技有限公司,数字人内容推荐平台(小程序),应用于内容推荐场景，根据用户的行为模式、偏好和兴趣点，为用户推荐最相关的内容和产品。,2025-3,algorithmic service,境内互联网信息服务算法备案清单（2025年3月）.docx
虎扑个性化推送算法,个性化推送类,上海匡慧网络科技有限公司,虎扑(APP),应用于内容推荐场景，根据用户历史的曝光、点击、回复等行为数据，为用户推荐感兴趣的内容。,2025-3,algorithmic service,境内互联网信息服务算法备案清单（2025年3月）.docx
SXP个性化营销旅程推荐算法,个性化推送类,广州优盟网络信息有限公司,SXP个性化旅程推荐系统(网站),应用于内容推荐场景，根据用户访问过的内容和用户行为，生成用户行为画像或标签，为用户推荐感兴趣的数据内容。,2025-3,algorithmic service,境内互联网信息服务算法备案清单（2025年3月）.docx
蔚来移动语音助手推荐算法,个性化推送类,蔚来移动科技有限公司,蔚来手机语音助手(APP),应用于语音助手推荐场景，根据用户用机的时间、位置、系统信息，识别用户当前情景，预测用户意图，在适当场景下给用户推送服务。,2025-3,algorithmic service,境内互联网信息服务算法备案清单（2025年3月）.docx
联影智能客服FAQ算法,信息检索类,上海联影智能医疗科技有限公司,复旦大学附属中山医院智能客服(小程序)、复旦大学附属中山医院智能客服电话端(其他),应用于医疗健康客服问答检索场景，根据用户输入的文本、语音咨询内容，从知识库中找到适合的常见问题解答提供给用户。,2025-3,algorithmic service,境内互联网信息服务算法备案清单（2025年3月）.docx
趣丸科技内容安全审核算法,内容过滤类,广州趣丸网络科技有限公司,TT语音(APP),应用于内容过滤场景，针对发布内容中的文本、图像、音频，识别并过滤其中违法违规内容。,2025-3,algorithmic service,境内互联网信息服务算法备案清单（2025年3月）.docx
康奈网络内容过滤算法,内容过滤类,西安康奈网络科技有限公司,广域全媒体信息监测系统(网站),应用于内容过滤场景，对海量网络数据进行高效检索与精准过滤，过滤文本内容中的负面信息，阻止不良信息的传播。,2025-3,algorithmic service,境内互联网信息服务算法备案清单（2025年3月）.docx
蓝幸SCATLAS商品销售预测调度决策类梯度提升算法,调度决策类,蓝幸软件（上海）有限公司,蓝幸SCATLAS平台软件(网站),应用于商品销售预测场景，根据输入的历史销售、目标销售、售价、天气等数据，预测商品的销售量或需求量。,2025-3,algorithmic service,境内互联网信息服务算法备案清单（2025年3月）.docx
融洽数字科技调度决策算法,调度决策类,厦门融洽数字科技有限公司,RQ Aigent(网站),应用于采购决策场景，根据订单、物料、产线数据及供应商数据，降低采购成本，得出最终采购方案。,2025-3,algorithmic service,境内互联网信息服务算法备案清单（2025年3月）.docx
国联标讯信息检索算法,信息检索类,北京国联视讯信息技术股份有限公司,阳光采招网(网站),应用于信息检索场景，根据用户查询的关键词，对相关信息进行精准或模糊匹配，并对查询结果进行排序。,2025-3,algorithmic service,境内互联网信息服务算法备案清单（2025年3月）.docx
QQ浏览器热搜榜排序精选算法,排序精选类,深圳市腾讯计算机系统有限公司,QQ浏览器(APP),应用于榜单排序场景，根据平台用户的热词搜索量、事件阅读量、事件互动量、指数变化量等行为数据，实时发现平台热点内容，进行榜单词的上榜和排序。,2025-3,algorithmic service,境内互联网信息服务算法备案清单（2025年3月）.docx
飞榴科技服装智能生产调度决策算法,调度决策类,苏州飞榴科技有限公司,SewSmart针聪明智慧生产协同系统智能分配(APP)、SewSmart针聪明智慧生产协同系统智能调整(APP),应用于服装生产决策场景，根据服装工厂的实时数据和生产需求，生成最优的智慧排产方案，实现产线效率最大化。,2025-3,algorithmic service,境内互联网信息服务算法备案清单（2025年3月）.docx
浙江山迅网络融媒体视音频多模态指纹信息检索算法,信息检索类,浙江山迅网络科技有限公司,明径融合视频云(网站),应用于音视频内容检索，根据用户上传的音视频，提取独特特征，实现快速准确的内容匹配。,2025-3,algorithmic service,境内互联网信息服务算法备案清单（2025年3月）.docx
微医平台排序精选算法,排序精选类,杭州微医健康科技有限公司,微医(APP),应用于内容排序场景，根据用户输入检索关键词，分析用户日常使用记录、点击行为、搜索记录等相关特征数据及医生特征数据，对搜索结果进行排序展示。,2025-3,algorithmic service,境内互联网信息服务算法备案清单（2025年3月）.docx
马上到推送职位算法,个性化推送类,河南马上到人力资源服务有限公司,马上到新岗(小程序)、马上到新岗面试系统(网站),应用于个性化职位推荐服务，根据企业岗位数据和求职者岗位数据，向求职者推荐匹配的企业职位信息。,2025-3,algorithmic service,境内互联网信息服务算法备案清单（2025年3月）.docx
e能碳宝调度决策类综合能源优化调度算法-1,调度决策类,广州南方投资集团有限公司,e能碳宝(小程序),应用于能源调度决策场景， 根据企业用能、设备运行、温湿度辐照度等数据，输出能源调度决策建议。,2025-3,algorithmic service,境内互联网信息服务算法备案清单（2025年3月）.docx
Datatist画龙科技排序精选类物品排序算法,排序精选类,上海画龙信息科技有限公司,画龙AI运营官(网站),应用于物品内容排序场景，根据用户行为、物品特征及上下文信息，对推荐内容进行优化排序。,2025-3,algorithmic service,境内互联网信息服务算法备案清单（2025年3月）.docx
淘数科技企业问数检索算法,信息检索类,淘数科技（北京）有限公司,淘数科技企业问数检索算法(网站),应用于信息检索场景，提取用户查询的关键词，对企业相关信息进行快速、准确查询。,2025-3,algorithmic service,境内互联网信息服务算法备案清单（2025年3月）.docx
如意AI健康管理项目推荐算法,个性化推送类,成都美佑医疗科技有限公司,微检如意(小程序),应用于商品个性化推荐服务，根据用户行为数据，为用户推荐体检套餐。,2025-3,algorithmic service,境内互联网信息服务算法备案清单（2025年3月）.docx
货拉拉分播单算法,调度决策类,深圳货拉拉科技有限公司,货拉拉(APP)、货拉拉-司机版(APP)、货拉拉丨拉货搬家跑腿货运物流(小程序),应用于订单匹配司机场景，根据用户订单信息、司机信息及车辆信息等数据，为货主的订单分配最合适的司机。,2025-3,algorithmic service,境内互联网信息服务算法备案清单（2025年3月）.docx
联盟拍个性化推荐算法,个性化推送类,上海车赢信息技术有限公司,联盟拍(APP),应用于汽车拍品内容推荐场景，根据用户的历史浏览、搜索记录，向用户推送可能感兴趣的汽车拍品图文内容。,2025-3,algorithmic service,境内互联网信息服务算法备案清单（2025年3月）.docx
春秋旅行个性化推荐算法,个性化推送类,上海春秋国际旅行社（集团）有限公司,春秋旅游(小程序)、春秋旅游(APP)、春秋旅游(网站),应用于内容推荐场景，根据用户基本信息，结合用户的访问记录和消费历史，为用户推荐感兴趣和消费需求匹配的产品和目的地内容。,2025-3,algorithmic service,境内互联网信息服务算法备案清单（2025年3月）.docx
银叶教育多模态内容生成算法,服务提供者,北京银叶教育咨询有限公司,银叶辅导(APP)、银叶辅导(小程序),应用于智能对话场景，根据用户输入的文本、图像，生成符合用户预期的文本、图像内容。,2024-12,generative ai,境内深度合成服务算法备案清单（2024年12月）.docx
线程变量文本生成算法,服务提供者,贵州线程变量数字科技有限公司,线程变量(网站),应用于智能对话场景，根据用户输入的文本，生成符合用户预期的文本回复。,2024-12,generative ai,境内深度合成服务算法备案清单（2024年12月）.docx
精准学语音驱动生成2D教学视频算法,服务提供者,浙江精准学科技有限公司,精准学AI辅学营(APP)、精准学AI辅学营(网站),应用于视频生成场景，根据用户输入的语音，生成2D人物教学讲解视频。,2024-12,generative ai,境内深度合成服务算法备案清单（2024年12月）.docx
青鸟同聪生成合成算法,服务提供者,山东青鸟工业互联网有限公司,青鸟AI助手-同聪(网站),应用于文本生成场景，根据用户输入的文本内容，生成相应的文本回复。,2024-12,generative ai,境内深度合成服务算法备案清单（2024年12月）.docx
智颜AI人脸融合算法,服务提供者,上海码界网络科技有限公司,智颜 AI人脸(小程序),应用于图像生成场景，根据用户上传的目标人脸照片和图片模板，生成换脸后的图像内容。,2024-12,generative ai,境内深度合成服务算法备案清单（2024年12月）.docx
夜奔互联网照片会说话视频生成算法,服务提供者,深圳市夜奔互联网有限公司,纪念星球(小程序),应用于数字人生成场景，根据用户输入的静态照片和音频，生成与音频口型一致的数字人视频。,2024-12,generative ai,境内深度合成服务算法备案清单（2024年12月）.docx
深知智能可控解读合成算法,服务技术支持者,北京彩智科技有限公司,--,应用于文本生成场景，服务于企业端客户，根据用户输入的问题和相关的文档材料，生成符合用户需求的文本数据。,2024-12,generative ai,境内深度合成服务算法备案清单（2024年12月）.docx
彩视图片视频合成算法,服务提供者,迅捷联动（北京）科技有限公司,彩视(APP),应用于图像视频生成场景，根据用户输入的图像或视频原始素材，生成符合用户预期效果的图像或视频。,2024-12,generative ai,境内深度合成服务算法备案清单（2024年12月）.docx
启瞻建元历史大模型算法,服务技术支持者,北京启瞻文化发展有限公司,--,应用于文本生成场景，服务于企业端客户，根据用户输入的历史知识问题，生成相应的历史知识文本内容。,2024-12,generative ai,境内深度合成服务算法备案清单（2024年12月）.docx
共生地球问答生成算法,服务提供者,长光卫星技术股份有限公司,共生地球(APP),应用于对话生成场景，根据用户输入的关于公司简介、产品使用、百科知识等方面的提问，生成对应的回答内容。,2024-12,generative ai,境内深度合成服务算法备案清单（2024年12月）.docx
烽火万家数字人合成算法,服务提供者,北京烽火万家科技有限公司,小水AI盒子(小程序),应用于数字人生成场景，根据用户上传的个人肖像图片和文案内容，生成唇部动作与语音匹配的数字人短视频。,2024-12,generative ai,境内深度合成服务算法备案清单（2024年12月）.docx
墨问题文本生成算法,服务提供者,合肥墨问题科技有限公司,写作墨问题(网站),应用于文本生成场景，根据用户输入的问题和文本数据，生成符合用户描述的文本内容，适用于学术、商业、技术等多个领域。,2024-12,generative ai,境内深度合成服务算法备案清单（2024年12月）.docx
数之界文本生成算法,服务提供者,广州数之界科技有限公司,麻花AI(网站),应用于文本生成场景，根据用户输入的文本内容，生成电商领域相关的文章、报告、邮件等文本。,2024-12,generative ai,境内深度合成服务算法备案清单（2024年12月）.docx
金赋税务大模型生成算法,服务提供者,广东金赋科技股份有限公司,AI税务问答(网站),应用于对话生成场景，根据用户输入的税务相关咨询问题，生成相应的回复文本，帮助用户解读税务政策。,2024-12,generative ai,境内深度合成服务算法备案清单（2024年12月）.docx
夸识换脸算法,服务提供者,北京洞窝数字科技有限公司,夸识(APP),应用于图像生成场景，根据用户输入的图片和预制模版图片，生成人脸融合后的图片。,2024-12,generative ai,境内深度合成服务算法备案清单（2024年12月）.docx
东莞知见宠物医疗文本生成算法,服务提供者,东莞知见医疗科技有限公司,汪喵灵灵(小程序),应用于文本生成场景，根据用户输入的宠物疾病信息，生成宠物诊疗建议文本内容。,2024-12,generative ai,境内深度合成服务算法备案清单（2024年12月）.docx
星辰视频数字人算法,服务提供者,厦门老林信息科技有限公司,视频数字人(APP),应用于数字人生成场景，根据用户输入的文本、视频等内容，生成表情自然、嘴唇同步的数字人视频。,2024-12,generative ai,境内深度合成服务算法备案清单（2024年12月）.docx
浪潮墨翟产品质量大模型生成算法,服务提供者,山东浪潮智能生产技术有限公司,浪潮智能生产分析平台(网站),应用于对话生成场景，根据用户输入的文本内容、表格，生成符合用户意图的各类分析图表和文本汇总结果。,2024-12,generative ai,境内深度合成服务算法备案清单（2024年12月）.docx
FittenCode代码生成算法,服务提供者,北京非十科技有限公司,Fitten Code代码生成算法(网站),应用于文本生成场景，根据用户输入的文本和图片，生成相应的文本，实现代码自动补全、代码片段生成、代码文档和注释生成等功能。,2024-12,generative ai,境内深度合成服务算法备案清单（2024年12月）.docx
科技引擎对话生成算法,服务提供者,杭州谦贞数字科技有限公司,科技引擎AI+(小程序),应用于文本生成场景，根据用户输入的政务服务、科技信息需求或关键词，生成与嘉兴市科技和产业相关的智能化信息和建议文本。,2024-12,generative ai,境内深度合成服务算法备案清单（2024年12月）.docx
启明星辰泰合安全大模型生成合成类算法,服务提供者,北京启明星辰信息安全技术有限公司,安星智能体(网站),应用于文本生成场景，根据用户输入的文本，生成网络安全领域相关的文本回复。,2024-12,generative ai,境内深度合成服务算法备案清单（2024年12月）.docx
超星数字人音频生成算法,服务提供者,成都世纪超星信息技术有限公司,超星数字人(网站),应用于音频生成场景，根据用户输入的文本信息，生成文本对应的音频内容。,2024-12,generative ai,境内深度合成服务算法备案清单（2024年12月）.docx
ikkie深度合成算法,服务提供者,天津爱康互联网信息服务有限公司,爱康智能导检(小程序)、爱康互联网医院官网(网站)、体检通(小程序)、爱康约体检查报告(APP)、报告独立化(网站)、企业平台(网站)、爱康体检宝(网站)、爱康互联网药房官网(网站)、爱康体检宝(小程序)、爱康体检宝(APP)、爱康未来互联网医院(小程序)、爱康(网站)、爱康商城(网站)、爱康健康管理中心(小程序)、iKKie健康管家(小程序),应用于智能对话场景，根据用户输入的文本，生成符合用户需求的文本内容，重点面向医疗领域。,2024-12,generative ai,境内深度合成服务算法备案清单（2024年12月）.docx
笔果题库生成合成算法,服务提供者,深圳市笔果教育科技有限公司,自考笔果题库(APP),应用于智能对话场景，根据用户输入的文本，生成符合用户需求的文本回复，重点面向在线教育领域。,2024-12,generative ai,境内深度合成服务算法备案清单（2024年12月）.docx
得助智能大模型算法,服务技术支持者,北京中科金得助智能科技有限公司,--,应用于文本生成场景，服务于企业端客户，根据用户输入的文本、图像，生成符合用户需求的文本。,2024-12,generative ai,境内深度合成服务算法备案清单（2024年12月）.docx
海赛水利知识问答与调度语言模型算法,服务提供者,苏州海赛人工智能有限公司,水利知识问答与调度(网站),应用于文本生成场景，根据用户输入的文本，生成符合用户预期的文本内容，重点面向水利领域。,2024-12,generative ai,境内深度合成服务算法备案清单（2024年12月）.docx
源世界人脸融合算法,服务提供者,深圳源世界科技有限公司,脸拍(APP)、锐影(APP)、智拍(APP)、优颜(APP),应用于视频生成场景，根据用户上传的图像与选定的模板视频，生成既具有指定图像中的人脸特征，也保持了模板视频中人物的姿态、表情、动作等属性的视频。,2024-12,generative ai,境内深度合成服务算法备案清单（2024年12月）.docx
罗格罗拉财税文本生成算法,服务提供者,北京罗格数据科技有限公司,罗格·罗拉(APP),应用于智能对话场景，根据用户输入的文本，生成符合用户预期的文本回复，重点面向财税领域。,2024-12,generative ai,境内深度合成服务算法备案清单（2024年12月）.docx
美图文本内容生成算法,服务提供者,厦门美图网科技有限公司,whee(网站)、美图设计室(APP)、美图秀秀(APP)、MOKI(网站)、开拍(APP),应用于文本生成场景，根据用户输入的文本，生成符合用户需求的文本内容，实现生成内容文案、提纲、文生图输入词等功能。,2024-12,generative ai,境内深度合成服务算法备案清单（2024年12月）.docx
东雨思创西鲸AI生成合成算法-1,服务提供者,东雨思创（北京）科技有限公司,西鲸AI服务网站(网站),应用于智能写作场景，根据用户输入的文本，生成符合用户需求的文本内容。,2024-12,generative ai,境内深度合成服务算法备案清单（2024年12月）.docx
共生地球遥感图像风格迁移算法,服务提供者,长光卫星技术股份有限公司,共生地球(APP),应用于图像生成场景，根据用户输入的图像，生成符合用户预期的图像内容，实现对遥感图像的风格化渲染功能。,2024-12,generative ai,境内深度合成服务算法备案清单（2024年12月）.docx
一聪文本生成合成算法,服务提供者,成都一聪科技有限公司,宠物小伙伴(APP),应用于智能对话场景，根据用户输入的文本，生成符合用户预期的文本回复，为用户与虚拟宠物的聊天提供支持。,2024-12,generative ai,境内深度合成服务算法备案清单（2024年12月）.docx
浪潮卓数大模型算法,服务提供者,浪潮卓数大数据产业发展有限公司,浪潮卓数大模型(网站),应用于智能对话场景，根据用户输入的文本，生成符合用户需求的文本回复，重点面向征信、宏观经济、基层治理等领域。,2024-12,generative ai,境内深度合成服务算法备案清单（2024年12月）.docx
VMoment多模态内容生成算法,服务提供者,海南即客科技有限公司,VMoment(APP),应用于智能对话场景，根据用户输入的文本、图像，生成符合用户预期的文本、图像内容。,2024-12,generative ai,境内深度合成服务算法备案清单（2024年12月）.docx
肖宁道路大模型算法,服务提供者,广州肖宁道路工程技术研究事务所有限公司,肖宁道路大模型(APP),应用于文本生成、图像识别场景，根据用户输入的文本、图像信息，生成符合用户需求的文本内容或图像识别结果，主要面向道路行业。,2024-12,generative ai,境内深度合成服务算法备案清单（2024年12月）.docx
新智家和家庭智能体内容生成算法,服务技术支持者,新奥新智科技有限公司,--,应用于文本音频生成场景，服务于企业端客户，根据用户输入的文本或语音转换后的文本，生成符合用户需求的文本或文本转换后的音频。,2024-12,generative ai,境内深度合成服务算法备案清单（2024年12月）.docx
联合信息晓星心理学大模型算法,服务提供者,深圳市联合信息技术有限公司,联合信息晓星心理学大模型(网站),应用于智能对话场景，根据用户输入的文本信息，生成符合用户需求的文本回复，主要面向心理学领域。,2024-12,generative ai,境内深度合成服务算法备案清单（2024年12月）.docx
北科文本检索增强生成算法,服务技术支持者,北京市计算中心有限公司,--,应用于文本生成场景，服务于企业端客户，根据用户输入的文本信息，生成符合用户需求的文本内容，实现问题解答、文本写作、文章摘要等功能。,2024-12,generative ai,境内深度合成服务算法备案清单（2024年12月）.docx
慧多宝泛咨询深度合成算法,服务提供者,上海法忞銮智能科技有限公司,慧多宝(网站)、龙达猫(网站)、慧卷卷(小程序)、慧卷卷(网站),应用于智能对话场景，根据用户输入的文本信息，生成符合用户需求的文本回复，主要面向泛咨询领域。,2024-12,generative ai,境内深度合成服务算法备案清单（2024年12月）.docx
聪明狗AI大语言模型算法,服务提供者,广州聪明狗人工智能科技有限公司,QA机器人(网站),应用于文本生成场景，根据用户输入的政务领域相关的问题文本，生成相应的文本回复。,2024-12,generative ai,境内深度合成服务算法备案清单（2024年12月）.docx
传播大脑智能问答算法,服务技术支持者,传播大脑科技（浙江）股份有限公司,--,应用于对话生成场景，服务于企业端客户，根据用户输入的文本问题及图片和视频内容，生成媒体文化领域相关的文本、图片、视频回复。,2024-12,generative ai,境内深度合成服务算法备案清单（2024年12月）.docx
瑞家数字人合成算法,服务提供者,上海瑞家信息技术有限公司,安居客(APP),应用于数字人生成场景，根据用户输入的语音音频数据，生成数字人口型图像，最终生成数字人形象视频。,2024-12,generative ai,境内深度合成服务算法备案清单（2024年12月）.docx
华合智衣服装设计深度合成算法,服务提供者,华合数智（重庆）科技有限公司,AI智绘(网站),应用于图像生成场景，根据用户上传的设计图纸和选择的材质、颜色、模特，生成不同服装的试穿效果图。,2024-12,generative ai,境内深度合成服务算法备案清单（2024年12月）.docx
法域通生成算法,服务提供者,浙江橙遇科技有限公司,法智助手(小程序)、法域通(APP)、法域通(网站)、智安小助(小程序)、法域通(小程序),应用于智能对话场景，根据用户输入的文本信息，生成符合用户需求的文本回复，主要面向法律领域。,2024-12,generative ai,境内深度合成服务算法备案清单（2024年12月）.docx
北方健康医疗大模型算法,服务技术支持者,北方健康医疗大数据科技有限公司,--,应用于文本生成场景，服务于企业端客户，根据用户输入的电子病历或其他医疗文本数据，生成标准化医疗信息、诊断建议或分诊方案。,2024-12,generative ai,境内深度合成服务算法备案清单（2024年12月）.docx
靓猫科技语音合成算法,服务提供者,杭州靓猫科技有限公司,名言时代(小程序),应用于语音合成场景，根据用户输入的文本信息，生成对应音频内容，主要面向智能助手、自动播报、虚拟角色、教育等领域。,2024-12,generative ai,境内深度合成服务算法备案清单（2024年12月）.docx
择文献医学内容与问答生成算法,服务提供者,北京择它医疗科技有限公司,择文献智能文献搜索(网站),应用于智能对话场景，根据用户输入的文本，生成符合用户需求的文本回复，主要面向医学领域。,2024-12,generative ai,境内深度合成服务算法备案清单（2024年12月）.docx
浪潮信息元脑企智自然语言处理源大模型算法,服务提供者,浪潮电子信息产业股份有限公司,元脑企智(网站),应用于对话生成场景，根据用户输入的文本内容，生成相应的回答或补充信息。,2024-12,generative ai,境内深度合成服务算法备案清单（2024年12月）.docx
播报大模型合成数据内容生成算法,服务提供者,苏州日报社,播报大模型(小程序),应用于文本生成场景，根据用户输入的主题或关键信息，生成符合新闻格式的文稿。,2024-12,generative ai,境内深度合成服务算法备案清单（2024年12月）.docx
洞图科技光影特效算法,服务提供者,深圳市洞图科技有限公司,洞图(APP),应用于图像生成场景，根据用户输入的文字和图片，生成光影特效风格的图片。,2024-12,generative ai,境内深度合成服务算法备案清单（2024年12月）.docx
懂车帝大模型算法,服务提供者,北京懂车帝科技有限公司,懂车帝(APP),应用于文本生成场景，根据用户输入的文本，生成汽车领域相关的文本内容，实现汽车类知识问答、买车选车智能助手等功能。,2024-12,generative ai,境内深度合成服务算法备案清单（2024年12月）.docx
循道大模型算法,服务提供者,上海卓繁信息技术股份有限公司,循道大模型(网站),应用于文本生成场景，根据用户输入的文本，生成政务相关的文本内容。,2024-12,generative ai,境内深度合成服务算法备案清单（2024年12月）.docx
芸彩智读元宇宙场景内容生成式算法,服务技术支持者,四川芸彩智读科技有限责任公司,--,应用于多模态内容生成场景，服务于企业端客户，根据用户输入的文本、图像、视频信息，生成符合用户需求的文本、图像、视频内容，实现文生文、文生图、文生视频、图生图、图生视频等功能。,2024-12,generative ai,境内深度合成服务算法备案清单（2024年12月）.docx
传播大脑海报生成算法,服务提供者,传播大脑科技（浙江）股份有限公司,创作大脑(网站),应用于图像生成场景，根据用户输入的文本信息，生成符合用户需求的图像内容，实现海报设计功能。,2024-12,generative ai,境内深度合成服务算法备案清单（2024年12月）.docx
智核领航智会议语音生文算法,服务提供者,广东智核领航技术有限公司,智会议(网站),应用于文本生成场景，根据用户输入的语音信息转换后的文本，生成文本摘要。,2024-12,generative ai,境内深度合成服务算法备案清单（2024年12月）.docx
RollingAI保险培训领域文本生成算法,服务技术支持者,上海滚动网络科技有限公司,--,应用于文本生成场景，服务于企业端客户，根据用户输入的文本信息，生成符合用户预期的文本内容，重点面向保险培训领域。,2024-12,generative ai,境内深度合成服务算法备案清单（2024年12月）.docx
安天澜砥威胁检测生成式算法,服务技术支持者,安天科技集团股份有限公司,--,应用于文本生成场景，服务于企业端客户，根据用户输入的文本、图像、音频、压缩包等多种类型文件，进行潜在恶意代码或行为检测，生成便于用户理解的安全检测报告。,2024-12,generative ai,境内深度合成服务算法备案清单（2024年12月）.docx
昆仑元白泽Baize多模态大模型算法,服务技术支持者,湖南昆仑元人工智能应用软件有限公司,--,应用于文本音频生成场景，服务于企业端客户，根据用户输入的文本或语音转换后的文本，生成符合用户需求的文本或文本转换后的音频。,2024-12,generative ai,境内深度合成服务算法备案清单（2024年12月）.docx
大象声科车载多音区深度合成音频算法,服务技术支持者,大象声科（深圳）科技有限公司,--,应用于音频生成场景，服务于企业端客户，根据用户输入的车内多个麦克风采集的混合音频，生成分离后的不同音区的音频信号。,2024-12,generative ai,境内深度合成服务算法备案清单（2024年12月）.docx
Assembo多模态图片视频生成算法,服务提供者,广州市裕米地智能科技有限公司,Assembo(网站),应用于图像视频生成场景，根据用户输入的文本、图像信息，生成符合用户预期的图像、视频内容。,2024-12,generative ai,境内深度合成服务算法备案清单（2024年12月）.docx
元保智元大模型算法,服务技术支持者,元保科创（北京）科技有限公司,--,应用于文本生成场景，服务于企业端客户，根据用户输入的文本内容，生成保险中介业务相关的文本回复。,2024-12,generative ai,境内深度合成服务算法备案清单（2024年12月）.docx
Qme卡通人物生成算法,服务提供者,海南广翔网络科技有限公司,Qme(小程序),应用于图像生成场景，根据用户输入的人物图像，生成相应的卡通动漫人物图片。,2024-12,generative ai,境内深度合成服务算法备案清单（2024年12月）.docx
数亦语数据大模型算法,服务技术支持者,北京天成通链科技有限公司,--,应用于多模态内容生成场景，服务于企业端客户，根据用户输入的文本、图像、音频、视频信息，生成符合用户需求的图表、文本、图像、音频、视频内容。,2024-12,generative ai,境内深度合成服务算法备案清单（2024年12月）.docx
笔魂AI基于JEST架构的深度扩散算法,服务提供者,上海爱绘网络科技有限公司,笔魂AI(网站),应用于图像生成场景，根据用户输入的文本和参考图片，生成符合用户需求的图片内容。,2024-12,generative ai,境内深度合成服务算法备案清单（2024年12月）.docx
倾城秀视频合成算法,服务提供者,上海决明子信息科技有限公司,倾城秀(APP),应用于视频生成场景，根据用户上传的照片，与特定形象进行面部融合，生成同时具备用户与特定形象外貌特征的视频。,2024-12,generative ai,境内深度合成服务算法备案清单（2024年12月）.docx
美腾思文本生成合成算法,服务提供者,杭州美腾思智能科技有限公司,麦兔智能(网站),应用于文本生成场景，根据用户输入的主题或问题文本，生成相应的视频脚本或文本知识回复。,2024-12,generative ai,境内深度合成服务算法备案清单（2024年12月）.docx
易分身虚拟人视频生成算法,服务提供者,广东品致信息科技服务有限公司,易分身(网站),应用于数字人生成场景，根据用户输入的文本或音频内容，生成口型与语音同步的虚拟人播报视频。,2024-12,generative ai,境内深度合成服务算法备案清单（2024年12月）.docx
浩海中医问诊文本生成算法,服务提供者,浩海生命科学技术（广州）有限公司,中医问诊(网站),应用于文本生成场景，根据用户输入的图像，文字识别后生成符合用户需求的文本内容，主要面向中医领域。,2024-12,generative ai,境内深度合成服务算法备案清单（2024年12月）.docx
e签宝合同生成和分析算法,服务提供者,杭州天谷信息科技有限公司,e签宝签管一体化电子合同云平台(网站),应用于文本生成场景，根据用户输入的合同文本，生成符合用户需求的文本内容，实现合同摘要提取、合同分析等功能。,2024-12,generative ai,境内深度合成服务算法备案清单（2024年12月）.docx
九山科技文本内容生成算法,服务提供者,深圳市九山科技有限公司,Anymo(APP),应用于文本生成场景，根据用户输入的文本信息，生成相应的文本回复。,2024-12,generative ai,境内深度合成服务算法备案清单（2024年12月）.docx
VMoment数字人生成服务算法,服务提供者,海南即客科技有限公司,VMoment 网站(网站)、VMoment(APP),应用于数字人生成场景，根据用户输入的文字、图片、音频等，生成具有个性化形象、表情、动作、声音和口型的数字人视频。,2024-12,generative ai,境内深度合成服务算法备案清单（2024年12月）.docx
小鹅通AI助理文本生成算法,服务提供者,深圳小鹅网络技术有限公司,小鹅通管理台(网站)、小鹅通学员版(APP)、小鹅通商家(小程序),应用于文本生成场景，根据用户输入的文本信息，生成符合用户需求的文本内容。,2024-12,generative ai,境内深度合成服务算法备案清单（2024年12月）.docx
播报大模型图像深度合成算法,服务提供者,苏州日报社,播报大模型(小程序),应用于图像生成场景，根据用户输入的文本描述，生成满足新闻报道要求的配图和创意图片。,2024-12,generative ai,境内深度合成服务算法备案清单（2024年12月）.docx
永涛文本生成算法,服务提供者,广州永涛科技服务有限公司,永涛EMO心理咨询平台(网站),应用于文本生成场景，根据用户输入的心理咨询文本，生成相关的回复文本，提供心理支持和指导建议。,2024-12,generative ai,境内深度合成服务算法备案清单（2024年12月）.docx
小米影像大模型算法-1,服务提供者,美卓软件设计（北京）有限公司,小米相册-编辑(APP),应用于图像生成场景，根据用户输入的图像，生成符合用户需求的图像内容，实现图像理解、图像编辑、图像增强等功能。,2024-12,generative ai,境内深度合成服务算法备案清单（2024年12月）.docx
团结Muse大模型算法,服务提供者,优三缔科技（上海）有限公司,团结Hub(APP),应用于智能对话场景，根据用户输入的文本信息，生成符合用户需求的文本回复。,2024-12,generative ai,境内深度合成服务算法备案清单（2024年12月）.docx
好志愿好专业咨询算法,服务提供者,南京玻尔兹曼信息科技有限公司,好志愿好专业(小程序),应用于智能对话场景，根据用户输入的文本信息，生成符合用户需求的文本回复，主要面向人生学业规划咨询领域。,2024-12,generative ai,境内深度合成服务算法备案清单（2024年12月）.docx
支付宝健康管家医疗内容生成算法,服务提供者,支付宝（杭州）信息技术有限公司,支付宝(APP),应用于智能对话场景，根据用户输入的文本信息，生成符合用户需求的文本回复，向用户提供生活服务、科普问答和服务查找等多轮对话服务。,2024-12,generative ai,境内深度合成服务算法备案清单（2024年12月）.docx
智未创想PPT智能内容生成算法,服务提供者,北京智未创想科技有限公司,轻竹办公(网站),应用于文本生成场景，根据用户输入的PPT主题，生成符合用户需求的PPT文本内容。,2024-12,generative ai,境内深度合成服务算法备案清单（2024年12月）.docx
象意智绘问答文本生成算法,服务提供者,杭州圣笛科技有限公司,象意智绘(网站),应用于智能对话场景，根据用户输入的文本信息，生成符合用户需求的文本回复。,2024-12,generative ai,境内深度合成服务算法备案清单（2024年12月）.docx
微医生文本生成算法,服务提供者,杭州微医健康科技有限公司,微医生(APP),应用于文本生成场景，根据医患对话内容，生成咨询或问诊小结、问诊病历主诉等文本内容。,2024-12,generative ai,境内深度合成服务算法备案清单（2024年12月）.docx
LegalBrain生成合成算法,服务提供者,北京律光智能科技有限公司,LegalBrain(网站),应用于文本生成场景，根据用户输入的文本、图像、音频，生成符合用户需求的文本内容，主要面向法律领域。,2024-12,generative ai,境内深度合成服务算法备案清单（2024年12月）.docx
皓量科技大模型多模态算法-2,服务提供者,皓量科技（深圳）有限公司,皓量科技(小程序)、AdBright轻叶(网站)、AI小敦(小程序)、AI小敦(网站),应用于文本图像生成场景，根据用户输入的文本、图像，生成符合用户需求的文本、图像内容。,2024-12,generative ai,境内深度合成服务算法备案清单（2024年12月）.docx
人民网主流价值观对齐算法,服务技术支持者,人民网股份有限公司,--,应用于文本生成场景，服务于企业端客户，根据用户输入的关键词、文本信息，生成符合主流价值观的文本内容。,2024-12,generative ai,境内深度合成服务算法备案清单（2024年12月）.docx
通义万相视频生成算法,服务技术支持者,通义云启（杭州）信息技术有限公司,--,应用于视频生成场景，服务于企业端客户，根据用户输入的文本或图像，生成符合广告媒体领域要求的视频。,2024-12,generative ai,境内深度合成服务算法备案清单（2024年12月）.docx
金赋医疗大模型生成算法,服务提供者,广东金赋科技股份有限公司,AI医疗数字人(APP),应用于数字人生成场景，根据用户输入的咨询语音，生成医疗领域相关的数字人形象互动视频回复，为用户提供个性化的医疗咨询服务。,2024-12,generative ai,境内深度合成服务算法备案清单（2024年12月）.docx
良匠设计AI生成设计算法,服务提供者,良匠设计（武汉）有限公司,AI生成设计(小程序),应用于图像生成场景，根据用户输入的文本描述，生成符合用户需求的创意设计图像。,2024-12,generative ai,境内深度合成服务算法备案清单（2024年12月）.docx
零一万物数字人算法,服务提供者,北京零一万物科技有限公司,万知(网站),应用于数字人生成场景，根据输入的文字内容，生成嘴型同步、声音还原的数字人视频。,2024-12,generative ai,境内深度合成服务算法备案清单（2024年12月）.docx
58数字人直播合成算法,服务提供者,北京五八悦生活信息技术有限公司,58同城商家版(APP),应用于数字人生成场景，根据用户输入的商家介绍文案，生成跟音频匹配的数字人口播视频。,2024-12,generative ai,境内深度合成服务算法备案清单（2024年12月）.docx
元泰农业多模态图生文算法,服务技术支持者,河北元泰数农科技有限责任公司,--,应用于文本生成场景，服务于企业端客户，根据用户输入的农业相关的图像及文本信息，生成作物图像描述、作物检测以及作物病害描述等文本内容。,2024-12,generative ai,境内深度合成服务算法备案清单（2024年12月）.docx
元泰农业知识问答大模型算法,服务技术支持者,河北元泰数农科技有限责任公司,--,应用于对话生成场景，服务于企业端客户，根据用户输入的文本内容，生成农业领域相关的文本回复。,2024-12,generative ai,境内深度合成服务算法备案清单（2024年12月）.docx
超会装AI图像生成算法,服务提供者,深圳市踏青商务咨询有限公司,超会装(小程序),应用于图像生成场景，根据用户拍摄的场景图片或选择的户型图，生成个性化的装修效果图。,2024-12,generative ai,境内深度合成服务算法备案清单（2024年12月）.docx
网旭语音生成合成算法-1,服务技术支持者,深圳市网旭科技有限公司,--,应用于语音生成场景，服务于企业端客户，根据用户输入的文本内容，生成风格多样化的语音。,2024-12,generative ai,境内深度合成服务算法备案清单（2024年12月）.docx
道川传媒生成合成算法,服务提供者,道川传媒（成都）有限公司,再见我的某某(小程序),应用于图像视频生成场景，根据用户输入的图像和驱动视频，生成彩色图片、动态人脸视频等，实现黑白图像上色、旧损照片修复、肖像动画制作等功能。,2024-12,generative ai,境内深度合成服务算法备案清单（2024年12月）.docx
课件帮多模态生成算法,服务提供者,深圳天源迪科信息技术股份有限公司,课件帮(网站),应用于文本视频生成场景，根据用户输入的文本内容，生成相应的PPT文本内容和数字人播报视频。,2024-12,generative ai,境内深度合成服务算法备案清单（2024年12月）.docx
智飞AI文本生成算法,服务提供者,深圳市智飞网络科技有限公司,AI工作助手(网站),应用于文本生成场景，根据用户输入的关键词或短文本，生成符合语法和语义规则的文本内容。,2024-12,generative ai,境内深度合成服务算法备案清单（2024年12月）.docx
倍思量子语音识别算法,服务提供者,深圳市倍思科技有限公司,倍思(APP),应用于文本生成场景，根据用户输入的语音实时数据、录音音频，提取语音中的声学特征，识别成对应的文本内容。,2024-12,generative ai,境内深度合成服务算法备案清单（2024年12月）.docx
腾讯音乐人物视频生成算法,服务提供者,腾讯音乐娱乐（深圳）有限公司,QQ音乐(APP)、全民K歌(APP),应用于数字人生成场景，根据用户输入的语音、图片或视频，生成口型匹配、动作自然的数字人视频。,2024-12,generative ai,境内深度合成服务算法备案清单（2024年12月）.docx
网旭语音生成合成算法-2,服务提供者,深圳市网旭科技有限公司,录咖(APP)、录咖(网站),应用于语音合成场景，根据用户输入的文本信息，及选择的音色，生成对应的音频内容。,2024-12,generative ai,境内深度合成服务算法备案清单（2024年12月）.docx
沂蒙精神大模型算法,服务提供者,山东齐鲁壹点传媒有限公司,齐鲁文化数据库(网站),应用于智能对话场景，根据用户输入的文本信息，生成符合用户需求的文本回复，实现文本检索、沂蒙精神智能问答等功能。,2024-12,generative ai,境内深度合成服务算法备案清单（2024年12月）.docx
少和罕见助手文本生成算法,服务提供者,广东少和生物科技有限公司,罕见助手(网站),应用于智能对话场景，根据用户输入的文本信息，生成符合用户需求的文本回复，主要面向罕见病咨询领域。,2024-12,generative ai,境内深度合成服务算法备案清单（2024年12月）.docx
云川数字人生成算法,服务提供者,郑州云川信息科技有限公司,即创猫(APP),应用于数字人视频生成场景，根据用户输入的语音和视频，生成唇形同步的数字人视频。,2024-12,generative ai,境内深度合成服务算法备案清单（2024年12月）.docx
新旦智能xDAN大模型多模态生成算法-1,服务技术支持者,深圳市新旦智能科技有限责任公司,--,应用于文本生成场景，服务于企业端客户，根据用户输入的文本、图像，生成符合用户需求的文本内容。,2024-12,generative ai,境内深度合成服务算法备案清单（2024年12月）.docx
清程极智图文生成合成算法-1,服务技术支持者,北京清程极智科技有限公司,--,应用于文本图像生成场景，服务于企业端客户，根据用户输入的文本、图像，生成符合用户需求的文本、图像内容。,2024-12,generative ai,境内深度合成服务算法备案清单（2024年12月）.docx
高施LW长文本生成算法,服务提供者,上海高施信息科技有限公司,AI写论文(APP),应用于文本生成场景，根据用户输入的文本信息，生成符合用户需求的文本内容。,2024-12,generative ai,境内深度合成服务算法备案清单（2024年12月）.docx
初原imageDiffusion合成算法,服务提供者,初原智能科技(广州)有限公司,魔快画(网站)、魔快画(小程序),应用于图像生成场景，根据用户输入的文本、图像，生成符合用户需求的图像内容。,2024-12,generative ai,境内深度合成服务算法备案清单（2024年12月）.docx
联通山东产互小唬大模型算法,服务提供者,联通（山东）产业互联网有限公司,校园随行助手(APP),应用于多模态内容生成场景，根据用户输入的文本、音频、图像，生成符合用户预期的文本、图像、音频、视频内容。,2024-12,generative ai,境内深度合成服务算法备案清单（2024年12月）.docx
华图教育语音合成算法,服务提供者,华图教育科技有限公司,华图在线(APP),应用于语音合成场景，根据用户输入的文本信息，生成对应音频内容。,2024-12,generative ai,境内深度合成服务算法备案清单（2024年12月）.docx
解放号文本生成算法,服务提供者,解放号网络科技有限公司,解放号官网AI助手(网站),应用于智能对话场景，根据用户输入的文本信息，生成符合用户需求的文本回复。,2024-12,generative ai,境内深度合成服务算法备案清单（2024年12月）.docx
中国移动体育教练自然语言交互算法,服务提供者,中移(成都)信息通信科技有限公司,AI体育教练(网站),应用于智能对话场景，根据用户的运动情况和输入的文本信息，生成符合用户需求的文本回复，主要面向体育领域。,2024-12,generative ai,境内深度合成服务算法备案清单（2024年12月）.docx
云译科技大模型文本翻译生成合成算法,服务提供者,深圳云译科技有限公司,云译科技(网站),应用于文本生成场景，根据用户输入的文本信息，生成符合用户需求的翻译内容。,2024-12,generative ai,境内深度合成服务算法备案清单（2024年12月）.docx
上海钢联宗师大宗商品行业垂直大模型算法,服务提供者,上海钢联电子商务股份有限公司,“小钢”数字智能助手(网站),应用于智能对话场景，根据用户输入的文本信息，生成符合用户需求的文本回复。,2024-12,generative ai,境内深度合成服务算法备案清单（2024年12月）.docx
揽睿图像生成算法,服务提供者,揽睿科技有限公司,揽睿·大模型应用开发平台(网站),应用于图像生成场景，根据用户输入的文本或图像，生成相应的人物、商品或艺术图像。,2024-12,generative ai,境内深度合成服务算法备案清单（2024年12月）.docx
烯牛先见科创大模型算法,服务提供者,上海烯牛信息技术有限公司,烯牛数据(APP)、烯牛数据(网站),应用于对话生成场景，根据用户输入的问题文本，生成相应的文本回复。,2024-12,generative ai,境内深度合成服务算法备案清单（2024年12月）.docx
中国移动医疗应急救援自然语言交互算法,服务提供者,中移(成都)信息通信科技有限公司,120视频调度系统(网站),应用于文本生成场景，根据用户输入的文本信息，生成医疗应急救援领域相关的文本结果。,2024-12,generative ai,境内深度合成服务算法备案清单（2024年12月）.docx
象意智绘文本生成图像算法,服务提供者,杭州圣笛科技有限公司,象意智绘(网站),应用于图像生成场景，根据用户输入的文本描述，生成广告海报设计、艺术作品创作相关的图像。,2024-12,generative ai,境内深度合成服务算法备案清单（2024年12月）.docx
观止大模型算法,服务技术支持者,杭州沧海观止科技有限公司,--,应用于文本生成场景，服务于企业端客户，根据用户输入的文本，生成逻辑连贯的文本内容。,2024-12,generative ai,境内深度合成服务算法备案清单（2024年12月）.docx
摩笔生成数字人DigitalME算法-1,服务提供者,北京摩笔生成科技有限公司,DigitalME数字人(网站),应用于数字人生成场景，根据用户输入的语音，通过音频驱动数字人的面部表情和口型同步，生成动态数字角色视频。,2024-12,generative ai,境内深度合成服务算法备案清单（2024年12月）.docx
符点AI音乐合成算法,服务提供者,广州小欣智能科技有限公司,符点AI(小程序)、符点AI(APP),应用于音乐生成场景，根据用户输入的文本，生成符合用户需求的音乐。,2024-12,generative ai,境内深度合成服务算法备案清单（2024年12月）.docx
趣兜风自驾规划深度合成算法,服务提供者,苏州趣兜风网络科技有限公司,趣兜风(APP),应用于文本生成场景，根据用户输入的出发地、目的地、景点偏好等旅游相关信息，生成相应的旅行方案。,2024-12,generative ai,境内深度合成服务算法备案清单（2024年12月）.docx
Scube文稿生成算法,服务提供者,上海东方传媒技术有限公司,Scube(网站),应用于文本生成场景，根据用户输入的文本或视频、音频中提取的文本，生成符合用户需求的文本内容，主要面向新闻领域。,2024-12,generative ai,境内深度合成服务算法备案清单（2024年12月）.docx
良医小慧健康助理大模型算法-2,服务技术支持者,上海惠灏一生信息科技有限公司,--,应用于文本生成场景，服务于企业端客户，根据用户输入的文本、图像信息，生成相应的健康建议文本。,2024-12,generative ai,境内深度合成服务算法备案清单（2024年12月）.docx
北京富华智能化内容生成合成算法,服务提供者,北京富华创新科技发展有限责任公司,金融界金企智创(网站),应用于文本生成场景，根据用户输入的文本信息，生成符合用户需求的文本内容。,2024-12,generative ai,境内深度合成服务算法备案清单（2024年12月）.docx
凡语智库大模型算法,服务提供者,北京中科凡语科技有限公司,凡语智库大模型系统(网站),应用于对话生成场景，根据用户输入的文本信息，生成相应的文本回复，实现智能问答、选题生成和报告撰写功能。,2024-12,generative ai,境内深度合成服务算法备案清单（2024年12月）.docx
电分科技文生文算法,服务提供者,电分科技（盘锦）有限公司,智能说明书(APP),应用于文本生成场景，根据用户输入的文本，生成符合逻辑的回复文本。,2024-12,generative ai,境内深度合成服务算法备案清单（2024年12月）.docx
我的领域生成合成类算法,服务提供者,广州我的领域软件有限责任公司,我的领域(网站),应用于对话生成场景，根据用户输入的问题文本，结合上下文，生成相应的文本回复。,2024-12,generative ai,境内深度合成服务算法备案清单（2024年12月）.docx
识度法律服务内容生成算法,服务提供者,杭州识度科技有限公司,识度智能法律服务(网站),应用于文本生成场景，根据用户输入的文本信息，生成法律服务领域相关的文本内容。,2024-12,generative ai,境内深度合成服务算法备案清单（2024年12月）.docx
种星AI全明星视频合成算法,服务提供者,新疆中泓汇谊科技有限公司,种星AI全明星(小程序),应用于视频生成场景，根据用户输入的人脸照片，生成对应照片人物的动态视频。,2024-12,generative ai,境内深度合成服务算法备案清单（2024年12月）.docx
亚马逊云科技中国网站智能客服算法,服务提供者,宁夏西云数据科技有限公司,亚马逊云科技中国网站(网站),应用于对话生成场景，根据用户输入的咨询内容，生成相应的回复内容。,2024-12,generative ai,境内深度合成服务算法备案清单（2024年12月）.docx
岗底斯电话会议AI处理算法,服务提供者,上海岗底斯信息技术有限公司,Gangtise投研(APP),应用于文本生成场景，根据用户输入的金融电话会议音频或视频，生成金融投研领域相关的会议纪要、参会人员和其发言等文本数据。,2024-12,generative ai,境内深度合成服务算法备案清单（2024年12月）.docx
岗底斯AI助手投研问答算法,服务提供者,上海岗底斯信息技术有限公司,Gangtise投研(APP),应用于对话生成场景，根据用户输入的提问文本，生成金融投研领域相关的文本内容。,2024-12,generative ai,境内深度合成服务算法备案清单（2024年12月）.docx
绘智AI图像生成算法,服务提供者,绘智科技吉林有限公司,绘智AI相机(小程序),应用于图像生成场景，根据用户输入的人像图像，生成艺术照、卡通头像、手办图片等特定风格的图像。,2024-12,generative ai,境内深度合成服务算法备案清单（2024年12月）.docx
中国移动医疗随访自然语言交互算法,服务提供者,中移(成都)信息通信科技有限公司,智能随访系统(网站),应用于文本生成场景，根据用户输入的文本，生成符合用户需求的文本内容，主要面向医疗健康领域。,2024-12,generative ai,境内深度合成服务算法备案清单（2024年12月）.docx
乐秀AI文生视频算法,服务技术支持者,上海艾麒信息科技股份有限公司,--,应用于视频生成场景，服务于企业端客户，根据用户输入的文本，生成符合用户需求的视频内容。,2024-12,generative ai,境内深度合成服务算法备案清单（2024年12月）.docx
猫眼剧本故事分镜图视频自动生成算法,服务提供者,北京猫眼文化传媒有限公司,神笔马良(网站),应用于视频生成场景，根据用户输入的文本，生成符合用户需求的视频内容，适用于娱乐文化领域中的剧本生成视频场景。,2024-12,generative ai,境内深度合成服务算法备案清单（2024年12月）.docx
金蝶Cosmic智能问答算法,服务提供者,金蝶软件（中国）有限公司,Boss助理(APP)、金蝶云星瀚(网站)、金蝶云苍穹(网站)、金蝶云社区(网站)、金蝶云星空(网站)、金蝶云(APP)、苍穹(APP),应用于智能对话场景，根据用户输入的文本，生成符合用户需求的文本回复。,2024-12,generative ai,境内深度合成服务算法备案清单（2024年12月）.docx
Vidu视频生成算法-1,服务技术支持者,北京生数科技有限公司,--,应用于视频生成场景，服务于企业端客户，根据用户输入的文本、图像数据，生成符合用户需求的视频内容。,2024-12,generative ai,境内深度合成服务算法备案清单（2024年12月）.docx
万虎智坊智能助手文本生成算法,服务提供者,佛山市万虎科技有限公司,万虎智坊智能助手(小程序),应用于智能对话场景，根据用户输入的文本或语音，生成符合用户需求的文本回复。,2024-12,generative ai,境内深度合成服务算法备案清单（2024年12月）.docx
生豪创艺AI图像生成算法,服务提供者,广州好娃文艺创作有限公司,生豪AI(小程序),应用于图像生成场景，根据用户输入的文本、图像数据，生成符合用户需求的图像内容。,2024-12,generative ai,境内深度合成服务算法备案清单（2024年12月）.docx
小米图像大模型算法-1,服务技术支持者,小米科技有限责任公司,--,应用于图像生成场景，服务于企业端客户，根据用户输入的文本、图像，生成符合用户需求的图像内容，实现图像理解、图像编辑等功能。,2024-12,generative ai,境内深度合成服务算法备案清单（2024年12月）.docx
中国移动校园助手自然语言交互算法,服务提供者,中移(成都)信息通信科技有限公司,AI校园助手(网站),应用于智能对话场景，根据用户输入的文本信息，生成符合用户需求的文本回复，辅助解答师生教育相关问题。,2024-12,generative ai,境内深度合成服务算法备案清单（2024年12月）.docx
小米视频生成大模型算法,服务技术支持者,小米科技有限责任公司,--,应用于视频生成场景，服务于企业端客户，根据用户输入的图像，通过补帧技术等，生成符合用户需求的视频。,2024-12,generative ai,境内深度合成服务算法备案清单（2024年12月）.docx
集之无限大模型算法,服务技术支持者,上海紫衡文化传播有限公司,--,应用于图像生成场景，服务于企业端客户，根据用户输入的文本描述和参考图片，生成符合用户需求的图像内容。,2024-12,generative ai,境内深度合成服务算法备案清单（2024年12月）.docx
复米云内容生成算法,服务提供者,深圳市复米健康科技有限公司,粟仓(公众账号),应用于文本生成场景，根据用户输入的文本，生成符合用户需求的文本内容，主要面向为自闭症儿童提供干预方案。,2024-12,generative ai,境内深度合成服务算法备案清单（2024年12月）.docx
水滴水守大模型算法-2,服务提供者,北京水滴科技集团有限公司,水滴(网站),应用于智能对话场景，根据用户输入的文本，生成符合用户需求的文本回复，主要面向保险行业。,2024-12,generative ai,境内深度合成服务算法备案清单（2024年12月）.docx
牵手AI恋爱助手生成算法,服务提供者,天津来福文化发展有限公司,牵手(APP),应用于智能对话场景，根据用户输入的文本，生成符合用户需求的文本回复。,2024-12,generative ai,境内深度合成服务算法备案清单（2024年12月）.docx
快手生成式数字人直播算法,服务技术支持者,北京快手科技有限公司,--,应用于数字人视频生成场景，服务于企业端客户，根据输入的文本、音频，生成数字人形象的视频。,2024-12,generative ai,境内深度合成服务算法备案清单（2024年12月）.docx
ShukunGPT数字医生深度合成算法,服务提供者,数坤科技股份有限公司,ShukunGPT健康咨询师(网站),应用于文本生成场景，根据用户输入的用户症状、病历、检查结果、体检报告等数据，生成关于疾病的疑似诊断、导诊建议和健康建议等。,2024-12,generative ai,境内深度合成服务算法备案清单（2024年12月）.docx
小米视频生成大模型算法-1,服务提供者,小米科技有限责任公司,主题壁纸(APP),应用于视频生成场景，根据用户上传的图片，生成不同主题的动态视频。,2024-12,generative ai,境内深度合成服务算法备案清单（2024年12月）.docx
海岱传媒大模型算法,服务提供者,山东省互联网传媒集团股份有限公司,海岱智能采编工具箱(网站),应用于文本生成场景，根据用户输入的文本提示词或用户行为历史数据，生成新闻传媒行业相关的文本内容，实现新闻的自动摘要、关键词提取、情感分析、事件检测等功能。,2024-12,generative ai,境内深度合成服务算法备案清单（2024年12月）.docx
GWM聊天助手文本生成算法,服务提供者,长城汽车股份有限公司徐水哈弗销售分公司,坦克TANK(APP)、长城汽车(APP)、长城汽车车机端语音说明书(其他)、哈弗智家(APP)、魏(APP)、长城炮(APP)、欧拉ORA(APP),应用于文本生成场景，根据用户输入的车辆使用相关问题，生成车辆使用、维护、故障处理等方面的文本回复。,2024-12,generative ai,境内深度合成服务算法备案清单（2024年12月）.docx
AI客服综合商品交易生成合成类算法,服务提供者,广州智鹏车联网科技有限公司,AI客服(其他),应用于对话生成场景，根据用户输入的小鹏汽车销售相关问题，生成小鹏汽车产品信息和营销活动等文本回复，向用户提供智能应答功能。,2024-12,generative ai,境内深度合成服务算法备案清单（2024年12月）.docx
优路智教AI生成算法,服务提供者,北京环球优路教育科技股份有限公司,优路教育网站(网站)、优路教育(APP),应用于文本生成场景，根据用户输入的文本，结合上下文信息，生成符合用户意图的文本内容。,2024-12,generative ai,境内深度合成服务算法备案清单（2024年12月）.docx
新点造价大模型算法,服务提供者,国泰新点软件股份有限公司,造价云服务(网站),应用于文本生成场景，根据用户输入的工程文件，生成符合用户要求的组价方案，主要面向住建领域。,2024-12,generative ai,境内深度合成服务算法备案清单（2024年12月）.docx
上海小宿图文生成算法,服务提供者,上海小宿科技有限公司,小宿科技(网站),应用于文本图像生成场景，根据用户输入的文本、图像，生成符合用户需求的文本、图像内容。,2024-12,generative ai,境内深度合成服务算法备案清单（2024年12月）.docx
心语伙伴心智访谈多模态生成算法,服务提供者,未来模因（北京）科技有限公司,心语伙伴(网站)、心育伙伴(小程序),应用于文本音频生成场景，根据用户语音提问转换的文本，生成符合用户需求的文本及语音内容，主要面向心理健康咨询领域。,2024-12,generative ai,境内深度合成服务算法备案清单（2024年12月）.docx
小米智能路图生成算法-2,服务技术支持者,小米科技有限责任公司,--,应用于图像生成场景，服务于企业端客户，根据用户输入的目标图形和预期跑步距离，生成用户所在区域的跑步路线图。,2024-12,generative ai,境内深度合成服务算法备案清单（2024年12月）.docx
云小鲸图像生成算法-1,服务提供者,北京云小鲸智能科技有限公司,云小鲸(小程序),应用于图像生成场景，根据用户输入的文本描述或图像，生成符合用户需求的图像内容。,2024-12,generative ai,境内深度合成服务算法备案清单（2024年12月）.docx
华智未来文旅语言生成大模型算法,服务提供者,华智未来(重庆)科技有限公司,游语通(网站),应用于文本生成场景，根据用户输入的文本信息，生成符合用户需求的文本内容。,2024-12,generative ai,境内深度合成服务算法备案清单（2024年12月）.docx
墨狐AI写作创作工具生成算法,服务提供者,深圳市云泥科技有限公司,墨狐AI写作创作工具生成算法(网站),应用于文本生成场景，根据用户输入的相关创作的简要文字提示，输出符合用户需求的文本，实现大纲创作、素材生成、正文续写等功能。,2024-12,generative ai,境内深度合成服务算法备案清单（2024年12月）.docx
菁优AI组卷生成式算法,服务提供者,深圳市菁优智慧教育股份有限公司,菁优网(网站),应用于文本生成场景，根据用户输入的出卷要求，生成符合用户要求的试题文本内容，主要面向互联网教育信息服务领域。,2024-12,generative ai,境内深度合成服务算法备案清单（2024年12月）.docx
航峰汇智视频生成算法,服务提供者,北京航峰汇智科技有限公司,Giga视频超级工厂(网站),应用于视频生成场景，根据用户提供的多段原始视频素材和相关文字描述，生成包含解说配音的完整视频。,2024-12,generative ai,境内深度合成服务算法备案清单（2024年12月）.docx
密法狮AI决策优化多模态生成算法,服务提供者,自在体验猿（北京）科技有限公司,密法狮Ai(网站)、密法狮 Ai(APP),应用于文本图像生成场景，根据用户输入的文本描述、关键词等数据或指令，生成相应的文本和图片内容。,2024-12,generative ai,境内深度合成服务算法备案清单（2024年12月）.docx
思源数智催欠算法,服务提供者,深圳市思源计算机软件股份有限公司,数智催欠(网站),应用于文本图像生成场景，根据输入的客户欠费数据，生成文本形式的律师函。,2024-12,generative ai,境内深度合成服务算法备案清单（2024年12月）.docx
家庭医生导医导诊文本生成算法,服务提供者,广州家庭医生在线健康管理服务有限公司,AI导医导诊助手(网站),应用于文本生成场景，根据用户输入的健康类问题文本，生成详细的医疗建议或健康指导。,2024-12,generative ai,境内深度合成服务算法备案清单（2024年12月）.docx
FoodieAI图片生成合成算法,服务提供者,亿睿科信息技术（北京）有限公司,Foodie(APP),应用于图像生成场景，根据用户上传的图片，生成特定漫画风格的图片。,2024-12,generative ai,境内深度合成服务算法备案清单（2024年12月）.docx
刚刚深度问答算法,服务提供者,南京安讯科技有限责任公司,刚刚发现(APP),应用于对话生成场景，根据用户输入的问题，生成科研领域相关的答案，并提供相关文献支持。,2024-12,generative ai,境内深度合成服务算法备案清单（2024年12月）.docx
小美互动图文算法,服务提供者,苏州运智互动科技有限公司,小美AI绘本(其他),应用于图片语音生成场景，根据用户输入的语音，生成相应的图片和语音，最终在屏幕端展示互动故事、绘本或画册。,2024-12,generative ai,境内深度合成服务算法备案清单（2024年12月）.docx
驭码CodeRider辅助编程大模型算法,服务提供者,极狐原生（北京）网络科技有限公司,驭码CodeRider(其他),应用于文本生成场景，根据用户输入的软件开发领域的文本和代码等提示信息，生成代码片段和技术问题回复内容。,2024-12,generative ai,境内深度合成服务算法备案清单（2024年12月）.docx
沧州浪潮多模态农业大模型算法,服务技术支持者,沧州浪潮数字科技有限公司,--,应用于文本生成场景，服务于企业端客户，根据用户输入的文本、图像、视频信息，生成符合用户需求的文本内容，主要面向农业领域。,2024-12,generative ai,境内深度合成服务算法备案清单（2024年12月）.docx
存健康医药健康知识问答及查询算法,服务提供者,武汉海云健康科技股份有限公司,存健康药助手(小程序),应用于智能对话场景，根据用户输入的文本，生成符合用户要求的文本回复，主要面向医疗领域。,2024-12,generative ai,境内深度合成服务算法备案清单（2024年12月）.docx
CivilGPT土木工程知识大模型文本生成合成算法,服务提供者,同济大学,CivilGPT土木工程知识大模型(网站),应用于智能对话场景，根据用户输入的文本，生成符合用户要求的文本回复，主要面向土木工程领域。,2024-12,generative ai,境内深度合成服务算法备案清单（2024年12月）.docx
智声智影视频合成算法,服务提供者,甬桨科技(宁波)有限公司,智声智影(APP),应用于视频生成场景，根据用户上传的图像，生成符合用户所选风格的视频。,2024-12,generative ai,境内深度合成服务算法备案清单（2024年12月）.docx
众联浮游多模态图像生成大模型算法,服务提供者,厦门众联世纪股份有限公司,流量果广告平台(网站),应用于图像生成场景，根据用户输入的文本，生成符合用户需求的广告图像内容。,2024-12,generative ai,境内深度合成服务算法备案清单（2024年12月）.docx
蓝卡科技文生文算法,服务提供者,天津蓝卡健康科技有限公司,蓝卡网(APP)、蓝卡网(网站)、蓝卡科技云(小程序),应用于智能对话场景，根据用户输入的文本，生成符合用户需求的文本回复。,2024-12,generative ai,境内深度合成服务算法备案清单（2024年12月）.docx
广发证券AI问答大模型算法,服务提供者,广发证券股份有限公司,广发证券易淘金(APP),应用于对话生成场景，根据用户输入的金融、投资类问题文本，生成相应的文本回复。,2024-12,generative ai,境内深度合成服务算法备案清单（2024年12月）.docx
首因帮教未成年人娱乐场所监控人脸识别算法,服务提供者,南京首因教育科技有限公司,首因帮教(小程序),应用于人脸识别场景，根据摄像头捕捉的实时视频帧或静态图像，与预存人脸特征库进行比对，生成识别结果和记录信息。,2024-12,generative ai,境内深度合成服务算法备案清单（2024年12月）.docx
证券时报智媒者大模型生成算法,服务提供者,深圳证券时报社有限公司,智媒者(网站)、智媒者(APP),应用于对话生成场景，根据用户输入的财经相关的咨询或法律问题，生成财经相关的文本内容和科普知识。,2024-12,generative ai,境内深度合成服务算法备案清单（2024年12月）.docx
LibraAI水务大模型算法,服务提供者,红杉天枰科技集团有限公司,LibraAI智能体运营平台-人工智能运营体(小程序)、LibraAI智能体运营平台-人工智能运营体(网站),应用于文本生成场景，根据用户输入的水质监测数据、设备运行状态数据等文本信息，生成相应的文本报告，主要面向水务领域。,2024-12,generative ai,境内深度合成服务算法备案清单（2024年12月）.docx
AI解说大师视频生成算法,服务提供者,成都路优优科技有限公司,AI解说大师(小程序),应用于视频生成场景，根据用户输入的视频，生成与视频内容紧密关联的解说脚本，通过语音合成技术将解说脚本转化为音频，并与原视频进行同步合成，生成最终的解说视频。,2024-12,generative ai,境内深度合成服务算法备案清单（2024年12月）.docx
淘宝直播数字人合成算法,服务提供者,浙江淘宝网络有限公司,手机淘宝(APP),应用于数字人视频生成场景，根据用户输入的视频和音频，生成数字人形象视频，主要面向电商直播领域。,2024-12,generative ai,境内深度合成服务算法备案清单（2024年12月）.docx
脉讯Mind医学大模型算法,服务提供者,成都脉讯科技有限公司,优生智库(APP)、超声智库(APP),应用于智能对话场景，根据用户输入的文本，生成符合用户需求的文本回复，主要面向医疗健康领域。,2024-12,generative ai,境内深度合成服务算法备案清单（2024年12月）.docx
小米智能路图生成算法-1,服务提供者,小米科技有限责任公司,小米运动健康(APP),应用于图像生成场景，根据用户输入的目标图形和预期跑步距离，生成用户所在区域的跑步路线图。,2024-12,generative ai,境内深度合成服务算法备案清单（2024年12月）.docx
指数科技电子设计图合成算法,服务提供者,深圳指数科技有限公司,AFH电子方案设计自动化平台(其他),应用于图像生成场景，根据用户输入的电路需求描述，生成符合要求的高精度电子设计图。,2024-12,generative ai,境内深度合成服务算法备案清单（2024年12月）.docx
集之无垠大模型算法,服务技术支持者,上海集之数字科技有限公司,--,应用于图像生成场景，服务于企业端客户，根据用户输入的文本描述和参考图片，生成具有丰富细节和高分辨率的图像。,2024-12,generative ai,境内深度合成服务算法备案清单（2024年12月）.docx
凡语智能标书生成算法,服务提供者,中科凡语（武汉）科技有限公司,凡语智能标书系统(网站),应用于文本生成场景，根据用户输入的公司信息及招标要求，生成符合要求的投标文档。,2024-12,generative ai,境内深度合成服务算法备案清单（2024年12月）.docx
医童大模型算法,服务技术支持者,河北浪潮信息技术有限公司,--,应用于文本生成场景，服务于企业端客户，根据用户输入的文本信息，生成医疗领域相关的专业知识等文本。,2024-12,generative ai,境内深度合成服务算法备案清单（2024年12月）.docx
中移工业能源多模态大模型算法,服务提供者,中移智行网络科技有限公司,工业安监巡查助手(APP)、AI移企查(小程序)、产业大脑(网站),应用于文本图像生成场景，根据用户输入的文本、音频、图片等数据，生成符合用户需求的图文理解、内容检测、场景问答等文本、图像内容。,2024-12,generative ai,境内深度合成服务算法备案清单（2024年12月）.docx
感易内容生成算法,服务技术支持者,北京感易智能科技有限公司,--,应用于文本生成场景，服务于企业端客户，根据用户输入的文本，生成符合用户需求的工作流、知识运营方案等文本内容。,2024-12,generative ai,境内深度合成服务算法备案清单（2024年12月）.docx
仟传智语大语言模型算法,服务提供者,仟传网络科技（上海）有限公司,仟传智语大模型(网站),应用于智能对话场景，根据用户输入的文本，生成符合用户需求的文本回复。,2024-12,generative ai,境内深度合成服务算法备案清单（2024年12月）.docx
智元起源大模型算法,服务提供者,深圳海清智元科技股份有限公司,小元大智(APP),应用于文本生成场景，根据用户输入的文本、图像、视频，生成符合用户需求的文本内容，实现对环境、人员和设备的实时监控与管理。,2024-12,generative ai,境内深度合成服务算法备案清单（2024年12月）.docx
阿里国际跨境电商AI服务助手Aidge深度合成算法,服务技术支持者,杭州速卖通信息咨询有限公司,--,应用于文本图像生成场景，服务于企业端客户，根据用户输入的文本、图像，生成符合用户需求的文本、图像内容。,2024-12,generative ai,境内深度合成服务算法备案清单（2024年12月）.docx
筑梦岛多模态算法,服务提供者,上海筑梦岛人工智能科技有限公司,筑梦岛(APP),应用于文本图像生成场景，支持用户创造虚拟角色进行对话，输入文本内容，生成相应的文本和图像。,2024-12,generative ai,境内深度合成服务算法备案清单（2024年12月）.docx
万通AI英语大模型智能算法,服务提供者,哈尔滨万通软件开发有限公司,AI口语外教(APP),应用于对话生成场景，根据用户输入的中英文信息，生成符合用户需求的文本内容，实现中英文本翻译、英语语法纠错、英文作文编写、英文文章润色、情景对话文本生成等功能。,2024-12,generative ai,境内深度合成服务算法备案清单（2024年12月）.docx
派童交互式内容生成算法,服务提供者,成都智驱万象科技有限公司,派童AI(APP),应用于对话生成场景，根据用户输入的文本内容，生成相应的文本回复，满足用户获取信息和解决问题的需求。,2024-12,generative ai,境内深度合成服务算法备案清单（2024年12月）.docx
清程极智图文生成合成算法,服务提供者,北京清程极智科技有限公司,清程爱画平台(网站)、清程极智(网站),应用于文本图像生成场景，根据用户输入的文本提示，生成相应的文本或图像。,2024-12,generative ai,境内深度合成服务算法备案清单（2024年12月）.docx
莱诺鸟图像生成算法,服务提供者,广州市莱诺鸟智能科技有限公司,莱诺鸟微信(小程序)、莱诺鸟网站(网站),应用于图像生成场景，根据用户输入的文本、图像信息，生成符合用户需要的图像内容，助力设计师快速产出化妆品设计效果图。,2024-12,generative ai,境内深度合成服务算法备案清单（2024年12月）.docx
移动云AI新入口生成服务算法,服务提供者,中移（苏州）软件技术有限公司,移动云AI新入口服务(网站),应用于智能对话场景，根据用户输入的文本，生成符合用户需求的文本回复。,2024-12,generative ai,境内深度合成服务算法备案清单（2024年12月）.docx
众生云音频合成算法,服务提供者,众创网（武汉）科技有限公司,亲声APP(小程序)、众生云数字人平台(网站),应用于语音合成场景，根据用户输入的文本信息，生成符合用户要求的音频内容。,2024-12,generative ai,境内深度合成服务算法备案清单（2024年12月）.docx
深维智信销售会话智能质检算法,服务技术支持者,北京深维智信科技有限公司,--,应用于对话生成场景，服务于企业端客户，根据输入的文本信息或音频，生成销售领域相关的文本回复。,2024-12,generative ai,境内深度合成服务算法备案清单（2024年12月）.docx
铭顺数字人驱动算法,服务提供者,长沙铭顺网络科技有限公司,AI数字人(APP),应用于数字人生成场景，根据输入的文本或音频信息，生成语音和口型一致的数字人视频。,2024-12,generative ai,境内深度合成服务算法备案清单（2024年12月）.docx
赞奇多模态内容生成算法,服务提供者,江苏赞奇科技股份有限公司,赞奇AIknow(网站),应用于对话生成场景，根据用户输入的文本、图像等多模态数据，结合上下文，生成符合用户需求的文本、图像、音频。,2024-12,generative ai,境内深度合成服务算法备案清单（2024年12月）.docx
苏宁智能客服算法,服务提供者,江苏碧英科技有限公司,苏宁易问客服机器人(APP),应用于智能对话场景，根据用户输入的文本，生成符合用户需求的文本回复，重点面向零售领域。,2024-12,generative ai,境内深度合成服务算法备案清单（2024年12月）.docx
美图奇想视频大模型算法-1,服务技术支持者,厦门美图网科技有限公司,--,应用于视频生成场景，服务于企业端客户，根据用户输入的文本、图像、视频，生成符合用户需求的视频内容。,2024-12,generative ai,境内深度合成服务算法备案清单（2024年12月）.docx
美图奇想视频大模型算法,服务提供者,厦门美图网科技有限公司,wink(APP)、whee(网站)、美图设计室(APP)、whee(APP)、美图秀秀(APP)、MOKI(网站)、美颜相机(APP),应用于视频生成场景，根据用户输入的文本、图像、视频，生成符合用户需求的视频内容。,2024-12,generative ai,境内深度合成服务算法备案清单（2024年12月）.docx
智蛙面试AI面试模拟生成合成算法,服务提供者,深圳市熙宸软件科技有限公司,智蛙面试(APP),应用于文本音频生成场景，根据用户选取的模拟面试场景生成问题并播报，将用户的语音回答转换为文字进行分析并生成评价报告，实现面试模拟功能。,2024-12,generative ai,境内深度合成服务算法备案清单（2024年12月）.docx
未来人居图像生成算法,服务提供者,安徽高迪未来人居建筑科技有限公司,智慧高迪(小程序),应用于图像生成场景，根据用户输入的图像，生成符合用户预期的图像内容，主要面向建筑设计领域。,2024-12,generative ai,境内深度合成服务算法备案清单（2024年12月）.docx
家庭医生导医导诊文本生成算法-1,服务技术支持者,广州家庭医生在线健康管理服务有限公司,--,应用于文本生成场景，服务于企业端客户，根据用户输入的文本，生成符合用户需求的文本内容，主要面向医疗咨询领域。,2024-12,generative ai,境内深度合成服务算法备案清单（2024年12月）.docx
浪潮云政务大模型算法,服务技术支持者,山东浪潮云政数字技术有限公司,--,应用于文本生成场景，服务于企业端客户，根据用户输入的文本信息，生成符合用户需求的文本内容。,2024-12,generative ai,境内深度合成服务算法备案清单（2024年12月）.docx
乘风引擎营销多模态大模型算法,服务提供者,乘风技术有限公司,乘风引擎AI营销大模型(网站),应用于多模态内容生成场景，根据用户输入的关键词或简短文本，生成相应的文本；根据用户上传的图片或绘画，生成具有相似视觉特征的新图像；根据用户给出的音频资料，生成风格和特征相似的音频产品。,2024-12,generative ai,境内深度合成服务算法备案清单（2024年12月）.docx
海纳职通数智就业AI大模型算法,服务提供者,广州叮咚科技集团有限公司,海纳职通(小程序),应用于文本生成场景，根据求职者上传的个人简历、求职意向、教育背景、工作经验等信息或企业发布的招聘岗位信息，生成详细的简历报告，并提供模拟面试、岗位匹配功能。,2024-12,generative ai,境内深度合成服务算法备案清单（2024年12月）.docx
求职无忧文本生成算法,服务提供者,广州求职无忧网络科技有限公司,求职无忧(APP),应用于文本生成场景，根据用户输入的个人履历信息，生成并优化简历内容。,2024-12,generative ai,境内深度合成服务算法备案清单（2024年12月）.docx
中国电信语音生成算法-1,服务技术支持者,中电信人工智能科技（北京）有限公司,--,应用于语音生成场景，服务于企业端客户，根据用户输入的文本或音频，生成具有特定声音风格的音频。,2024-12,generative ai,境内深度合成服务算法备案清单（2024年12月）.docx
中国电信视觉生成算法-1,服务技术支持者,中电信人工智能科技（北京）有限公司,--,应用于图像视频生成场景，服务于企业端客户，根据用户输入的文本、图片或视频信息，以及选定的风格模板，生成媒体制作、广告设计、游戏开发等领域相关的图像或视频。,2024-12,generative ai,境内深度合成服务算法备案清单（2024年12月）.docx
holopixAI图像生成算法,服务提供者,广州市光绘科技有限公司,HoloPixAI(网站),应用于图像生成场景，根据用户输入的文本或图像，生成游戏动漫领域的创意设计图像。,2024-12,generative ai,境内深度合成服务算法备案清单（2024年12月）.docx
万相营造文本生成算法,服务提供者,杭州万相创意科技有限公司,lookie（小程序）、万相营造(网站),应用于文本生成场景，根据用户选择的天猫、淘宝商品链接或商品ID，结合用户输入的参考文案、商品卖点、营销信息、文案字数、应用场景等，生成符合用户需求的商品标题、导购文案、短视频脚本文案、图片评价、意图分析等文案。,2024-12,generative ai,境内深度合成服务算法备案清单（2024年12月）.docx
网田科技旷邈大模型内容生成算法,服务提供者,北京网田科技发展有限公司,OAKAIGC企业办公平台(网站),应用于文本图像生成场景，根据用户输入的文本信息，生成符合用户需求的文本或图片内容。,2024-12,generative ai,境内深度合成服务算法备案清单（2024年12月）.docx
浪潮交通领域养护处置内容生成算法,服务技术支持者,北京浪潮云泽智能科技有限公司,--,应用于文本生成场景，服务于企业端客户，根据用户输入的交通设施的病害描述，生成交通设施病害因果、管养措施、治理方案、推荐辅助建议等。,2024-12,generative ai,境内深度合成服务算法备案清单（2024年12月）.docx
凡语法律大模型算法,服务提供者,中科凡语（武汉）科技有限公司,立法计划与规划建议辅助生成系(网站),应用于文本生成场景，根据用户输入的需求文本，生成符合专业标准和规范的法律文本。,2024-12,generative ai,境内深度合成服务算法备案清单（2024年12月）.docx
浪潮交通基础设施病害自动检测标注算法,服务技术支持者,北京浪潮云泽智能科技有限公司,--,应用于图像识别场景，服务于企业端客户，根据用户输入的城市道路、高速、桥梁等交通基础设施病害图片，生成完成标记的交通基础设施病害图像和位置坐标。,2024-12,generative ai,境内深度合成服务算法备案清单（2024年12月）.docx
凡语化工大模型算法,服务提供者,中科凡语（武汉）科技有限公司,化学化工学院数字化平台(网站),应用于对话生成场景，根据用户输入的材料文献数据，生成化工领域教学、科研相关的文本回复，提供科研问答、实验数据分析等功能。,2024-12,generative ai,境内深度合成服务算法备案清单（2024年12月）.docx
阡陌多模态内容生成合成算法,服务提供者,阡陌四方（北京）科技有限公司,时光影音修复馆(小程序)、时光影音修复馆(APP),应用于多模态内容生成场景，根据用户输入的文本、图片和选择的优化目标，生成优化后的文本、图像、视频。,2024-12,generative ai,境内深度合成服务算法备案清单（2024年12月）.docx
良医小慧健康助理大模型算法-1,服务提供者,上海惠灏一生信息科技有限公司,健康小慧(APP),应用于对话生成场景，根据用户输入的健康状况、生活习惯和健康管理需求等文本，生成个性化的健康建议、健康档案等。,2024-12,generative ai,境内深度合成服务算法备案清单（2024年12月）.docx
豆包企业版视频生成模型算法,服务技术支持者,北京抖音信息服务有限公司,--,应用于视频生成场景，服务于企业端客户，根据用户输入的文本、图片、视频，生成服务描述的视频内容。,2024-12,generative ai,境内深度合成服务算法备案清单（2024年12月）.docx
豆包音乐大模型算法,服务技术支持者,北京抖音信息服务有限公司,--,应用于音乐生成场景，服务于企业端客户，根据用户输入的文本，识别用户在音乐创作上的曲风、心情、场景上的需求，通过预设的规则映射音乐结构和配器，生成对应的音乐作品。,2024-12,generative ai,境内深度合成服务算法备案清单（2024年12月）.docx
伊艾姆智能问答算法,服务提供者,云南伊艾姆网络科技有限公司,EMRPG(网站),应用于智能对话场景，根据用户输入的文本，生成相应的文本回复，主要面向游戏领域。,2024-12,generative ai,境内深度合成服务算法备案清单（2024年12月）.docx
华硕商城智能聊天算法,服务提供者,华硕电脑（上海）有限公司,华硕商城(APP),应用于智能对话场景，根据用户输入的文本，生成符合用户需求的文本回复。,2024-12,generative ai,境内深度合成服务算法备案清单（2024年12月）.docx
TasiChat深度合成算法-1,服务技术支持者,成都它思科技有限公司,--,应用于文本生成场景，服务于企业端客户，根据用户输入的文本，从知识库中检索相关内容，生成符合用户需求的文本内容，实现智能问答和知识检索功能。,2024-12,generative ai,境内深度合成服务算法备案清单（2024年12月）.docx
有智大模型算法,服务提供者,泉州市金同信息科技有限公司,有智大模型(网站),应用于智能对话场景，根据用户输入的文本，生成符合用户需求的文本回复。,2024-12,generative ai,境内深度合成服务算法备案清单（2024年12月）.docx
蜂群AI营养师远宝大模型算法,服务提供者,广州蜂群互联网科技有限公司,远方好物(小程序),应用于智能对话场景，根据用户输入的文本，生成符合用户需求的文本回复，重点面向健康营养和智能导购领域。,2024-12,generative ai,境内深度合成服务算法备案清单（2024年12月）.docx
恒达人工智能多模态内容生成式算法,服务提供者,天津恒达文博科技股份有限公司,恒达人工智能“AI+”平台(网站)、恒达人工智能“AI+”平台(APP)、恒达人工智能“AI+”平台(小程序),应用于文本图像生成场景，根据用户输入的文本、语音，生成符合用户需求的文本、图像内容。,2024-12,generative ai,境内深度合成服务算法备案清单（2024年12月）.docx
海南边见心知文字对话生成合成算法,服务提供者,海南边见文化传播有限公司,心知(APP),应用于文本生成场景，根据用户输入的文本，生成符合用户需求的文本内容。,2024-12,generative ai,境内深度合成服务算法备案清单（2024年12月）.docx
婚礼纪智能回复算法,服务提供者,杭州火烧云科技有限公司,婚礼纪(APP),应用于智能对话场景，根据用户输入的文本，生成相应的文本回复。,2024-12,generative ai,境内深度合成服务算法备案清单（2024年12月）.docx
健安营医疗健康科普文本生成算法-1,服务技术支持者,广州健安营医疗科技有限公司,--,应用于文本生成场景，服务于企业端客户，根据用户输入的文本，生成相应的文本回复，主要面向医疗健康领域。,2024-12,generative ai,境内深度合成服务算法备案清单（2024年12月）.docx
熵简科技FinGPT大模型算法,服务提供者,北京熵简科技有限公司,AlphaEngine(小程序)、AlphaEngine(网站)、AlphaEngine(APP),应用于智能对话场景，根据用户输入的文本，生成相应的文本回复，主要面向金融领域。,2024-12,generative ai,境内深度合成服务算法备案清单（2024年12月）.docx
绿巢AI搜索模型算法,服务技术支持者,绿巢智慧数据科技（北京）有限公司,--,应用于文本生成场景，服务于企业端客户，根据用户输入的文本，生成相应的文本回复，主要面向环保领域。,2024-12,generative ai,境内深度合成服务算法备案清单（2024年12月）.docx
客易云数字人克隆算法,服务提供者,泰安市去哪啊互联网信息咨询有限公司,客易云AIGC(APP)、融汇客(APP)、客易云(APP)、魄浪(APP),应用于数字人生成场景，根据用户输入的文本、人声音频、人脸图像、人脸视频，生成唇形同步的数字人短视频。,2024-12,generative ai,境内深度合成服务算法备案清单（2024年12月）.docx
蝉镜数字人合成算法,服务提供者,厦门蝉镜科技有限公司,蝉镜(小程序)、蝉镜(网站)、蝉镜直播数字人(APP),应用于数字人生成场景，根据用户输入的文本、语音和选择的模板素材视频，生成声音与嘴唇的同步的数字人视频。,2024-12,generative ai,境内深度合成服务算法备案清单（2024年12月）.docx
教师网文本生成算法,服务提供者,北京教培师训网络科技股份有限公司,师学宝(APP)、AI教师助手(网站),应用于文本生成场景，根据用户输入的文本信息，生成教师培训相关的文本内容，提供教师备课支持、智能问答、实时翻译及文本润色功能。,2024-12,generative ai,境内深度合成服务算法备案清单（2024年12月）.docx
健安营医疗健康科普文本生成算法,服务提供者,广州健安营医疗科技有限公司,AI医疗健康科普助手(网站),应用于文本生成场景，根据用户输入的医疗健康咨询文本，生成疾病、药物、健康生活方式相关的文本回复。,2024-12,generative ai,境内深度合成服务算法备案清单（2024年12月）.docx
白桃宇宙大模型算法,服务提供者,武汉白桃宇宙科技有限公司,白桃星球(APP),应用于对话生成场景，根据用户输入的文本描述，生成星座运势解读、情感分析等文本回复。,2024-12,generative ai,境内深度合成服务算法备案清单（2024年12月）.docx
元钛乾坤大模型算法,服务提供者,广东元钛科技有限公司,愈知(公众账号)、溜鸭旅程(小程序),应用于智能对话场景，根据用户输入的文本，生成相应的文本回复，实现旅游规划、情感陪伴等功能。,2024-12,generative ai,境内深度合成服务算法备案清单（2024年12月）.docx
心慧智能口语合成算法,服务提供者,深圳心慧科技有限公司,HelloTalk(APP)、哑巴开口(APP),应用于智能对话场景，根据用户输入的文本，生成相应的文本回复。,2024-12,generative ai,境内深度合成服务算法备案清单（2024年12月）.docx
明德大模型生成合成类算法,服务提供者,北京理工大学东南信息技术研究院,明德政务大模型(网站),应用于智能对话场景，根据用户输入的文本，生成相应的文本回复。,2024-12,generative ai,境内深度合成服务算法备案清单（2024年12月）.docx
能力工厂AI情景合成算法,服务提供者,能力工场智能科技（北京）有限公司,能力星球(APP),应用于智能对话场景，根据用户输入的音频或文本，生成相应的文本回复。,2024-12,generative ai,境内深度合成服务算法备案清单（2024年12月）.docx
银商天言大模型算法,服务提供者,银联商务支付股份有限公司,银商天言(网站),应用于文本生成场景，根据用户输入的文本、图像，生成金融信息服务、支付结算等领域相关的文本内容。,2024-12,generative ai,境内深度合成服务算法备案清单（2024年12月）.docx
享瘦文本生成算法,服务提供者,广州羚羊轻体科技有限公司,享瘦(APP),应用于文本生成场景，根据用户输入的问题文本，生成运动、营养、健康等方面的建议文本。,2024-12,generative ai,境内深度合成服务算法备案清单（2024年12月）.docx
健康云健康咨询问答生成算法,服务提供者,健康云（上海）数字科技有限公司,健康云(APP),应用于智能对话场景，根据用户输入的文本信息，生成相应的文本回复，为用户提供健康管理方面的知识问答服务。,2024-12,generative ai,境内深度合成服务算法备案清单（2024年12月）.docx
意领文本生成算法,服务提供者,江苏意领数字科技有限公司,代号：10 (APP),应用于智能对话场景，根据用户输入的文本信息，生成相应的文本回复。,2024-12,generative ai,境内深度合成服务算法备案清单（2024年12月）.docx
FlowInAI写作算法,服务提供者,北京翼鸥教育科技有限公司,FlowIn(网站),应用于文本生成场景，根据用户输入的文本，生成相应的文本内容。,2024-12,generative ai,境内深度合成服务算法备案清单（2024年12月）.docx
洞图科技人脸融合算法,服务提供者,深圳市洞图科技有限公司,洞图(APP),应用于图像生成场景，将用户上传的照片与特定模板图像进行面部融合，生成融合后的图像。,2024-12,generative ai,境内深度合成服务算法备案清单（2024年12月）.docx
灵智百灵鸟AI内容生成算法-1,服务提供者,深圳市灵智数字科技有限公司,灵智数科SCRM(小程序),应用于文本生成场景，根据用户输入的文本提问，生成零售行业购物相关的文本回复。,2024-12,generative ai,境内深度合成服务算法备案清单（2024年12月）.docx
爱小伴智能对话合成算法,服务提供者,深圳市亿家亿伴智能科技有限公司,爱小伴AI iPal(小程序),应用于对话生成场景，根据用户输入的语音转化成文本，围绕用户感兴趣的聊天话题生成文本回复内容。,2024-12,generative ai,境内深度合成服务算法备案清单（2024年12月）.docx
APUS岐黄大模型应用算法,服务提供者,麒麟合盛网络技术股份有限公司,APUS大模型官网(网站),应用于文本生成场景，根据用户输入的咨询文本，生成健康、饮食、运动、心理、科室、药物等相关的建议文本。,2024-12,generative ai,境内深度合成服务算法备案清单（2024年12月）.docx
浪潮医疗大模型算法,服务提供者,山东浪潮智慧医疗科技有限公司,医疗大模型服务平台(网站),应用于对话生成场景，根据输入的患者症状描述、检查报告等，生成医疗领域相关的文本回复。,2024-12,generative ai,境内深度合成服务算法备案清单（2024年12月）.docx
citexs学术文本生成算法,服务技术支持者,武汉世纪搜科技有限公司,--,应用于文本生成场景，服务于企业端客户，根据用户输入的文本，生成相应的文本内容，主要面向学术领域。,2024-12,generative ai,境内深度合成服务算法备案清单（2024年12月）.docx
异人艾人多模态生成类算法,服务提供者,上海异人艾人科技有限公司,口信(APP),应用于多模态内容生成场景，根据用户输入的文本、图像、音频，生成符合用户需求的文本、图像、音频、视频内容。,2024-12,generative ai,境内深度合成服务算法备案清单（2024年12月）.docx
问心大模型算法,服务技术支持者,郑州赤子心智文化科技有限公司,--,应用于文本生成场景，服务于企业端客户，根据用户输入的文本，生成相应的文本内容。,2024-12,generative ai,境内深度合成服务算法备案清单（2024年12月）.docx
好心情AI陪伴文本生成算法,服务提供者,北京好心情互联网医院有限公司,好心情AI陪伴(网站),应用于智能对话场景，根据用户输入的文本，生成相应的文本回复，主要面向心理健康领域。,2024-12,generative ai,境内深度合成服务算法备案清单（2024年12月）.docx
元宇法律大模型生成算法,服务提供者,杭州数智元宇科技有限公司,元宇律镜(网站),应用于对话生成场景，根据用户输入的法律问题，生成法律专业领域相关的回复和指导。,2024-12,generative ai,境内深度合成服务算法备案清单（2024年12月）.docx
默安开发安全大模型算法,服务技术支持者,杭州默安科技有限公司,--,应用于文本生成场景，服务于企业端客户，根据用户输入的代码仓库或代码片段，生成代码修复片段、漏洞描述和修复建议。,2024-12,generative ai,境内深度合成服务算法备案清单（2024年12月）.docx
FinClip小程序生成大模型算法,服务提供者,深圳凡泰极客科技有限责任公司,FinClip(网站),应用于文本生成场景，根据用户输入的自然语言描述或部分代码片段，生成完整的小程序代码。,2024-12,generative ai,境内深度合成服务算法备案清单（2024年12月）.docx
医者AI图文生成文字算法,服务提供者,北京医者信息科技有限责任公司,终端产品（机器人）(其他)、YIZHE AI(小程序),应用于文本生成场景，根据用户输入的文本、图像，生成相应的文本内容。,2024-12,generative ai,境内深度合成服务算法备案清单（2024年12月）.docx
下一站人脸融合算法,服务提供者,长沙市下一站科技有限公司,天天名媛(APP),应用于图像视频生成场景，将用户上传的照片与特定模板图像、视频进行面部融合，生成融合后的图像、视频。,2024-12,generative ai,境内深度合成服务算法备案清单（2024年12月）.docx
半云诊疗方案智能生成算法,服务技术支持者,杭州半云科技有限公司,--,应用于文本生成场景，服务于企业端客户，根据用户输入的关键词与内容描述，生成简短的诊疗推荐方案。,2024-12,generative ai,境内深度合成服务算法备案清单（2024年12月）.docx
PAMIRS用户可自定义属性配置的分子生成算法,服务提供者,长沙悦安科技有限公司,AI驱动的一站式创新药发现平台PAMIRS(网站),应用于药物研发场景，根据用户输入的分子性质文本数据，生成预测分子化合物分子式和有关性质文本数据，使得生成的分子能够满足用户定义的目标属性。,2024-12,generative ai,境内深度合成服务算法备案清单（2024年12月）.docx
爱动超越智能体文本生成算法,服务技术支持者,爱动超越人工智能科技(北京)有限责任公司,--,应用于文本生成场景，服务于企业端客户，根据用户输入的文本，生成相应的文本内容。,2024-12,generative ai,境内深度合成服务算法备案清单（2024年12月）.docx
康服智慧健康文本生成算法,服务技术支持者,武汉光谷康服信息科技有限公司,--,应用于文本生成场景，服务于企业端客户，根据用户输入的症状描述或具体医学问题，生成医疗领域相关的文本回复，主要应用于医疗决策支持、医疗知识查询、医疗数据分析等。,2024-12,generative ai,境内深度合成服务算法备案清单（2024年12月）.docx
ChatGAi智能生成算法,服务提供者,深圳市乐朴信息技术有限公司,ChatGAiPro(网站)、ChatGAiPro(APP),应用于对话生成场景，根据用户输入的文字描述，生成相应的文本、图片、短视频。,2024-12,generative ai,境内深度合成服务算法备案清单（2024年12月）.docx
全诊大模型算法,服务提供者,杭州全诊医学科技有限公司,全诊通(小程序),应用于文本生成场景，根据输入的医生与病人的对话内容，生成病历和诊断报告等结构化的医疗文本报告。,2024-12,generative ai,境内深度合成服务算法备案清单（2024年12月）.docx
微波互动虚拟恋人多模态生成算法,服务提供者,广州微波互动科技有限公司,窝窝(APP),应用于对话生成场景，根据用户输入的文字或语音，生成虚拟恋人聊天对话相关的文本或语音回复。,2024-12,generative ai,境内深度合成服务算法备案清单（2024年12月）.docx
未来智能大模型算法,服务提供者,安徽艾德未来智能科技有限公司,iFLYBUDS(APP),应用于文本生成场景，根据用户输入的文本、问题或指令，生成与上下文相关的文本，实现聊天机器人、问答系统、文本摘要等功能。,2024-12,generative ai,境内深度合成服务算法备案清单（2024年12月）.docx
火球体育交互式多能型合成算法,服务提供者,杭州肉肯肉比比科技有限公司,火球体育(APP),应用于智能对话场景，根据用户输入的文本，生成相应的文本回复。,2024-12,generative ai,境内深度合成服务算法备案清单（2024年12月）.docx
思维港人工智能多模态大模型算法,服务提供者,厦门思维港人工智能科技有限公司,思维港人工智能(网站)、思维港多模态大模型(APP),应用于多模态内容生成场景，根据用户输入的文本、音频、视频信息，生成相应的文本、图像、音频、视频内容。,2024-12,generative ai,境内深度合成服务算法备案清单（2024年12月）.docx
宇华科技Ai宝图像生成合成算法,服务提供者,北京宇华互动科技有限责任公司,AI宝软件(小程序),应用于图像生成场景，根据用户上传的宝宝四维彩超图像，生成相应的宝宝模拟图像。,2024-12,generative ai,境内深度合成服务算法备案清单（2024年12月）.docx
Botnow即智图像生成算法,服务提供者,北京灵悟智远科技有限公司,伴呀(APP)、Botnow(网站),应用于图像生成场景，根据用户输入的文本、图像，生成相应的图像内容。,2024-12,generative ai,境内深度合成服务算法备案清单（2024年12月）.docx
无边人脸融合算法,服务提供者,无锡无边网络技术有限公司,脑洞无边AI(小程序),应用于图像生成场景，将用户上传的照片与特定模板图像进行面部融合，生成融合后的人脸图像。,2024-12,generative ai,境内深度合成服务算法备案清单（2024年12月）.docx
简单汇图生文算法,服务技术支持者,简单汇信息科技（广州）有限公司,--,应用于文本生成场景，服务于企业端客户，根据用户输入的贸易相关的影像文件，生成图像中的关键交易信息，实现智能审单服务。,2024-12,generative ai,境内深度合成服务算法备案清单（2024年12月）.docx
省广灵犀AI文本生成算法,服务提供者,广东省广告集团股份有限公司,灵犀AI(网站),应用于文本生成场景，根据用户输入的文本，生成相应的创意营销文本。,2024-12,generative ai,境内深度合成服务算法备案清单（2024年12月）.docx
封面灵知图像生成算法,服务技术支持者,四川封面传媒科技有限责任公司,--,应用于图像生成场景，服务于企业端客户，根据用户输入的创作需求文本或图像描述，生成符合媒体规范和受众需求的图像内容。,2024-12,generative ai,境内深度合成服务算法备案清单（2024年12月）.docx
中国移动视联网家庭多模态算法,服务提供者,中移（杭州）信息技术有限公司,移动看家(APP),应用于文本生成场景，根据用户输入的文本、图像，生成相应的文本内容。,2024-12,generative ai,境内深度合成服务算法备案清单（2024年12月）.docx
深瞳灵感跨模态大模型算法-2,服务技术支持者,北京格灵深瞳信息技术股份有限公司,--,应用于文本生成场景，服务于企业端客户，根据用户输入的文本、图像、视频，生成相应的文本内容，实现视频理解、图像理解等功能。,2024-12,generative ai,境内深度合成服务算法备案清单（2024年12月）.docx
vivo音频大模型算法,服务提供者,维沃移动通信有限公司,蓝心千询(APP)、小v助手(APP)、小V帮记(APP)、vivo听说(APP)、Jovi输入法(APP)、屏幕朗读(APP),应用于文本音频生成场景，根据用户输入的文本、音频，生成相应的文本、音频内容，实现音频理解和音频生成等功能。,2024-12,generative ai,境内深度合成服务算法备案清单（2024年12月）.docx
仙斓图像融合算法,服务提供者,仙斓科技（上海）有限公司,途咕咕(APP)、途咕咕(小程序),应用于图像生成场景，根据用户输入的文本、图像，生成相应的图像内容，实现根据景区特色生成旅游纪念图片功能。,2024-12,generative ai,境内深度合成服务算法备案清单（2024年12月）.docx
九为神农中医药多元态数智孪生大模型算法,服务提供者,浙江九为健康科技股份有限公司,TCMSP中药系统药理学平台(网站),应用于文本生成场景，根据用户输入的中药名称、健康状况信息等文本或图像数据，生成药物晶体互作数据、健康诊断、健康管理方案等文本数据。,2024-12,generative ai,境内深度合成服务算法备案清单（2024年12月）.docx
投资管理数字化系统投资内容生成合成算法,服务提供者,广州南天电脑系统有限公司,投资管理数字化系统(网站),应用于对话生成场景，根据用户输入的文本，生成投资领域相关的文本内容。,2024-12,generative ai,境内深度合成服务算法备案清单（2024年12月）.docx
彩葫芦AI图像生成算法,服务提供者,环球时报在线（北京）文化传播有限公司,彩葫芦(网站)、彩葫芦(小程序),应用于图像生成场景，根据用户输入的文本、图像、蒙版，生成儿童绘本、新年贺卡、红包封面、海报等图像。,2024-12,generative ai,境内深度合成服务算法备案清单（2024年12月）.docx
懂球帝交互式多能型合成算法,服务提供者,北京多格科技有限公司,懂球帝(APP),应用于文本生成场景，根据用户输入的文本内容，生成相应的文本，实现智能对话、机器翻译、文本改写等功能。,2024-12,generative ai,境内深度合成服务算法备案清单（2024年12月）.docx
景网数据数字运维大模型算法,服务提供者,景网数据服务（武汉）有限公司,"数字运维+(APP)、AI分身""天幕""(网站)",应用于多模态内容生成场景，根据用户输入的文本、图像、视频、音频，生成对应的文本、图像、视频、音频内容。,2024-12,generative ai,境内深度合成服务算法备案清单（2024年12月）.docx
影音智绘视频生成算法,服务提供者,北京影音智绘科技有限公司,趣剪(小程序)、趣剪(APP),应用于视频生成场景，根据用户输入的文本信息，生成相应的视频内容。,2024-12,generative ai,境内深度合成服务算法备案清单（2024年12月）.docx
考试宝典AI题库大模型算法,服务提供者,广西英腾教育科技股份有限公司,考试宝典(APP),应用于文本生成场景，根据用户输入的文本信息，生成相应的文本内容，实现医学试题生成功能。,2024-12,generative ai,境内深度合成服务算法备案清单（2024年12月）.docx
网旭语音识别算法-1,服务技术支持者,深圳市网旭科技有限公司,--,应用于语音识别场景，服务于企业端客户，根据用户输入的音频、视频信息，生成相应的文本内容。,2024-12,generative ai,境内深度合成服务算法备案清单（2024年12月）.docx
咪咕音乐多模态合成算法,服务提供者,咪咕音乐有限公司,咪咕音乐(APP)、咪咕视彩号(小程序)、咪咕音乐彩铃版(APP),应用于多模态内容生成场景，根据用户输入的文本、图像、音频、视频信息，生成相应的文本、图像、音频、视频内容。,2024-12,generative ai,境内深度合成服务算法备案清单（2024年12月）.docx
脑健康多模态大模型算法,服务提供者,北京未名脑脑科技有限公司,数字脑健康小助手(其他),应用于对话生成场景，根据用户输入的症状描述文本、情绪表达语音、行为视频、绘画作品图片等，生成脑健康分析结果、建议和应对策略等文本或音频。,2024-12,generative ai,境内深度合成服务算法备案清单（2024年12月）.docx
小语多模态音视频大模型算法,服务提供者,深圳写手智能科技有限公司,挖潜智库(小程序)、挖潜智库(APP)、小语AI(APP)、老板IP打造(APP)、老板IP打造(网站)、小语AI申论(APP),应用于图像视频生成场景，根据用户输入的文本、图像或视频数据，与模板中的人脸融合，生成具有原始特征的新图像或视频。,2024-12,generative ai,境内深度合成服务算法备案清单（2024年12月）.docx
数智主播视频合成算法,服务提供者,中移（杭州）信息技术有限公司,移动智播(网站),应用于数字人视频生成场景，根据用户输入的文本或音频，生成应用于直播、短视频、宣传片、智能客服的数字人视频。,2024-12,generative ai,境内深度合成服务算法备案清单（2024年12月）.docx
AILover文本信息合成算法,服务提供者,深圳市时代映像文化传媒有限公司,AI Lover(APP),应用于智能对话场景，根据用户输入的文本，生成相应的文本回复。,2024-12,generative ai,境内深度合成服务算法备案清单（2024年12月）.docx
怪兽数字人驱动算法,服务提供者,杭州怪兽智能科技有限责任公司,怪兽AI数字人(网站),应用于数字人视频生成场景，根据用户输入的语音、视频，生成人物面部和唇形动画。,2024-12,generative ai,境内深度合成服务算法备案清单（2024年12月）.docx
影音智绘图像生成算法,服务提供者,北京影音智绘科技有限公司,趣剪(小程序)、趣剪(APP),应用于图像生成场景，根据用户输入的文本，生成相应的图像内容。,2024-12,generative ai,境内深度合成服务算法备案清单（2024年12月）.docx
中兴星云大模型文生图算法,服务提供者,中兴通讯股份有限公司,主题(APP),应用于图像生成场景，根据用户输入的文本，生成相应的图像内容。,2024-12,generative ai,境内深度合成服务算法备案清单（2024年12月）.docx
有一云内容生成算法,服务提供者,中科有云（北京）信息技术有限公司,有一云(网站)、有一云AI(小程序),应用于文本生成场景，根据用户输入的文本，生成相应的文本内容。,2024-12,generative ai,境内深度合成服务算法备案清单（2024年12月）.docx
老板电器文本生成算法,服务提供者,杭州老板电器股份有限公司,ROKI智能烹饪(APP)、老板电器AI(网站)、老板电器(小程序),应用于智能对话场景，根据用户输入的文本，生成相应的文本回复。,2024-12,generative ai,境内深度合成服务算法备案清单（2024年12月）.docx
质子跳动AI写作生成合成类算法,服务提供者,北京质子跳动科技有限公司,笔墨写作(APP),应用于文本生成场景，根据用户输入的文本，生成相应的文本内容。,2024-12,generative ai,境内深度合成服务算法备案清单（2024年12月）.docx
悦享多模态生成算法,服务提供者,悦享星光（北京）科技有限公司,悦灵犀AI(网站)、悦灵犀(小程序)、悦灵犀(APP),应用于文本图像生成场景，根据用户输入的文本描述、参考图片，生成相应的回答或匹配的图像。,2024-12,generative ai,境内深度合成服务算法备案清单（2024年12月）.docx
好未来学习助手生成合成类算法,服务提供者,北京世纪好未来教育科技有限公司,口算宝(APP),应用于文本生成场景，根据用户上传的数学问题文本或图片，生成相应的答案解析文本。,2024-12,generative ai,境内深度合成服务算法备案清单（2024年12月）.docx
超数cs文本合成算法-1,服务提供者,福建超数科技有限公司,元徕(APP),应用于文本生成场景，根据用户输入的文本请求，理解上下文信息，生成符合要求的文本结果。,2024-12,generative ai,境内深度合成服务算法备案清单（2024年12月）.docx
融山基于自然语言的不良资产处置大模型算法,服务提供者,广州融山信息科技有限公司,天财大模型(网站),应用于智能对话场景，根据用户输入的文本，生成相应的文本回复。,2024-12,generative ai,境内深度合成服务算法备案清单（2024年12月）.docx
赋元灵犀内容生成算法,服务提供者,北京赋元科技有限公司,muses(APP),应用于文本生成场景，根据用户输入的文本，生成相应的文本内容。,2024-12,generative ai,境内深度合成服务算法备案清单（2024年12月）.docx
迅文灵创文生文内容生成算法,服务提供者,广州七天网络科技有限公司,迅文灵创(APP),应用于文本生成场景，根据用户输入的文本，生成相应的文本内容。,2024-12,generative ai,境内深度合成服务算法备案清单（2024年12月）.docx
山邮数字多模态大模型算法-1,服务技术支持者,山邮数字科技（山东）有限公司,--,应用于多模态内容生成场景，服务于企业端客户，根据用户输入的文本、图像、视频、音频，生成对应的文本、图像、视频、音频内容。,2024-12,generative ai,境内深度合成服务算法备案清单（2024年12月）.docx
小赞文本内容生成算法,服务提供者,销赞云（广州）科技有限公司,小赞AI助手(网站),应用于文本生成场景，根据用户输入的文本，生成相应的文本内容。,2024-12,generative ai,境内深度合成服务算法备案清单（2024年12月）.docx
FASTGPT文本合成算法,服务提供者,珠海环界云计算有限公司,FastGPT(网站),应用于智能对话场景，根据用户输入的文本，生成相应的文本回复。,2024-12,generative ai,境内深度合成服务算法备案清单（2024年12月）.docx
归一文本生成算法,服务提供者,杭州归一智能科技有限公司,红小车(网站),应用于智能对话场景，根据用户输入的文本，生成相应的文本回复。,2024-12,generative ai,境内深度合成服务算法备案清单（2024年12月）.docx
ChatAimi生成算法-1,服务提供者,北京奇点创智科技有限公司,Aimi(APP),应用于智能对话场景，根据用户输入的文本，生成相应的文本、图像、语音回复。,2024-12,generative ai,境内深度合成服务算法备案清单（2024年12月）.docx
佳华科技生态环境大模型算法,服务提供者,罗克佳华科技集团股份有限公司,RockAI(网站),应用于文本生成场景，根据用户输入的文本信息，生成连贯的文本内容，实现文本生成、文本风格转换、内容摘要生成等功能。,2024-12,generative ai,境内深度合成服务算法备案清单（2024年12月）.docx
中移工业能源多模态大模型算法-1,服务技术支持者,中移智行网络科技有限公司,--,应用于文本图像生成场景，服务于企业端客户，根据用户输入的文本、音频、图片等数据，生成符合用户意图的文本或图片数据。,2024-12,generative ai,境内深度合成服务算法备案清单（2024年12月）.docx
数珩明图内容生成算法,服务提供者,上海数珩信息科技股份有限公司,明图(网站),应用于图像生成场景，根据用户输入的文本描述和图像，生成用于广告设计、动漫创作、游戏开发、建筑设计和产品展示的图像内容。,2024-12,generative ai,境内深度合成服务算法备案清单（2024年12月）.docx
深维智信智能对练生成合成算法,服务提供者,北京深维智信科技有限公司,Megaview销售会话智能平台(网站),应用于对话生成场景，根据用户输入的文本信息或音频，生成销售领域相关的文本或音频回复。,2024-12,generative ai,境内深度合成服务算法备案清单（2024年12月）.docx
国科恒兴文本生成算法,服务提供者,国科恒兴（北京）医疗科技有限公司,聚械通(网站)、聚械通(小程序),应用于智能对话场景，根据用户输入的文本，生成相应的文本回复。,2024-12,generative ai,境内深度合成服务算法备案清单（2024年12月）.docx
娱文AiSpeaLink文本生成算法,服务提供者,中广娱文传媒有限公司,AiSpea Link(小程序),应用于智能对话场景，根据用户输入的文本，生成相应的文本回复。,2024-12,generative ai,境内深度合成服务算法备案清单（2024年12月）.docx
比亚迪DiMind文本生成算法,服务提供者,比亚迪汽车工业有限公司,智能语音助理(其他),应用于智能对话场景，根据用户输入的文本，生成相应的文本回复。,2024-12,generative ai,境内深度合成服务算法备案清单（2024年12月）.docx
天工大语言音乐生成模型算法-1,服务技术支持者,昆仑万维科技股份有限公司,--,应用于音乐生成场景，服务于企业端客户，根据用户输入的文本歌词，生成相应的音频。,2024-12,generative ai,境内深度合成服务算法备案清单（2024年12月）.docx
成果需求生成算法,服务提供者,大湾区科技创新服务中心（广州）股份有限公司,湾创成果转化（小程序）,应用于智能对话场景，根据用户输入的文本，生成相应的文本回复。,2024-12,generative ai,境内深度合成服务算法备案清单（2024年12月）.docx
翼平安法治大模型算法,服务技术支持者,中国电信股份有限公司,--,应用于文本生成场景，服务于企业端客户，根据用户输入图像中提取的文本或直接输入的文本，生成相应的文本内容。,2024-12,generative ai,境内深度合成服务算法备案清单（2024年12月）.docx
小简AI学习问答算法,服务提供者,北京简单科技有限公司,简单一百(APP),应用于文本生成场景，根据用户输入的文本，生成相应的文本内容，对初高中学科知识和题目提供问答功能。,2024-12,generative ai,境内深度合成服务算法备案清单（2024年12月）.docx
小航AI助手大模型算法,服务提供者,北京航空航天大学,小航AI助手(APP),应用于智能对话场景，根据用户输入的文本，生成相应的文本回复。,2024-12,generative ai,境内深度合成服务算法备案清单（2024年12月）.docx
宇鹰智能AI大模型算法,服务提供者,福建宇鹰智能科技有限公司,喜米喜米(APP),应用于文本生成场景，根据用户输入的文本数据，生成相应的文本回复，实现数据分析与预测、自然语言交互等功能。,2024-12,generative ai,境内深度合成服务算法备案清单（2024年12月）.docx
声云多模态内容深度生成算法-2,服务技术支持者,安徽声云智能科技有限公司,--,应用于多模态内容生成场景，服务于企业端客户，根据用户输入的文本、图片、音频数据，生成相应的文本、图片、音频内容。,2024-12,generative ai,境内深度合成服务算法备案清单（2024年12月）.docx
天翼AI云电脑生成式算法,服务提供者,天翼云科技有限公司,天翼AI云电脑(APP),应用于文本图像生成场景，根据用户上传的文本、图片、语音，生成符合逻辑和语义的文本内容和图片。,2024-12,generative ai,境内深度合成服务算法备案清单（2024年12月）.docx
智校家园保教建议生成合成算法,服务提供者,北京启龙图教育科技有限公司,智校家园(APP),应用于文本生成场景，根据用户输入的文本描述，生成学生评估、课程推荐和教学资源优化相关的文本内容。,2024-12,generative ai,境内深度合成服务算法备案清单（2024年12月）.docx
以动运动健康生成合成类算法,服务提供者,北京康糖医疗科技有限公司,以动健康(网站),应用于对话生成场景，根据用户输入文字或语音描述的个人病情信息，输出文本形式的运动康复处方。,2024-12,generative ai,境内深度合成服务算法备案清单（2024年12月）.docx
陆兮类脑大模型算法,服务提供者,深圳陆兮科技有限公司,类脑大模型(网站),应用于文本生成场景，根据用户输入的文本数据，生成摘要、翻译、文献评论与分析等文本。,2024-12,generative ai,境内深度合成服务算法备案清单（2024年12月）.docx
租租车智能图像和视频生成合成算法,服务提供者,广州力挚网络科技有限公司,租租车(APP),应用于图像视频生成场景，根据用户输入的目的地、旅游路线等问题，生成详细的行程规划和对应的游记图像或视频。,2024-12,generative ai,境内深度合成服务算法备案清单（2024年12月）.docx
幻莺多模态文本图像生成式算法,服务提供者,上海幻莺科技有限公司,幻莺文图(网站),应用于文本图像生成场景，根据用户输入的文本数据，生成符合文本描述的回答；根据用户输入的文本数据、图像，生成相应的图像。,2024-12,generative ai,境内深度合成服务算法备案清单（2024年12月）.docx
机器语言生成类算法,服务提供者,华清未央(北京）科技有限公司,机器语言大模型(网站),应用于文本生成场景，根据用户输入的汇编代码，生成高级编程语言和自然语言描述，辅助用户进行逆向工程，分析恶意程序。,2024-12,generative ai,境内深度合成服务算法备案清单（2024年12月）.docx
数萌拉玛大模型算法,服务技术支持者,数萌科技（深圳）有限公司,--,应用于文本生成场景，服务于企业端客户，根据用户输入的文本，生成文章、小说、诗歌、广告文案、新闻摘要、答案解析等文本内容。,2024-12,generative ai,境内深度合成服务算法备案清单（2024年12月）.docx
中国移动交通多模态大模型算法-1,服务技术支持者,中移智行网络科技有限公司,--,应用于文本图像生成场景，服务于企业端客户，根据用户输入的视频、图片和文本，识别交通场景中的目标物，生成文本标注和图片。,2024-12,generative ai,境内深度合成服务算法备案清单（2024年12月）.docx
涂鸦AI智能助手生成合成类算法,服务提供者,杭州涂鸦信息技术有限公司,涂鸦智能硬件(其他)、涂鸦(APP)、智能生活(APP),应用于对话生成场景，根据用户咨询的问题，生成回复文本或智能硬件发声，实现与用户的多轮交互对话。,2024-12,generative ai,境内深度合成服务算法备案清单（2024年12月）.docx
灵智百灵鸟AI内容生成算法-2,服务技术支持者,深圳市灵智数字科技有限公司,--,应用于文本生成场景，服务于企业端客户，根据用户输入的提问文本，生成相应的文本内容。,2024-12,generative ai,境内深度合成服务算法备案清单（2024年12月）.docx
冠新太极AI大模型算法,服务提供者,北京冠新医卫软件科技有限公司,智能外呼随访系统(网站),应用于对话生成场景，根据用户输入的文本或语音内容，生成医疗健康领域的文本或语音回复。,2024-12,generative ai,境内深度合成服务算法备案清单（2024年12月）.docx
球彩AI比赛结果预测生成算法,服务提供者,深圳市慧意计算机有限责任公司,球彩AI(APP),应用于文本生成场景，根据足球赛事数据和用户输入的文本，生成相应的比赛分析和预测结果文本，主要面向体育领域。,2024-12,generative ai,境内深度合成服务算法备案清单（2024年12月）.docx
杭州研趣文本生成算法,服务提供者,杭州研趣信息技术有限公司,科学指南针(网站),应用于智能对话场景，根据用户输入的文本和文档，生成相应的文本回复和文档总结。,2024-12,generative ai,境内深度合成服务算法备案清单（2024年12月）.docx
小卡数字智能对话合成算法,服务提供者,成都小卡科技有限公司,小卡数字人(APP),应用于智能对话场景，根据用户输入的文本、音频，生成相应的文本、音频回复。,2024-12,generative ai,境内深度合成服务算法备案清单（2024年12月）.docx
小明助理内容生成算法,服务提供者,北京明略昭辉科技有限公司,小明助理(网站),应用于智能对话场景，根据用户输入的文本，生成相应的文本回复。,2024-12,generative ai,境内深度合成服务算法备案清单（2024年12月）.docx
贯月多模态内容生成算法,服务提供者,深圳贯月科技有限公司,贯月科技(小程序)、贯月贸贸GPT网站(网站)、贯月科技网站(网站)、贯月科技(APP),应用于文本图像生成场景，根据用户输入的文本、图像，生成相应的文本、图像内容。,2024-12,generative ai,境内深度合成服务算法备案清单（2024年12月）.docx
中国移动智能座舱多模态大模型算法,服务提供者,中移智行网络科技有限公司,智能座舱应用(网站),应用于文本图像生成场景，根据用户输入的文本，生成相应的文本、图像内容，主要面向用车助手、交规助手、维保故障助手、车辆事故专家等驾驶出行相关场景。,2024-12,generative ai,境内深度合成服务算法备案清单（2024年12月）.docx
中国移动智能座舱多模态大模型算法-1,服务技术支持者,中移智行网络科技有限公司,--,应用于文本图像生成场景，服务于企业端客户，根据用户输入的文本，生成相应的文本、图像内容，主要面向用车助手、交规助手、维保故障助手、车辆事故专家等驾驶出行相关场景。,2024-12,generative ai,境内深度合成服务算法备案清单（2024年12月）.docx
中国移动金融投融资多模态大模型算法,服务提供者,中移智行网络科技有限公司,融资助手平台(网站)、中移金融智能质检(网站)、资产监管平台(网站)、智能投研平台(网站)、中移金融风险评估(网站),应用于文本图像生成场景，根据用户输入的文本、音频、图像，生成相应的文本、图像内容，重点面向金融等领域。,2024-12,generative ai,境内深度合成服务算法备案清单（2024年12月）.docx
中国移动金融投融资多模态大模型算法-1,服务技术支持者,中移智行网络科技有限公司,--,应用于文本图像生成场景，服务于企业端客户，根据用户输入的文本、音频、图像，生成相应的文本、图像内容，重点面向金融等领域。,2024-12,generative ai,境内深度合成服务算法备案清单（2024年12月）.docx
U课AI智能助教助学大语言模型算法,服务提供者,成都从游智能科技有限公司,U课AI(网站),应用于文本生成场景，根据用户输入的文本，生成相应的文本内容。,2024-12,generative ai,境内深度合成服务算法备案清单（2024年12月）.docx
百度超写实人像驱动算法,服务技术支持者,北京百度网讯科技有限公司,--,应用于数字人视频生成场景，服务于企业端客户，根据用户输入的语音，实时驱动视频中真实人像的全身动作和唇形运动，使人像运动与音频匹配，生成数字人形象的视频。,2024-12,generative ai,境内深度合成服务算法备案清单（2024年12月）.docx
燕溪知识服务内容生成算法,服务提供者,燕溪智能（无锡）技术有限公司,知行(网站),应用于智能对话场景，根据用户输入的文本，生成符合用户要求的文本回复。,2024-12,generative ai,境内深度合成服务算法备案清单（2024年12月）.docx
弘思文本生成算法-2,服务技术支持者,天弘基金管理有限公司,--,应用于文本生成场景，服务于企业端客户，根据用户输入的文本，生成相应的回复内容，帮助金融机构提供客户咨询、投资建议、财务规划等服务。,2024-12,generative ai,境内深度合成服务算法备案清单（2024年12月）.docx
蜜度文修文生文内容生成算法,服务提供者,天津蜜度文修智能科技有限公司,校对通产品（PDF客户端和插件版）(其他)、校对通产品(网站),应用于文本生成场景，根据用户输入的文本，生成符合政府、企业和出版等行业要求的政务公文、媒体稿件、出版书稿等规范文本。,2024-12,generative ai,境内深度合成服务算法备案清单（2024年12月）.docx
泛微XiaoeAI大模型算法,服务技术支持者,泛微网络科技股份有限公司,--,应用于文本生成场景，服务于企业端客户，根据用户输入的文本，生成符合用户指令且逻辑连贯的文本内容。,2024-12,generative ai,境内深度合成服务算法备案清单（2024年12月）.docx
和元达政易办文本生成算法,服务技术支持者,和元达信息科技有限公司,--,应用于文本生成场景，服务于企业端客户，根据用户输入的文本，生成政府部门、企事业单位等所需的各类政务公文。,2024-12,generative ai,境内深度合成服务算法备案清单（2024年12月）.docx
万构人像摄影面部合成算法,服务提供者,万构（成都）智能科技有限公司,萝拉皇后(小程序),应用于图像生成场景，根据用户上传个人自拍照片，提取用户面部特征并结合模板图像中的姿态、表情和动作等属性，生成具有个性化面貌的新图片。,2024-12,generative ai,境内深度合成服务算法备案清单（2024年12月）.docx
苏宁数字人合成算法,服务提供者,江苏碧英科技有限公司,苏宁AIGC(网站),应用于数字人视频生成场景，根据输入的文本、音频，生成与输入文本或音频对应口型的数字人配音视频。,2024-12,generative ai,境内深度合成服务算法备案清单（2024年12月）.docx
千云颜映智造V1多模态深度合成算法,服务提供者,厦门千云信息科技有限公司,颜映智造(网站),应用于文本图像生成场景，根据用户输入的文本，生成相应的文本、图像内容，实现文生文、文生图等功能。,2024-12,generative ai,境内深度合成服务算法备案清单（2024年12月）.docx
燧木企业个性化内容对话生成算法,服务技术支持者,武汉燧木科技有限公司,--,应用于文本生成场景，服务于企业端客户，根据用户输入的文本，生成相应的文本内容，重点面向法律领域。,2024-12,generative ai,境内深度合成服务算法备案清单（2024年12月）.docx
五八赶集智能写作算法,服务提供者,北京五八赶集优才信息技术有限公司,赶集直招(APP),应用于文本生成场景，根据用户输入的基础信息、教育背景、工作经历等文本，输出契合用户需求的文本，具备生成和修改用户个人简历的功能。,2024-12,generative ai,境内深度合成服务算法备案清单（2024年12月）.docx
灵智大语言模型算法-2,服务技术支持者,北京灵智之光人工智能技术有限公司,--,应用于对话生成场景，服务于企业端客户，根据用户输入的文本或语音，生成相应的文本及音频回复，实现智能问答、智能写作、文本生成等功能。,2024-12,generative ai,境内深度合成服务算法备案清单（2024年12月）.docx
BoTrixBEM教育大模型算法-1,服务技术支持者,北京博导前程信息技术股份有限公司,--,应用于智能对话场景，服务于企业端客户，根据用户输入的文本，生成相应的文本回复，重点面向教育领域。,2024-12,generative ai,境内深度合成服务算法备案清单（2024年12月）.docx
安可信规范学术论文素材生成合成算法,服务提供者,安可信（广州）科技有限公司,可信AI助手(网站),应用于智能对话场景，根据用户输入的文本，生成相应的文本回复，重点面向学术领域。,2024-12,generative ai,境内深度合成服务算法备案清单（2024年12月）.docx
知效数字员工会话生成算法,服务提供者,邦赢（山东）信息科技集团有限公司,AI客服(网站)、数字员工(网站),应用于智能对话场景，根据用户输入的文本，生成相应的文本回复，重点面向客服领域。,2024-12,generative ai,境内深度合成服务算法备案清单（2024年12月）.docx
给力问答生成合成算法,服务提供者,上海优司服信息科技有限公司,给力讯息(网站)、给力助理(小程序)、给力讯息(APP),应用于智能对话场景，根据用户输入的文本，利用检索系统从知识库中检索出相关的文本片段一起输入模型，生成相应的文本回复。,2024-12,generative ai,境内深度合成服务算法备案清单（2024年12月）.docx
老板电器多模态生成算法,服务提供者,杭州老板电器股份有限公司,ROKI智能烹饪(APP)、老板电器AI(网站)、老板电器(小程序),应用于文本图像生成场景，根据用户输入的文本、图像，生成相应的文本、图像内容。,2024-12,generative ai,境内深度合成服务算法备案清单（2024年12月）.docx
神笔作文生成算法,服务提供者,二十一天网络科技重庆有限公司,神笔作文批改(网站),应用于文本生成场景，根据用户输入的文本，生成相应的文本内容。,2024-12,generative ai,境内深度合成服务算法备案清单（2024年12月）.docx
Sageserve客户服务对话生成算法,服务技术支持者,华信永道（北京）科技股份有限公司,--,应用于文本生成场景，服务于企业端客户，根据用户输入的文本，生成相应的文本内容。,2024-12,generative ai,境内深度合成服务算法备案清单（2024年12月）.docx
奇思妙计文生文深度合成算法,服务提供者,上海威尔默教育科技有限公司,奇思妙记(网站),应用于文本生成场景，根据用户输入的文本，生成相应的文本内容。,2024-12,generative ai,境内深度合成服务算法备案清单（2024年12月）.docx
FacePPAI生图算法,服务技术支持者,北京旷视科技有限公司,--,应用于图像生成场景，服务于企业端客户，根据用户输入的图像和描述性文字或者指定特定风格，生成与用户描述或指定风格相对应的图像。,2024-12,generative ai,境内深度合成服务算法备案清单（2024年12月）.docx
灵遐智能图像生成算法,服务提供者,杭州灵遐智能科技有限公司,灵遐智能图片生成网(网站),应用于图像生成场景，根据用户上传的图像或相关文本描述，生成与输入信息一致的新图像。,2024-12,generative ai,境内深度合成服务算法备案清单（2024年12月）.docx
腾创益昂火烈鸟Flamenco大模型算法,服务技术支持者,腾创益昂资讯科技（太仓）有限公司,--,应用于音频生成场景，服务于企业端客户，根据用户来电语音提问内容，生成音频回复。,2024-12,generative ai,境内深度合成服务算法备案清单（2024年12月）.docx
影禾觅芽基座大模型算法,服务提供者,上海影禾医脉智能科技有限公司,医学影像全流程智慧化服务平台(网站),应用于文本图像生成场景，根据用户输入的CT、MR等多模态医学影像，生成重构的医学图像数据及诊断结果文本数据。,2024-12,generative ai,境内深度合成服务算法备案清单（2024年12月）.docx
首因水下施工场景视频图像识别算法,服务提供者,南京首因教育科技有限公司,首因水利平台(小程序),应用于图像识别场景，根据用户上传的水下施工场景视频图像，生成施工结构物、施工设备等相关的识别检测报告。,2024-12,generative ai,境内深度合成服务算法备案清单（2024年12月）.docx
十里湖智能文本生成算法,服务提供者,深圳市十里湖科技有限公司,幕布(网站)、幕布(APP),应用于文本生成场景，根据用户上传的笔记、文档等信息，生成相应的文本回复。,2024-12,generative ai,境内深度合成服务算法备案清单（2024年12月）.docx
南京文投长干大模型算法,服务提供者,南京市文化投资控股集团有限责任公司,揽博(小程序),应用于对话生成场景，根据用户输入的咨询文本，结合上下文，生成相应的解决方案等回复文本。,2024-12,generative ai,境内深度合成服务算法备案清单（2024年12月）.docx
可画图像扩展算法,服务提供者,北京咖瓦信息技术有限公司,Canva可画(APP)、Canva可画(网站)、Canva可画(小程序),应用于图像生成场景，根据用户输入的图片，进行分析计算，生成与输入图片风格一致的扩展后的图像。,2024-12,generative ai,境内深度合成服务算法备案清单（2024年12月）.docx
菁优AI解题生成式算法,服务提供者,深圳市菁优智慧教育股份有限公司,菁优网(网站),应用于文本生成场景，根据用户输入的试题文本，生成试题分析、解答、点评等文本内容。,2024-12,generative ai,境内深度合成服务算法备案清单（2024年12月）.docx
菁优AI知识点生成算法,服务提供者,深圳市菁优智慧教育股份有限公司,菁优网(网站),应用于文本生成场景，根据用户输入的试题文本，生成试题所涉及的知识点文本信息。,2024-12,generative ai,境内深度合成服务算法备案清单（2024年12月）.docx
井然大语言模型文本生成算法,服务技术支持者,广东智媒云图科技股份有限公司,--,应用于文本生成场景，服务于企业端客户，根据用户输入的文本信息，生成相应的回答、交流或辅助创作等文本内容。,2024-12,generative ai,境内深度合成服务算法备案清单（2024年12月）.docx
湛卢代码生成算法,服务技术支持者,中移（苏州）软件技术有限公司,--,应用于文本生成场景，服务于企业端客户，根据用户输入的文本，生成相应的代码文本。,2024-12,generative ai,境内深度合成服务算法备案清单（2024年12月）.docx
土豆数据时空产业智能问答文本生成算法,服务技术支持者,土豆数据时空智能科技（德清）有限公司,--,应用于文本生成场景，服务于企业端客户，根据用户输入的文本，生成相应的文本内容。,2024-12,generative ai,境内深度合成服务算法备案清单（2024年12月）.docx
小文曲文本合成算法,服务技术支持者,数命科技（武汉）有限公司,--,应用于文本生成场景，服务于企业端客户，根据用户输入的文本，生成相应的文本内容。,2024-12,generative ai,境内深度合成服务算法备案清单（2024年12月）.docx
talkit智能对话算法,服务提供者,北京目的涌现科技有限公司,talkit(网站),应用于智能对话场景，根据用户输入的语音，生成相应的文本、音频回复，实现英语口语对话功能。,2024-12,generative ai,境内深度合成服务算法备案清单（2024年12月）.docx
息壤大语言模型算法,服务技术支持者,天翼云科技有限公司,--,应用于文本生成场景，服务于企业端客户，根据用户输入的文本，生成相应的文本内容。,2024-12,generative ai,境内深度合成服务算法备案清单（2024年12月）.docx
素鳞科技话画AIGC中文生成合成类深度合成算法,服务提供者,北京素鳞科技产业有限公司,素麟科技话画HUAHUA平台(网站),应用于图像生成场景，根据用户输入的文本、图像，生成相应的图像内容。,2024-12,generative ai,境内深度合成服务算法备案清单（2024年12月）.docx
绿巢自有数据库智能检索增强生成算法,服务技术支持者,绿巢智慧数据科技（北京）有限公司,--,应用于文本生成场景，服务于企业端客户，根据用户输入的文本，生成相应的文本内容，重点面向环保领域。,2024-12,generative ai,境内深度合成服务算法备案清单（2024年12月）.docx
明思灵境教育大模型算法,服务提供者,明思（江苏）智能科技有限公司,明思灵境(网站),应用于智能对话场景，根据用户输入的文本，生成相应的文本回复。,2024-12,generative ai,境内深度合成服务算法备案清单（2024年12月）.docx
灵智大语言模型算法-1,服务提供者,北京灵智之光人工智能技术有限公司,灵智AI(APP)、灵智AI(网站),应用于智能对话场景，根据用户输入的文本、语音，生成相应的文本、音频回复。,2024-12,generative ai,境内深度合成服务算法备案清单（2024年12月）.docx
思维港人工智能多模态大模型算法-1,服务技术支持者,厦门思维港人工智能科技有限公司,--,应用于多模态内容生成场景，服务于企业端客户，根据用户输入的文本、音频、视频，生成相应的文本、图像、音频、视频内容，实现文本问答、文生图、音色转换、3D人物视频生成等功能。,2024-12,generative ai,境内深度合成服务算法备案清单（2024年12月）.docx
高途高中全年级AI伴学深度合成算法,服务提供者,广东省星之火在线学科培训中心,高途高中规划(APP),应用于智能对话场景，根据用户输入的文本，生成相应的文本回复。,2024-12,generative ai,境内深度合成服务算法备案清单（2024年12月）.docx
紫荆智康图生文算法,服务提供者,无锡紫荆智康科技有限公司,紫荆AI医生(网站)、紫荆智康AI医院(APP),应用于文本生成场景，根据用户输入的病历图像，生成相应的文本报告，主要面向医疗领域。,2024-12,generative ai,境内深度合成服务算法备案清单（2024年12月）.docx
WindAliceFC文本生成类算法,服务提供者,上海万得资讯科技有限公司,AliceFC(APP),应用于智能对话场景，根据用户输入的文本，生成相应的文本回复。,2024-12,generative ai,境内深度合成服务算法备案清单（2024年12月）.docx
凡语多语言文字识别算法,服务提供者,北京中科凡语科技有限公司,OCR系统(网站),应用于文本生成场景，根据用户输入的含文本信息的图像，识别并输出图像中的文字。,2024-12,generative ai,境内深度合成服务算法备案清单（2024年12月）.docx
捷缇智能应用内容生成算法,服务提供者,广州捷缇网络科技有限公司,捷缇优选(小程序)、捷缇悦购平台(网站),应用于智能对话场景，根据用户输入的文本，生成相应的文本回复，重点面向电商领域。,2024-12,generative ai,境内深度合成服务算法备案清单（2024年12月）.docx
新智家和家庭智能体算法,服务提供者,新奥新智科技有限公司,新智家和(APP),应用于对话生成场景，根据用户输入的燃气、旅游、健康等多个领域相关的问答咨询文本、语音，生成相应的家庭决策方案文本或语音回复。,2024-12,generative ai,境内深度合成服务算法备案清单（2024年12月）.docx
OPPO多模态大模型算法,服务技术支持者,深圳市欢太科技有限公司,--,应用于对话生成场景，服务于企业端客户，根据用户输入的文本、图片内容，生成相应的文本回复，实现图片描述、图文问答等功能。,2024-12,generative ai,境内深度合成服务算法备案清单（2024年12月）.docx
网旭图像修复算法-1,服务技术支持者,深圳市网旭科技有限公司,--,应用于图像生成场景，服务于企业端客户，根据用户输入的图像，生成更加清晰的图像，用于电商营销、艺术设计、社交媒体发布等。,2024-12,generative ai,境内深度合成服务算法备案清单（2024年12月）.docx
阿里健康医学内容生成式算法,服务技术支持者,阿里健康科技（杭州）有限公司,--,应用于文本生成场景，服务于企业端客户，根据用户输入的医学问题，生成健康知识、药物用途、指标解读等文本回复。,2024-12,generative ai,境内深度合成服务算法备案清单（2024年12月）.docx
中国移动交通多模态大模型算法,服务提供者,中移智行网络科技有限公司,智慧交通平台(网站),应用于文本图像生成场景，根据用户输入的视频、图片和文本，识别交通场景中的目标物，生成文本标注和图片。,2024-12,generative ai,境内深度合成服务算法备案清单（2024年12月）.docx
我的宇宙生成合成算法,服务提供者,我的宇宙（深圳）科技有限公司,我的宇宙(APP),应用于图像生成场景，根据用户输入的文字描述或照片，生成具有个性化特征的人物卡通形象照片。,2024-12,generative ai,境内深度合成服务算法备案清单（2024年12月）.docx
iPharma大语言模型算法,服务提供者,北京诺道认知医学科技有限公司,iPharmaAgent(网站)、iPharmaAgent(小程序),应用于对话生成场景，根据用户输入的医疗问题或查询文本，生成相应的医疗信息和建议文本。,2024-12,generative ai,境内深度合成服务算法备案清单（2024年12月）.docx
岚窕文本生成算法,服务提供者,北京岚窕科技有限公司,岚窕AI(网站),应用于文本生成场景，根据用户上传的文本信息，生成满足用户多样化需求的文本内容。,2024-12,generative ai,境内深度合成服务算法备案清单（2024年12月）.docx
脊影智慧大模型算法,服务提供者,上海脊影慧智能科技有限公司,骨松信息管理-NX(小程序),应用于对话生成场景，根据用户输入的文本和影像数据，生成医学知识解答和健康建议文本，实现内容生成、影像分析、医学知识推理和个性化健康建议等功能。,2024-12,generative ai,境内深度合成服务算法备案清单（2024年12月）.docx
灵眸智界内容生成算法,服务提供者,贵州灵眸智界人工智能科技有限公司,灵眸智能助手(网站),应用于文本生成场景，根据用户输入的文本，生成相应的科幻和玄幻小说内容。,2024-12,generative ai,境内深度合成服务算法备案清单（2024年12月）.docx
豫见文本生成算法,服务提供者,河南豫资开勒智能科技有限公司,豫见AI智能写作网站(网站),应用于文本生成场景，根据用户输入的文本，生成相应的文本内容。,2024-12,generative ai,境内深度合成服务算法备案清单（2024年12月）.docx
万方智能文本生成算法-1,服务技术支持者,北京万方数据股份有限公司,--,应用于文本生成场景，服务于企业端客户，根据用户输入的文本，生成相应的文本内容。,2024-12,generative ai,境内深度合成服务算法备案清单（2024年12月）.docx
云迹机器人助手生成算法,服务提供者,北京云迹科技股份有限公司,云迹机器人助手(小程序)、楼贝宝(小程序),应用于智能对话场景，根据用户输入的文本、语音，生成相应的文本、音频回复。,2024-12,generative ai,境内深度合成服务算法备案清单（2024年12月）.docx
腾讯通用语音合成算法,服务提供者,深圳市腾讯计算机系统有限公司,微信读书(APP),应用于语音生成场景，根据输入的文本，生成相应的语音，实现自动朗读书籍内容并提供多种语音选择和语速调节功能。,2024-12,generative ai,境内深度合成服务算法备案清单（2024年12月）.docx
360智脑文本生成算法,服务提供者,北京奇虎科技有限公司,360办公助手(其他)、360极速浏览器(APP)、360AI办公(APP)、360搜索(网站)、手心输入法(APP)、360AI搜索(APP)、360AI办公(网站)、360智脑(网站)、360AI浏览器(其他)、360AI浏览器(APP),应用于文本生成场景，根据用户输入的文本，生成相应的文本回复。,2023-8,generative ai,境内深度合成服务算法备案清单（2023年8月）.docx
360智脑文本生成服务算法,服务技术支持者,北京奇虎科技有限公司,--,应用于文本生成场景，服务于文本生成和对话问答类企业端客户，根据用户提出的问题，实现知识问答、多轮对话、逻辑推理。,2023-8,generative ai,境内深度合成服务算法备案清单（2023年8月）.docx
360智脑图像生成算法,服务提供者,北京奇虎科技有限公司,快剪辑(APP)、360极速浏览器(APP)、AI画师(小程序)、360AI办公(APP)、360鸿图(网站)、360AI办公(网站)、360智绘(网站)、360智脑(网站)、美片(APP)、360AI浏览器(APP),应用于图像生成场景，根据用户输入的文本、参考图片，生成与文本语义相匹配的图片。,2023-8,generative ai,境内深度合成服务算法备案清单（2023年8月）.docx
祝语祝福视频合成算法,服务提供者,聚音数字传媒（北京）有限公司,祝语（APP）、祝语（小程序）,应用于视频生成场景，根据用户输入文本数据，生成祝福视频。,2023-8,generative ai,境内深度合成服务算法备案清单（2023年8月）.docx
中科闻歌雅意大模型算法,服务技术支持者,北京中科闻歌科技股份有限公司,--,应用于文本生成场景，服务于企业端客户，根据用户输入的文本或指令数据，生成文本内容。,2023-8,generative ai,境内深度合成服务算法备案清单（2023年8月）.docx
有道子曰大模型算法,服务提供者,北京网易有道计算机系统有限公司,有道子曰大模型（网站）、网易有道词典（APP）、Hi Echo（网站）等,应用于智能对话场景，根据用户输入的文本数据，结合场景需求，通过大语言模型，生成符合用户意图的回答。,2023-8,generative ai,境内深度合成服务算法备案清单（2023年8月）.docx
网易有道机器翻译算法,服务提供者,北京网易有道计算机系统有限公司,有道智云-语音翻译(网站)、有道智云-文档翻译（开发版）(网站)、有道翻译(网站)、有道智云-网页翻译(网站)、Hi Echo口语教练(小程序)、有道数字人视频翻译(网站)、有道速读(APP)、网易云课堂主站(小程序)、有道智云-图片翻译(网站)、有道速读(小程序)、有道AIbox(APP)、有道翻译(APP)、网易云课堂AI工坊(小程序)、中国大学MOOC(APP)、有道翻译官(APP)、有道智云-实时语音翻译(网站)、有道精品课(APP)、小P老师(APP)、小P老师(小程序)、有道小P(APP)、唱醒(APP)、有道博闻(APP)、有道智云-文本翻译(网站)、有道小P(小程序)、有道小P(网站)、有道留学听课宝(APP)、Hi Echo(APP)、有道智能硬件(其他)、Hi Echo(网站)、网易云课堂(APP)、网易有道词典(APP)、有道速读(网站),应用于机器翻译场景，根据用户输入的文本、语音、图片、网页、文档等多模态信息，生成指定目标语言的翻译内容。,2023-8,generative ai,境内深度合成服务算法备案清单（2023年8月）.docx
智谱交互式内容生成算法,服务技术支持者,北京智谱华章科技有限公司,--,应用于多模态内容生成场景，服务于企业端客户，通过API提供根据输入的文本生成文本、代码等形式答案的功能。,2023-8,generative ai,境内深度合成服务算法备案清单（2023年8月）.docx
智谱文档解读生成算法,服务提供者,北京智谱华章科技有限公司,文档解读助手（网站）,应用于文本生成场景，根据输入的文档及问题文本，生成文本回答。,2023-8,generative ai,境内深度合成服务算法备案清单（2023年8月）.docx
智谱文本结构化生成算法,服务提供者,北京智谱华章科技有限公司,文本结构化生成器（网站）,应用于结构化文档生成场景，根据用户的文本诉求，通过深度合成模型，自动生成结构化文档。,2023-8,generative ai,境内深度合成服务算法备案清单（2023年8月）.docx
智谱多模态通用图生文算法,服务提供者,北京智谱华章科技有限公司,智谱清言（APP）,应用于智能对话场景，根据用户输入的文本、图片信息，生成符合用户预期的回答。,2023-8,generative ai,境内深度合成服务算法备案清单（2023年8月）.docx
红棉小冰语言模型算法,服务提供者,北京红棉小冰科技有限公司,小冰岛（APP）、X Eva（APP）,应用于文本生成场景，基于用户输入文本数据，实现自动文本摘要、机器翻译、问答对话生成等。,2023-8,generative ai,境内深度合成服务算法备案清单（2023年8月）.docx
小冰歌声合成算法,服务提供者,北京红棉小冰科技有限公司,小冰岛（APP）、X Eva（APP）,应用于歌声合成场景，根据用户输入的音符和歌词，生成符合用户需求的音频。,2023-8,generative ai,境内深度合成服务算法备案清单（2023年8月）.docx
小冰语音合成算法,服务提供者,北京红棉小冰科技有限公司,小冰岛（APP）、X Eva（APP）,应用于语音生成场景，根据输入的文本数据，实现文本转语音的功能。,2023-8,generative ai,境内深度合成服务算法备案清单（2023年8月）.docx
云知声语音合成算法,服务技术支持者,云知声智能科技股份有限公司,--,应用于语音合成场景，服务于企业端客户，根据用户输入的文本内容，通过深合学习和统计学习的方法，实现文本转语音的功能。,2023-8,generative ai,境内深度合成服务算法备案清单（2023年8月）.docx
云知声山海认知大模型算法,服务技术支持者,云知声智能科技股份有限公司,--,应用于智能对话场景，服务于企业端客户，根据用户输入的文本内容，应用对话模型，生成个性化文本回答。,2023-8,generative ai,境内深度合成服务算法备案清单（2023年8月）.docx
博特智能深度学习文本生成算法,服务技术支持者,北京信工博特智能科技有限公司,--,应用于文本生成场景，服务于企业端客户，基于用户输入文本数据，实现文章写作和续写功能。,2023-8,generative ai,境内深度合成服务算法备案清单（2023年8月）.docx
计算美学AIGC图像生成算法,服务提供者,北京计算美学科技有限公司,画宇宙AI商品作图（网站）、画宇宙（网站）,应用于图像生成场景，根据输入的文本、待处理图像、蒙版等，结合必要的图像分割、识别模块，经过图像生成模型，生成与输入匹配的图像。,2023-8,generative ai,境内深度合成服务算法备案清单（2023年8月）.docx
光速智学文本生成算法,服务提供者,光速智学（北京）科技有限公司,写作机器人（APP）,应用于文本生成场景，根据输入的文本请求，自动生成符合要求的文本回复。,2023-8,generative ai,境内深度合成服务算法备案清单（2023年8月）.docx
快手生成合成算法,服务提供者,北京快手科技有限公司,快手(APP)、streamlake (APP)、一甜相机(APP)、回森(APP)、快影(APP)、快手创作者版(APP)、噗叽(APP)、快手极速版(APP),应用于人脸特效生成场景，对用户上传的图像或视频中人脸内容进行编辑和重新生成，实现人脸属性编辑、人脸动作迁移、人体动作迁移、风格化转换等功能。,2023-8,generative ai,境内深度合成服务算法备案清单（2023年8月）.docx
WPSAI文本生成算法-1,服务提供者,北京金山办公软件股份有限公司,WPS AI（APP）,应用于文本生成场景，根据用户输入的文本信息，结合用户意图，实现文档写作、阅读理解、概括总结等功能。,2023-8,generative ai,境内深度合成服务算法备案清单（2023年8月）.docx
天工大语言模型算法,服务提供者,昆仑万维科技股份有限公司,天工AI助手(APP)、天工AI搜索(小程序)、天工AI助手(网站),应用于对话生成场景，根据用户输入的文本，结合上下文信息，生成相应的文本回复。,2023-8,generative ai,境内深度合成服务算法备案清单（2023年8月）.docx
文心大模型算法,服务提供者,北京百度网讯科技有限公司,文心一言（APP）、文心一言（网站）,应用于智能对话场景，根据用户提出的问题，结合上下文，生成相应的文字或多模态回答。,2023-8,generative ai,境内深度合成服务算法备案清单（2023年8月）.docx
文心大模型算法-2,服务技术支持者,北京百度网讯科技有限公司,--,应用于智能问答场景，服务于对话问答类企业端客户，根据用户提出的问题，结合上下文，生成相应的文本或多模态回答。,2023-8,generative ai,境内深度合成服务算法备案清单（2023年8月）.docx
百度数字人驱动算法,服务技术支持者,北京百度网讯科技有限公司,--,应用于数字人合成场景，服务于企业端客户，根据用户输入的文本、音频、视频等信息，结合深度学习、机器学习、图形学等领域知识，生成2D人像、3D写实、卡通形象等图片和视频。,2023-8,generative ai,境内深度合成服务算法备案清单（2023年8月）.docx
百度语音合成算法,服务技术支持者,北京百度网讯科技有限公司,--,应用于语音合成场景，服务于企业端客户，根据输入的文本数据，通过卷积神经网络、全链接网络搭建模型，实现文本转语音功能。,2023-8,generative ai,境内深度合成服务算法备案清单（2023年8月）.docx
好未来教育中英测评算法,服务技术支持者,北京世纪好未来教育科技有限公司,--,应用于在线教育场景，服务于企业端客户，根据输入的语音，结合语音识别模型与打分模型，输出语音得分。,2023-8,generative ai,境内深度合成服务算法备案清单（2023年8月）.docx
爱奇艺生成合成算法,服务提供者,北京爱奇艺科技有限公司,爱奇艺（APP）,应用于图像、视频生成场景，基于用户输入图片或视频数据，实现人脸属性编辑、人脸表情迁移、人体动作迁移等功能，生成图像、短视频内容。,2023-8,generative ai,境内深度合成服务算法备案清单（2023年8月）.docx
老照片鹏图智能修复算法,服务提供者,北京鹏图助梦科技有限公司,老照片修复（APP）,应用于图像生成场景，根据输入的图像，结合图像重建技术，生成修复后的图像。,2023-8,generative ai,境内深度合成服务算法备案清单（2023年8月）.docx
豆包大模型算法,服务提供者,北京抖音信息服务有限公司,番茄小说网(网站)、番茄畅听(APP)、懂车帝(APP)、河马教育(APP)、抖音短视频(APP)、西瓜视频(APP)、番茄小说(APP)、剪映(APP)、豆包(网站)、今日头条(APP)、Dreamina(网站)、悟空浏览器(APP)、番茄作家助手(APP)、飞书(APP),应用于智能对话、智能写作场景，根据用户输入的文本信息，生成相应的文本内容。,2023-8,generative ai,境内深度合成服务算法备案清单（2023年8月）.docx
火山引擎虚拟数字人算法,服务技术支持者,北京抖音信息服务有限公司,--,应用于虚拟数字人场景，服务于企业端客户，根据用户输入的文本内容，生成符合用户需求的数字人视频。,2023-8,generative ai,境内深度合成服务算法备案清单（2023年8月）.docx
出门问问语音合成类算法,服务提供者,出门问问信息科技有限公司,魔音工坊（网站）、奇妙元（网站）,应用于语音合成场景，根据用户输入文本数据生成对应语音。,2023-8,generative ai,境内深度合成服务算法备案清单（2023年8月）.docx
序列猴子大模型算法,服务技术支持者,出门问问信息科技有限公司,--,应用于智能问答、智能写作场景，服务于企业端客户，提供根据输入的文本诉求，生成与之相关的文本内容的功能。,2023-8,generative ai,境内深度合成服务算法备案清单（2023年8月）.docx
东港-生成合成算法,服务技术支持者,北京东港瑞宏科技有限公司,--,应用于文本生成场景，服务于合成类企业端客户，提供根据输入的文本，结合领域专业知识库，生成文本内容的功能。,2023-8,generative ai,境内深度合成服务算法备案清单（2023年8月）.docx
京东智能语音外呼算法,服务提供者,京东科技信息技术有限公司,京东智能语音外呼（网站）,应用于智能客服场景，通过输入的语音、文本，生成语音智能对话。,2023-8,generative ai,境内深度合成服务算法备案清单（2023年8月）.docx
京东言犀大模型内容生成算法,服务技术支持者,京东科技信息技术有限公司,--,应用于智能对话、文本内容生成场景，服务于企业端客户，提供根据用户输入的文本诉求，生成与之相关的文本内容的功能。,2023-8,generative ai,境内深度合成服务算法备案清单（2023年8月）.docx
京东数字人形象合成算法,服务提供者,京东科技信息技术有限公司,言犀数字人AIGC内容平台（网站）,应用于数字人场景，根据输入的文本信息，结合语音合成、唇形预测、人脸生成、图像合成算法，生成数字人视频。,2023-8,generative ai,境内深度合成服务算法备案清单（2023年8月）.docx
韭圈儿生成合成算法,服务提供者,天津爱斯基信息科技有限公司,韭圈儿（小程序）、韭圈儿（APP）、韭圈儿（网站）,应用于智能客服场景，根据用户咨询内容，结合智能客服知识库，生成文本回复。,2023-8,generative ai,境内深度合成服务算法备案清单（2023年8月）.docx
灵犀AI绘画生成合成算法,服务提供者,长春灵犀智能科技有限公司,AI绘画师（APP）,应用于图像生成场景，根据用户对图像的诉求文本，结合选择的主题风格，生成图像。,2023-8,generative ai,境内深度合成服务算法备案清单（2023年8月）.docx
应事视频合成算法-1,服务提供者,上海稀宇科技有限公司,应事（APP）,应用于视频合成场景，根据用户输入的文本内容，结合历史对话数据，生成符合用户需求的视频。,2023-8,generative ai,境内深度合成服务算法备案清单（2023年8月）.docx
应事图片合成算法-1,服务提供者,上海稀宇科技有限公司,应事（APP）,应用于图片合成场景，根据用户输入的文本内容，结合历史对话数据，生成符合用户需求的图片。,2023-8,generative ai,境内深度合成服务算法备案清单（2023年8月）.docx
应事图片合成算法-2,服务技术支持者,上海稀宇科技有限公司,--,应用于图片合成场景，服务于企业端客户，根据用户输入的文本内容，结合历史对话数据，生成符合用户需求的图片。,2023-8,generative ai,境内深度合成服务算法备案清单（2023年8月）.docx
应事视频合成算法-2,服务技术支持者,上海稀宇科技有限公司,--,应用于视频合成场景，服务于企业端客户，根据用户输入的文本内容，结合历史对话数据，生成符合用户需求的视频。,2023-8,generative ai,境内深度合成服务算法备案清单（2023年8月）.docx
应事文本信息合成算法-1,服务提供者,上海稀宇科技有限公司,应事（APP）,应用于文本生成场景，根据用户输入的文本指令，结合上下文信息，生成符合用户要求的文本。,2023-8,generative ai,境内深度合成服务算法备案清单（2023年8月）.docx
应事文本信息合成算法-2,服务技术支持者,上海稀宇科技有限公司,--,应用于文本生成场景，服务于企业端客户，根据用户输入的文本指令，结合上下文信息，生成符合用户要求的文本。,2023-8,generative ai,境内深度合成服务算法备案清单（2023年8月）.docx
商汤秒画内容生成算法,服务提供者,上海商汤智能科技有限公司,秒画AIGC生成平台（网站）,应用于图像生成场景，根据用户输入文本、图像数据实现文生图、图生图等功能。,2023-8,generative ai,境内深度合成服务算法备案清单（2023年8月）.docx
商量大语言模型,服务提供者,上海商汤智能科技有限公司,商量大语言模型（网站）,应用于对话生成场景，根据用户输入文本内容及要求实现内容生成、内容概括、逻辑推理、内容改写、推荐建议等。,2023-8,generative ai,境内深度合成服务算法备案清单（2023年8月）.docx
商汤格物高精度重建算法,服务提供者,上海商汤智能科技有限公司,商汤格物（APP）,应用于三维场景的图像生成，基于体渲染实现对商品等物体任意角度的三维图像合成。,2023-8,generative ai,境内深度合成服务算法备案清单（2023年8月）.docx
商汤2D数字人合成算法,服务技术支持者,上海商汤智能科技有限公司,--,应用于数字人合成场景，服务于企业端客户，基于文本转语音技术、语音识别技术、数字人口型特征画面合成技术，生成2D数字人视频。,2023-8,generative ai,境内深度合成服务算法备案清单（2023年8月）.docx
商汤琼宇场景生成算法,服务技术支持者,上海商汤智能科技有限公司,--,应用于虚拟场景生成，根据输入的场景视频，结合提取的参数，合成三维场景。,2023-8,generative ai,境内深度合成服务算法备案清单（2023年8月）.docx
如影2D数字人合成算法,服务提供者,上海商汤智能科技有限公司,如影2D数字人（APP）,应用于虚拟人物生成场景，根据输入的视频或文本，生成2D数字人形象和声音。,2023-8,generative ai,境内深度合成服务算法备案清单（2023年8月）.docx
商汤AI代码生成算法,服务提供者,上海商汤智能科技有限公司,商汤AI代码助手（网站）,应用于代码生成场景，根据用户输入的文本信息，生成符合用户预期的代码、文本内容。,2023-8,generative ai,境内深度合成服务算法备案清单（2023年8月）.docx
商汤Avatar半身全身驱动算法,服务技术支持者,上海商汤智能科技有限公司,--,应用于虚拟数字人场景，服务于企业端客户，根据输入的图片、视频数据，通过动作、姿态捕捉等技术，生成虚拟数字人。,2023-8,generative ai,境内深度合成服务算法备案清单（2023年8月）.docx
朵拉之眼生成合成算法,服务提供者,上海芯赛云计算科技有限公司,朵拉之眼（APP）,应用于图像生成场景，根据输入的人脸图像，结合模板，生成与输入相关的个性化图像。,2023-8,generative ai,境内深度合成服务算法备案清单（2023年8月）.docx
小船智绘绘图生成合成算法,服务提供者,小船创意（上海）网络技术有限公司,小船智绘（APP）,应用于图片生成场景，根据用户输入的文本输入，通过扩散模型，生成符合用户需求的图片。,2023-8,generative ai,境内深度合成服务算法备案清单（2023年8月）.docx
小船智图绘图生成合成算法,服务技术支持者,小船创意（上海）网络技术有限公司,--,应用于图片生成场景，服务于企业端客户，根据用户输入的文本信息，通过扩散模型，生成符合用户需求的图片。,2023-8,generative ai,境内深度合成服务算法备案清单（2023年8月）.docx
MetaLLM大语言模型文本生成算法,服务提供者,上海秘塔网络科技有限公司,秘塔AI搜索(APP)、秘塔AI搜索(小程序)、秘塔写作猫(网站)、MetaLaw(网站)、秘塔写作猫(小程序)、秘塔AI搜索(网站)、秘塔写作猫(APP)、今天学点啥(网站)、今天学点啥(APP),应用于文本生成场景，根据用户输入的文本要求，实现篇章生成、风格转换、文本纠错、机器翻译等功能。,2023-8,generative ai,境内深度合成服务算法备案清单（2023年8月）.docx
换颜AI视频合成算法,服务提供者,上海鱼腥草信息科技有限公司,换颜（APP）,应用于图像、视频生成场景，根据输入的人脸图像，生成融合了人脸的图像、视频。,2023-8,generative ai,境内深度合成服务算法备案清单（2023年8月）.docx
如意消费类内容合成算法,服务提供者,上海昶廿信息科技有限公司,如意（APP）,应用于智能对话场景，根据用户输入的文本信息，结合用户行为数据、商品数据，生成符合用户需求的答复。,2023-8,generative ai,境内深度合成服务算法备案清单（2023年8月）.docx
华为软件技术有限公司智慧助手大模型算法,服务提供者,华为软件技术有限公司,智慧助手（小艺）（APP）,应用于智能对话、设备控制场景，根据输入的语音、文本等信息，通过分词、问题特征提取等过程，生成符合用户意图的答复或相应的执行动作。,2023-8,generative ai,境内深度合成服务算法备案清单（2023年8月）.docx
视觉中国大像AI图像生成算法,服务提供者,汉华易美视觉科技有限公司,VCG（网站）,应用于图像生成场景，根据输入的文本或图像，结合图像修改参数，生成二次创作的图像。,2023-8,generative ai,境内深度合成服务算法备案清单（2023年8月）.docx
视觉中国灵感绘图算法,服务提供者,汉华易美视觉科技有限公司,VEER（网站）、VCG（网站）,应用于图像生成场景，根据输入的文本、提示词及设置参数，结合图像生成模型，生成与输入相关的新图像。,2023-8,generative ai,境内深度合成服务算法备案清单（2023年8月）.docx
西湖大模型内容生成算法,服务提供者,西湖心辰（杭州）科技有限公司,FRIDAY智能写作（网站）,应用于文本生成场景，根据输入的提示词文本，生成与之相关的文本。,2023-8,generative ai,境内深度合成服务算法备案清单（2023年8月）.docx
支付宝智能对话生成算法,服务提供者,支付宝（杭州）信息技术有限公司,蚂蚁灵光(网站)、支付宝智能助理(APP)、支付宝我的客服(APP)、支小宝(APP)、蚂蚁灵光(APP),应用于智能对话场景，根据用户输入的诉求，结合知识库和上下文信息，生成相应的答复。,2023-8,generative ai,境内深度合成服务算法备案清单（2023年8月）.docx
光海AI问答算法,服务提供者,杭州光海科技有限公司,Talking Ai（公众账号）,应用于对话生成场景，基于用户输入文本数据，实现文本生成、摘要、翻译、问答功能。,2023-8,generative ai,境内深度合成服务算法备案清单（2023年8月）.docx
网易伏羲虚拟人生成算法,服务技术支持者,网易（杭州）网络有限公司,--,应用于虚拟人生成场景，服务于企业端客户，根据用户输入的图片或文本数据，生成3D虚拟人像；根据用户输入的语音或文本数据，生成3D虚拟人视频。,2023-8,generative ai,境内深度合成服务算法备案清单（2023年8月）.docx
网易伏羲图像生成算法,服务技术支持者,网易（杭州）网络有限公司,--,应用于图像生成场景，服务于企业端客户，根据用户预设提示文字和参考图片，生成特定风格图像。,2023-8,generative ai,境内深度合成服务算法备案清单（2023年8月）.docx
网易伏羲文本生成算法,服务技术支持者,网易（杭州）网络有限公司,--,应用于文本生成场景，服务于文本生成和对话问答类企业端客户，根据用户提出的问题，结合上下文，生成相应的文本。,2023-8,generative ai,境内深度合成服务算法备案清单（2023年8月）.docx
达摩院语音合成算法,服务技术支持者,阿里巴巴达摩院（杭州）科技有限公司,--,应用于语音生成场景，服务于企业端客户，根据用户输入文本数据，生成用于语音助手、智能客服、语音交互、教育培训等领域的音频信息。,2023-8,generative ai,境内深度合成服务算法备案清单（2023年8月）.docx
达摩院虚拟试衣合成算法,服务技术支持者,阿里巴巴达摩院（杭州）科技有限公司,--,应用于虚拟人像场景，服务于企业端客户，基于3D物理仿真和人体姿态估计算法，生成虚拟试衣图像。,2023-8,generative ai,境内深度合成服务算法备案清单（2023年8月）.docx
达摩院人脸融合合成算法,服务技术支持者,阿里巴巴达摩院（杭州）科技有限公司,--,应用于人脸编辑场景，服务于企业端客户，根据用户输入的图片、视频信息，通过人脸检测、特征识别等技术，实现人脸融合功能。,2023-8,generative ai,境内深度合成服务算法备案清单（2023年8月）.docx
天猫精灵数字人开放域自然对话技术,服务提供者,浙江艾克斯精灵人工智能科技有限公司,天猫精灵系列智能音箱产品（其他）,应用于对话生成场景，根据用户历史对话内容，生成文本智能回答。,2023-8,generative ai,境内深度合成服务算法备案清单（2023年8月）.docx
天猫精灵聊天及语音合成算法,服务提供者,浙江艾克斯精灵人工智能科技有限公司,天猫精灵系列智能音箱产品（其他）,应用于对话生成场景，根据用户输入语音信息，通过语音合成生成人机交互音频。,2023-8,generative ai,境内深度合成服务算法备案清单（2023年8月）.docx
淘宝小蜜智能客服算法,服务提供者,浙江淘宝网络有限公司,手机淘宝（APP）,应用于在线智能客服场景，识别文字或语音问题，结合智能客服知识库，生成文本、图像、音频、视频等形式的回答。,2023-8,generative ai,境内深度合成服务算法备案清单（2023年8月）.docx
触手AI图像合成算法,服务提供者,杭州水母智能科技有限公司,触手AI（APP）、触手AI专业版（网站）、触手AI（小程序）等,应用于图像生成场景，根据输入的图像，结合图像修复算法，生成修复图像。,2023-8,generative ai,境内深度合成服务算法备案清单（2023年8月）.docx
文熙语音合成算法,服务提供者,合肥扬鑫科技有限公司,配音神器（APP）,应用于语音合成场景，根据用户输入文本数据，生成模拟人声。,2023-8,generative ai,境内深度合成服务算法备案清单（2023年8月）.docx
长留SimSwap换脸合成算法,服务技术支持者,合肥长留科技有限公司,秀趣图（APP）,应用于人脸图像、视频生成场景，匹配人脸数据和模板，生成替换人脸后的图像或视频。,2023-8,generative ai,境内深度合成服务算法备案清单（2023年8月）.docx
科大讯飞语音合成算法,服务技术支持者,科大讯飞股份有限公司,--,应用于语音生成场景，服务于企业端客户，基于音频生成模型，提供文本转人声功能。,2023-8,generative ai,境内深度合成服务算法备案清单（2023年8月）.docx
科大讯飞虚拟人合成算法,服务技术支持者,科大讯飞股份有限公司,--,应用于虚拟人合成场景，服务于企业端客户，根据用户输入的文本、音频信息，通过3D人脸参数提取、语音声学特征提取、语音驱动口唇动作生成、人脸视频合成等技术，生成数字虚拟人视频。,2023-8,generative ai,境内深度合成服务算法备案清单（2023年8月）.docx
讯飞星火认知大模型算法-SparkDesk,服务提供者,科大讯飞股份有限公司,讯飞星火（小程序）、讯飞星火认知大模型（网站）、讯飞星火（APP）,应用于智能对话场景，利用文本、代码、prompt数据及用户反馈数据训练AI大模型，提供文本生成服务。,2023-8,generative ai,境内深度合成服务算法备案清单（2023年8月）.docx
司云涯图像修复算法,服务提供者,合肥司云涯信息科技有限公司,老照片修复王（APP）,应用于图像修复场景，使用生成对抗网络对用户输入的损坏图像进行修复，生成质量提高后的图像。,2023-8,generative ai,境内深度合成服务算法备案清单（2023年8月）.docx
思汉音频降噪算法,服务提供者,厦门思汉信息科技有限公司,录音文字王（APP）,应用于音频降噪场景，基于用户输入音频内容去除噪音，提高语音清晰度和音频质量。,2023-8,generative ai,境内深度合成服务算法备案清单（2023年8月）.docx
美图数字人驱动算法,服务提供者,厦门鸿天创视科技有限公司,DreamAvatar（APP）,应用于数字人场景，根据输入的图片、视频数据，结合表情驱动、唇型驱动、人体驱动、人手驱动等技术，生成数字人视频。,2023-8,generative ai,境内深度合成服务算法备案清单（2023年8月）.docx
美柚织女大模型算法,服务提供者,厦门美柚股份有限公司,美柚（APP）,应用于对话生成场景，根据用户输入的文本内容，应用对话模型，生成个性化文本回答。,2023-8,generative ai,境内深度合成服务算法备案清单（2023年8月）.docx
美图奇想智能视觉大模型算法-MiracleVision,服务提供者,厦门美图网科技有限公司,美图秀秀（APP）、wink（APP）、whee（网站）等,应用于图像生成场景，根据用户输入的文本、图片等信息，利用扩散模型等生成式技术，生成符合用户需求的图片。,2023-8,generative ai,境内深度合成服务算法备案清单（2023年8月）.docx
荣发一键换脸生成合成算法,服务提供者,晋江荣发信息科技有限公司,一键换脸（APP）,应用于人脸图像、视频生成场景，调用腾讯人脸融合API，匹配人脸数据和模板，生成人脸图像或视频。,2023-8,generative ai,境内深度合成服务算法备案清单（2023年8月）.docx
笔杆论文思路辅助算法,服务提供者,武汉莱博信息技术有限公司,笔杆论文App（APP）,应用于智能写作场景，根据输入的文本，结合语义和语法规则，自动生成新文本。,2023-8,generative ai,境内深度合成服务算法备案清单（2023年8月）.docx
夸克图像文字识别算法,服务提供者,广州市动悦信息技术有限公司,夸克（APP）,应用于图像文字识别场景，服务于企业端客户，根据输入的图像，结合文字检测识别技术，输出图像中文字。,2023-8,generative ai,境内深度合成服务算法备案清单（2023年8月）.docx
夸克智能小蜜客服机器人,服务提供者,广州市动悦信息技术有限公司,夸克（APP）,应用于智能客服场景，根据输入的咨询内容，结合知识库，生成答案。,2023-8,generative ai,境内深度合成服务算法备案清单（2023年8月）.docx
网易AILab文本生成算法,服务技术支持者,广州网易计算机系统有限公司,--,应用于文本生成场景，服务于智能对话类的企业端客户，根据用户输入文本提示内容，生成智能文本回答或关联文案。,2023-8,generative ai,境内深度合成服务算法备案清单（2023年8月）.docx
网易AILab数字人生成算法,服务技术支持者,广州网易计算机系统有限公司,--,应用于数字人生成场景，根据用户输入的文本、语音、视频数据，生成虚拟数字人视频。,2023-8,generative ai,境内深度合成服务算法备案清单（2023年8月）.docx
网易AILab语音生成算法,服务技术支持者,广州网易计算机系统有限公司,--,应用于语音生成场景，服务于企业端客户，基于音频生成模型，提供语音生成、配音转录、歌声合成、制定目标音色转化功能。,2023-8,generative ai,境内深度合成服务算法备案清单（2023年8月）.docx
网易AILab图像视频生成算法,服务技术支持者,广州网易计算机系统有限公司,--,应用于图像、视频风格转换、虚拟形象生成场景，服务于企业端客户，根据用户输入的文字、参考图片、视频等信息，生成特定风格的图像和视频。,2023-8,generative ai,境内深度合成服务算法备案清单（2023年8月）.docx
唱鸭文字生成音乐算法,服务提供者,广州欢城文化传媒有限公司,唱鸭（APP）,应用于音乐生成场景，根据输入的文本，结合旋律生成、音频合成技术，生成音乐音频。,2023-8,generative ai,境内深度合成服务算法备案清单（2023年8月）.docx
银河文本信息合成算法-1,服务提供者,广州极目未来文化科技有限公司,Galaxy bot（网站）,应用于智能对话场景，根据用户输入文本和历史对话数据，生成智能文本问答。,2023-8,generative ai,境内深度合成服务算法备案清单（2023年8月）.docx
银河文本信息合成算法-2,服务技术支持者,广州极目未来文化科技有限公司,--,应用于智能对话场景，为第三方企业提供接口，根据用户输入文本和历史对话数据，生成智能文本问答。,2023-8,generative ai,境内深度合成服务算法备案清单（2023年8月）.docx
云从从容大模型算法,服务提供者,云从科技集团股份有限公司,云从从容大模型官网（网站）,应用于智能对话场景，根据输入的文本、图片、音频、视频，使用多模态大模型，生成与之相关的文本、图片、音频、视频等形式的回答。,2023-8,generative ai,境内深度合成服务算法备案清单（2023年8月）.docx
AI来客宝视频合成算法,服务技术支持者,广州华数云计算有限公司,--,应用于视频合成场景，服务于企业端客户，提供根据输入的文本、音频、视频等原始视频素材，结合视频合成模型，生成视频的功能。,2023-8,generative ai,境内深度合成服务算法备案清单（2023年8月）.docx
腾讯XMusic算法,服务技术支持者,深圳市腾讯计算机系统有限公司,--,应用于音乐生成场景，服务于企业端客户，根据输入的文本、音频、视频，生成音乐。,2023-8,generative ai,境内深度合成服务算法备案清单（2023年8月）.docx
腾讯云智能数智人算法,服务技术支持者,深圳市腾讯计算机系统有限公司,--,应用于虚拟人物生成场景，服务于企业端客户，根据输入的文本、音频、视频，生成复刻了客户形象的音频、视频。,2023-8,generative ai,境内深度合成服务算法备案清单（2023年8月）.docx
腾讯云AI绘画算法,服务技术支持者,深圳市腾讯计算机系统有限公司,--,应用于图像生成场景，服务于图像生成类的企业端客户，根据输入的文本或图像，生成图像。,2023-8,generative ai,境内深度合成服务算法备案清单（2023年8月）.docx
腾讯混元大模型算法,服务技术支持者,深圳市腾讯计算机系统有限公司,--,应用于智能对话场景，服务于对话问答类企业端客户，根据用户提出的问题，结合上下文，生成相应的文本。,2023-8,generative ai,境内深度合成服务算法备案清单（2023年8月）.docx
腾讯云行业大模型算法,服务技术支持者,深圳市腾讯计算机系统有限公司,--,应用于对话生成场景，服务于企业端客户，根据用户输入的文本问题，生成相应的文本答复内容。,2023-8,generative ai,境内深度合成服务算法备案清单（2023年8月）.docx
深信服安全文本生成算法,服务提供者,深信服科技股份有限公司,深信服可扩展检测响应平台XDR（网站）,应用于智能对话场景，根据用户输入的文本信息，通过大语言模型，生成符合用户需求的文本回复。,2023-8,generative ai,境内深度合成服务算法备案清单（2023年8月）.docx
Giiso文本生成算法,服务提供者,深圳市智搜信息技术有限公司,Giiso写作机器人（网站）,应用于文本生成场景，根据用户输入的文本要求，实现新闻、报道、评论等文本内容的生成。,2023-8,generative ai,境内深度合成服务算法备案清单（2023年8月）.docx
趣推科技唇形生成融合算法,服务提供者,深圳市趣推科技有限公司,闪剪（APP）,应用于数字人生成场景，根据用户输入的文本、语音、视频数据，提取音频语音特征映射到人脸特征中，生成虚拟数字人的唇形动作。,2023-8,generative ai,境内深度合成服务算法备案清单（2023年8月）.docx
华为云盘古多模态大模型算法,服务技术支持者,华为云计算技术有限公司,--,应用于多模态内容生成场景，服务于对话问答类的企业端客户，通过API提供根据输入的文本生成文本、图片等形式答案的功能。,2023-8,generative ai,境内深度合成服务算法备案清单（2023年8月）.docx
华为云盘古NLP大模型算法,服务技术支持者,华为云计算技术有限公司,--,应用于文本内容生成场景，服务于内容生成类的企业端客户，通过API提供根据输入的文本内容，结合行业业务场景，生成相关文本的功能。,2023-8,generative ai,境内深度合成服务算法备案清单（2023年8月）.docx
华为云MetaStudio数字人照片建模算法,服务技术支持者,华为云计算技术有限公司,--,应用于虚拟形象生成场景，服务于企业端客户，根据用户输入的人像图片，生成3D数字人模型。,2023-8,generative ai,境内深度合成服务算法备案清单（2023年8月）.docx
唱吧排序精选算法,排序精选类,北京小唱科技有限公司,唱吧（APP）,用于歌手、作品、财富等榜单，精选时间段内作者、作品，通过热度、礼物总数、演唱次数等进行排序。,2023-4,algorithmic service,境内互联网信息服务算法备案清单（2023年4月）.docx
陌陌平台个性化推荐类算法,个性化推送类,北京陌陌科技有限公司,MOMO（APP）,应用于内容推荐，通过用户行为数据，推荐用户可能感兴趣的动态内容或直播。,2023-4,algorithmic service,境内互联网信息服务算法备案清单（2023年4月）.docx
陌陌平台内容安全类算法,检索过滤类,北京陌陌科技有限公司,MOMO（APP）,对平台上发布的文字、图片、音视频进行内容安全风险识别，发现和处置违法违规信息内容。,2023-4,algorithmic service,境内互联网信息服务算法备案清单（2023年4月）.docx
豌豆公主个性化商品推荐算法,个性化推送类,北京良市无际科技有限公司,豌豆公主（APP）,应用于商品推荐，通过用户行为数据、商品数据，推荐用户可能感兴趣的商品信息。,2023-4,algorithmic service,境内互联网信息服务算法备案清单（2023年4月）.docx
值得买推荐算法,个性化推送类,北京值得买科技股份有限公司,什么值得买（APP、网站）,应用于商品推荐、内容推荐，通过用户人口属性、行为数据、内容属性，推荐用户可能感兴趣的商品和内容。,2023-4,algorithmic service,境内互联网信息服务算法备案清单（2023年4月）.docx
值得买排行榜榜单排序算法,排序精选类,北京值得买科技股份有限公司,什么值得买（APP、网站）,用于好价文章、热卖、热评等榜单、精选，使用实时数据，通过对电商维度、互动维度、流量维度、文章维度等指标进行加权排序。,2023-4,algorithmic service,境内互联网信息服务算法备案清单（2023年4月）.docx
值得买搜索排序算法,检索过滤类,北京值得买科技股份有限公司,什么值得买（APP、网站、小程序）,应用于商品及内容信息检索，通过用户输入的查询词结合用户画像、内容画像，搜索满足需求的商品及内容。,2023-4,algorithmic service,境内互联网信息服务算法备案清单（2023年4月）.docx
六间房秀场频道内容个性化推荐算法,个性化推送类,北京花房科技有限公司,六间房秀场（APP）,应用于文本、图片、视频、直播推荐，通过用户属性信息、用户行为数据，推荐用户可能感兴趣的内容。,2023-4,algorithmic service,境内互联网信息服务算法备案清单（2023年4月）.docx
五八同城个性化推荐算法,个性化推送类,北京五八信息技术有限公司,58同城（APP）,应用于信息流推荐，通过用户授权信息、设备信息、服务日志信息，推荐用户可能感兴趣的内容。,2023-4,algorithmic service,境内互联网信息服务算法备案清单（2023年4月）.docx
爱奇艺个性化推荐算法,个性化推送类,北京爱奇艺科技有限公司,爱奇艺奇巴布(APP)、爱奇艺极速版(APP)、爱奇艺小说(APP)、爱奇艺(APP)、爱奇艺叭嗒(APP)、爱奇艺随刻(APP),应用于图文音视频推荐，通过用户属性信息、用户行为数据，推荐用户可能感兴趣的服务内容。,2023-4,algorithmic service,境内互联网信息服务算法备案清单（2023年4月）.docx
爱奇艺搜索算法,检索过滤类,北京爱奇艺科技有限公司,爱奇艺（APP）,应用于视听内容、服务信息检索，通过用户输入的查询词结合用户画像、内容画像，搜索满足需求的内容。,2023-4,algorithmic service,境内互联网信息服务算法备案清单（2023年4月）.docx
爱奇艺内容安全算法,检索过滤类,北京爱奇艺科技有限公司,爱奇艺（APP）,对平台上发布的图文、音视频进行内容安全风险识别，发现和处置违法违规信息内容。,2023-4,algorithmic service,境内互联网信息服务算法备案清单（2023年4月）.docx
赶集直招个性化推荐算法,个性化推送类,山景科创网络技术（北京）有限公司,赶集直招（APP）,应用于职位信息推荐，通过用户授权信息、设备信息、服务日志信息，推荐用户可能感兴趣的内容。,2023-4,algorithmic service,境内互联网信息服务算法备案清单（2023年4月）.docx
京东商品个性化推送算法,个性化推送类,北京京东叁佰陆拾度电子商务有限公司,京东商城（APP）,应用于商品推荐，通过用户浏览、购买等行为数据，推荐用户可能感兴趣的商品。,2023-4,algorithmic service,境内互联网信息服务算法备案清单（2023年4月）.docx
滴滴用车服务分单算法,调度决策类,滴滴出行科技有限公司,滴滴出行(APP)、滴滴车主(APP)、滴滴出行(小程序),用于网约车派单场景，将待找车订单与可派单司机进行最优匹配，最终为网约车订单匹配司机。,2023-4,algorithmic service,境内互联网信息服务算法备案清单（2023年4月）.docx
滴滴网约车供需折扣算法,调度决策类,滴滴出行科技有限公司,滴滴出行（APP、小程序）,用于网约车订单折扣场景，结合订单所在时间、空间需求情况进行订单折扣发放。,2023-4,algorithmic service,境内互联网信息服务算法备案清单（2023年4月）.docx
滴滴路径规划算法,调度决策类,滴滴出行科技有限公司,滴滴出行（APP、小程序）,用于网约车场景，预估里程价格、计算司机到乘客的距离，为用户提供一至三条最优出行路线。,2023-4,algorithmic service,境内互联网信息服务算法备案清单（2023年4月）.docx
携程检索算法,检索过滤类,上海敏程信息技术有限公司,携程旅行（APP）,应用于商品、内容检索，通过用户输入的查询词、位置信息、设备信息、用户行为信息，搜索满足需求的商品及内容。,2023-4,algorithmic service,境内互联网信息服务算法备案清单（2023年4月）.docx
哔哩哔哩首页推荐算法,个性化推送类,上海宽娱数码科技有限公司,哔哩哔哩（APP）,应用于视频信息流推荐、内容推荐、直播推荐，通过用户行为数据、场景信息、上下文信息，推荐用户可能感兴趣的视频、直播。,2023-4,algorithmic service,境内互联网信息服务算法备案清单（2023年4月）.docx
哔哩哔哩内容安全算法,检索过滤类,上海宽娱数码科技有限公司,哔哩哔哩（APP）,对平台上发布的图文、音频、音频进行内容安全风险识别，发现和处置违法违规信息内容。,2023-4,algorithmic service,境内互联网信息服务算法备案清单（2023年4月）.docx
TapTap个性化推送算法,个性化推送类,易玩（上海）网络科技有限公司,TapTap（APP、网站）,应用于游戏、内容推荐，通过用户行为数据、脱敏的个人信息数据，推荐用户可能感兴趣的游戏、内容。,2023-4,algorithmic service,境内互联网信息服务算法备案清单（2023年4月）.docx
TapTap内容安全算法,检索过滤类,易玩（上海）网络科技有限公司,TapTap（APP、网站）,对平台上发布的信息进行内容安全风险识别，发现和处置违法违规信息内容。,2023-4,algorithmic service,境内互联网信息服务算法备案清单（2023年4月）.docx
喜马拉雅内容推荐算法,个性化推送类,上海喜马拉雅科技有限公司,喜马拉雅（APP）,应用于信息流推荐，通过用户行为数据，推荐用户可能感兴趣的内容。,2023-4,algorithmic service,境内互联网信息服务算法备案清单（2023年4月）.docx
米思米工业品技术信息推荐算法,个性化推送类,米思米（中国）精密机械贸易有限公司,米思米闪购商城（APP、网站）,应用于信息内容推荐，通过用户行为数据，推荐用户可能感兴趣的商品信息、技术信息或商业短信。,2023-4,algorithmic service,境内互联网信息服务算法备案清单（2023年4月）.docx
米思米电商网站搜索排序算法,检索过滤类,米思米（中国）精密机械贸易有限公司,米思米闪购商城（APP、网站）,应用于商品、技术信息检索，通过用户输入的查询词、用户注册信息、历史行为数据，搜索满足需求的内容。,2023-4,algorithmic service,境内互联网信息服务算法备案清单（2023年4月）.docx
华为浏览器个性化推送算法,个性化推送类,华为软件技术有限公司,华为浏览器（APP）,应用于信息流推荐，通过用户浏览、点击等历史行为数据，推荐用户可能感兴趣的内容。,2023-4,algorithmic service,境内互联网信息服务算法备案清单（2023年4月）.docx
酷秀短视频精选内容排序算法,排序精选类,苏州酷秀互娱网络科技有限公司,酷秀短视频（APP）,用于直播、聊天室榜单，精选优质直播间或聊天室，通过对内容质量、人气、互动氛围、主播等级等维度进行排序。,2023-4,algorithmic service,境内互联网信息服务算法备案清单（2023年4月）.docx
支付宝客户端搜索算法,检索过滤类,支付宝（杭州）信息技术有限公司,支付宝（APP）,应用于小程序、内容、基金产品等检索，通过用户输入的搜索词结合用户行为及喜好数据，搜索满足需求的内容。,2023-4,algorithmic service,境内互联网信息服务算法备案清单（2023年4月）.docx
医鹿内容安全类算法,检索过滤类,杭州康淘信息技术有限公司,医鹿（APP）,对平台上发布的文本、图片、音频、视频等信息进行内容安全风险识别，发现和处置违法违规信息内容。,2023-4,algorithmic service,境内互联网信息服务算法备案清单（2023年4月）.docx
淘特推荐算法,个性化推送类,杭州拣值了电子商务有限公司,淘特（APP）,应用于商品、服务等信息推荐，通过用户历史行为数据、设备信息、服务日志信息、经用户授权的个人信息，推荐用户可能感兴趣的内容。,2023-4,algorithmic service,境内互联网信息服务算法备案清单（2023年4月）.docx
淘特信息检索算法,检索过滤类,杭州拣值了电子商务有限公司,淘特（APP）,应用于商品、服务信息检索，通过用户输入的搜索词，搜索满足需求的内容。,2023-4,algorithmic service,境内互联网信息服务算法备案清单（2023年4月）.docx
淘特内容安全算法,检索过滤类,杭州拣值了电子商务有限公司,淘特（APP）,对平台上发布的文本、图片、音频、视频等信息进行内容安全风险识别，发现和处置违法违规信息内容。,2023-4,algorithmic service,境内互联网信息服务算法备案清单（2023年4月）.docx
飞猪个性化检索算法,检索过滤类,杭州淘美航空服务有限公司,飞猪旅行（APP、网站、小程序）,应用于商品、服务信息检索，通过用户输入的搜索词结合关键词特征、商品特征、用户行为数据，搜索满足需求的内容。,2023-4,algorithmic service,境内互联网信息服务算法备案清单（2023年4月）.docx
屈臣氏自有电商平台推荐算法,个性化推送类,武汉屈臣氏个人用品商店有限公司,屈臣氏（APP、小程序）,应用于商品、内容推荐，通过用户行为数据、用户画像，推荐用户可能感兴趣的商品或文章。,2023-4,algorithmic service,境内互联网信息服务算法备案清单（2023年4月）.docx
迷你世界作品推荐算法,个性化推送类,深圳市迷你玩科技有限公司,迷你世界（APP）,应用于作品推荐，通过设备信息、位置信息、用户行为数据，推荐用户可能感兴趣的内容。,2023-4,algorithmic service,境内互联网信息服务算法备案清单（2023年4月）.docx
迅雷直播个性化推送算法,个性化推送类,深圳市迅雷网文化有限公司,迅雷直播（APP）,应用于直播推荐，通过用户行为数据、主播基本信息、主播直播间统计数据，推荐用户可能感兴趣的直播内容。,2023-4,algorithmic service,境内互联网信息服务算法备案清单（2023年4月）.docx
vivo浏览器内容推荐算法,个性化推送类,广东天宸网络科技有限公司,vivo浏览器（APP）,应用于信息流推荐，通过设备信息、用户消费数据，推荐用户可能感兴趣的咨询、音视频、小说、短视频。,2023-4,algorithmic service,境内互联网信息服务算法备案清单（2023年4月）.docx
华为商城商品搜索排序算法,检索过滤类,华为终端有限公司,华为商城（APP）,应用于商品、店铺检索，通过用户输入的搜索词结合用户历史喜好，搜索满足需求的商品及内容。,2023-4,algorithmic service,境内互联网信息服务算法备案清单（2023年4月）.docx
嘉之亨内容生成算法,服务提供者,深圳嘉之亨科技有限公司,儿时故事(小程序),应用于视频生成场景，根据用户输入的文本信息，生成符合用户需求的视频内容。,2024-8,generative ai,境内深度合成服务算法备案清单（2024年8月）.docx
ChatGript图生图算法,服务提供者,海口穿杨网络科技有限公司,ChatGript(网站)、ChatGript(小程序)、ChatGript(APP),应用于图片生成场景，根据用户输入的文本信息，图片生成符合用户需求的图片内容。,2024-8,generative ai,境内深度合成服务算法备案清单（2024年8月）.docx
大明白大语言模型算法,服务技术支持者,上海卓越睿新数码科技 股份有限公司,--,应用于文本生成场景，服务于企业端客户，根据用户输入的主题、要求、参考资料等原始素材，生成满足用户期待的结构化文本。,2024-8,generative ai,境内深度合成服务算法备案清单（2024年8月）.docx
智己多模态AI视觉图像生成式算法,服务提供者,智己汽车科技有限公司,IM智己(APP)、IM大模型(APP),应用于图片生成场景，根据用户输入的图片信息，深度解析用户绘制的涂鸦，捕获形状、线条，生成符合用户需求的图片内容。,2024-8,generative ai,境内深度合成服务算法备案清单（2024年8月）.docx
智己多模态文本图像生成式算法,服务提供者,智己汽车科技有限公司,IM智己(APP)、IM大模型(APP),应用于图片生成场景，根据用户输入的文本信息，生成符合用户需求的图片内容。,2024-8,generative ai,境内深度合成服务算法备案清单（2024年8月）.docx
燕雀AI图像生成算法-1,服务提供者,上海旭数信息科技有限公司,Logo神器(网站)、Logo生成器(网站)、燕雀Logo生成器(小程序)、燕雀智造(网站)、燕雀智造Logo(小程序),应用于图片生成场景，根据用户输入的文本、图像信息，生成符合用户特定需求的图片内容。,2024-8,generative ai,境内深度合成服务算法备案清单（2024年8月）.docx
ChatGot文生图合成算法,服务提供者,海南飞将军网络科技有限公司,ChatGot(网站)、ChatGot(小程序)、ChatGot(APP),应用于图像生成场景，根据用户输入的文本描述，生成对应的图像。,2024-8,generative ai,境内深度合成服务算法备案清单（2024年8月）.docx
王道图像生成算法-2,服务技术支持者,杭州王道控股有限公司,--,应用于图像生成场景，服务于企业端客户，根据输入的文本、图像，生成对应的图片。,2024-8,generative ai,境内深度合成服务算法备案清单（2024年8月）.docx
钉钉文档AI助理生成合成算法,服务提供者,钉钉科技有限公司,钉钉(APP),应用于文本图像生成场景，根据用户输入的文本、图片内容，生成文字、思维导图、演示文稿等文档内容。,2024-8,generative ai,境内深度合成服务算法备案清单（2024年8月）.docx
中网传媒文本合成算法,服务提供者,中网传媒（广州）有限公司,U+智能问答(网站),应用于文本生成场景，根据用户输入的文本内容，生成相应的文字回复内容。,2024-8,generative ai,境内深度合成服务算法备案清单（2024年8月）.docx
阿莱门医疗大模型算法,服务技术支持者,北京阿莱门科技有限公司,--,应用于文本生成场景，服务于企业端客户，根据输入医疗咨询内容，生成相关的医学知识文本。,2024-8,generative ai,境内深度合成服务算法备案清单（2024年8月）.docx
阿拉丁企业邦内容生成算法,服务提供者,南京一盏神灯网络信息科技股份有限公司,阿拉丁企业邦(网站),应用于文本生成场景，根据用户选择或输入的文本内容，生成符合用户需求的文本内容。,2024-8,generative ai,境内深度合成服务算法备案清单（2024年8月）.docx
星汉Galaxy大模型算法-2,服务技术支持者,大汉软件股份有限公司,--,应用于文本生成场景，服务于企业端客户，根据用户输入的文本内容，生成相应的文字回复内容。,2024-8,generative ai,境内深度合成服务算法备案清单（2024年8月）.docx
易企秀AI图像生成算法,服务提供者,北京中网易企秀科技有限公司,小易AI(网站),应用于图像生成场景，根据用户输入的文本内容，生成符合用户需求的图像，实现人物写真图等AI创作。,2024-8,generative ai,境内深度合成服务算法备案清单（2024年8月）.docx
千图网AI图像生成算法,服务技术支持者,上海品图网络科技有限公司,--,应用于图片生成场景，服务于企业端客户，根据用户输入的文本，生成符合用户文字描述的创意图片。,2024-8,generative ai,境内深度合成服务算法备案清单（2024年8月）.docx
赛灵力虚拟人语音合成算法,服务技术支持者,广州赛灵力科技有限公司,--,应用于语音生成场景，服务于企业端客户，根据用户输入的文本内容和选择预置的发音角色，生成相应的语音。,2024-8,generative ai,境内深度合成服务算法备案清单（2024年8月）.docx
赛灵力虚拟人视频生成算法,服务技术支持者,广州赛灵力科技有限公司,--,应用于虚拟人生成场景，服务于企业端客户，根据用户输入的文本、音频信息，生成口型与语音同步的虚拟人播报视频。,2024-8,generative ai,境内深度合成服务算法备案清单（2024年8月）.docx
小狐狸先知大模型算法,服务技术支持者,石家庄小狐狸科技有限公司,--,应用于文本生成场景，服务于企业端客户，根据用户输入的文本内容，生成文章、小说、诗歌、广告文案等文本内容。,2024-8,generative ai,境内深度合成服务算法备案清单（2024年8月）.docx
买车智能助手生成合成类智能选车模型算法,服务提供者,北京皮尔布莱尼软件有限公司,买车智能助手(小程序),应用于智能对话场景，根据有买车意向的用户提出的选车问题，识别问题中的典型信息，生成符合用户需求的文本内容。,2024-8,generative ai,境内深度合成服务算法备案清单（2024年8月）.docx
壹沓CubeLLM大模型算法,服务提供者,壹沓科技（上海）有限公司,供应链大模型-运小沓超自动化数字员工平台(网站),应用于文本生成场景，根据用户输入的文档或图像，生成相应的文本内容。,2024-8,generative ai,境内深度合成服务算法备案清单（2024年8月）.docx
得物AI形象图片生成算法,服务提供者,上海得物信息集团有限公司,得物(APP),应用于图像生成场景，根据用户上传的图片和选择的风格，生成不同风格的头像图片。,2024-8,generative ai,境内深度合成服务算法备案清单（2024年8月）.docx
星汉Galaxy大模型算法-1,服务提供者,大汉软件股份有限公司,智能问答服务(网站)、AI创作服务(网站),应用于文本生成场景，根据用户输入的文本内容，生成相应的文字回复内容。,2024-8,generative ai,境内深度合成服务算法备案清单（2024年8月）.docx
智慧企服文本合成算法,服务提供者,菁菱谷（深圳）技术有限公司,智慧企业服务平台(小程序)、菁菱谷(小程序)、智慧企服(网站),应用于文本生成场景，根据用户输入的文本信息，生成符合用户需求的文本内容。,2024-8,generative ai,境内深度合成服务算法备案清单（2024年8月）.docx
广电运通望道大模型算法,服务提供者,广电运通集团股份有限公司,望道大模型(小程序),应用于智能写作场景，通过用户输入的文本信息，生成符合用户需求的文本信息。,2024-8,generative ai,境内深度合成服务算法备案清单（2024年8月）.docx
希息AI文本生成算法,服务提供者,上海希息科技有限公司,希息自媒体(网站),应用于智能写作场景，通过用户输入的文本信息，生成符合用户需求的文本信息。,2024-8,generative ai,境内深度合成服务算法备案清单（2024年8月）.docx
腾讯搜索大模型生成算法,服务提供者,深圳市腾讯计算机系统有限公司,微信搜一搜(APP),应用于智能对话场景，根据用户提出的问题，生成对话文本回复。,2024-8,generative ai,境内深度合成服务算法备案清单（2024年8月）.docx
推文助手起点云商务文生视频算法,服务提供者,深圳市起点云电子商务有限公司,推文助手(APP),应用于视频生成场景，根据用户输入文本、音频、视频内容，生成定制化的视频内容，用于生成混剪推文视频、漫画推文视频等。,2024-8,generative ai,境内深度合成服务算法备案清单（2024年8月）.docx
Animix图像生成算法,服务提供者,上海数川数据科技有限公司,animix(网站),应用于图像生成。通过用户输入自动合成相应的图像。生成的图像同时具备用户所选风格模型自带的图像风格，为用户提供高效和极具创意的图像创作能力。,2024-8,generative ai,境内深度合成服务算法备案清单（2024年8月）.docx
TETRAS慧影生成合成算法,服务技术支持者,深圳市慧鲤科技有限公司,--,应用于图像生成场景，服务于企业端客户，根据输入的图像，恢复或生成对应的图像，实现扩图、移动、消除等图像编辑和美术创作功能。,2024-8,generative ai,境内深度合成服务算法备案清单（2024年8月）.docx
索迈特AI智谱文生图算法,服务提供者,索迈特（上海）人工智能科技有限公司,索迈特AI助手(小程序)、索迈特AI(网站),应用于图像生成场景，根据输入的文本描述，生成对应的图像。,2024-8,generative ai,境内深度合成服务算法备案清单（2024年8月）.docx
数命文本合成算法,服务提供者,数命科技（武汉）有限公司,DD星球(小程序),应用于文本生成场景，根据用户输入的文本，生成符合用户指令和需求的文本内容。,2024-8,generative ai,境内深度合成服务算法备案清单（2024年8月）.docx
笔墨AI图像深度生成合成算法,服务技术支持者,上海万笔千墨科技有限公司,--,应用于图像生成场景，服务于企业端客户，根据输入的图片，生成个性化图片。,2024-8,generative ai,境内深度合成服务算法备案清单（2024年8月）.docx
方正魔方媒体大模型算法,服务技术支持者,北京北大方正电子有限公司,--,应用于文本生成场景，服务于企业端客户，根据用户输入的问题文本，结合上下文，生成相应的文字回复内容。,2024-8,generative ai,境内深度合成服务算法备案清单（2024年8月）.docx
聚醚瑞人像合成算法,服务提供者,上海聚醚瑞信息科技有限公司,简单拍(小程序),应用于人脸合成场景，根据用户上传的原始图像、视频，将选定的人脸图像与模板中的人脸融合，生成具有原始图像、视频人脸特征的图像和视频。,2024-8,generative ai,境内深度合成服务算法备案清单（2024年8月）.docx
麒芯半导体大模型生成合成算法,服务技术支持者,麒芯科技（南京）有限公司,--,应用于文本生成场景，服务于企业端客户，根据输入的半导体芯片设计相关的数据，生成相应的设计方案、建议或解决方案。,2024-8,generative ai,境内深度合成服务算法备案清单（2024年8月）.docx
智能山海文生文算法,服务提供者,上海航动科技有限公司,智能山海(网站),应用于智能对话场景，根据用户提出的问题，生成对话文本回复。,2024-8,generative ai,境内深度合成服务算法备案清单（2024年8月）.docx
天磊政务辅助文本生成算法,服务提供者,深圳天磊联信科技有限公司,天磊政务(网站),应用于智能对话场景，根据用户提出的问题，生成对话文本回复。,2024-8,generative ai,境内深度合成服务算法备案清单（2024年8月）.docx
瞬知电商应用内容生成算法,服务技术支持者,北京麦火科技有限公司,--,应用于文本生成场景，服务于企业端客户，根据用户输入的商品标题或购物需求，生成相应的商品卖点文本或商品信息等。,2024-8,generative ai,境内深度合成服务算法备案清单（2024年8月）.docx
TETRAS慧像生成合成算法,服务技术支持者,深圳市慧鲤科技有限公司,--,应用于图像生成场景，服务于企业端客户，根据输入的低质量图像，生成清晰的高质量图像。,2024-8,generative ai,境内深度合成服务算法备案清单（2024年8月）.docx
智慧眼智能问答内容生成算法,服务技术支持者,智慧眼科技股份有限公司,--,应用于对话生成场景，服务于企业端客户，根据用户输入的文本内容，生成符合用户需求的文本回答。,2024-8,generative ai,境内深度合成服务算法备案清单（2024年8月）.docx
云诊科技中医数字人合成驱动算法,服务提供者,合肥云诊信息科技有限公司,云诊365(APP),应用于智能对话场景，根据用户提出的问题，生成对话文本回复。,2024-8,generative ai,境内深度合成服务算法备案清单（2024年8月）.docx
卓越大明白文本生成算法,服务提供者,上海卓越睿新数码科技股份有限公司,智慧树网(网站)、大明白AI能力中心(网站),应用于文本生成场景，根据用户输入的要求，结合上下文数据，生成符合用户要求的文本数据。,2024-8,generative ai,境内深度合成服务算法备案清单（2024年8月）.docx
知丘GPT生成算法,服务提供者,上海携宁计算机科技股份有限公司,知丘(网站),应用于智能对话场景，根据用户提出的问题，生成对话文本回复。,2024-8,generative ai,境内深度合成服务算法备案清单（2024年8月）.docx
智览医疗大模型微调算法,服务提供者,北京智览医疗科技有限公司,CareBot(小程序),应用于智能对话场景，根据用户提出的问题，生成对话文本回复，实现病例结构化、智能分诊、辅助诊断等功能。,2024-8,generative ai,境内深度合成服务算法备案清单（2024年8月）.docx
奥帕云生成合成类算法,服务提供者,奥帕云(武汉)科技有限公司,星球悄悄话(小程序),应用于智能对话场景，根据用户提出的问题，生成对话文本回复。,2024-8,generative ai,境内深度合成服务算法备案清单（2024年8月）.docx
TensAI图像生成算法,服务技术支持者,深圳威科未来科技有限公司,--,应用于图像生成场景，服务于企业端客户，根据用户输入的文本或图像，生成相匹配的图像。,2024-8,generative ai,境内深度合成服务算法备案清单（2024年8月）.docx
BlackEye多模态视听内容生成算法,服务提供者,杭州当虹科技股份有限公司,ShowBiz AI(网站),应用于多媒体内容生成场景，根据用户输入的文本、图像，实现文本推理、文本提示生成图像、文本提示生成视频、图像生成视频、智能图像编辑、智能视频编辑等功能。,2024-8,generative ai,境内深度合成服务算法备案清单（2024年8月）.docx
联通元景语言大模型算法,服务技术支持者,联通数字科技有限公司,--,应用于文本生成场景，服务于企业端客户，根据用户输入的关键词或短文，生成符合语法和语义规则的文本内容。,2024-8,generative ai,境内深度合成服务算法备案清单（2024年8月）.docx
思和政务大模型算法,服务技术支持者,哈尔滨思和信息技术股份有限公司,--,应用于文本生成场景，服务于企业端客户，根据用户输入的文本内容，生成符合用户意图的文本回复。,2024-8,generative ai,境内深度合成服务算法备案清单（2024年8月）.docx
ChatGreat文本生成算法,服务提供者,宿州缥缈网络科技有限公司,ChatGreat(网站)、ChatGreat(APP)、ChatGreat(小程序),应用于智能对话场景，根据用户输入的文本信息，生成符合用户需求的文本回复。,2024-8,generative ai,境内深度合成服务算法备案清单（2024年8月）.docx
变色龙科技人脸替换算法,服务技术支持者,杭州变色龙科技有限责任公司,--,应用于图像生成场景，服务于企业端客户，根据用户输入的原人脸图片和模板图片，提取原人脸特征替换模板图片中的人脸部分。,2024-8,generative ai,境内深度合成服务算法备案清单（2024年8月）.docx
开水壶文本生成算法,服务提供者,中道新职坊科技发展有限公司,开水壶(APP),应用于智能对话场景，根据用户输入的文本信息，生成符合用户需求的文本回复。,2024-8,generative ai,境内深度合成服务算法备案清单（2024年8月）.docx
千寻大语言模型算法,服务提供者,上海安硕企业征信服务有限公司,千寻(网站),应用于智能对话场景，根据用户输入的文本信息，生成符合用户需求的文本回复，主要用于金融领域。,2024-8,generative ai,境内深度合成服务算法备案清单（2024年8月）.docx
苍晨图像生成算法,服务提供者,合肥苍晨网络科技有限公司,苍晨证件照(小程序)、颜值测试打分免费(小程序),应用于图像编辑场景，根据用户输入的图像，提供照片清晰度增强、照片变年轻、漫画效果等功能。,2024-8,generative ai,境内深度合成服务算法备案清单（2024年8月）.docx
剪画图片合成算法,服务提供者,深圳市徽音科技有限公司,剪画(APP),应用于图像生成场景，根据用户输入的图像，转换为动漫风格图像。,2024-8,generative ai,境内深度合成服务算法备案清单（2024年8月）.docx
赛灵力文本生成合成算法,服务技术支持者,广州赛灵力科技有限公司,--,应用于文本生成场景，服务于企业端客户，根据用户输入的文本信息，生成符合用户需求的文本内容。,2024-8,generative ai,境内深度合成服务算法备案清单（2024年8月）.docx
剪画音色克隆生成算法,服务提供者,深圳市徽音科技有限公司,剪画(APP),应用于语音合成场景，根据用户输入文本，生成指定音色对应的音频内容。,2024-8,generative ai,境内深度合成服务算法备案清单（2024年8月）.docx
衔远多模态生成算法,服务提供者,北京衔远科技有限公司,摹小仙AI商拍(网站),应用于图像生成场景，根据用户输入的图像和文本描述，生成符合用户需求的人台图、模特图、商品图等。,2024-8,generative ai,境内深度合成服务算法备案清单（2024年8月）.docx
笑容加文本生成算法,服务提供者,广州星际悦动股份有限公司,笑容加(APP),应用于智能对话场景，根据用户输入的文本数据，生成符合用户需求的文本回复，主要用于口腔领域。,2024-8,generative ai,境内深度合成服务算法备案清单（2024年8月）.docx
秋月白XiMuForScience大语言生成模型算法,服务技术支持者,硒钼科技（北京）有限公司,--,应用于文本生成场景，服务于企业端客户，根据用户输入的文本信息，生成符合用户需求的文本内容。,2024-8,generative ai,境内深度合成服务算法备案清单（2024年8月）.docx
阿帕斯多模态大模型算法,服务技术支持者,郑州阿帕斯科技有限公司,--,应用于文本、图像、音频、视频生成场景，服务于企业端客户，根据用户输入的文本、图像、音频、视频信息，生成符合用户需求的文本、图像、音频、视频内容。,2024-8,generative ai,境内深度合成服务算法备案清单（2024年8月）.docx
雨墨文本生成算法,服务提供者,成都雨墨科技有限公司,雨墨AI小助手(小程序),应用于智能对话场景，根据用户输入的文本信息，生成符合用户需求的文本回复。,2024-8,generative ai,境内深度合成服务算法备案清单（2024年8月）.docx
福昕文档智能算法,服务提供者,福建福昕软件开发股份有限公司,福昕家装智能设计软件(其他)、福昕SDK助手(网站)、福昕云编辑(网站)、福昕高级PDF编辑器软件订阅版(其他)、福昕PDF阅读软件(其他)、福昕电子签章服务平台(网站)、福昕高级PDF编辑器软件Mac订阅版(其他)、福昕家装云服务平台(网站)、福昕文档格式转换工具包软件(其他)、福昕高级PDF编辑器软件网页版(网站)、福昕PDF开发工具软件(其他)、福昕PDF办公软件(APP)、福昕高级PDF编辑器软件iOS版(APP)、福昕PDF365软件(网站)、福昕家装智能设计软件(APP)、福昕PDF编辑器个人版(APP)、福昕高级PDF编辑器软件Linux版(其他)、福昕图纸管理系统(其他)、福昕PDF全能王(APP)、福昕高级PDF编辑器软件Android版(APP)、福昕智能文档处理中台软件(网站)、福昕智慧打印系统(APP),应用于智能对话场景，根据用户输入的文本信息，生成符合用户需求的文本内容，支持文本翻译、内容总结、问答分析等功能。,2024-8,generative ai,境内深度合成服务算法备案清单（2024年8月）.docx
短文大模型算法,服务提供者,杭州浮云网络科技有限公司,AI写短文(网站),应用于文本生成场景，根据用户输入的写作需求，生成相应的文章内容。,2024-8,generative ai,境内深度合成服务算法备案清单（2024年8月）.docx
帮帮兼爱大模型文本生成算法,服务技术支持者,广州呃唉帮帮网络科技有限公司,--,应用于文本生成场景，服务于企业端客户，根据用户输入的文本，生成相应的回答或建议。,2024-8,generative ai,境内深度合成服务算法备案清单（2024年8月）.docx
搞搞镇文化科技生成式图像效果行业类别优化算法,服务提供者,广州搞搞镇文化科技有限公司,视觉共振AI设计平台(网站),应用于图像生成场景，根据用户输入的图像和图像所属行业类别，生成符合用户需求的图像。,2024-8,generative ai,境内深度合成服务算法备案清单（2024年8月）.docx
鲸探AIGC服务生成合成算法,服务提供者,上海小块头数字科技有限公司,鲸探(APP),应用于图像生成场景，根据用户输入文本或图片，并选择图片风格，生成不同风格的图片。,2024-8,generative ai,境内深度合成服务算法备案清单（2024年8月）.docx
红棉小冰音乐生成服务算法,服务技术支持者,北京红棉小冰科技有限公司,--,应用于音乐生成场景，服务于企业端客户，根据用户输入的文本、调性、调式、速度、音乐风格等音乐类型参数，生成歌曲或者背景音乐的音频。,2024-8,generative ai,境内深度合成服务算法备案清单（2024年8月）.docx
霏航视频内容生成算法,服务提供者,沈阳霏航网络科技有限公司,白日梦(网站),应用于视频生成场景，根据用户输入的文本信息，生成符合用户需求的视频内容。,2024-8,generative ai,境内深度合成服务算法备案清单（2024年8月）.docx
小冰多模态视频生成服务算法,服务技术支持者,北京红棉小冰科技有限公司,--,应用于视频生成场景，服务于企业端客户，根据用户输入的文本描述和图像内容，生成与输入文本、图像的语义相一致的视频。,2024-8,generative ai,境内深度合成服务算法备案清单（2024年8月）.docx
斑马AI点评语音合成算法,服务提供者,北京猿力科技有限公司,斑马(APP),应用于语音合成场景，根据学生练习数据和预置点评内容模板，得到点评内容文本，并生成对应点评音频。,2024-8,generative ai,境内深度合成服务算法备案清单（2024年8月）.docx
拍博士AI写真照图像生成算法,服务技术支持者,深圳市六六六网络服务有限公司,--,应用于图像生成场景，服务于企业端客户，将用户输入的多张面部照片，与用户选择的图像模板融合，生成用户的个人风格写真图像。,2024-8,generative ai,境内深度合成服务算法备案清单（2024年8月）.docx
简圣有象大模型生成算法,服务提供者,北京简圣科技有限公司,有象(APP),应用于文本生成场景，根据用户输入的文本内容，生成符合用户期望的故事文本。,2024-8,generative ai,境内深度合成服务算法备案清单（2024年8月）.docx
以正智慧教育大模型算法,服务提供者,蚂蚁云科技集团股份有限公司,以正教育大模型(网站),应用于文本生成场景，根据用户输入的文本信息，生成符合用户需求的文本内容，主要用于教育领域。,2024-8,generative ai,境内深度合成服务算法备案清单（2024年8月）.docx
数字郑州文本生成算法,服务提供者,数字郑州科技有限公司,AI小郑智能助手(网站),应用于文本生成场景，根据用户输入的文本描述或图像，生成文本回复，实现文案写作、报告生成、信息抽取等功能。,2024-8,generative ai,境内深度合成服务算法备案清单（2024年8月）.docx
微芒大模型算法,服务提供者,上海微芒科技有限公司,天天跳绳(APP),应用于文本、图像生成场景，根据用户输入的文本、图像内容，生成符合用户需求的文本、图像回复。,2024-8,generative ai,境内深度合成服务算法备案清单（2024年8月）.docx
千图万象AI图像生成算法,服务技术支持者,上海品图网络科技有限公司,--,应用于图像生成场景，服务于企业端客户，根据用户输入的文本，生成符合用户文字描述的创意图片。,2024-8,generative ai,境内深度合成服务算法备案清单（2024年8月）.docx
三河市二由文字转语音算法,服务提供者,三河市二由网络科技有限公司,全能配音王(APP),应用于语音生成场景，根据用户输入的文本，生成真人语音、多人对话语音、带有真人情绪的语音等。,2024-8,generative ai,境内深度合成服务算法备案清单（2024年8月）.docx
音控AI歌手歌声合成算法,服务提供者,北京泛音科技有限公司,音控(APP),应用于音频生成场景，根据用户输入的歌词和曲谱数据，生成人声演唱的干声音频数据。,2024-8,generative ai,境内深度合成服务算法备案清单（2024年8月）.docx
科技之眼金融领域智能问答文本生成算法,服务提供者,上海云本科技有限公司,ICYH科技之眼(小程序),应用于文本生成场景，根据用户输入的文本信息，生成金融领域的相应文本回复。,2024-8,generative ai,境内深度合成服务算法备案清单（2024年8月）.docx
弥知AR试戴生成合成算法,服务提供者,成都弥知科技有限公司,Kivisense AR真实试包(网站),应用于图像生成场景，⽤户通过AR体验端⼝，将虚拟的服饰、配饰等物品试戴到⾃⼰的⼈体图像上，⽣成符合要求的图像内容。,2024-8,generative ai,境内深度合成服务算法备案清单（2024年8月）.docx
美间AI图像生成算法,服务提供者,杭州美间科技有限公司,美间设计(小程序)、AI场景拼搭(小程序)、美间AI创意设计平台(网站),应用于图像生成场景，根据用户输入的参考图像和文本标签，生成和文本、参考图一致的图像。,2024-8,generative ai,境内深度合成服务算法备案清单（2024年8月）.docx
慧辰数字人合成算法,服务技术支持者,北京慧辰资道资讯股份有限公司,--,应用于数字人生成场景，服务于企业端客户，根据用户输入的图片和音频数据，生成唇形同步的数字人视频。,2024-8,generative ai,境内深度合成服务算法备案清单（2024年8月）.docx
拓元声音复刻算法,服务技术支持者,拓元（广州）智慧科技有限公司,--,应用于语音生成场景，服务于企业端客户，根据输入的文本，生成特定说话人音色特征的语音。,2024-8,generative ai,境内深度合成服务算法备案清单（2024年8月）.docx
拓元数字人形象复刻算法,服务技术支持者,拓元（广州）智慧科技有限公司,--,应用于数字人合成场景，服务于企业端客户，根据用户输入的文稿、录音，合成与输入内容一致的数字人说话视频。,2024-8,generative ai,境内深度合成服务算法备案清单（2024年8月）.docx
阅粒知识计算引擎算法-1,服务技术支持者,北京哈希泰格信息科技有限公司,--,应用于文本生成场景，服务于企业端客户，根据输入的文章主题，生成与主题相关的文本。,2024-8,generative ai,境内深度合成服务算法备案清单（2024年8月）.docx
ChatGreat文本转图像生成算法,服务提供者,宿州缥缈网络科技有限公司,ChatGreat(网站)、ChatGreat(APP)、ChatGreat(小程序),应用于图像生成场景，根据用户输入的文本，生成与描述相符的图像。,2024-8,generative ai,境内深度合成服务算法备案清单（2024年8月）.docx
度小满生成合成算法,服务技术支持者,重庆度小满信息技术有限公司,--,应用于对话生成场景，服务于企业端客户，根据用户输入的语音，生成金融贷款方面的语音回答。,2024-8,generative ai,境内深度合成服务算法备案清单（2024年8月）.docx
索迈特AI智谱图生文算法,服务提供者,索迈特（上海）人工智能科技有限公司,索迈特AI助手(小程序)、索迈特AI(网站),应用于文本生成场景，根据用户输入的文本、图像信息，生成符合用户需求的文本内容。,2024-8,generative ai,境内深度合成服务算法备案清单（2024年8月）.docx
萤石图像生成算法,服务提供者,杭州萤石软件有限公司,萤石AI图影工坊(小程序)、萤石云视频(APP)、萤石智能助眠枕(小程序)、晴小豆(APP)、萤石智家(APP)、萤石语音助手(小程序)、萤石派(APP)、萤石健康(APP)、萤石智居AI图影工坊(小程序)、萤石智居服务助手(小程序),应用于图像生成场景，根据用户输入的文本、图像信息，生成符合用户需求的图像内容。,2024-8,generative ai,境内深度合成服务算法备案清单（2024年8月）.docx
萤石文本生成算法,服务提供者,杭州萤石软件有限公司,萤石AI图影工坊(小程序)、萤石云视频(APP)、萤石智能助眠枕(小程序)、晴小豆(APP)、萤石智家(APP)、萤石语音助手(小程序)、萤石派(APP)、萤石健康(APP)、萤石智居AI图影工坊(小程序)、萤石智居服务助手(小程序),应用于文本生成场景，根据用户输入的文本，或语音转化后的文本，生成符合用户需求的文本。,2024-8,generative ai,境内深度合成服务算法备案清单（2024年8月）.docx
天翼数字生活星辰融合大模型算法,服务提供者,天翼数字生活科技有限公司,小翼管家(APP)、天翼数字乡村(网站)、天翼云盘(APP)、天翼智慧社区(网站),应用于智能对话场景，根据用户输入的文本信息，生成符合用户需求的文本回复。,2024-8,generative ai,境内深度合成服务算法备案清单（2024年8月）.docx
名阳趣言大模型算法,服务提供者,合肥名阳信息技术有限公司,AI写作猿(APP)、伪原创(APP),应用于文本生成场景，根据用户输入的文本，生成符合用户需求的文本内容。,2024-8,generative ai,境内深度合成服务算法备案清单（2024年8月）.docx
BFRG金融大模型算法,服务提供者,北京中小企业融资再担保有限公司,北京再担保数智平台(网站),应用于智能对话场景，根据用户输入的文本信息，智能整合融资担保政策等信息，生成符合用户需求的金融领域文本回复。,2024-8,generative ai,境内深度合成服务算法备案清单（2024年8月）.docx
法能手元月大模型算法,服务提供者,湖南群林科技有限公司,法能手(APP)、法能手(小程序),应用于智能对话场景，根据用户输入的文本信息，生成符合用户需求的文本回复，主要用于法律领域。,2024-8,generative ai,境内深度合成服务算法备案清单（2024年8月）.docx
问氪科技智能FAQ客服中心零售导购生成合成类算法,服务技术支持者,上海问氪科技有限公司,--,应用于对话生成场景，服务于企业端客户，根据用户输入的问题文本，生成相应的文本回复。,2024-8,generative ai,境内深度合成服务算法备案清单（2024年8月）.docx
领克狐AI图片生成算法,服务提供者,福州领克狐科技有限公司,LinkFox(网站),应用于图片生成场景，根据用户输入的文本或图像，生成符合文本描述的图像。,2024-8,generative ai,境内深度合成服务算法备案清单（2024年8月）.docx
海创汇科创大模型算法,服务提供者,海创汇科技创业发展股份有限公司,鲸准(APP),应用于对话生成场景，根据用户输入的文本信息，生成相应的文本回复。,2024-8,generative ai,境内深度合成服务算法备案清单（2024年8月）.docx
熊猫AI法律数智平台智能内容生成算法,服务提供者,广州睿律智能科技有限公司,熊猫AI法律数智平台(网站)、熊猫AI智法助理(小程序),应用于文本生成场景，根据用户输入的法律问题文本，生成法律咨询相关的文本内容。,2024-8,generative ai,境内深度合成服务算法备案清单（2024年8月）.docx
XBrainLVM多模态大模型算法,服务提供者,中科智云科技有限公司,X-Brain LVM(网站),应用于文本生成场景，根据用户输入的图像内容，生成对应的文本。,2024-8,generative ai,境内深度合成服务算法备案清单（2024年8月）.docx
喵咖AI合成算法,服务提供者,海南喵咖网络科技有限公司,魔镜AI工厂(小程序),应用于图像生成场景，根据用户上传的图片及选择生成的风格，提取面部特征融合，生成对应用户特定风格的高清人像图片。,2024-8,generative ai,境内深度合成服务算法备案清单（2024年8月）.docx
漫步者机器翻译算法,服务提供者,东莞市爱德发网络科技有限公司,漫步云端(APP),应用于机器翻译场景，根据用户输入的待翻译文本，生成指定目标语种的翻译内容。,2024-8,generative ai,境内深度合成服务算法备案清单（2024年8月）.docx
中科深智多模态数字人驱动算法,服务提供者,北京中科深智科技有限公司,Styletalk(网站)、Motionverse(网站),应用于数字人视频生成场景，根据用户输入的文本、音频，及人像视频，生成数字人形象的视频。,2024-8,generative ai,境内深度合成服务算法备案清单（2024年8月）.docx
方糖图像合成算法,服务提供者,厦门像甜科技有限公司,像素苏打（Win）(APP)、像素蛋糕（iPad）(APP)、像素苏打（Mac）(APP)、像素蛋糕（Mac）(APP)、像素蛋糕（Win）(APP),应用于图像生成场景，根据用户输入的图像素材和选定的图像风格，生成符合用户需求风格的图像内容。,2024-8,generative ai,境内深度合成服务算法备案清单（2024年8月）.docx
万相融绘图像生成算法,服务提供者,杭州万相创意科技有限公司,万相实验室(网站),应用于图像生成场景，根据用户输入的图像和提示词，生成符合用户需要的图像，实现商品图片换背景或模特的效果。,2024-8,generative ai,境内深度合成服务算法备案清单（2024年8月）.docx
易车智能问答文本生成算法,服务提供者,北京易车互动广告有限公司,易车伙伴(APP)、易车(APP),应用于智能对话场景，根据用户输入的文本信息，生成符合用户需求的文本回复，解决用户在看车、选车、购车、用车过程中的可能涉及的问题。,2024-8,generative ai,境内深度合成服务算法备案清单（2024年8月）.docx
威爱云交互式内容生成算法,服务提供者,重庆威爱云科技有限公司,小宇宙大平台(APP)、小宇宙大平台(网站)、源聊(小程序),应用于智能对话场景，根据用户输入的文本信息，生成符合用户需求的文本回复。,2024-8,generative ai,境内深度合成服务算法备案清单（2024年8月）.docx
维纳图图像生成算法-1,服务提供者,无锡维纳图科技有限公司,小漫头像(APP)、美咔写真(APP)、美咔写真（抖音）(小程序)、（乐骐）智能证件照(APP)、（乐骐）智能证件照（微信、支付宝、快手）(小程序)、（乐骐）智能证件照（抖音）(小程序)、小漫头像（抖音）(小程序)、美咔写真（支付宝、快手、微信）(小程序)、小漫头像（微信、支付宝、快手）(小程序),应用于图像生成场景，根据用户上传的个人照片和选择的图像模板，生成符合用户需求的图像。,2024-8,generative ai,境内深度合成服务算法备案清单（2024年8月）.docx
领行阡陌大模型生成合成算法,服务提供者,南京领行科技股份有限公司,T3出行(APP)、T3车主(APP),应用于智能对话场景，根据用户输入的文本信息，生成符合用户需求的文本回复。,2024-8,generative ai,境内深度合成服务算法备案清单（2024年8月）.docx
TensAI文字转语音生成算法,服务技术支持者,深圳威科未来科技有限公司,--,应用于语音合成场景，服务于企业端客户，根据用户输入的文本信息，生成对应音频内容。,2024-8,generative ai,境内深度合成服务算法备案清单（2024年8月）.docx
TensAI视频生成算法,服务技术支持者,深圳威科未来科技有限公司,--,应用于视频生成场景，服务于企业端客户，根据用户输入的文字或图像提示信息，生成符合用户要求的视频内容。,2024-8,generative ai,境内深度合成服务算法备案清单（2024年8月）.docx
酷开文本内容生成算法,服务提供者,深圳市酷开网络科技股份有限公司,酷管家(APP),应用于智能对话场景，根据用户输入的文本信息，生成符合用户意图的文本回复。,2024-8,generative ai,境内深度合成服务算法备案清单（2024年8月）.docx
盈尚智能保险对话生成算法,服务提供者,广州盈尚智能科技有限公司,标体(网站),应用于智能对话场景，根据用户输入的文本信息，生成符合用户需求的文本回复。,2024-8,generative ai,境内深度合成服务算法备案清单（2024年8月）.docx
明智家长家庭教育大模型生成算法,服务提供者,杭州数悦幸福智能科技有限公司,明智家长(小程序),应用于智能对话场景，根据用户输入的文本信息，生成符合用户需求的文本回复。,2024-8,generative ai,境内深度合成服务算法备案清单（2024年8月）.docx
医利库医学专病知识内容生成算法,服务提供者,华药智引（苏州）医学技术有限公司,医利库(网站),应用于智能对话场景，根据用户输入的文本信息，生成符合用户需求的文本回复，主要用于医学领域。,2024-8,generative ai,境内深度合成服务算法备案清单（2024年8月）.docx
百聆科技语聆文本生成算法,服务提供者,杭州百聆科技有限公司,大黄蜂(网站),应用于智能对话场景，根据用户输入的文本信息，生成符合用户需求的文本回复。,2024-8,generative ai,境内深度合成服务算法备案清单（2024年8月）.docx
点画人脸融合算法,服务提供者,石家庄点画科技有限公司,点画(APP),应用于图片、视频生成场景，根据用户上传的目标人脸图片，与另一个人的人脸形象进行面部融合，生成新的图片或视频。,2024-8,generative ai,境内深度合成服务算法备案清单（2024年8月）.docx
洪恩语音合成算法,服务提供者,天津洪恩完美未来教育科技有限公司,妙手作文(APP)、洪恩识字(APP)、洪恩十万问(APP)、洪恩小画家(APP)、洪恩智能编程(APP)、洪恩大阅读(APP),应用于音频生成场景，根据用户输入的文本，生成预设音色的音频内容。,2024-8,generative ai,境内深度合成服务算法备案清单（2024年8月）.docx
拾越内容生成算法,服务提供者,南京拾越信息科技有限公司,a豆电脑管家(APP),应用于对话生成场景，根据用户输入的文本，生成符合用户需求的文本回复内容。,2024-8,generative ai,境内深度合成服务算法备案清单（2024年8月）.docx
家育宝智能对话生成算法,服务提供者,西安家育宝智能科技有限公司,家育宝(小程序),应用于对话生成场景，根据用户输入的文本内容，生成亲子育儿方面的文本回复。,2024-8,generative ai,境内深度合成服务算法备案清单（2024年8月）.docx
灰豚数字人合成算法,服务提供者,温州专帮信息科技有限公司,灰豚数字人(网站),应用于数字人生成场景，根据用户输入的语音或文字，提取其中的属性特征，生成虚拟人物播报视频。,2024-8,generative ai,境内深度合成服务算法备案清单（2024年8月）.docx
书童文本生成算法,服务提供者,义乌未来智慧信息科技有限公司,书童(APP),应用于文本生成场景，根据用户输入的问题或创作需求等文本内容，生成相应的文字回复。,2024-8,generative ai,境内深度合成服务算法备案清单（2024年8月）.docx
筷子图片生成算法,服务提供者,广州筷子信息科技有限公司,加筷智能创意平台(网站),应用于图片生成场景，根据用户上传的图片和所选场景风格，生成相应的图片。,2024-8,generative ai,境内深度合成服务算法备案清单（2024年8月）.docx
天润微藤大模型算法-1,服务技术支持者,北京天润融通科技股份有限公司,--,应用于文本生成场景，服务于企业端客户，根据用户输入的文本信息，生成符合用户需求的文本内容。,2024-8,generative ai,境内深度合成服务算法备案清单（2024年8月）.docx
vivo图文多模态大模型算法,服务提供者,维沃移动通信有限公司,蓝心千询(APP)、vivo看见(APP)、小v助手(APP),应用于文本生成场景，根据用户输入的文本或图像、视频，生成符合用户需求的文本内容，实现图像和视频的描述、问答等功能。,2024-8,generative ai,境内深度合成服务算法备案清单（2024年8月）.docx
阶跃Step1X多模态内容生成算法,服务提供者,上海阶跃星辰智能科技有限公司,跃问(网站)、冒泡鸭(APP)、冒泡鸭(网站)、跃问(APP),应用于文本、图像、视频生成场景，根据用户输入的文本、图像、视频数据，生成符合用户需求的文本、图像、视频内容，实现文生图等功能。,2024-8,generative ai,境内深度合成服务算法备案清单（2024年8月）.docx
贝因生成合成算法,服务提供者,成都贝因科技有限公司,inChat(APP),应用于图像、视频生成场景，根据用户输入的文本信息，生成符合用户需求的图像、视频内容。,2024-8,generative ai,境内深度合成服务算法备案清单（2024年8月）.docx
言溪大模型文本生成算法,服务提供者,中科城市大脑数字科技（无锡）有限公司,百问千回(网站)、百问千回(APP),应用于文本生成场景，根据用户输入的文本信息，生成符合用户需求的文本内容。,2024-8,generative ai,境内深度合成服务算法备案清单（2024年8月）.docx
天润微藤大模型算法,服务提供者,北京天润融通科技股份有限公司,客户联络云系统(网站),应用于文本生成场景，根据用户输入的文本信息，生成符合用户需求的文本内容。,2024-8,generative ai,境内深度合成服务算法备案清单（2024年8月）.docx
库伊拉AI换脸合成算法,服务提供者,上海天鹤云想科技有限公司,库伊拉AI助理(小程序),应用于视频生成场景，根据用户输入的图像、音频，及选择的素材库中目标视频，输出换脸换声后的视频内容。,2024-8,generative ai,境内深度合成服务算法备案清单（2024年8月）.docx
干词内容合成智能算法,服务提供者,北京嚯嚯信息技术有限公司,干词(APP),应用于文本生成场景，根据用户输入的文本信息，生成符合用户需求的文本内容。,2024-8,generative ai,境内深度合成服务算法备案清单（2024年8月）.docx
轻松健康扁鸿中医面诊算法,服务提供者,北京轻松健康网络科技有限公司,轻松健康管理(小程序),应用于文本生成场景，根据用户输入的文本信息，生成符合用户需求的文本内容。,2024-8,generative ai,境内深度合成服务算法备案清单（2024年8月）.docx
次元语大语言模型算法,服务提供者,北京鑫视觉数字科技有限公司,次元派(APP),应用于文本生成场景，根据用户输入的文本信息，生成符合用户需求的文本内容。,2024-8,generative ai,境内深度合成服务算法备案清单（2024年8月）.docx
微盟WAI营销多模态内容深度合成算法,服务提供者,上海微盟企业发展有限公司,微盟商户助手(网站),应用于文本、图像生成场景，根据用户输入的文本信息，生成符合用户需求的文本、图像内容。,2024-8,generative ai,境内深度合成服务算法备案清单（2024年8月）.docx
趣丸科技文本生成算法,服务提供者,广州趣丸网络科技有限公司,谜境(APP)、TT语音(APP),应用于智能对话场景，根据用户输入的文本，生成符合用户需求的文本回复。,2024-8,generative ai,境内深度合成服务算法备案清单（2024年8月）.docx
智己音乐生成合成算法,服务提供者,智己汽车科技有限公司,IM智己(APP)、IM大模型(APP),应用于音乐生成场景，根据用户输入的文本，生成符合用户描述的纯音乐作品。,2024-8,generative ai,境内深度合成服务算法备案清单（2024年8月）.docx
思必驰数字人生成算法,服务技术支持者,思必驰科技股份有限公司,--,应用于数字人视频生成场景，服务于企业端客户，根据输入的音频，生成数字人形象的视频。,2024-8,generative ai,境内深度合成服务算法备案清单（2024年8月）.docx
狼人杀AI玩家发言内容生成算法,服务提供者,杭州网易雷火科技有限公司,狼人杀(APP),应用于文本、语音生成场景，根据玩家发言和游戏对局形势，为AI玩家生成发言的文本内容，并生成对应语音。,2024-8,generative ai,境内深度合成服务算法备案清单（2024年8月）.docx
乐视人脸融合算法,服务提供者,乐视网信息技术（北京）股份有限公司,声颜魔盒(小程序),应用于视频生成场景，将用户上传的照片与特定模板视频进行面部融合，生成融合后的特定人脸视频。,2024-8,generative ai,境内深度合成服务算法备案清单（2024年8月）.docx
企查查智能问答算法,服务提供者,企查查科技股份有限公司,企查查(网站),应用于智能对话场景，根据用户输入的文本，生成符合用户需求的文本回复。,2024-8,generative ai,境内深度合成服务算法备案清单（2024年8月）.docx
爱漫阁动漫图像生成算法,服务提供者,爱漫阁（上海）智能科技有限公司,爱漫阁·动漫智能创作平台(网站),应用于图像生成场景，根据用户输入的图像和提示词文本，生成符合用户需求的图像内容。,2024-8,generative ai,境内深度合成服务算法备案清单（2024年8月）.docx
联想诺谛支点文本生成算法,服务技术支持者,联想诺谛（北京）智能科技有限公司,--,应用于文本生成场景，服务于企业端客户，根据用户输入的文本，生成相应的文本回复。,2024-8,generative ai,境内深度合成服务算法备案清单（2024年8月）.docx
祖玛人物视频生成算法,服务提供者,杭州祖玛科技有限公司,视鸭(小程序)、视鸭(其他)、视鸭(APP),应用于视频生成场景，根据用户输入的图像和指定的视频模板，生成包含图像中人物特征的视频内容。,2024-8,generative ai,境内深度合成服务算法备案清单（2024年8月）.docx
博色AI智能多媒体合成算法,服务提供者,上海博色信息科技有限公司,Boser AI 创作平台(网站),应用于文本、图像生成场景，根据用户输入的文本、图像或其他类型的数据，生成符合用户需求的文章或图像，实现文章创作、文本润色、文生图、图生图等功能。,2024-8,generative ai,境内深度合成服务算法备案清单（2024年8月）.docx
恋话宝文本生成算法,服务提供者,厦门单行线信息科技有限公司,恋话宝(APP),应用于文本生成场景，根据用户输入的对话文本内容，分析语境和情感色彩，生成高情商的回复话术。,2024-8,generative ai,境内深度合成服务算法备案清单（2024年8月）.docx
智绘阁会回客服对话生成算法,服务提供者,智绘阁（成都）科技有限公司,会回客服助手(APP),应用于对话生成场景，根据电商平台消费者的问题或电商平台客服的草稿回复，生成符合需求的文本信息。,2024-8,generative ai,境内深度合成服务算法备案清单（2024年8月）.docx
AI小惠智能电脑助手生成合成算法,服务提供者,中国惠普有限公司,惠小微(APP),应用于对话生成场景，根据用户输入的电脑软硬件使用及故障排除相关问题，生成解答内容或操作建议。,2024-8,generative ai,境内深度合成服务算法备案清单（2024年8月）.docx
风飞兔图像生成算法-1,服务提供者,上海风飞兔科技有限公司,AI疯兔兔(小程序),应用于图像生成场景，根据用户上传的文本和图像，生成与文本语义一致的图像。,2024-8,generative ai,境内深度合成服务算法备案清单（2024年8月）.docx
视野数科智能生成合成算法,服务提供者,北京视野智慧数字科技有限公司,视野数科产融大数据平台(网站),应用于对话生成场景，根据用户输入的问题文本，生成符合用户需求的文本回复内容。,2024-8,generative ai,境内深度合成服务算法备案清单（2024年8月）.docx
ChatGreat语音生成算法,服务提供者,宿州缥缈网络科技有限公司,ChatGreat(网站)、ChatGreat(APP)、ChatGreat(小程序),应用于语音生成场景，根据用户输入的文本，通过优化音质、语调和语速，生成符合要求的语音音频。,2024-8,generative ai,境内深度合成服务算法备案清单（2024年8月）.docx
众信生成式内容合成算法,服务提供者,众信通达（北京）科技有限公司,众信通达智能助理(网站),应用于多模态内容生成场景，根据用户输入的文本、图像、视频等信息，生成符合用户需求的文本、图像、视频内容。,2024-8,generative ai,境内深度合成服务算法备案清单（2024年8月）.docx
星纪魅族图像风格合成算法,服务提供者,湖北星纪魅族网络技术有限公司,图库(APP),应用于图片生成场景，根据用户上传的原始图片和选定的风格提示词，生成符合用户选定风格的图片。,2024-8,generative ai,境内深度合成服务算法备案清单（2024年8月）.docx
文房思宝长文生成算法,服务提供者,广西数新网络科技有限公司,第二生命(APP)、文房思宝(网站)、CAIE社区(APP),应用于文本生成场景，根据用户输入的文本，生成符合用户要求的文本内容。,2024-8,generative ai,境内深度合成服务算法备案清单（2024年8月）.docx
她趣星恋大模型算法,服务提供者,厦门她趣信息技术有限公司,星恋(APP),应用于对话生成场景，根据用户输入的聊天文本，生成文本、图片、语音等多模态回复内容。,2024-8,generative ai,境内深度合成服务算法备案清单（2024年8月）.docx
智写通中小学作文批改与文本生成算法,服务提供者,贵州辕初科技有限责任公司,智写通(APP),应用于文本生成场景，根据用户输入的作文题目，生成符合要求的作文提纲和内容。,2024-8,generative ai,境内深度合成服务算法备案清单（2024年8月）.docx
猎小易智能招聘助手生成算法,服务提供者,多猎科技(北京)有限公司,多猎(网站),应用于文本生成场景，根据招聘方用户输入的职位描述，生成寻访要求、匹配理由、沟通话术和符合招聘方在推荐候选人时需要填写的推荐理由等。,2024-8,generative ai,境内深度合成服务算法备案清单（2024年8月）.docx
Face换脸人脸融合算法,服务提供者,四川小咖科技有限公司,Face换脸(小程序),应用于图像视频生成场景，根据用户上传的本人照片，定位照片中人脸关键点进行面部融合，生成新的图片或视频。,2024-8,generative ai,境内深度合成服务算法备案清单（2024年8月）.docx
思德智能文本生成算法,服务提供者,南京思德展示科技股份有限公司,DICTSHOP(小程序),应用于文本生成场景，根据用户输入的原始素材或简单指导，生成符合要求的文本内容。,2024-8,generative ai,境内深度合成服务算法备案清单（2024年8月）.docx
AIshipgo虚拟数字人算法,服务提供者,数贸科技（北京）有限公司,AIshipgo(网站)、敦煌网(网站),应用于数字人生成场景，根据用户输入的文本、音频、图像、视频等，生成表情自然、嘴唇同步的数字人视频。,2024-8,generative ai,境内深度合成服务算法备案清单（2024年8月）.docx
虚幻奇点虚拟场景生成算法,服务提供者,西安舒迈电子科技有限公司,虚幻奇点(网站)、虚幻奇点(APP),应用于视频生成场景，根据用户输入的文本信息、人物场景图片、3D虚拟场景文件，生成包含人与物的虚拟场景视频。,2024-8,generative ai,境内深度合成服务算法备案清单（2024年8月）.docx
人格工坊智能体对话生成算法,服务提供者,杭州谦贞数字科技有限公司,人格工坊(小程序),应用于文本生成场景，根据用户输入的需求或关键词，生成相应的文本内容。,2024-8,generative ai,境内深度合成服务算法备案清单（2024年8月）.docx
心流文本生成算法,服务提供者,杭州万相创意科技有限公司,心流(网站),应用于对话生成场景，根据用户输入的文本内容，生成相应的文本回复。,2024-8,generative ai,境内深度合成服务算法备案清单（2024年8月）.docx
孩子王KidsGPT大模型算法,服务提供者,上海童渠信息技术有限公司,孩子王(APP),应用于对话生成场景，根据用户输入的文本，生成母婴领域相关的回答或建议。,2024-8,generative ai,境内深度合成服务算法备案清单（2024年8月）.docx
金声玉亮大模型算法,服务提供者,上海亿熵智能科技有限公司,金声玉亮FinGPT(网站),应用于对话生成场景，根据用户输入的文本信息，生成相应的文本回复。,2024-8,generative ai,境内深度合成服务算法备案清单（2024年8月）.docx
万象皆歌音乐大模型算法,服务提供者,上海亿熵智能科技有限公司,万象皆歌everySings(网站),应用于音频生成场景，根据用户输入的歌词文本或图像，生成相应的歌曲音频。,2024-8,generative ai,境内深度合成服务算法备案清单（2024年8月）.docx
元宇法镜数字人形象复刻生成算法,服务提供者,杭州浮云网络科技有限公司,元宇法镜AI平台(网站),应用于数字人生成场景，根据用户输入的文本、音频内容，生成相应的数字人视频。,2024-8,generative ai,境内深度合成服务算法备案清单（2024年8月）.docx
金溪欣海商法大模型算法-2,服务技术支持者,北京金溪欣网络科技有限公司,--,应用于对话生成场景，服务于企业端客户，根据用户输入的海商法领域咨询问题，生成相应的回复文本。,2024-8,generative ai,境内深度合成服务算法备案清单（2024年8月）.docx
莱茵河科技内容生成算法,服务提供者,莱茵河网络科技（广州）有限公司,企商宝(APP)、乌托邦社区(APP)、叮当相机(APP)、My助手(APP),应用于对话生成场景，根据用户输入的文本内容，生成相应的文本或图像。,2024-8,generative ai,境内深度合成服务算法备案清单（2024年8月）.docx
长留AI绘画生成算法,服务技术支持者,海南长留网络科技有限公司,--,应用于图像生成场景，服务于企业端客户，根据用户输入的文本或图像，结合所选的绘画风格，生成不同风格的图像。,2024-8,generative ai,境内深度合成服务算法备案清单（2024年8月）.docx
跳悦第四代视频合成算法,服务提供者,北京跳悦智能科技有限公司,跳悦数字人视频合成平台(网站),应用于数字人视频生成场景，根据用户输入的音频、视频，生成数字人形象的视频。,2024-8,generative ai,境内深度合成服务算法备案清单（2024年8月）.docx
金山办公文本生成算法,服务提供者,北京金山办公软件股份有限公司,WPS Office(APP)、金山文档(APP)、金山文档(网站),应用于文本生成场景，根据用户输入的文本信息，生成符合用户需求的文本内容。,2024-8,generative ai,境内深度合成服务算法备案清单（2024年8月）.docx
夸克健康助手生成算法,服务提供者,广州市动悦信息技术有限公司,夸克 (APP),应用于智能对话场景，根据用户输入的文本，生成符合用户需求的文本回复。,2024-8,generative ai,境内深度合成服务算法备案清单（2024年8月）.docx
学大智能客服算法-1,服务提供者,北京学大信息技术集团有限公司,学大菱镜系统(网站),应用于文本生成场景，根据用户输入的语音信息转换后的文本，生成符合用户需求的文本内容。,2024-8,generative ai,境内深度合成服务算法备案清单（2024年8月）.docx
学大智能客服算法-2,服务技术支持者,北京学大信息技术集团有限公司,--,应用于文本生成场景，服务于企业端客户，根据用户输入的语音信息转换后的文本，生成符合用户需求的文本内容。,2024-8,generative ai,境内深度合成服务算法备案清单（2024年8月）.docx
简依AI摘要提炼算法,服务提供者,杭州大简智能科技有限公司,简依助理(网站),应用于文本生成场景，根据用户输入的文本信息，生成符合用户需求的摘要文本内容。,2024-8,generative ai,境内深度合成服务算法备案清单（2024年8月）.docx
佰思威AI绘画生成合成算法,服务提供者,佰思威网络科技（上海）有限公司,小狸AI mate(APP)、AI创意大师(APP),应用于图像生成场景，根据用户输入的文本信息，生成符合文本描述的图像内容。,2024-8,generative ai,境内深度合成服务算法备案清单（2024年8月）.docx
犀友大模型算法,服务技术支持者,税友软件集团股份有限公司,--,应用于文本生成场景，服务于企业端客户，根据用户输入的文本信息，生成符合用户需求的文本内容。,2024-8,generative ai,境内深度合成服务算法备案清单（2024年8月）.docx
明略内容生成合成类算法,服务技术支持者,北京明略昭辉科技有限公司,--,应用于文本生成场景，服务于企业端客户，根据用户输入的文本、语音、图像、视频等多模态内容，生成相应的文本内容。,2024-8,generative ai,境内深度合成服务算法备案清单（2024年8月）.docx
神光大模型算法-1,服务提供者,北京神州光大科技有限公司,神行工程师(APP),应用于文本生成场景，根据用户输入的关键词等文本内容，生成相应的文本回复，实现问答对话、文本生成、文本改写、试题生成、代码生成等功能。,2024-8,generative ai,境内深度合成服务算法备案清单（2024年8月）.docx
壹图图像生成算法,服务提供者,元贞（北京）网络科技有限公司,壹图网(网站),应用于图像生成场景，根据用户输入的提示文本或图片，生成满足用户需求的各类图片。,2024-8,generative ai,境内深度合成服务算法备案清单（2024年8月）.docx
讯兔科技PaiPai问答算法,服务提供者,讯兔科技（上海）有限公司,Alpha派(网站)、Alpha派(APP),应用于对话生成场景，根据用户输入的提问文本，生成金融投研领域相关的文本内容。,2024-8,generative ai,境内深度合成服务算法备案清单（2024年8月）.docx
浪潮科技自然语言处理焱宇大模型算法,服务技术支持者,浪潮软件科技有限公司,--,应用于文本生成场景，服务于企业端客户，根据用户输入的文本内容，生成符合用户预期的文本内容。,2024-8,generative ai,境内深度合成服务算法备案清单（2024年8月）.docx
音哟音乐合成类算法,服务提供者,武汉虚线云教育科技有限公司,音哟(小程序),应用于音频生成场景，根据输入的音乐数据，生成符合特定风格和个性化的音乐作品。,2024-8,generative ai,境内深度合成服务算法备案清单（2024年8月）.docx
AIshipgo图像生成算法,服务提供者,数贸科技（北京）有限公司,AIshipgo(网站)、敦煌网(网站),应用于图像生成场景，根据用户上传的图片，生成电商平台的商品图片。,2024-8,generative ai,境内深度合成服务算法备案清单（2024年8月）.docx
无穹天权InfiniMegrez生成合成算法,服务提供者,上海无问芯穹智能科技有限公司,无问芯穹服务(网站),应用于对话生成场景，根据用户输入的⽂本内容，⽣成连贯准确的⽂本回答。,2024-8,generative ai,境内深度合成服务算法备案清单（2024年8月）.docx
七牛云智能数字人生成合成算法-1,服务技术支持者,上海七牛信息技术有限公司,--,应用于数字人生成场景，服务于企业端客户，根据用户输入的文字、语音、图像、视频类型多模态数据，生成动作自然流畅的数字人视频。,2024-8,generative ai,境内深度合成服务算法备案清单（2024年8月）.docx
新氧画屏图片生成合成算法,服务提供者,北京新氧科技有限公司,新氧画屏(网站),应用于图像生成场景，根据用户输入的文本描述和所选的图像风格等参数，生成与描述相匹配的虚拟人物图像。,2024-8,generative ai,境内深度合成服务算法备案清单（2024年8月）.docx
宝宝树图像生成算法,服务提供者,北京众鸣世纪科技有限公司,宝宝树孕育(APP),应用于图像生成场景，根据用户输入的文本描述或上传的怀孕中宝宝彩超图像，生成宝宝出生后的长相图像。,2024-8,generative ai,境内深度合成服务算法备案清单（2024年8月）.docx
朴食营养生成式对话算法,服务提供者,广州市派客朴食信息科技有限责任公司,朴食健康管家(小程序),应用于对话生成场景，根据用户输入的咨询内容、身高、体重和饮食记录等信息，提供个性化的健康建议、饮食规划和锻炼计划等文本内容。,2024-8,generative ai,境内深度合成服务算法备案清单（2024年8月）.docx
AIshipgo智能客服算法,服务提供者,数贸科技（北京）有限公司,AIshipgo(网站)、敦煌网(网站),应用于对话生成场景，根据用户输入的问题文本，生成相应的回复文本。,2024-8,generative ai,境内深度合成服务算法备案清单（2024年8月）.docx
悉之自动解题生成式算法,服务技术支持者,北京悉之智能科技有限公司,--,应用于多模态内容生成场景，服务于企业端客户，根据用户输入的试题图片或文本，生成题目的文本解析，再以解析文本为基础生成包含画面和语音的多模态讲解。,2024-8,generative ai,境内深度合成服务算法备案清单（2024年8月）.docx
斯曼森大模型算法,服务提供者,苏州斯曼森信息技术有限公司,西西爱聊(APP),应用于对话生成场景，根据用户输入的文本、图片数据，结合上下文信息，生成相应的文本内容。,2024-8,generative ai,境内深度合成服务算法备案清单（2024年8月）.docx
小语大模型生成合成算法,服务提供者,深圳写手智能科技有限公司,挖潜智库(小程序)、挖潜智库(APP),应用于对话生成场景，根据用户输入的问题文本，结合上下文，生成相应的文字回复内容。,2024-8,generative ai,境内深度合成服务算法备案清单（2024年8月）.docx
元宇法镜消防大模型生成算法,服务提供者,杭州浮云网络科技有限公司,元宇法镜AI平台(网站),应用于对话生成场景，根据用户输入的消防问题，生成消防领域相关的知识或建议。,2024-8,generative ai,境内深度合成服务算法备案清单（2024年8月）.docx
元宇法镜数字人声音复刻生成算法,服务提供者,杭州浮云网络科技有限公司,元宇法镜AI平台(网站),应用于语音生成场景，根据用户输入的文本，生成与目标人物形象相匹配的语音。,2024-8,generative ai,境内深度合成服务算法备案清单（2024年8月）.docx
金蝶苍穹大模型算法,服务技术支持者,金蝶软件（中国）有限公司,--,应用于文本生成场景，服务于企业端客户，根据用户输入的文本信息，生成符合用户需求的文本内容。,2024-8,generative ai,境内深度合成服务算法备案清单（2024年8月）.docx
横渠天地角色聊天算法,服务提供者,北京仲君科技有限公司,横渠天地(小程序),应用于文本生成场景，根据用户输入的文本或语音信息，生成符合用户需求的文本内容，利用语音合成技术将文本结果转化为语音输出。,2024-8,generative ai,境内深度合成服务算法备案清单（2024年8月）.docx
兔展DragonDiffusion图像风格化生成算法,服务技术支持者,深圳兔展智能科技有限公司,--,应用于文本图像生成场景，服务于企业端客户，根据用户输入的文本或图像，生成符合用户需求的文本、图像内容。,2024-8,generative ai,境内深度合成服务算法备案清单（2024年8月）.docx
元乘象Chatimg图生文算法,服务提供者,南京智子引擎信息科技有限公司,元乘象(网站),应用于文本生成场景，根据用户输入的文本和图像信息，生成符合用户需求的文本内容，实现图文问答功能。,2024-8,generative ai,境内深度合成服务算法备案清单（2024年8月）.docx
风正Halo智能客服算法,服务提供者,成都越优风正科技咨询有限公司,获客宝盒(APP),应用于智能对话场景，根据用户输入的文本，生成符合用户需求的文本回复。,2024-8,generative ai,境内深度合成服务算法备案清单（2024年8月）.docx
繁微智能问答生成算法,服务提供者,上海东证期货有限公司,东证繁微(小程序)、东证繁微(网站),应用于智能对话场景，根据用户输入的文本，生成符合用户需求的文本回复。,2024-8,generative ai,境内深度合成服务算法备案清单（2024年8月）.docx
仓颉AIGC生成合成算法,服务提供者,广州仓颉科技有限公司,仓颉AIGC生成合成算法(网站),应用于图像生成场景，根据用户输入的文本、图像，生成符合用户需求的图像内容。,2024-8,generative ai,境内深度合成服务算法备案清单（2024年8月）.docx
盖得排行AI作文深度合成算法,服务提供者,广州盖得排行信息科技有限公司,AI作文特级教师(APP),应用于文本生成场景，根据用户输入的文本信息，生成符合用户需求的文本内容。,2024-8,generative ai,境内深度合成服务算法备案清单（2024年8月）.docx
风变图像生成算法,服务提供者,风变科技（深圳）有限公司,AI EDU(网站),应用于图像生成场景，根据用户输入的文本、图像，生成符合用户需求的图像内容。,2024-8,generative ai,境内深度合成服务算法备案清单（2024年8月）.docx
爱穿搭人脸融合生成算法,服务提供者,杭州爱穿搭网络有限公司,好搭盒子(APP),应用于人脸图像生成场景，根据用户上传的照片与特定形象进行面部融合，生成融合后的人脸图像。,2024-8,generative ai,境内深度合成服务算法备案清单（2024年8月）.docx
新智家和家庭私域内容生成算法,服务提供者,新奥新智科技有限公司,新智家合(APP),应用于文本生成场景，根据用户输入的文本或语音信息，生成符合用户需求的文本内容，利用语音合成技术将文本结果转化为语音输出。,2024-8,generative ai,境内深度合成服务算法备案清单（2024年8月）.docx
尚睿通睿云多模态大模型算法,服务提供者,北京尚睿通教育科技股份有限公司,睿云AI老师(小程序)、睿云AI老师(网站),应用于文本、图像生成场景，根据用户输入的文本内容，生成相应的文本或符合文字描述的图像。,2024-8,generative ai,境内深度合成服务算法备案清单（2024年8月）.docx
容犀Copilot多模态解读及生成算法,服务提供者,北京容联易通信息技术有限公司,容犀Copilot(网站),应用于文本生成场景，根据用户输入的问题和上传的文档内容，生成关的文本回复。,2024-8,generative ai,境内深度合成服务算法备案清单（2024年8月）.docx
财跃F1文本生成算法,服务提供者,上海财跃星辰智能科技有限公司,财跃F1(网站),应用于文本生成场景，根据用户输入的文本内容，生成相应的文本回复。,2024-8,generative ai,境内深度合成服务算法备案清单（2024年8月）.docx
ChatGot图片生成算法,服务提供者,海南飞将军网络科技有限公司,ChatGot(网站)、ChatGot(小程序)、ChatGot(APP),应用于图像生成场景，根据用户上传的图片，与选定的艺术风格融合，生成既保留原图内容结构又融合所选风格的新图片。,2024-8,generative ai,境内深度合成服务算法备案清单（2024年8月）.docx
AIshipgo视频合成算法,服务提供者,数贸科技（北京）有限公司,AIshipgo(网站)、敦煌网(网站),应用于视频生成场景，根据用户输入的音频、视频片段、文本参数等，生成电商平台的商品介绍视频。,2024-8,generative ai,境内深度合成服务算法备案清单（2024年8月）.docx
AIshipgo飞天大模型算法,服务提供者,数贸科技（北京）有限公司,AIshipgo(网站)、敦煌网(网站),应用于文本生成场景，根据用户输入的商品标题文本，生成电商平台的商品描述、广告文案、标题、卖点以及关键词等。,2024-8,generative ai,境内深度合成服务算法备案清单（2024年8月）.docx
海豚AI内容生成合成算法,服务提供者,北京星奔川鹜科技有限公司,海豚AI学(APP),应用于对话生成场景，根据用户输入的问题文本，生成对于该问题的答疑和解析文本。,2024-8,generative ai,境内深度合成服务算法备案清单（2024年8月）.docx
角色狂想图像生成算法,服务提供者,角色狂想（上海）科技有限公司,AITV网站(网站),应用于图像生成场景，根据用户输入的文本、图像，生成符合用户需求的图像内容。,2024-8,generative ai,境内深度合成服务算法备案清单（2024年8月）.docx
网旭图像生成合成算法-1,服务提供者,深圳市网旭科技有限公司,佐糖(网站)、佐糖(APP),应用于图像生成场景，根据用户输入的文本、图像，生成符合用户需求的图像内容。,2024-8,generative ai,境内深度合成服务算法备案清单（2024年8月）.docx
联通元景政务大模型生成算法,服务技术支持者,联通数字科技有限公司,--,应用于文本生成场景，服务于企业端客户，根据用户输入的文本信息，生成符合用户需求的文本内容。,2024-8,generative ai,境内深度合成服务算法备案清单（2024年8月）.docx
达观曹植大模型文本生成算法,服务技术支持者,达观数据有限公司,--,应用于文本生成场景，服务于企业端客户，根据用户输入的文本信息，生成符合用户需求的文本内容。,2024-8,generative ai,境内深度合成服务算法备案清单（2024年8月）.docx
易视星空生成合成算法,服务技术支持者,易视星空科技无锡有限公司,--,应用于文本生成场景，服务于企业端客户，根据用户输入的文本信息，生成符合用户需求的文本内容。,2024-8,generative ai,境内深度合成服务算法备案清单（2024年8月）.docx
君可云图片修复及美化算法,服务提供者,东莞市君可云商贸有限公司,shoesAI(公众账号),应用于图像生成场景，根据用户输入的图像，生成符合用户需求的图像内容。,2024-8,generative ai,境内深度合成服务算法备案清单（2024年8月）.docx
吉星智能客服算法,服务提供者,北京吉星生活服务有限公司,吉星生活服务(小程序),应用于智能对话场景，根据用户输入的文本，生成符合用户需求的文本回复。,2024-8,generative ai,境内深度合成服务算法备案清单（2024年8月）.docx
灵镜科技生成合成类HumanEmotionalVoiceClone算法-1,服务提供者,灵镜玉虚智能科技（上海）有限公司,灵镜科技AI创作平台(网站),应用于语音合成场景，根据用户输入的音频数据及选定的文本，生成指定音色对应的音频内容。,2024-8,generative ai,境内深度合成服务算法备案清单（2024年8月）.docx
AI法源智能生成算法,服务提供者,北京智道法源科技有限公司,AI法源(小程序),应用于智能对话场景，根据用户输入的文本，生成符合用户需求的文本回复。,2024-8,generative ai,境内深度合成服务算法备案清单（2024年8月）.docx
觉晓文本生成算法,服务提供者,重庆觉晓科技有限公司,觉晓法考iOS版(APP)、觉晓法考HD版(APP)、觉晓法考(网站)、觉晓法考安卓版(APP),应用于文本生成场景，根据用户输入的文本信息，生成符合用户需求的文本内容。,2024-8,generative ai,境内深度合成服务算法备案清单（2024年8月）.docx
元宇法镜税务大模型生成算法,服务提供者,杭州浮云网络科技有限公司,元宇法镜AI平台(网站),应用于智能对话场景，根据用户输入的文本，生成符合用户需求的文本回复，主要用于税务领域。,2024-8,generative ai,境内深度合成服务算法备案清单（2024年8月）.docx
阿几智能视频合成算法,服务提供者,上海阿几网络技术有限公司,Kreatr(网站)、Arkie(网站),应用于视频生成场景，根据用户输入的文本、图像、视频，生成符合用户需求的视频内容。,2024-8,generative ai,境内深度合成服务算法备案清单（2024年8月）.docx
武汉至唯数字人驱动算法,服务提供者,武汉至唯科技有限公司,AI数智助手(小程序),应用于数字人生成场景，根据用户输入的文本、语音、图片数据，生成交互式数字人形象、动作等。,2024-8,generative ai,境内深度合成服务算法备案清单（2024年8月）.docx
猎聘简历生成算法,服务提供者,同道精英(天津)信息技术有限公司,猎聘(APP),应用于文本生成场景，根据用户填写的文本描述，生成符合用户需求的简历内容。,2024-8,generative ai,境内深度合成服务算法备案清单（2024年8月）.docx
千幻AI图片合成算法-1,服务提供者,成都千幻科技有限公司,哄哄模拟气(小程序),应用于图像生成场景，根据用户输入的文本描述和图像，生成与文本描述相匹配或风格转换的新图像。,2024-8,generative ai,境内深度合成服务算法备案清单（2024年8月）.docx
远至智能问答生成算法,服务提供者,中科数字出版传媒有限公司,远至(其他),应用于对话生成场景，根据输入的健康相关问题或症状描述文本，生成健康建议、科室推荐或初步诊断结果。,2024-8,generative ai,境内深度合成服务算法备案清单（2024年8月）.docx
索迈特AI视频生成算法-1,服务提供者,索迈特（上海）人工智能科技有限公司,索迈特AI助手(小程序)、索迈特AI(网站),应用于视频生成场景，根据用户输入的图片、声音、视频素材，生成相应的视频内容。,2024-8,generative ai,境内深度合成服务算法备案清单（2024年8月）.docx
小讴学生成长交互生成算法,服务提供者,北京小讴科技有限公司,小讴AI(小程序),应用于文本生成场景，根据用户输入的文本内容，生成出符合用户需求的文本内容。,2024-8,generative ai,境内深度合成服务算法备案清单（2024年8月）.docx
通义声音驱动单图人像视频生成算法,服务提供者,通义云启（杭州）信息技术有限公司,通义(APP),应用于视频生成场景，根据用户输入的人脸图片、声音音频片段，生成声音与面部表情一致的指定人物唱歌或讲话视频。,2024-8,generative ai,境内深度合成服务算法备案清单（2024年8月）.docx
IDchat工业大模型算法,服务提供者,成都思为交互科技有限公司,idchat(网站),应用于对话生成场景，根据用户输入的文本信息，生成工业领域相关的文本回复。,2024-8,generative ai,境内深度合成服务算法备案清单（2024年8月）.docx
云蝠智能数字人声音驱动表情算法,服务提供者,南京星蝠科技有限公司,云蝠 AI 数字人(网站),应用于数字人生成场景，根据用户输入的文本、音频、图像或视频，生成嘴型与音频相符的数字人视频。,2024-8,generative ai,境内深度合成服务算法备案清单（2024年8月）.docx
AI老师大模型算法,服务技术支持者,网易有道信息技术（北京）有限公司,--,应用于对话生成场景，服务于企业端客户，根据用户输入的文本、图像和音频数据，生成相应的文本回复。,2024-8,generative ai,境内深度合成服务算法备案清单（2024年8月）.docx
金睛云华安全大脑智能辅助运营算法-2,服务提供者,北京金睛云华科技有限公司,云梯·安全运营智能辅助系统(网站),应用于文本生成场景，根据用户输入的文本或上传的文本文件，生成网络安全领域的知识文本内容。,2024-8,generative ai,境内深度合成服务算法备案清单（2024年8月）.docx
ChatGreat多模态图片生成算法,服务提供者,宿州缥缈网络科技有限公司,ChatGreat(网站)、ChatGreat(APP)、ChatGreat(小程序),应用于图片生成场景，根据用户输入的文本描述及参考图片，生成既符合文本描述又体现图像风格的图片。,2024-8,generative ai,境内深度合成服务算法备案清单（2024年8月）.docx
阿莱门法律大模型算法,服务技术支持者,北武阿莱门智能科技（武汉）有限公司,--,应用于文本生成场景，服务于企业端客户，根据用户输入的文本信息，生成符合用户需求的文本内容。,2024-8,generative ai,境内深度合成服务算法备案清单（2024年8月）.docx
DDI领导力顾问生成式对话算法,服务提供者,智睿卓才企业咨询（上海）有限公司,DDI人才管理智慧服务平台(网站),应用于智能对话场景，根据用户输入的文本，生成符合用户需求的文本回复。,2024-8,generative ai,境内深度合成服务算法备案清单（2024年8月）.docx
华数云AI数字人合成算法,服务技术支持者,广州华数云计算有限公司,--,应用于数字人视频生成场景，服务于企业端客户，根据输入的文本、音频，及人像视频，生成数字人形象的视频。,2024-8,generative ai,境内深度合成服务算法备案清单（2024年8月）.docx
天成语音识别算法,服务提供者,北京天成通链科技有限公司,”慧民通“智能语言交互服务终端(其他),应用于语音识别场景，根据用户输入的音频，生成对应的文字。,2024-8,generative ai,境内深度合成服务算法备案清单（2024年8月）.docx
容联易通赤兔大模型生成算法,服务技术支持者,北京容联易通信息技术有限公司,--,应用于文本生成场景，服务于企业端客户，根据用户输入的文本和图像信息，生成符合用户需求的文本内容。,2024-8,generative ai,境内深度合成服务算法备案清单（2024年8月）.docx
电科东信百灵交互式对话算法,服务技术支持者,中电科东方通信集团有限公司,--,应用于文本生成场景，服务于企业端客户，根据用户输入的文本信息，生成符合用户需求的文本内容。,2024-8,generative ai,境内深度合成服务算法备案清单（2024年8月）.docx
法保网AI法律咨询助手算法,服务技术支持者,浙江法之道信息技术有限公司,--,应用于文本生成场景，服务于企业端客户，根据用户输入的文本信息，生成符合用户需求的文本内容。,2024-8,generative ai,境内深度合成服务算法备案清单（2024年8月）.docx
力维智联图生文大模型图像理解算法,服务技术支持者,深圳力维智联技术有限公司,--,应用于文本生成场景，服务于企业端客户，根据用户输入的文本信息，生成符合用户需求的文本内容。,2024-8,generative ai,境内深度合成服务算法备案清单（2024年8月）.docx
ChatGript语音转文字生成算法,服务提供者,海口穿杨网络科技有限公司,ChatGript(网站)、ChatGript(小程序)、ChatGript(APP),应用于语音识别场景，根据用户输入的音频，生成对应的文字。,2024-8,generative ai,境内深度合成服务算法备案清单（2024年8月）.docx
ChatGript文字转语音生成算法,服务提供者,海口穿杨网络科技有限公司,ChatGript(网站)、ChatGript(小程序)、ChatGript(APP),应用于音频生成场景，根据用户输入的文本信息，生成文本对应的音频内容。,2024-8,generative ai,境内深度合成服务算法备案清单（2024年8月）.docx
高符科技语音合成算法,服务提供者,杭州高符科技有限公司,高符配音(网站)、高符配音(小程序),应用于音频生成场景，根据用户输入的文本信息，生成文本对应的音频内容。,2024-8,generative ai,境内深度合成服务算法备案清单（2024年8月）.docx
趣丸科技音色克隆算法,服务提供者,广州趣丸网络科技有限公司,TT语音(APP)、麦可(APP)、唱鸭(APP),应用于音频生成场景，根据用户录音数据，提取用户音色特征，生成与用户音色一致的音频内容。,2024-8,generative ai,境内深度合成服务算法备案清单（2024年8月）.docx
炫兜智能陪伴成长合成算法,服务提供者,武汉市炫境科技有限公司,炫兜(APP),应用于文本生成场景，根据用户输入的文本信息，生成符合用户需求的文本内容。,2024-8,generative ai,境内深度合成服务算法备案清单（2024年8月）.docx
可画文本生成算法-2,服务提供者,北京咖瓦信息技术有限公司,Canva可画(APP)、Canva可画(网站)、Canva可画(小程序),应用于文本生成场景，根据用户输入的文本信息，生成符合用户需求的文本内容。,2024-8,generative ai,境内深度合成服务算法备案清单（2024年8月）.docx
新片场生成图片算法,服务提供者,杭州新片场科技有限公司,FineAI(其他),应用于图片生成场景，根据用户输入的文本或图像，生成与文本语义相匹配的图像。,2024-8,generative ai,境内深度合成服务算法备案清单（2024年8月）.docx
时代涌现商品视频生成算法,服务提供者,时代涌现信息科技（南京）有限公司,FancyTech(网站),应用于多模态内容生成场景，根据用户输入的商品特点、⽬标市场和营销策略等数据，⽣成相应的商品视频与⽂案。,2024-8,generative ai,境内深度合成服务算法备案清单（2024年8月）.docx
APEX建筑绘图生成合成算法,服务提供者,上海埃帕希科技有限公司,APEX(网站),应用于图像生成场景，根据用户输入的提示词和上传的参考图，生成相应的建筑图像。,2024-8,generative ai,境内深度合成服务算法备案清单（2024年8月）.docx
凡思唯行图像生成融合算法,服务技术支持者,重庆凡思唯行网络科技有限公司,--,应用于图像生成场景，服务于企业端客户，根据用户输入的素材，提取特征与动漫图片融合，生成具有个性化特征的动态图像或动漫图像。,2024-8,generative ai,境内深度合成服务算法备案清单（2024年8月）.docx
李未可视觉内容分析生成算法,服务提供者,安徽李未可科技有限公司,李未可AI(APP)、李未可AI(小程序)、李未可GO(APP),应用于文本音频生成场景，根据用户上传的图片，进行图像识别和内容解读，生成文字描述和配套的音频。,2024-8,generative ai,境内深度合成服务算法备案清单（2024年8月）.docx
莱可优智能图像合成算法-1,服务提供者,杭州莱可优智能科技有限公司,小鹿相机(小程序),应用于图像生成场景，根据用户上传的图片人脸数据，结合模板内容，生成符合用户需求的图片。,2024-8,generative ai,境内深度合成服务算法备案清单（2024年8月）.docx
校园之星教学资源生成算法,服务提供者,北京校园之星科技有限公司,校园之星AI教师助手(网站),应用于文本生成场景，根据用户输入的文本信息，生成符合用户需求的文本内容。,2024-8,generative ai,境内深度合成服务算法备案清单（2024年8月）.docx
欢颜人脸融合算法,服务技术支持者,重庆甜耳科技有限公司,--,应用于人脸图像、视频生成场景，服务于企业端客户，将用户上传的照片与特定模板图像、视频进行面部融合，生成融合后的人脸图像、视频。,2024-8,generative ai,境内深度合成服务算法备案清单（2024年8月）.docx
CSMAR文本生成算法,服务技术支持者,深圳希施玛数据科技有限公司,--,应用于文本生成场景，服务于企业端客户，根据用户输入的文本信息，生成符合用户需求的文本内容。,2024-8,generative ai,境内深度合成服务算法备案清单（2024年8月）.docx
微秘内容生成合成算法,服务提供者,微秘科技（深圳）有限公司,微秘(APP),应用于文本生成场景，根据用户输入的文本信息，生成符合用户需求的文本内容。,2024-8,generative ai,境内深度合成服务算法备案清单（2024年8月）.docx
凤侠网络信息深度合成算法,服务提供者,杭州凤侠网络科技有限公司,猫修(APP),应用于文本生成场景，根据用户输入的文本信息，生成符合用户需求的文本内容。,2024-8,generative ai,境内深度合成服务算法备案清单（2024年8月）.docx
妙啊文本生成算法,服务提供者,重庆妙啊科技有限公司,SpeakWell(APP),应用于智能对话场景，根据用户输入的文本或语音，生成符合用户需求的文本回复。,2024-8,generative ai,境内深度合成服务算法备案清单（2024年8月）.docx
联通元景大模型图文问答算法,服务技术支持者,联通数字科技有限公司,--,应用于文本生成场景，服务于企业端客户，根据用户输入的文本和图像信息，生成符合用户需求的文本内容，实现图文问答功能。,2024-8,generative ai,境内深度合成服务算法备案清单（2024年8月）.docx
XHer文本生成算法,服务提供者,江苏融索太信息科技有限公司,XHer(APP),应用于智能对话场景，根据用户输入的文本信息，生成符合用户需求的文本回复。,2024-8,generative ai,境内深度合成服务算法备案清单（2024年8月）.docx
豆包爱学大模型算法,服务提供者,北京抖音信息服务有限公司,豆包爱学(APP),应用于文本生成场景，根据用户输入的有关学习教育各类文本信息，生成疑问解析、写作引导、知识点推荐、学习建议等文本信息。,2024-8,generative ai,境内深度合成服务算法备案清单（2024年8月）.docx
行者文本生成算法,服务提供者,北京行者明达科技有限公司,喵喵简历(小程序),应用于文本生成场景，根据用户输入的文本信息，生成符合用户需求的文本内容。,2024-8,generative ai,境内深度合成服务算法备案清单（2024年8月）.docx
卡特加特玄武多模态生成算法,服务提供者,北京卡特加特人工智能科技有限公司,卡特加特(APP),应用于对话生成场景，根据用户输入的文本，生成相应的文本、图像。,2024-8,generative ai,境内深度合成服务算法备案清单（2024年8月）.docx
会玩智能沟通辅助算法,服务提供者,武汉微派网络科技有限公司,会玩(APP),应用于对话生成场景，根据用户输入的文本或图片，生成相应的文本回复或指定风格的图片。,2024-8,generative ai,境内深度合成服务算法备案清单（2024年8月）.docx
小桃医助算法,服务提供者,四川桃子健康科技股份有限公司,小桃医助算法(网站),应用于对话生成场景，根据用户输入的文本，生成医疗服务领域的文本回复。,2024-8,generative ai,境内深度合成服务算法备案清单（2024年8月）.docx
三河市二由文生图算法,服务提供者,三河市二由网络科技有限公司,AI 画咖(APP),应用于图像生成场景，根据用户输入的文本，生成符合文本描述的图像。,2024-8,generative ai,境内深度合成服务算法备案清单（2024年8月）.docx
微喵图像生成算法,服务提供者,成都腾木科技有限公司,微喵(网站),应用于图像生成场景，根据用户输入的文本、图像，生成符合用户需求的图像内容。,2024-8,generative ai,境内深度合成服务算法备案清单（2024年8月）.docx
筷子视频理解文本生成算法,服务提供者,广州筷子信息科技有限公司,加筷智能创意平台(网站),应用于文本生成场景，根据用户输入的视频信息，分段生成台词和视频描述等文本内容。,2024-8,generative ai,境内深度合成服务算法备案清单（2024年8月）.docx
数都AI图像生成算法-1,服务提供者,上海数都信息科技有限公司,Logo神器(网站)、Logo生成器(网站)、燕雀Logos生成(小程序)、AI Logo 生成器(小程序)、燕雀智造(网站),应用于图像生成场景，根据用户输入的参考图像和文本内容，生成符合用户需求的图像。,2024-8,generative ai,境内深度合成服务算法备案清单（2024年8月）.docx
派生万物AI办公算法,服务提供者,上海派生万物智能科技有限公司,派生万物AI Studio(小程序),应用于文本生成场景，将用户输入的音频、视频识别为文本，根据用户输入的文本或识别的文本，生成符合用户需求的文本内容。,2024-8,generative ai,境内深度合成服务算法备案清单（2024年8月）.docx
爱莫蚩尤细粒度多模态大模型算法,服务技术支持者,深圳爱莫科技有限公司,--,应用于文本生成场景，服务于企业端客户，根据用户输入的文本、图像信息，生成符合用户需求的文本内容。,2024-8,generative ai,境内深度合成服务算法备案清单（2024年8月）.docx
制胜百胜智悦生成合成算法,服务提供者,苏州制胜信息科技有限公司,LAVAZZA拉瓦萨咖啡(公众账号)、肯德基+(小程序)、肯德基(APP)、必胜客外带(小程序)、必胜客(APP)、百胜会会员(公众账号)、必胜客宅急送(小程序)、LAVAZZA拉瓦萨官方咖啡店(小程序)、塔可钟Taco Bell自助点餐(小程序)、必胜客(小程序)、肯德基宅急送(小程序)、必胜客优选(小程序)、百胜会(小程序)、小肥羊(公众账号)、必胜客宅急送(公众账号)、肯德基自助点餐(小程序)、必胜客自助点餐(小程序)、肯德基宅急送(公众账号),应用于文本生成场景，根据用户输入的文本信息，生成符合用户需求的文本内容。,2024-8,generative ai,境内深度合成服务算法备案清单（2024年8月）.docx
AI法律助理一氏算法,服务提供者,上海芳邻网络技术有限公司,AI法律助理一氏(小程序),应用于文本生成场景，根据用户输入的文本信息，生成符合用户需求的文本内容，主要用于法律领域。,2024-8,generative ai,境内深度合成服务算法备案清单（2024年8月）.docx
嗨聊雅思口语深度合成算法,服务提供者,高途教育科技集团有限公司,嗨聊雅思口语(小程序),应用于文本生成场景，根据用户输入的文本，或语音转化后的文本，生成符合用户需求的文本内容。,2024-8,generative ai,境内深度合成服务算法备案清单（2024年8月）.docx
Aya多模态图像生成扩散模型算法,服务提供者,北京九天银河科技有限公司,Aya人工智能助理(小程序)、Aya(小程序),应用于图像生成场景，根据用户输入的文本或图像，生成符合用户需求的图像内容。,2024-8,generative ai,境内深度合成服务算法备案清单（2024年8月）.docx
传播大脑内容生成算法,服务提供者,传播大脑科技（浙江）股份有限公司,媒立方(网站)、评论系统(网站)、天目蓝云(网站)、创作大脑(网站),应用于文本生成场景，根据用户输入的文本信息，生成符合用户需求的文本内容。,2024-8,generative ai,境内深度合成服务算法备案清单（2024年8月）.docx
WPS文本生成算法,服务提供者,北京金山办公软件股份有限公司,WPS Office(APP)、金山文档(APP),应用于文本生成场景，根据用户输入的文本信息，生成符合用户需求的文本内容。,2024-8,generative ai,境内深度合成服务算法备案清单（2024年8月）.docx
像衍科技数字人生成算法-1,服务提供者,杭州像衍科技有限公司,数字人(网站),应用于数字人视频生成场景，根据输入的文本、音频，及人像视频，生成数字人形象的视频。,2024-8,generative ai,境内深度合成服务算法备案清单（2024年8月）.docx
华院数智人生成算法,服务提供者,华院计算技术（上海）股份有限公司,华院智保(小程序)、华院数智人生成平台(网站),应用于数字人视频生成场景，用户输入文字并转换成音频，驱动定制数字形象生成唇形同步的数字人视频。,2024-8,generative ai,境内深度合成服务算法备案清单（2024年8月）.docx
Lipu多模态生成算法,服务提供者,上海狸谱科技有限公司,狸谱(网站),应用于文本、图像、音频、视频生成场景，根据文本输入内容生成对应的文本回复，根据输入的提示词、图像等生成图像、视频，可将文本内容转换为语音。,2024-8,generative ai,境内深度合成服务算法备案清单（2024年8月）.docx
小天才AI多模态算法,服务提供者,广东天才星网络科技有限公司,微聊(APP)、AI绘画(APP),应用于多模态内容生成场景，根据用户输入的文本、图像，实现文本续写、篇章生成、图像生成等功能。,2024-8,generative ai,境内深度合成服务算法备案清单（2024年8月）.docx
小熊美术AI算法,服务提供者,杭州小伴熊科技有限公司,小熊美术(网站)、小熊美术(APP),应用于多模态内容生成场景，根据用户输入的语音、文本，生成图文内容和语音旁白。,2024-8,generative ai,境内深度合成服务算法备案清单（2024年8月）.docx
醒智多模态大模型算法,服务提供者,上海醒智科技有限公司,DeepVinci(网站),应用于多模态内容生成场景，根据用户输入的文字描述、图片、视频、音频等，生成相应的文本、图像、音频、视频等多模态回复内容。,2024-8,generative ai,境内深度合成服务算法备案清单（2024年8月）.docx
创贸AI文本生成算法,服务提供者,创贸科技（深圳）集团有限公司,超迹AI(网站),应用于文本生成场景，根据用户输入的关键词、描述词等信息，生成符合用户预期的文本结果。,2024-8,generative ai,境内深度合成服务算法备案清单（2024年8月）.docx
站长之家内容安全算法,服务提供者,厦门享联科技有限公司,aibase(网站),应用于文本生成场景，根据用户输入的文本需求，生成相应的文本内容。,2024-8,generative ai,境内深度合成服务算法备案清单（2024年8月）.docx
广益集思数字人驱动算法,服务提供者,北京广益集思智能科技有限公司,销销(网站),应用于视频生成场景，根据用户输入的音频和视频，生成唇形与音频一致的视频。,2024-8,generative ai,境内深度合成服务算法备案清单（2024年8月）.docx
华智文韵文稿生成算法,服务技术支持者,杭州华智传媒有限公司,--,应用于文本生成场景，服务于企业端客户，根据用户输入的文本内容，生成符合用户需求的短视频新闻稿件。,2024-8,generative ai,境内深度合成服务算法备案清单（2024年8月）.docx
Master文本生成合成算法,服务技术支持者,上海壹对壹信息科技有限公司,--,应用于文本生成场景，服务于企业端客户，根据用户输入的文本内容，生成符合规范的参考文章。,2024-8,generative ai,境内深度合成服务算法备案清单（2024年8月）.docx
星罗图像生成算法,服务提供者,厦门星罗网络科技有限公司,StartAI(APP),应用于图像生成场景，根据用户输入的文本描述和参考图，生成符合用户需求的图片。,2024-8,generative ai,境内深度合成服务算法备案清单（2024年8月）.docx
商汤大医深度合成算法,服务技术支持者,上海商汤善萃医疗科技有限公司,--,应用于文本生成场景，服务于企业端客户，根据用户输入的文本内容，生成医疗领域相关的文本内容。,2024-8,generative ai,境内深度合成服务算法备案清单（2024年8月）.docx
比格AIPPT生成算法,服务提供者,成都刻尚科技有限公司,比格设计(网站),应用于文本生成场景，根据用户的需求描述文本，生成与其相匹配的PPT大纲。,2024-8,generative ai,境内深度合成服务算法备案清单（2024年8月）.docx
近屿超脑面试生成合成算法,服务提供者,上海近屿智能科技有限公司,AI得贤招聘官(网站),应用于对话生成场景，根据招聘面试过程中候选⼈的回答，⽣成追问问题文本。,2024-8,generative ai,境内深度合成服务算法备案清单（2024年8月）.docx
哇嘶嗒3D内容生成算法,服务提供者,北京哇嘶嗒科技有限公司,Tripo Webapp(网站),应用于3D模型生成场景，根据用户输入的文本或图像数据，生成符合用户需求的3D模型。,2024-8,generative ai,境内深度合成服务算法备案清单（2024年8月）.docx
皓量科技大模型生成式对话算法,服务提供者,皓量科技（深圳）有限公司,AI小敦(网站),应用于对话生成场景，根据用户输入的文本信息，生成符合用户需求的文本内容。,2024-8,generative ai,境内深度合成服务算法备案清单（2024年8月）.docx
AniNow多模态生成算法,服务提供者,北京快绘科技有限公司,aninow(小程序),应用于图像、音频生成场景，根据用户输入的文本数据和参考图像，生成一张或多张连续的图像内容，再根据用户输入的对话和旁白文本，生成相应的音频内容。,2024-8,generative ai,境内深度合成服务算法备案清单（2024年8月）.docx
壹百元NUWA图像生成算法,服务技术支持者,北京壹百元智能科技有限公司,--,应用于图像生成场景，服务于企业端客户，根据用户输入的文本描述和参考图片，生成符合用户预期的图像。,2024-8,generative ai,境内深度合成服务算法备案清单（2024年8月）.docx
若愚九天任务生成算法,服务技术支持者,深圳若愚科技有限公司,--,应用于文本生成场景，服务于企业端客户，根据用户输入的文本、音频和图像，生成符合用户意图的文本内容。,2024-8,generative ai,境内深度合成服务算法备案清单（2024年8月）.docx
wiseGPT金融场景文本生成算法,服务提供者,北京网智天元大数据科技有限公司,金鹏金融大模型服务系统V1.0(网站),应用于文本生成场景，根据用户输入的问题或需求文本，生成相应的文本信息。,2024-8,generative ai,境内深度合成服务算法备案清单（2024年8月）.docx
冰雷时代开放域自然对话合成大模型算法,服务技术支持者,北京冰雷时代科技有限公司,--,应用于文本生成场景，服务于企业端客户，根据用户输入的场景、要求、问题等文本，生成相应的文本内容。,2024-8,generative ai,境内深度合成服务算法备案清单（2024年8月）.docx
华为云MetaStudio分身数字人声音制作算法,服务技术支持者,华为云计算技术有限公司,--,应用于数字人语音生成场景，服务于企业端客户，根据输入的文本，生成接近真人音色的数字人语音。,2024-8,generative ai,境内深度合成服务算法备案清单（2024年8月）.docx
动石AI视觉动作生成算法,服务技术支持者,成都动石科技有限公司,--,应用于3D模型生成场景，服务于企业端客户，根据输入的人体运动的图像、视频或人体骨骼模型序列，生成3D模型动作或动画格式数据，用于计算机动画制作、行为识别等。,2024-8,generative ai,境内深度合成服务算法备案清单（2024年8月）.docx
核桃文生图内容生成算法,服务提供者,北京聪明核桃教育科技有限公司,核桃编程(APP),应用于图像生成场景，根据用户输入的文本，生成符合文本描述的图像。,2024-8,generative ai,境内深度合成服务算法备案清单（2024年8月）.docx
有道文档问答模型算法,服务提供者,北京网易有道计算机系统有限公司,有道智云-语音翻译(网站)、有道智云-文档翻译（开发版）(网站)、小P老师(其他)、有道翻译(网站)、有道精品课(网站)、有道智云-网页翻译(网站)、Hi Echo口语教练(小程序)、有道子曰大模型(网站)、网易云课堂(网站)、有道数字人视频翻译(网站)、有道速读(APP)、网易云课堂主站(小程序)、有道智云-图片翻译(网站)、有道速读(小程序)、有道数字人(小程序)、有道AIbox(APP)、有道翻译(APP)、网易云课堂AI工坊(小程序)、中国大学MOOC(APP)、有道博闻(网站)、有道翻译官(APP)、有道智能硬件(APP)、有道智云-实时语音翻译(网站)、有道精品课(APP)、小P老师(APP)、小P老师(小程序)、有道小P(APP)、唱醒(APP)、有道博闻(APP)、有道智云-文本翻译(网站)、有道小P(小程序)、中国大学MOOC(网站)、有道小P(网站)、有道留学听课宝(APP)、Hi Echo(APP)、有道数字人(APP)、有道智能硬件(其他)、Hi Echo(网站)、网易云课堂(APP)、网易有道词典(APP)、小P老师(网站)、有道速读(网站),应用于对话生成场景，根据用户输入的文本信息，生成相应的回复文本。,2024-8,generative ai,境内深度合成服务算法备案清单（2024年8月）.docx
小冰多模态视频生成算法,服务提供者,北京红棉小冰科技有限公司,数字员工(APP),应用于视频生成场景，根据用户输入的文本描述、图像内容，生成语义相一致的视频。,2024-8,generative ai,境内深度合成服务算法备案清单（2024年8月）.docx
圆方绘家AI算法,服务提供者,广州市圆方计算机软件工程有限公司,尚品美家(小程序),应用于图像生成场景，根据用户上传的装修图片或文本描述，生成与原图相匹配的装修效果图。,2024-8,generative ai,境内深度合成服务算法备案清单（2024年8月）.docx
欣兴旺生成合成类算法,服务提供者,湖北欣兴旺网络科技有限公司,彩虹星球(APP),应用于对话生成场景，根据用户输入的文本，生成相应的文本回复。,2024-8,generative ai,境内深度合成服务算法备案清单（2024年8月）.docx
医行多模态大模型算法,服务提供者,沈阳医行科技有限公司,医行医学科研平台(网站)、医行AI助手(小程序),应用于文本、图像生成场景，根据用户输入的文本内容，生成符合用户需求的文本、图像内容。,2024-8,generative ai,境内深度合成服务算法备案清单（2024年8月）.docx
职鼎Solo评估生成算法,服务提供者,上海职鼎网络科技有限公司,solo模拟行为评估(其他),应用于文本生成场景，对用户与模拟谈话对象的文本交互进行评估，输出评价和改进建议的文本内容。,2024-8,generative ai,境内深度合成服务算法备案清单（2024年8月）.docx
颜拍拍人脸融合算法,服务提供者,上海颜拍拍信息科技有限公司,颜拍拍(APP),应用于视频生成场景，将用户上传的照片与特定视频进行面部融合，生成人脸融合后的视频。,2024-8,generative ai,境内深度合成服务算法备案清单（2024年8月）.docx
中电信数政市民热线智能问答算法,服务技术支持者,中电信数政科技有限公司,--,应用于文本生成场景，服务于企业端客户，根据用户输入的文本数据，生成符合用户需求的文本内容。,2024-8,generative ai,境内深度合成服务算法备案清单（2024年8月）.docx
千图智绘AI图像生成算法,服务技术支持者,上海品图网络科技有限公司,--,应用于图像生成场景，服务于企业端客户，根据用户输入的文本、图像，生成符合用户需求的图像内容。,2024-8,generative ai,境内深度合成服务算法备案清单（2024年8月）.docx
爱易佰自然语言生成算法,服务技术支持者,成都爱易佰网络科技有限公司,--,应用于文本生成场景，服务于企业端客户，根据用户输入的文本数据，生成符合用户需求的文本内容。,2024-8,generative ai,境内深度合成服务算法备案清单（2024年8月）.docx
飞龙码中文理解引擎生成合成算法,服务提供者,仿脑科技（深圳）有限公司,飞龙码中文理解引擎生成合成算法(网站),应用于智能对话场景，根据用户输入的文本，生成符合用户要求的文本回复。,2024-8,generative ai,境内深度合成服务算法备案清单（2024年8月）.docx
无界方舟AutoArk大语言模型算法,服务提供者,珠海无界方舟智能技术有限公司,AutoMind(小程序),应用于对话生成场景，根据用户输入的问题文本和图片，生成相应的文本回复内容。,2024-8,generative ai,境内深度合成服务算法备案清单（2024年8月）.docx
瞬知智能生成合成算法,服务技术支持者,北京麦火科技有限公司,--,应用于文本生成场景，服务于企业端客户，根据用户输入的信息，结合商品信息和用户评价，生成商品推荐和购物引导文本。,2024-8,generative ai,境内深度合成服务算法备案清单（2024年8月）.docx
孚盟MXAI外贸全流程深度合成算法,服务提供者,上海孚盟软件有限公司,孚盟MX(网站),应用于文本生成场景，根据历史营销数据和当前市场信息，生成个性化的营销内容。,2024-8,generative ai,境内深度合成服务算法备案清单（2024年8月）.docx
TapSight智能问答助手算法,服务提供者,易玩（上海）网络科技有限公司,TapTap(网站)、TapTap(APP),应用于对话生成场景，根据用户输入的游戏领域相关的问题，生成相关的文本回复。,2024-8,generative ai,境内深度合成服务算法备案清单（2024年8月）.docx
辞源个性化学习内容合成算法,服务提供者,北京知明而行网络科技有限公司,辞源(网站),应用于文本生成场景，根据用户输入的需求文本，生成符合用户需求的写作内容。,2024-8,generative ai,境内深度合成服务算法备案清单（2024年8月）.docx
星辰海纳视联多模态大模型算法-1,服务技术支持者,天翼视联科技有限公司,--,应用于文本生成场景，服务于企业端客户，根据用户输入的图像和视频内容，生成相应的文本描述。,2024-8,generative ai,境内深度合成服务算法备案清单（2024年8月）.docx
星辰海纳视联多模态大模型算法,服务提供者,天翼视联科技有限公司,天翼云眼(APP)、天翼看家(APP),应用于文本生成场景，根据用户输入的图像和视频内容，生成相应的文本描述。,2024-8,generative ai,境内深度合成服务算法备案清单（2024年8月）.docx
高途AI英语学习讲解算法,服务提供者,北京高途成蹊旅行服务有限公司,高途AI英语(小程序),应用于对话生成场景，根据用户输入的问题，生成英语习题讲解相关的文本内容。,2024-8,generative ai,境内深度合成服务算法备案清单（2024年8月）.docx
咪咕阅读文本生成算法,服务提供者,咪咕数字传媒有限公司,咪咕阅读(APP),应用于文本生成场景，根据用户输入的泛阅读领域相关问题，生成相应的文本回复。,2024-8,generative ai,境内深度合成服务算法备案清单（2024年8月）.docx
开山猴AI写作大师文本生成算法,服务提供者,重庆初唱科技有限公司,开山猴AI写作大师(网站),应用于文本生成场景，根据用户输入的文章类型、关键字词等，生成各种类型和领域的文章创作内容。,2024-8,generative ai,境内深度合成服务算法备案清单（2024年8月）.docx
书童文生视频算法,服务提供者,义乌未来智慧信息科技有限公司,书童(APP),应用于视频生成场景，根据用户输入的文本，生成固定音色语音，然后合成AI动画视频、小说推文视频、民间故事视频等不同风格的视频。,2024-8,generative ai,境内深度合成服务算法备案清单（2024年8月）.docx
菲尔莱智能生成算法,服务提供者,菲尔莱（北京）科技有限公司,速云直播间(网站)、千尺(APP)、启牛(APP)、讲真(APP),应用于文本生成场景，根据用户输入的文本生成指令，生成相应的文字回复内容。,2024-8,generative ai,境内深度合成服务算法备案清单（2024年8月）.docx
书童图像生成算法,服务提供者,义乌未来智慧信息科技有限公司,书童(APP),应用于图像生成场景，根据用户输入的文本或图像，生成水彩、扁平插画、二次元、油画、中国画、3D卡通和素描等各类风格图像，或对人像进行风格重绘。,2024-8,generative ai,境内深度合成服务算法备案清单（2024年8月）.docx
胖宝图像美化与特效算法,服务技术支持者,合肥胖宝科技有限公司,--,应用于图像、视频编辑场景，服务于企业端客户，根据输入的图像或视频，进行美型、美肤、美体及清晰化等美化处理。,2024-8,generative ai,境内深度合成服务算法备案清单（2024年8月）.docx
澎湃智媒音乐大模型算法,服务提供者,上海派生万物智能科技有限公司,澎湃智媒AI Studio(小程序),应用于音频生成场景，根据用户输入的音乐描述文本，生成满足个性化要求的音乐。,2024-8,generative ai,境内深度合成服务算法备案清单（2024年8月）.docx
58数字人合成算法,服务提供者,北京五八信息技术有限公司,58同城(APP),应用于数字人生成场景，根据用户输入的商品介绍文案，生成数字人音频，再生成跟音频匹配的数字人视频。,2024-8,generative ai,境内深度合成服务算法备案清单（2024年8月）.docx
文优小助问答文本合成算法,服务提供者,成都中新三吉科技有限公司,文优小助(网站),应用于智能对话场景，根据用户输入的文本，生成符合用户要求的文本回复。,2024-8,generative ai,境内深度合成服务算法备案清单（2024年8月）.docx
才虫多模态音乐生成算法,服务提供者,北京对牛弹琴科技有限公司,才虫音乐创作AI服务(网站)、才虫(小程序)、才虫(APP),应用于音频生成场景，根据用户输入的文本信息，生成符合该描述的音乐或歌词。,2024-8,generative ai,境内深度合成服务算法备案清单（2024年8月）.docx
一知数字人驱动算法,服务提供者,杭州一知智能科技有限公司,芽势数字人平台(网站)、芽势直播(APP),应用于数字人视频生成场景，根据用户输入的文本、音频，及人像视频，生成数字人形象的视频。,2024-8,generative ai,境内深度合成服务算法备案清单（2024年8月）.docx
知点科技生成算法,服务提供者,上海知点文化科技有限公司,找知点(网站),应用于智能对话场景，根据用户输入的文本，生成符合用户要求的文本回复。,2024-8,generative ai,境内深度合成服务算法备案清单（2024年8月）.docx
来画图文混合生成可控视频算法,服务提供者,深圳市前海手绘科技文化有限公司,来画(网站),应用于视频生成场景，根据用户提供网页中的文本、图片、音频，生成符合用户需求的视频内容。,2024-8,generative ai,境内深度合成服务算法备案清单（2024年8月）.docx
ChatGreat视频生成算法,服务提供者,宿州缥缈网络科技有限公司,ChatGreat(网站)、ChatGreat(APP)、ChatGreat(小程序),应用于视频生成场景，根据用户上传的文本信息，生成符合用户需求的视频内容。,2024-8,generative ai,境内深度合成服务算法备案清单（2024年8月）.docx
量子媒体深度合成算法,服务提供者,厦门量子堆栈科技有限公司,量子写真图像生成(网站),应用于图像生成场景，根据用户上传的个人照片和输入的文本提示词，生成个性化写真照片。,2024-8,generative ai,境内深度合成服务算法备案清单（2024年8月）.docx
翼支付商城导购算法,服务提供者,天翼电子商务有限公司,翼支付(APP),应用于对话生成场景，根据用户输入的文本内容，生成相应的回复文本或商品信息。,2024-8,generative ai,境内深度合成服务算法备案清单（2024年8月）.docx
解螺旋生成合成算法,服务提供者,解螺旋（上海）科技有限公司,Newidea(网站),应用于文本生成场景，根据用户输入的文本，生成医学科研领域相关的文本内容。,2024-8,generative ai,境内深度合成服务算法备案清单（2024年8月）.docx
圣才解题交互式合成算法,服务提供者,圣才电子书（武汉）有限公司,圣才学习网(网站)、圣才电子书(公众账号)、圣才电子书(APP),应用于文本生成场景，根据用户输入的图像信息，生成符合用户需求的文本内容。,2024-8,generative ai,境内深度合成服务算法备案清单（2024年8月）.docx
星纪魅族多模态视觉理解大语言模型算法,服务提供者,湖北星纪魅族网络技术有限公司,MYVU(APP)、Aicy大模型(APP),应用于文本生成场景，根据用户输入的图像和提示词，生成符合用户需求的文本内容。,2024-8,generative ai,境内深度合成服务算法备案清单（2024年8月）.docx
维纳图图像生成算法-2,服务技术支持者,无锡维纳图科技有限公司,--,应用于图像生成场景，服务于企业端客户，根据用户上传的个人照片和输入的文本提示词，生成符合用户需求的图像内容。,2024-8,generative ai,境内深度合成服务算法备案清单（2024年8月）.docx
华数云人才潜力评估算法,服务提供者,广州华数云计算有限公司,人才岗位胜任力评估测试(小程序),应用于文本生成场景，根据用户对260道题目的回答，为用户生成相关评估报告。,2024-8,generative ai,境内深度合成服务算法备案清单（2024年8月）.docx
MetWell大模型生成算法,服务提供者,北京商高科技有限公司,MetWell(APP),应用于文本生成场景，根据用户输入的文本信息，生成符合用户需求的文本内容。,2024-8,generative ai,境内深度合成服务算法备案清单（2024年8月）.docx
千图万画AI图像生成算法,服务技术支持者,上海品图网络科技有限公司,--,应用于图像生成场景，服务于企业端客户，根据用户输入的文本或图像信息，生成符合用户需求的图像内容。,2024-8,generative ai,境内深度合成服务算法备案清单（2024年8月）.docx
超数AIGC图像合成算法-1,服务提供者,福建超数科技有限公司,cs-超数(小程序),应用于图像生成场景，根据用户输入的文本或图像信息，生成符合用户需求的图像内容。,2024-8,generative ai,境内深度合成服务算法备案清单（2024年8月）.docx
九天语音合成算法,服务技术支持者,中国移动通信有限公司研究院,--,应用于语音生成场景，服务于企业端客户，根据用户输入的文本和调节参数，生成相应的语音。,2024-8,generative ai,境内深度合成服务算法备案清单（2024年8月）.docx
财跃文本生成算法,服务技术支持者,上海财跃星辰智能科技有限公司,--,应用于文本生成场景，服务于企业端客户，根据输入的文本内容，生成相应的文本回应。,2024-8,generative ai,境内深度合成服务算法备案清单（2024年8月）.docx
九天语音识别算法,服务技术支持者,中国移动通信有限公司研究院,--,应用于语音识别场景，服务于企业端客户，根据输入的语音，生成相应的文本。,2024-8,generative ai,境内深度合成服务算法备案清单（2024年8月）.docx
九天声纹识别算法,服务技术支持者,中国移动通信有限公司研究院,--,应用于声纹识别场景，服务于企业端客户，根据用户输入的语音，音中的说话人特征，生成说话人ID、相似度分数、对比结果等文本。,2024-8,generative ai,境内深度合成服务算法备案清单（2024年8月）.docx
无界AI大规模语言模型算法,服务提供者,杭州超节点信息科技有限公司,无界AI(APP),应用于文本生成场景，根据用户输入的绘画主题和关键词，生成符合用户期望的AI绘画提示词。,2024-8,generative ai,境内深度合成服务算法备案清单（2024年8月）.docx
智能学习计划生成算法,服务提供者,青岛泰鹰科技有限公司,赤壤(APP),应用于对话生成场景，根据用户输入的原始素材或简单指导，生成符合要求的学习计划并推荐相关的学习视频。,2024-8,generative ai,境内深度合成服务算法备案清单（2024年8月）.docx
强脑大模型算法,服务提供者,深圳市科迈爱康科技有限公司,派盘(APP),应用于对话生成场景，根据用户输入的文本内容，生成相应的文本回复。,2024-8,generative ai,境内深度合成服务算法备案清单（2024年8月）.docx
搜了科技数字人生成服务算法,服务提供者,海南搜了科技股份有限公司,搜了AI数字人(APP),应用于数字人生成场景，根据用户输入的文本或音频，生成唇型和发声同步的数字人，主要用于直播和短视频服务。,2024-8,generative ai,境内深度合成服务算法备案清单（2024年8月）.docx
合享点链云产业大模型算法,服务提供者,北京合享智星数据科技有限公司,产业AI助手(小程序)、点链云(网站),应用于对话生成场景，根据用户输入的文本，生成产业招商领域相关的文本内容。,2024-8,generative ai,境内深度合成服务算法备案清单（2024年8月）.docx
DDI领导力教练数字人多模态生成算法,服务提供者,智睿卓才企业咨询（上海）有限公司,DDI人才管理智慧服务平台(网站),应用于数字人视频生成场景，根据用户输入的文本、音频，生成数字人形象的视频。,2024-8,generative ai,境内深度合成服务算法备案清单（2024年8月）.docx
水木智远交互式生成合成算法,服务提供者,北京水木智远科技有限公司,联卡(网站),应用于智能对话场景，根据用户输入的文本内容，生成符合用户需求的文本回复。,2024-8,generative ai,境内深度合成服务算法备案清单（2024年8月）.docx
易飞轮文本生成算法,服务提供者,杭州出海罗盘网络科技有限公司,易飞轮(网站),应用于文本生成场景，根据用户输入的文本信息，生成符合用户需求的文本内容。,2024-8,generative ai,境内深度合成服务算法备案清单（2024年8月）.docx
灏凯record生成合成算法,服务提供者,上海灏凯网络科技有限公司,花开 (APP)、霉霉印记 (APP),应用于文本、图像生成场景，根据用户输入的文本、图像，生成符合用户需求的文本、图像内容。,2024-8,generative ai,境内深度合成服务算法备案清单（2024年8月）.docx
造梦次元生成合成算法,服务提供者,深圳想法流科技有限公司,造梦次元(APP),应用于文本、图像、音频生成场景，根据用户输入的文本、图像、音频，生成符合用户需求的文本、图像、音频内容。,2024-8,generative ai,境内深度合成服务算法备案清单（2024年8月）.docx
式说大模型文本生成算法,服务技术支持者,北京第四范式科技有限公司,--,应用于文本生成场景，服务于企业端客户，根据用户输入的文本、图像、音频、视频信息，生成符合用户需求的文本内容。,2024-8,generative ai,境内深度合成服务算法备案清单（2024年8月）.docx
浅风多模态内容生成合成算法,服务提供者,北京浅风科技有限公司,AI Mate(APP)、灵境(APP),应用于文本、图像生成场景，根据用户输入的文本信息，生成符合用户需求的文本、图像内容。,2024-8,generative ai,境内深度合成服务算法备案清单（2024年8月）.docx
青寻文本生成算法,服务提供者,山西青寻未来智能科技有限公司,哇卟部落(APP),应用于文本生成场景，根据用户输入的提问文本，生成对应的篇章文本内容。,2024-8,generative ai,境内深度合成服务算法备案清单（2024年8月）.docx
三态比特服装设计生成算法,服务提供者,青岛三态比特科技有限公司,轻链Light Chain(网站),应用于图像生成场景，根据用户输入的文本描述，生成符合用户要求的服装设计图。,2024-8,generative ai,境内深度合成服务算法备案清单（2024年8月）.docx
炫图AI图像生成处理算法,服务提供者,上海楚进创越信息科技有限公司,炫图AI(APP),应用于图像生成场景，根据用户输入的文本描述，生成相应的图像。,2024-8,generative ai,境内深度合成服务算法备案清单（2024年8月）.docx
惠利玛VALI鞋业垂类AIGC生成算法-1,服务提供者,浙江惠利玛产业互联网有限公司,VALI鞋履AI设计平台(网站),应用于图像生成场景，根据设计师选择的设计元素和文字描述，生成不同款式的鞋子图片。,2024-8,generative ai,境内深度合成服务算法备案清单（2024年8月）.docx
金溪欣海商法大模型算法-1,服务提供者,北京金溪欣网络科技有限公司,船博海商法AI助手(网站),应用于对话生成场景，根据用户输入的海商法领域咨询问题，生成相应的回复文本。,2024-8,generative ai,境内深度合成服务算法备案清单（2024年8月）.docx
中科软语音文字互转生成算法,服务提供者,北京中科软科技有限公司,健康千问(小程序),应用于对话生成场景，根据用户输入的语音或文本信息，生成相应的回复文本，再将文本转换为语音输出。,2024-8,generative ai,境内深度合成服务算法备案清单（2024年8月）.docx
PowerLaw大模型算法,服务提供者,北京幂律智能科技有限责任公司,ChatMe 智能法律助手(网站),应用于对话生成场景，根据用户输入的问题和上传的文本内容，生成法律相关内容，提供法律问答、法律文本生成、法律文本分析等服务。,2024-8,generative ai,境内深度合成服务算法备案清单（2024年8月）.docx
中科软文生文算法,服务提供者,北京中科软科技有限公司,健康千问(小程序),应用于文本生成场景，根据用户输入的问题或关键词，生成相关的文本内容。,2024-8,generative ai,境内深度合成服务算法备案清单（2024年8月）.docx
华宇公文生成算法,服务提供者,北京华宇信息技术有限公司,万象公文WPS/office插件(其他)、万象公文(网站),应用于文本生成场景，根据用户输入的文本提示词，生成相应的公文文本内容。,2024-8,generative ai,境内深度合成服务算法备案清单（2024年8月）.docx
力维智联城市交通智控合成算法,服务技术支持者,深圳力维智联技术有限公司,--,应用于文本生成场景，服务于企业端客户，根据输入的城市交通关注区域的一段时间内多张时序图像和文本提示内容，生成结构化的交通实时状态信息。,2024-8,generative ai,境内深度合成服务算法备案清单（2024年8月）.docx
金银岛内容生成算法,服务提供者,南京金银岛信息科技有限公司,扇贝考研(APP),应用于文本生成场景，根据用户输入的文本，生成常见考试问题的参考回答。,2024-8,generative ai,境内深度合成服务算法备案清单（2024年8月）.docx
通问TOWEN大模型算法,服务技术支持者,贵州融丰信息技术有限公司,--,应用于文本生成场景，服务于企业端客户，根据用户输入的文本信息及上下文，生成符合用户需求的文本内容。,2024-8,generative ai,境内深度合成服务算法备案清单（2024年8月）.docx
昱易昇多模态生成算法,服务技术支持者,昱易昇（成都）科技有限公司,--,应用于文本语音生成场景，服务于企业端客户，根据用户输入的角色、文本或语音内容，生成用户所期望的文本或语音结果。,2024-8,generative ai,境内深度合成服务算法备案清单（2024年8月）.docx
木铎大模型算法,服务提供者,西安朝烨阳创信息科技有限公司,木铎Chat(网站),应用于智能对话场景，根据用户输入的文本内容，生成符合用户需求的文本回复。,2024-8,generative ai,境内深度合成服务算法备案清单（2024年8月）.docx
ChatGot视频生成算法,服务提供者,海南飞将军网络科技有限公司,ChatGot(网站)、ChatGot(小程序)、ChatGot(APP),应用于视频生成场景，根据用户输入的文本，生成符合用户需求的视频内容。,2024-8,generative ai,境内深度合成服务算法备案清单（2024年8月）.docx
超时代智能多模态大模型算法,服务提供者,深圳市超时代软件有限公司,123Bot(网站),应用于文本、图像、音频、视频生成场景，根据用户输入的文本、图像信息，生成符合用户需求的文本、图像、音频、视频内容。,2024-8,generative ai,境内深度合成服务算法备案清单（2024年8月）.docx
倍思量子大模型算法,服务提供者,深圳市倍思科技有限公司,倍思(APP)、倍思(APP),应用于文本生成场景，根据用户输入的文本信息，生成符合用户需求的文本内容。,2024-8,generative ai,境内深度合成服务算法备案清单（2024年8月）.docx
ArtAI图片合成算法,服务提供者,北京艺链科技有限公司,ArtAI(网站),应用于图像生成场景，根据用户输入的文本、图像，生成符合用户需求的图像内容。,2024-8,generative ai,境内深度合成服务算法备案清单（2024年8月）.docx
爱魅人脸融合算法,服务提供者,江西爱魅文化科技有限公司,魅KTV(小程序),应用于视频生成场景，根据用户输入的图像和素材视频，生成人脸融合后的视频。,2024-8,generative ai,境内深度合成服务算法备案清单（2024年8月）.docx
ChatGreat高级语音识别算法,服务提供者,宿州缥缈网络科技有限公司,ChatGreat(网站)、ChatGreat(APP)、ChatGreat(小程序),应用于语音识别场景，根据用户输入的音频，生成对应的文字。,2024-8,generative ai,境内深度合成服务算法备案清单（2024年8月）.docx
AI照片修复仪文生视频算法,服务提供者,郑州俊盈网络科技有限公司,AI照片修复仪(APP),应用于视频生成场景，根据用户输入的文字描述，生成相应的图像，再根据图像生成相关的短视频。,2024-8,generative ai,境内深度合成服务算法备案清单（2024年8月）.docx
智云大语言模型算法,服务提供者,新华智云科技有限公司,格物(网站),应用于文本生成场景，根据用户输入的文本指令，生成相应的文本内容。,2024-8,generative ai,境内深度合成服务算法备案清单（2024年8月）.docx
培训系统的增强检索与问答算法,服务提供者,深圳市企鹅网络科技有限公司,Q学友(网站),应用于文本生成场景，根据用户输入的文本信息，生成符合用户需求的文本内容。,2024-8,generative ai,境内深度合成服务算法备案清单（2024年8月）.docx
新致司法类案检索LSTM生成合成算法,服务提供者,上海新致软件股份有限公司,文书查找机器人(网站),应用于文本生成场景，根据用户输入的司法领域相关的查询内容，生成包含相似案例和判决结果的类案检索报告。,2024-8,generative ai,境内深度合成服务算法备案清单（2024年8月）.docx
歌者PPT生成算法,服务提供者,广东宏观宇宙网络有限公司,歌者PPT(网站),应用于文件生成场景，根据用户输入的主题和相关文本信息，生成对应的文本内容，并输出包含文本、图像内容的PPT文件。,2024-8,generative ai,境内深度合成服务算法备案清单（2024年8月）.docx
三顿对话生成算法,服务提供者,上海三顿文化传播有限公司,三顿智能对话平台(网站),应用于智能对话场景，根据用户输入的文本内容，生成符合用户需求的文本回复。,2024-8,generative ai,境内深度合成服务算法备案清单（2024年8月）.docx
宇视真萌宠物图像生成算法,服务提供者,浙江宇视科技有限公司,真萌写真(小程序),应用于图像生成场景，根据用户输入的宠物图像和选择的模板，生成该宠物的写真图像。,2024-8,generative ai,境内深度合成服务算法备案清单（2024年8月）.docx
盛祥志联幻图图像生成算法,服务提供者,上海盛祥志联人工智能技术有限公司,幻图AI(网站),应用于图像、视频生成场景，根据用户输入的文本、图像、视频，生成符合用户需求的图像、视频内容。,2024-8,generative ai,境内深度合成服务算法备案清单（2024年8月）.docx
绘梦机器人WonderArtist图像生成算法,服务技术支持者,广东智媒云图科技股份有限公司,--,应用于图像生成场景，服务于企业端客户，根据用户输入的图像，生成符合用户需求的图像内容。,2024-8,generative ai,境内深度合成服务算法备案清单（2024年8月）.docx
XUNCHANG小基灵语音合成算法,服务提供者,浙江寻常问道网络信息科技有限公司,XUNCHANG小基灵金融短视频剪辑运营平台(网站),应用于语音合成场景，根据用户输入文本及声音样本，生成对应音频内容。,2024-8,generative ai,境内深度合成服务算法备案清单（2024年8月）.docx
软牛齐天人脸融合算法,服务提供者,深圳牛学长科技有限公司,幻脸AI(APP)、牛小影(APP),应用于图像视频生成场景，根据用户输入的人脸图像，生成相应人脸融合后的图片或视频。,2024-8,generative ai,境内深度合成服务算法备案清单（2024年8月）.docx
智能路网交通大模型算法,服务技术支持者,智慧互通科技股份有限公司,--,应用于文本生成场景，服务于企业端客户，根据用户输入的文本信息，生成符合用户需求的文本内容。,2024-8,generative ai,境内深度合成服务算法备案清单（2024年8月）.docx
TETRAS慧知大语言生成合成算法,服务技术支持者,深圳市慧鲤科技有限公司,--,应用于文本生成场景，服务于企业端客户，根据用户输入的文本信息，生成符合用户需求的文本内容。,2024-8,generative ai,境内深度合成服务算法备案清单（2024年8月）.docx
发现独角兽文本生成算法,服务提供者,发现独角兽（南京）科技有限公司,发现独角兽(APP),应用于文本生成场景，根据用户输入的文本信息，生成符合用户需求的文本内容。,2024-8,generative ai,境内深度合成服务算法备案清单（2024年8月）.docx
好准大模型文本生成算法,服务提供者,北京好准科技有限公司,好准(APP)、有得聊(小程序)、星伴(网站)、星愈(APP)、星伴(小程序)、有得聊(APP)、星愈(小程序)、星愈(网站)、星伴(APP),应用于文本生成场景，根据用户输入的文本信息，生成符合用户需求的文本内容。,2024-8,generative ai,境内深度合成服务算法备案清单（2024年8月）.docx
凤凰爱听智能问答算法,服务提供者,凤凰爱听（北京）信息技术有限公司,凤凰FM(APP),应用于文本生成场景，根据用户输入的文本信息，生成符合用户需求的文本内容。,2024-8,generative ai,境内深度合成服务算法备案清单（2024年8月）.docx
神灯瞬悟大模型算法,服务提供者,厦门集微科技有限公司,神灯瞬悟平台(网站),应用于文本生成场景，根据用户输入的文本信息，生成符合用户需求的文本内容。,2024-8,generative ai,境内深度合成服务算法备案清单（2024年8月）.docx
六合大模型算法,服务提供者,亿景智联（苏州）科技有限公司,六合AI融合模型(网站),应用于智能对话场景，根据用户输入的文本内容，生成符合用户需求的文本回复。,2024-8,generative ai,境内深度合成服务算法备案清单（2024年8月）.docx
威爱云图生图生成算法,服务提供者,重庆威爱云科技有限公司,小宇宙大平台(APP)、小宇宙大平台(网站)、云绘AI(小程序),应用于图像生成场景，根据用户输入的文本、图像数据，生成符合用户需求的图像。,2024-8,generative ai,境内深度合成服务算法备案清单（2024年8月）.docx
Luna动画图像合成算法,服务提供者,深圳市七之月科技有限公司,Luna动画(小程序),应用于图像生成场景，根据用户输入的文本、图像数据，生成符合用户需求的图像。,2024-8,generative ai,境内深度合成服务算法备案清单（2024年8月）.docx
神州医疗DHC智能生成算法,服务技术支持者,神州医疗科技股份有限公司,--,应用于文本生成场景，服务于企业端客户，根据用户输入的文本、图像，生成符合用户需求的文本，主要用于医疗领域。,2024-8,generative ai,境内深度合成服务算法备案清单（2024年8月）.docx
金月科技话知音语音转文本算法,服务提供者,金月科技有限公司,AI兔平台(网站),应用于文本生成场景，根据用户输入的语音，生成相应的文本。,2024-8,generative ai,境内深度合成服务算法备案清单（2024年8月）.docx
金月科技话知音文本转语音算法,服务提供者,金月科技有限公司,AI兔平台(网站),应用于音频生成场景，根据用户输入的文本，生成相应的语音。,2024-8,generative ai,境内深度合成服务算法备案清单（2024年8月）.docx
获课伏羲AI内容生成算法,服务提供者,湖南获课软件开发有限公司,谷子(小程序)、谷子(APP)、Hok获客管理(小程序),应用于文本生成场景，根据用户输入的提示或问题，生成相应的文本内容。,2024-8,generative ai,境内深度合成服务算法备案清单（2024年8月）.docx
获客伏羲AI内容生成算法,服务提供者,深圳市获客教育科技有限公司,获课(APP),应用于文本生成场景，根据用户输入的提示或问题，生成相应的文本内容。,2024-8,generative ai,境内深度合成服务算法备案清单（2024年8月）.docx
世纪佳缘生成合成类CharacterGLM算法,服务提供者,上海花千树信息科技有限公司,世纪佳缘(APP),应用于对话生成场景，根据用户输入的问题和历史聊天记录等，生成相应的回复文本。,2024-8,generative ai,境内深度合成服务算法备案清单（2024年8月）.docx
乐学一百生成合成类算法-1,服务提供者,北京乐学一百在线教育科技有限公司,乐学一百(APP),应用于对话生成场景，根据用户输入的问题，生成相应的回复内容。,2024-8,generative ai,境内深度合成服务算法备案清单（2024年8月）.docx
图书馆蓝鲸大语言模型算法,服务技术支持者,深圳市聆海智能有限公司,--,应用于文本生成场景，服务于企业端客户，根据用户输入的文本信息，生成相应的文本内容。,2024-8,generative ai,境内深度合成服务算法备案清单（2024年8月）.docx
易飞轮图像生成算法,服务提供者,杭州出海罗盘网络科技有限公司,易飞轮(网站),应用于图像生成场景，根据输入的文本描述等信息，生成符合文本描述的图像。,2024-8,generative ai,境内深度合成服务算法备案清单（2024年8月）.docx
麦伽智能法律大模型算法,服务提供者,北京麦伽智能科技有限公司,麦伽LegalAID(网站),应用于文本生成场景，根据用户输入的法律咨询内容，生成相关的文本。,2024-8,generative ai,境内深度合成服务算法备案清单（2024年8月）.docx
云鲸NarGPT多模态大模型算法,服务提供者,云鲸智能（深圳）有限公司,云鲸智能(APP),应用于对话生成场景，根据用户输入的语音指令和摄像头拍摄的图片信息，生成相应的回复文字并转为语音。,2024-8,generative ai,境内深度合成服务算法备案清单（2024年8月）.docx
邻商科技视频生成算法,服务技术支持者,杭州邻商网络科技股份有限公司,--,应用于视频生成场景，服务于企业端客户，根据用户输入的图片，生成相应的视频。,2024-8,generative ai,境内深度合成服务算法备案清单（2024年8月）.docx
交互未来智能交互助手算法,服务提供者,交互未来（北京）科技有限公司,爱校对(网站)、拍拍助手(APP),应用于对话生成场景，根据用户输入的内容，生成符合用户需求的多模态回复信息。,2024-8,generative ai,境内深度合成服务算法备案清单（2024年8月）.docx
智疗医生患者服务算法,服务提供者,银川雀诊互联网医院有限公司,智疗医生雀诊+(小程序),应用于对话生成场景，根据用户输入的文本或语音，生成贴合医疗患者需求的回复。,2024-8,generative ai,境内深度合成服务算法备案清单（2024年8月）.docx
CareAI文生文生成算法,服务提供者,微脉技术有限公司,CareAI(小程序)、CareAI(公众账号),应用于智能对话场景，根据用户输入的文本内容，生成符合用户需求的文本回复。,2024-8,generative ai,境内深度合成服务算法备案清单（2024年8月）.docx
溥元生文对话生成算法,服务提供者,北京溥元科技有限公司,threemins paper(网站),应用于文本生成场景，根据用户输入的文本信息，生成符合用户需求的文本内容。,2024-8,generative ai,境内深度合成服务算法备案清单（2024年8月）.docx
优智云人像图片风格化合成算法,服务提供者,优智云（厦门）科技有限公司,花样相机(小程序),应用于图像生成场景，根据用户输入的图像和提示词，生成符合用户需求的风格图像，实现图像风格转换功能。,2024-8,generative ai,境内深度合成服务算法备案清单（2024年8月）.docx
SmileyTTS语音合成算法,服务提供者,北京思麦力传媒科技有限公司,Smiley-TTS(网站),应用于语音合成场景，根据用户输入的文本信息，生成对应音频内容。,2024-8,generative ai,境内深度合成服务算法备案清单（2024年8月）.docx
荆跃多模态视频生成算法,服务提供者,北京荆跃科技有限公司,跃视频(网站),应用于视频生成场景，根据用户输入的文本、视频、音频信息，生成符合用户需求的视频内容。,2024-8,generative ai,境内深度合成服务算法备案清单（2024年8月）.docx
十方矩阵SCRM大语言生成算法,服务技术支持者,深圳十方融海科技有限公司,--,应用于文本生成场景，服务于企业端客户，根据用户输入的文本信息，生成符合用户需求的文本内容。,2024-8,generative ai,境内深度合成服务算法备案清单（2024年8月）.docx
彩讯交互式内容生成算法,服务提供者,彩讯科技股份有限公司,AIBOX(网站),应用于文本、图像生成场景，根据用户输入的文本、图像内容，生成符合用户需求的文本、图像。,2024-8,generative ai,境内深度合成服务算法备案清单（2024年8月）.docx
致合数字人视频生成算法,服务技术支持者,广州市致合信息科技有限公司,--,应用于视频生成场景，服务于企业端客户，根据用户输入的视频，生成说话人脸视频。,2024-8,generative ai,境内深度合成服务算法备案清单（2024年8月）.docx
WPSAI图像生成系列大模型算法,服务提供者,北京金山办公软件股份有限公司,WPS Office(APP),应用于图像生成场景，根据用户输入的图像或文本，生成符合用户需求的图像内容。,2024-8,generative ai,境内深度合成服务算法备案清单（2024年8月）.docx
波形大语言模型的AI智能写作辅助算法,服务提供者,杭州波形智能科技有限公司,蛙蛙写作(网站),应用于文本生成场景，根据用户输入的文本信息，生成符合用户需求的文本内容。,2024-8,generative ai,境内深度合成服务算法备案清单（2024年8月）.docx
cosark妆舟大模型算法,服务提供者,二元（苏州）工业科技有限公司,妆舟AI大模型(小程序),应用于智能对话场景，根据用户输入的文本内容，生成符合用户需求的文本回复。,2024-8,generative ai,境内深度合成服务算法备案清单（2024年8月）.docx
Luna动画图像生成视频算法,服务提供者,深圳市七之月科技有限公司,Luna动画(小程序),应用于视频生成场景，根据用户输入的图像，生成符合用户需求的视频。,2024-8,generative ai,境内深度合成服务算法备案清单（2024年8月）.docx
博汇学道音视频分析大模型算法,服务技术支持者,北京市博汇科技股份有限公司,--,应用于视频分析场景，服务于企业端客户，根据用户输入的视频，输出文本格式的表征课堂活动和内容的视频切片序列。,2024-8,generative ai,境内深度合成服务算法备案清单（2024年8月）.docx
CueMe助手生成算法,服务提供者,广州市动悦信息技术有限公司,夸克(APP),应用于智能对话场景，根据用户输入的文本内容，生成符合用户需求的文本回复。,2024-8,generative ai,境内深度合成服务算法备案清单（2024年8月）.docx
华美浩联精准就医分析生成合成算法,服务提供者,苏州浩海医疗科技有限公司,华美浩联精准医疗(网站),应用于文本生成场景，根据用户输入的文本、图像，生成符合用户需求的文本内容，主要用于医疗领域。,2024-8,generative ai,境内深度合成服务算法备案清单（2024年8月）.docx
中医药学自动问答算法,服务提供者,中国中医科学院中医药信息研究所,医源小助(小程序),应用于文本、音频生成场景，根据用户输入的文本、音频，生成符合用户需求的文本、音频内容，主要用于中医药学领域。,2024-8,generative ai,境内深度合成服务算法备案清单（2024年8月）.docx
奥茗智源AI智能体算法,服务提供者,深圳奥茗智源科技有限公司,Dr. Chroma(小程序)、Dr. Chroma(APP)、Dr. Chroma(网站),应用于文本生成场景，根据用户输入的文本、图像，生成符合用户需求的文本内容。,2024-8,generative ai,境内深度合成服务算法备案清单（2024年8月）.docx
爱给AIGC图像生成算法,服务提供者,武汉爱给在线网络科技有限公司,爱给网(网站),应用于图像生成场景，根据用户输入的描述文字和参考图像，生成符合文本描述的图像内容。,2024-8,generative ai,境内深度合成服务算法备案清单（2024年8月）.docx
智子AI合成算法,服务提供者,佛山市智子视界科技有限公司,智子AI绘画平台(网站)、智子AI绘画(APP),应用于对话生成场景，根据用户输入的文本描述，生成相应的回答或匹配的图像。,2024-8,generative ai,境内深度合成服务算法备案清单（2024年8月）.docx
无界AI大规模语言模型算法-1,服务技术支持者,杭州超节点信息科技有限公司,--,应用于对话生成场景，服务于企业端客户，根据用户输入的问题文本，生成符合用户期望的文案。,2024-8,generative ai,境内深度合成服务算法备案清单（2024年8月）.docx
捷通华声光学字符识别算法,服务提供者,北京捷通华声科技股份有限公司,灵云平台(网站),应用于文本生成场景，根据用户输入的图片，生成相应的文字内容。,2024-8,generative ai,境内深度合成服务算法备案清单（2024年8月）.docx
捷通华声语音识别算法,服务提供者,北京捷通华声科技股份有限公司,灵云平台(网站)、灵云听语(APP),应用于语音识别场景，根据用户输入的语音，生成对应的文本。,2024-8,generative ai,境内深度合成服务算法备案清单（2024年8月）.docx
捷通华声语音合成算法,服务提供者,北京捷通华声科技股份有限公司,灵云平台(网站),应用于语音生成场景，根据用户输入的文本，生成对应的语音。,2024-8,generative ai,境内深度合成服务算法备案清单（2024年8月）.docx
ChatU企业大模型生成合成调度整合算法,服务技术支持者,软积木（北京）科技有限公司,--,应用于文本、图片生成场景，服务于企业端客户，根据用户输入的文本、图片，生成符合需求的文本、图片。,2024-8,generative ai,境内深度合成服务算法备案清单（2024年8月）.docx
3D高斯数字人算法,服务提供者,唯物（杭州）科技有限公司,nexthuman 3D高斯数字人(网站),应用于数字人生成场景，根据用户上传的文字、图片、音频，生成嘴型一致的数字人视频。,2024-8,generative ai,境内深度合成服务算法备案清单（2024年8月）.docx
爱冒泡内容生成算法,服务提供者,北京爱冒泡网络科技有限公司,AI冒泡艺术照生成(小程序),应用于图像生成场景，根据用户输入的文本或图像，生成符合参数设置的图像。,2024-8,generative ai,境内深度合成服务算法备案清单（2024年8月）.docx
学堂在线教育大模型算法,服务提供者,北京慕华信息科技有限公司,学堂云(网站)、雨豆(网站)、学堂在线(网站)、雨课堂(网站),应用于文本、图像生成场景，根据用户输入的文本信息，生成符合师生教学需求的文本或图像。,2024-8,generative ai,境内深度合成服务算法备案清单（2024年8月）.docx
燧荆图像智能生成算法,服务提供者,上海燧荆信息科技有限公司,如果相机(公众账号),应用于图像生成场景，根据用户输入的图片和指令内容，生成特定场景的⼈像图⽚。,2024-8,generative ai,境内深度合成服务算法备案清单（2024年8月）.docx
智胜多模态生成合成算法-2,服务技术支持者,青牛智胜（深圳）科技有限公司,--,应用于多模态内容生成场景，服务于企业端客户，根据用户输入的文本、语音和图像，生成相应的文本、语音等回复内容。,2024-8,generative ai,境内深度合成服务算法备案清单（2024年8月）.docx
新华三百业灵犀内容生成算法,服务提供者,新华三技术有限公司,百业灵犀AI助手(网站),应用于对话生成场景，根据用户输入的文本内容，生成符合用户预期的文本。,2024-8,generative ai,境内深度合成服务算法备案清单（2024年8月）.docx
北京积沙成塔Reportify生成合成算法,服务提供者,北京积沙成塔科技有限公司,Reportify(网站),应用于文本生成场景，根据用户输入的文本信息，生成符合用户需求的文本内容。,2024-8,generative ai,境内深度合成服务算法备案清单（2024年8月）.docx
宠胖胖AI宠物写真算法,服务提供者,杭州宠胖胖科技有限公司,宠胖胖(APP)、宠胖胖(小程序),应用于图像生成场景，根据用户输入的宠物图像，进行宠物形象的学习，生成该宠物的写真图像。,2024-8,generative ai,境内深度合成服务算法备案清单（2024年8月）.docx
北京心见智能深度合成算法,服务提供者,北京心见智能科技有限公司,预见塔塔(APP),应用于智能对话场景，根据用户输入的文本，生成符合用户要求的文本回复。,2024-8,generative ai,境内深度合成服务算法备案清单（2024年8月）.docx
觅我APP生成合成算法,服务提供者,重庆可兰达科技有限公司,觅我(APP),应用于智能对话场景，根据用户输入的文本，生成符合用户要求的文本回复。,2024-8,generative ai,境内深度合成服务算法备案清单（2024年8月）.docx
达摩院多模态合成算法,服务技术支持者,阿里巴巴达摩院(杭州)科技有限公司,--,应用于图像、视频生成场景，服务于企业端客户，根据用户输入的文本、图像、视频，生成符合用户需求的图像、视频内容。,2024-8,generative ai,境内深度合成服务算法备案清单（2024年8月）.docx
码到程功大模型算法,服务提供者,吉林市码到程功科技有限公司,Ai有光(小程序),应用于文本、图像、音频生成场景，根据用户输入的文本、图像、音频，生成符合用户需求的文本、图像、音频内容。,2024-8,generative ai,境内深度合成服务算法备案清单（2024年8月）.docx
ZVRRTMC轻威科技AI实时动作解算算法,服务技术支持者,轻威科技（绍兴）有限公司,--,应用于动作捕捉场景，服务于企业端客户，根据输入的图像、视频，生成人体骨骼在空间中的坐标信息。,2024-8,generative ai,境内深度合成服务算法备案清单（2024年8月）.docx
学大智能问答文本生成合成算法,服务提供者,北京学大信息技术集团有限公司,学大智能云平台(网站),应用于智能对话场景，根据用户输入的文本内容，生成符合用户需求的文本回复。,2024-8,generative ai,境内深度合成服务算法备案清单（2024年8月）.docx
图图AI图片生成算法,服务提供者,深圳前海网心网络技术有限公司,图图AI(小程序),应用于图像生成场景，根据用户输入的图像，生成符合用户需求的图像内容。,2024-8,generative ai,境内深度合成服务算法备案清单（2024年8月）.docx
潞晨AIGC视觉内容生成算法,服务提供者,北京潞晨科技有限公司,潞晨Open-Sora(网站),应用于视频生成场景，根据用户输入的文本、图像，生成符合用户需求的视频内容。,2024-8,generative ai,境内深度合成服务算法备案清单（2024年8月）.docx
菲尔莱文本合成算法,服务提供者,菲尔莱（北京）科技有限公司,启牛(APP),应用于文本生成场景，根据用户输入的文本信息，生成符合用户需求的文本内容。,2024-8,generative ai,境内深度合成服务算法备案清单（2024年8月）.docx
亮啦大模型算法,服务技术支持者,广西亮啦数据科技有限公司,--,应用于文本生成场景，服务于企业端客户，根据用户输入的文本信息，生成符合用户需求的文本内容。,2024-8,generative ai,境内深度合成服务算法备案清单（2024年8月）.docx
麦句数字人说话视频合成算法,服务提供者,北京深度图灵科技有限公司,麦句数字人平台(网站),应用于数字人视频生成场景，根据用户输入的文本信息，及选定的数字人形象，生成数字人说话视频。,2024-8,generative ai,境内深度合成服务算法备案清单（2024年8月）.docx
联合创想基于深度学习的图像生成与合成算法,服务提供者,武汉联合创想科技有限公司,水印云(网站),应用于图像生成场景，根据用户输入的文字描述、图片，生成与文字描述相匹配的图像。,2024-8,generative ai,境内深度合成服务算法备案清单（2024年8月）.docx
汇智互娱文本生成算法,服务提供者,南京汇智互娱网络科技有限公司,AI助手(网站),应用于文本生成场景，根据用户输入的上下文信息和任务需求，生成连贯、合理、富有创意的文本内容。,2024-8,generative ai,境内深度合成服务算法备案清单（2024年8月）.docx
学大智能教学问答生成算法,服务提供者,北京学大信息技术集团有限公司,学大菱镜系统(网站),应用于对话生成场景，根据用户输入的提问文本，生成对应的文本回复。,2024-8,generative ai,境内深度合成服务算法备案清单（2024年8月）.docx
梧桐科技生成式座舱人机交互算法,服务提供者,重庆梧桐车联科技有限公司,梧桐自研终端车机(APP),应用于人机交互场景，根据输入的用户需求、传感器数据、车机屏幕图像、座舱环境图像等，生成车机系统可执行指令，完成操作并反馈回复语。,2024-8,generative ai,境内深度合成服务算法备案清单（2024年8月）.docx
澜舟孟子GPT生成算法,服务提供者,北京澜舟科技有限公司,澜舟智会(网站)、MChat(网站)、澜舟智库(网站),应用于对话生成场景，根据用户输入的文本内容，生成相应的文本回复。,2024-8,generative ai,境内深度合成服务算法备案清单（2024年8月）.docx
京北方检索增强型文本生成大模型算法,服务技术支持者,京北方信息技术股份有限公司,--,应用于文本生成场景，服务于企业端客户，根据用户输入的文本需求，生成满足用户需求的文本。,2024-8,generative ai,境内深度合成服务算法备案清单（2024年8月）.docx
学大知识库生成合成算法,服务提供者,北京学大信息技术集团有限公司,学大智能云平台(网站),应用于对话生成场景，根据用户输入的文本，结合上下文，生成个性化的回答或补充信息。,2024-8,generative ai,境内深度合成服务算法备案清单（2024年8月）.docx
OneStory文生图与视频生成算法,服务提供者,上海伫呈文化传媒有限公司,onestoryAI故事生成助手(网站),应用于图像视频生成场景，根据用户输入的故事文本，生成一组风格一致、人物连续的图片，并可将图片组合增加播放动效生成视频。,2024-8,generative ai,境内深度合成服务算法备案清单（2024年8月）.docx
捷通华声机器翻译算法,服务提供者,北京捷通华声科技股份有限公司,灵云平台(网站),应用于文本翻译场景，根据用户输入的文本，生成目标语言的等效文本。,2024-8,generative ai,境内深度合成服务算法备案清单（2024年8月）.docx
跳水队AI口语助手深度合成算法,服务提供者,北京高途成蹊旅行服务有限公司,跳水队AI口语助手(小程序),应用于对话生成场景，根据用户输入的语音或文本信息，生成符合上下文语境的英文口语对话内容。,2024-8,generative ai,境内深度合成服务算法备案清单（2024年8月）.docx
北科瑞声潜岳大模型算法,服务技术支持者,深圳市北科瑞声科技股份有限公司,--,应用于对话生成场景，服务于企业端客户，根据用户输入文本，生成相应的回复文本或语音。,2024-8,generative ai,境内深度合成服务算法备案清单（2024年8月）.docx
小米视觉语言大模型算法,服务提供者,小米科技有限责任公司,小爱同学(APP),应用于对话生成场景，根据用户输入的文本或图像信息，生成准确、相关、得体的对话文本回复。,2024-8,generative ai,境内深度合成服务算法备案清单（2024年8月）.docx
蜻蜓FM智能客服算法,服务提供者,上海麦克风文化传媒有限公司,蜻蜓FM(APP),应用于对话生成场景，根据用户输入的问题文本，生成相应的回复文本。,2024-8,generative ai,境内深度合成服务算法备案清单（2024年8月）.docx
智子引擎VideoX图生视频算法-1,服务提供者,南京智子引擎信息科技有限公司,VideoX(网站),应用于视频生成场景，根据用户输入的图像，生成动态表情包、动态壁纸、动态写真等。,2024-8,generative ai,境内深度合成服务算法备案清单（2024年8月）.docx
图易拾贝智能文本视频生成算法,服务提供者,深圳市图易拾贝科技有限公司,众影(小程序)、众影(APP)、众影(网站),应用于多媒体内容生成场景，在生成图像时，根据用户输入的文本、图片，生成具有相似特征的图像作品；在生成音频时，根据用户录制的音频文件，生成相似特征的音色模型；在生成视频时，根据用户输入的剧本，生成具有相似特征的视频内容。,2024-8,generative ai,境内深度合成服务算法备案清单（2024年8月）.docx
百事通法律咨询语音对话生成算法,服务提供者,上海百事通信息技术股份有限公司,百事通AI法律助理（3D形象）(网站),应用于对话生成场景，根据用户的语音提问内容，生成相关法律条款、案例解读和操作建议等音频回复。,2024-8,generative ai,境内深度合成服务算法备案清单（2024年8月）.docx
元保智能客服算法,服务提供者,元保科创（北京）科技有限公司,在线客服(其他),应用于智能对话场景，根据用户输入的文本、语音，生成符合用户需求的文本、语音回复。,2024-8,generative ai,境内深度合成服务算法备案清单（2024年8月）.docx
榫卯产品设计效果图生成算法,服务提供者,北京榫卯科技有限公司,sneaker bomb(小程序)、sneaker bomb(网站),应用于图像生成场景，根据用户输入的图像和参数，生成符合用户需求的图像内容。,2024-8,generative ai,境内深度合成服务算法备案清单（2024年8月）.docx
城市大脑政参谋大模型生成合成类算法,服务技术支持者,杭州城市大脑有限公司,--,应用于文本生成场景，服务于企业端客户，根据用户输入的文本信息，生成符合用户需求的文本内容。,2024-8,generative ai,境内深度合成服务算法备案清单（2024年8月）.docx
MonkiAi智能对话生成算法,服务提供者,上海我赏科技有限公司,monkiai(小程序),应用于智能对话场景，将用户输入的语音识别为文字，生成符合用户需求的文本、语音回复。,2024-8,generative ai,境内深度合成服务算法备案清单（2024年8月）.docx
百度红线知识代答算法,服务技术支持者,北京百度网讯科技有限公司,--,应用于文本生成场景，服务于企业端客户，根据用户输入的文本信息，生成符合用户需求的文本内容。,2024-8,generative ai,境内深度合成服务算法备案清单（2024年8月）.docx
百度人像写真图像扩散生成算法,服务提供者,北京百度网讯科技有限公司,一刻相册(APP),应用于图像生成场景，根据用户上传的图片信息，将人脸特征提取后生成与风格化模板融合的写真照片。,2024-8,generative ai,境内深度合成服务算法备案清单（2024年8月）.docx
小荷医疗大模型算法,服务提供者,北京抖音信息服务有限公司,小荷健康(小程序)、抖音短视频(APP),应用于文本生成场景，根据用户输入的文本问题，生成健康科普知识、健康咨询指导或初步诊断结果等医疗领域信息，实现知识问答、多轮对话、逻辑推理等功能。,2024-8,generative ai,境内深度合成服务算法备案清单（2024年8月）.docx
周到大模型智能推荐算法,个性化推送类,苏州市广播电视总台,苏周到(APP),应用于内容推荐场景，根据用户浏览、点击、评论的内容等行为数据，为用户推荐感兴趣的政务服务、资讯以及商品等内容。,2025-7,algorithmic service,境内互联网信息服务算法备案清单（2025年7月）.docx
行泊智能体加油站推荐算法,调度决策类,深圳市小马智运科技有限公司,行泊智能体(APP),应用于加油站推荐场景，根据用户需求、时间折扣、绕路节约公里等信息，为用户推荐相关油站信息。,2025-7,algorithmic service,境内互联网信息服务算法备案清单（2025年7月）.docx
运去哪船期预测调度决策类算法,调度决策类,运去哪物流科技集团有限公司,运去哪官网(网站)、运去哪 舱无忧(小程序),应用于海运调度场景，根据历史船舶数据、港口数据和船期数据，向用户提供海运段物流动向、港口作业情况。,2025-7,algorithmic service,境内互联网信息服务算法备案清单（2025年7月）.docx
埋堆堆热播榜单内容排序算法,排序精选类,广州埋堆堆科技有限公司,埋堆堆(APP),应用于视频榜单排序场景，根据视频有效播放时长、播放量等信息，形成不同题材的最热剧集榜单。,2025-7,algorithmic service,境内互联网信息服务算法备案清单（2025年7月）.docx
即刻个性化推荐算法,个性化推送类,上海若友网络科技有限公司,即刻(APP),应用于内容推荐场景，根据用户设备信息、位置信息以及在使用产品时记录的浏览记录和操作记录，向用户推荐可能感兴趣的内容。,2025-7,algorithmic service,境内互联网信息服务算法备案清单（2025年7月）.docx
贵梦数字青豆智能精准推荐算法,个性化推送类,深圳市贵梦数字科技有限公司,青豆智能(小程序)、青豆智能(网站),应用于内容推荐场景，根据用户餐饮偏好数据、附近餐厅信息，预测用户意图特征，向用户推荐符合其口味和需求的餐厅及菜品。,2025-7,algorithmic service,境内互联网信息服务算法备案清单（2025年7月）.docx
人民日报全国党媒信息公共平台个性化推荐算法,个性化推送类,人民日报媒体技术股份有限公司,全国党媒信息公共平台(网站),应用于新闻内容推荐场景，根据用户阅读记录、兴趣标签、地域偏好等因素，向用户推荐感兴趣的新闻资讯。,2025-7,algorithmic service,境内互联网信息服务算法备案清单（2025年7月）.docx
未成年人身心安全守护与智慧学习推荐算法,个性化推送类,福建福宇智慧信息科技有限公司,春蕾卫士(网站),应用于内容推荐场景，根据用户的学习数据和行为数据，为用户推荐个性化学习内容和心理支持建议。,2025-7,algorithmic service,境内互联网信息服务算法备案清单（2025年7月）.docx
大众点评榜单排序算法,排序精选类,上海汉涛信息咨询有限公司,大众点评(APP),应用于榜单排序场景，根据用户访问、打卡、收藏、评价、星级等行为数据，为用户提供相应的商户榜单信息。,2025-7,algorithmic service,境内互联网信息服务算法备案清单（2025年7月）.docx
义乌购个性化推荐算法,个性化推送类,浙江义乌购电子商务有限公司,义乌购(APP)、义乌购(网站),应用于商品推荐场景，根据用户在购物平台的行为信息和商品信息，为用户推荐可能感兴趣的商品列表。,2025-7,algorithmic service,境内互联网信息服务算法备案清单（2025年7月）.docx
深圳网安数据集处理检索过滤算法,信息检索类,深圳市网安计算机安全检测技术有限公司,安证电子证据开示平台(网站)、安证云第三方电子证据保全系统(网站),应用于文本检索场景，根据用户输入的关键词，检索出相应的法规与案例信息。,2025-7,algorithmic service,境内互联网信息服务算法备案清单（2025年7月）.docx
深演智能人群精准匹配AI个性化推荐算法,个性化推送类,北京深演智能科技股份有限公司,深演智能(网站),应用于内容推荐场景，根据用户的点赞、浏览、点击等数据，向用户投送个性化的广告内容。,2025-7,algorithmic service,境内互联网信息服务算法备案清单（2025年7月）.docx
埋堆堆已访问内容过滤算法,内容过滤类,广州埋堆堆科技有限公司,埋堆堆(APP),应用于视频内容过滤场景，识别并过滤用户已经浏览过的视频内容，展示已过滤的粤语剧集ID。,2025-7,algorithmic service,境内互联网信息服务算法备案清单（2025年7月）.docx
主语空间个性化推送算法,个性化推送类,北京主语空间文化发展有限公司,抖推猫(APP),应用于内容推荐场景，根据用户的属性数据、行为数据等，为用户推荐个性化的内容、商品。,2025-7,algorithmic service,境内互联网信息服务算法备案清单（2025年7月）.docx
成果需求个性化推送算法,个性化推送类,大湾区科技创新服务中心（广州）股份有限公司,湾创成果转化（小程序）,应用于内容推荐场景，根据用户画像、用户行为数据、内容特征等信息，向用户推荐个性化的内容。,2025-7,algorithmic service,境内互联网信息服务算法备案清单（2025年7月）.docx
平安健康医博通检索过滤算法,信息检索类,平安健康互联网股份有限公司,平安健康(小程序)、平安健康(APP),应用于信息检索场景，根据用户输入的关键词，检索相应的医疗健康信息或商品信息。,2025-7,algorithmic service,境内互联网信息服务算法备案清单（2025年7月）.docx
罗科仕人岗匹配排序精选类算法,排序精选类,罗科仕科技(北京)股份有限公司,星职场(APP),应用于岗位匹配场景，根据候选人学历、工作经历等数据和岗位要求等信息，对候选人和岗位进行匹配。,2025-7,algorithmic service,境内互联网信息服务算法备案清单（2025年7月）.docx
海豚AI大模型个性化推荐算法,个性化推送类,华林证券股份有限公司,海豚DS(APP),应用于内容推荐场景，根据用户历史浏览行为和内容特征信息，为用户推荐证券业务相关的新闻资讯内容。,2025-7,algorithmic service,境内互联网信息服务算法备案清单（2025年7月）.docx
国际商品价格信息服务算法,调度决策类,广东云创数据有限公司,云创数据(其他),应用于海关核验商品价格场景，根据全球海关数据、实时汇率、商品供求数据等信息，换算并预测商品价格，为海关提供商品价格参考。,2025-7,algorithmic service,境内互联网信息服务算法备案清单（2025年7月）.docx
奇谷米信息检索算法,信息检索类,北京有咖互动科技有限公司,奇谷米好物站(小程序)、奇谷米(APP),应用于内容搜索场景，根据用户输入的文本进行检索过滤，展示排序后的图文搜索结果。,2025-7,algorithmic service,境内互联网信息服务算法备案清单（2025年7月）.docx
苏泊尔云馔智能检索算法,信息检索类,浙江苏泊尔股份有限公司,苏泊尔(APP),应用于内容搜索场景，根据用户输入的文本信息，输出相匹配的检索结果。,2025-7,algorithmic service,境内互联网信息服务算法备案清单（2025年7月）.docx
埋堆堆相似视频检索算法,信息检索类,广州埋堆堆科技有限公司,埋堆堆(APP),应用于视频检索场景，根据用户观看视频的标题和标签，搜索并展示相似的视频列表。,2025-7,algorithmic service,境内互联网信息服务算法备案清单（2025年7月）.docx
信联数科企业问数检索算法,信息检索类,信联数科（苏州）信息科技有限公司,司驭企业大数据应用平台(网站),应用于文本检索场景，根据用户输入的关键词或条件，检索相关企业数据并返回最相关的文本内容。,2025-7,algorithmic service,境内互联网信息服务算法备案清单（2025年7月）.docx
尺颜个性化推荐算法,个性化推送类,尺颜医美(北京)咨询有限公司,新氧极速版(APP),应用于内容推荐服务，根据用户览点击行为、用户画像、统计特征等，向用户推荐其可能感兴趣的商品内容。,2025-7,algorithmic service,境内互联网信息服务算法备案清单（2025年7月）.docx
米游社个性化推荐算法,个性化推送类,上海米哈游姬米花科技有限公司,米游社(APP),应用于内容推荐服务，根据用户历史的点击、时长、点赞、评论、不喜欢等行为，向用户推荐其可能感兴趣的内容。,2025-7,algorithmic service,境内互联网信息服务算法备案清单（2025年7月）.docx
平安健康医博通个性化推送算法,个性化推送类,平安健康互联网股份有限公司,平安健康(小程序)、平安健康(APP),应用于内容推荐场景，根据用户数据、商品数据和行为数据等，向用户推荐感兴趣的医疗健康内容。,2025-7,algorithmic service,境内互联网信息服务算法备案清单（2025年7月）.docx
小宇宙个性化推荐算法,个性化推送类,上海追光瞬间网络科技有限公司,小宇宙(APP),应用于内容推荐场景，根据用户设备信息、浏览记录和操作记录，向用户推荐感兴趣的内容。,2025-7,algorithmic service,境内互联网信息服务算法备案清单（2025年7月）.docx
询赋信息检索算法,信息检索类,北京询赋科技有限公司,询赋(APP),应用于信息检索场景，根据用户输入的文本，检索好友列表中可以解决用户问题的名片信息。,2025-7,algorithmic service,境内互联网信息服务算法备案清单（2025年7月）.docx
海豚DS大模型个性化排序算法,排序精选类,华林证券股份有限公司,海豚DS(APP),应用于新闻资讯排序场景，根据用户的行为序列、内容数据，为用户提供个性化的内容排序推送。,2025-7,algorithmic service,境内互联网信息服务算法备案清单（2025年7月）.docx
创优小程序个性化推送算法,个性化推送类,创优数字科技（广东）有限公司,名创优品(小程序),应用于商品推荐场景，根据用户历史行为、兴趣偏好及实时环境信息，预测并展示符合用户兴趣偏好的商品。,2025-7,algorithmic service,境内互联网信息服务算法备案清单（2025年7月）.docx
Scube跨模态检索算法,信息检索类,上海东方传媒技术有限公司,Scube(网站),应用于跨模态信息检索场景，根据用户输入的文本，识别定位对应的图片和视频片段，实现素材检索功能。,2025-7,algorithmic service,境内互联网信息服务算法备案清单（2025年7月）.docx
凯叔讲故事个性化推送算法,个性化推送类,北京凯声文化传媒有限责任公司,凯叔讲故事(APP),应用于个性化内容推荐场景，根据用户的兴趣偏好和历史行为，为用户推荐符合其需求的商品和内容。,2025-7,algorithmic service,境内互联网信息服务算法备案清单（2025年7月）.docx
腾讯视频号热榜排序精选算法,排序精选类,深圳市腾讯计算机系统有限公司,微信视频号(APP),应用于榜单排序场景，根据用户的阅读量、点赞量等热度指标，形成视频号热点视频排序榜单。,2025-7,algorithmic service,境内互联网信息服务算法备案清单（2025年7月）.docx
正和网络企业二手设备处置大模型算法,个性化推送类,石家庄正和网络有限公司,回收商网(小程序)、回收商网(网站),应用于内容推荐场景，根据设备类型、市场需求、工况数据等信息，向用户推荐二手工业设备处置方案。,2025-7,algorithmic service,境内互联网信息服务算法备案清单（2025年7月）.docx
车来了公交营运状态判定算法,调度决策类,武汉元光科技有限公司,车来了(小程序)、车来了(APP),应用于公交车状态匹配场景，根据车辆当前所在的站点或区间等，实时查询公交车的运行状态、预计到站时间、发车时间等信息。,2025-7,algorithmic service,境内互联网信息服务算法备案清单（2025年7月）.docx
创新大脑新颖性检索算法,信息检索类,北京八月瓜科技有限公司,创新大脑(网站),应用于文本检索场景，根据用户输入的文本关键词信息，搜索输出相关文档结果。,2025-7,algorithmic service,境内互联网信息服务算法备案清单（2025年7月）.docx
邮乐农品电商平台商品推荐算法,个性化推送类,上海邮乐网络技术有限公司,邮乐小店(APP)、邮乐网(APP),应用于商品推荐场景，根据用户历史行为数据，为用户生成个性化的推荐商品列表。,2025-7,algorithmic service,境内互联网信息服务算法备案清单（2025年7月）.docx
美萌小羊云商个性化推送类算法,个性化推送类,广州美萌信息科技有限公司,小羊云商SAAS平台(网站),应用于商品推荐场景，根据用户的个人属性和行为数据，推荐满足消费者需求的商品列表。,2025-7,algorithmic service,境内互联网信息服务算法备案清单（2025年7月）.docx
铭台擎天政法大模型多模态内容过滤算法,内容过滤类,铭台（北京）科技有限公司,瑞智大数据系统(网站)、瑞比互联网内容巡查系统(网站),应用于内容过滤场景，识别涉政敏感、违法违规及舆情风险内容，提供互联网舆情监测分析服务。,2025-7,algorithmic service,境内互联网信息服务算法备案清单（2025年7月）.docx
天鹅到家小程序信息推送算法,个性化推送类,北京五八到家信息技术集团有限公司,天鹅到家保姆月嫂服务保洁家政(小程序),应用于家政信息推送场景，根据用户的定位城市和历史行为数据，为用户推送个性化的服务内容。,2025-7,algorithmic service,境内互联网信息服务算法备案清单（2025年7月）.docx
琶洲港澳口岸个性化推荐算法,个性化推送类,广州琶洲港澳客运有限公司,琶洲港澳口岸(小程序),应用于内容推荐场景，根据用户行为、出行、值机与展会数据，向旅客推送值机提醒、通关指引、展会服务等个性化内容。,2025-7,algorithmic service,境内互联网信息服务算法备案清单（2025年7月）.docx
询赋个性化推送算法,个性化推送类,北京询赋科技有限公司,询赋(APP),应用于内容推荐场景，根据用户标签及历史浏览记录，向用户推送好友发布的内容。,2025-7,algorithmic service,境内互联网信息服务算法备案清单（2025年7月）.docx
天鹅到家用户推送算法,个性化推送类,五八到家有限公司,天鹅到家(APP)、阿姨一点通(APP)、天鹅到家极速版(APP),应用于内容推荐场景，根据用户标签特征、行为特征进行用户偏好识别，实现客户与家政服务阿姨之间的推荐。,2025-7,algorithmic service,境内互联网信息服务算法备案清单（2025年7月）.docx
天鹅到家信息搜索算法,信息检索类,五八到家有限公司,天鹅到家(APP)、阿姨一点通(APP)、天鹅到家极速版(APP),应用于文本检索场景，根据用户输入的文本及用户偏好、搜索、浏览日志等数据，将搜索生成的家政服务及相关列表返回给用户。,2025-7,algorithmic service,境内互联网信息服务算法备案清单（2025年7月）.docx
天鹅到家营销推送算法,个性化推送类,五八到家有限公司,天鹅到家(APP)、阿姨一点通(APP)、天鹅到家极速版(APP),应用于内容推荐场景，根据用户浏览日志、偏好、地理位置等信息和行为数据，对用户进行家政服务、生活服务等营销活动推送。,2025-7,algorithmic service,境内互联网信息服务算法备案清单（2025年7月）.docx
天鹅到家阿姨一点通微信小程序信息推送算法,个性化推送类,五八到家有限公司,阿姨一点通-天鹅到家(小程序),应用于内容推荐场景，根据用户定位城市和行为习惯，实现个性化接单信息推荐。,2025-7,algorithmic service,境内互联网信息服务算法备案清单（2025年7月）.docx
阿姨一点通调度决策算法,调度决策类,五八到家有限公司,阿姨一点通(APP),应用于保洁派单调度场景，根据用户下单地址、时间信息及家政保洁人员位置等信息，为家政人员分配订单。,2025-7,algorithmic service,境内互联网信息服务算法备案清单（2025年7月）.docx
易途合作酒店风险评估调度决策算法,调度决策类,广州易途网络科技有限公司,同驿科技(网站),应用于酒店包房合作设计决策场景，根据酒店的经营、信用信息等数据，计算合作额度和风险等级。,2025-7,algorithmic service,境内互联网信息服务算法备案清单（2025年7月）.docx
谷医堂信息检索类算法,信息检索类,银川谷医堂互联网医院有限公司,谷医堂健康(APP),应用于医疗信息检索场景，根据用户输入的查询词，将符合用户检索需求的医疗信息展示给用户。,2025-7,algorithmic service,境内互联网信息服务算法备案清单（2025年7月）.docx
谷医堂基于关联规则的推荐算法,个性化推送类,银川谷医堂互联网医院有限公司,谷医堂健康(APP),应用于内容推荐场景，根据用户的注册、访问渠道，推荐与用户对应渠道相关的医生、服务内容。,2025-7,algorithmic service,境内互联网信息服务算法备案清单（2025年7月）.docx
微大夫医疗大模型算法-1,服务技术支持者,广州基医云计算有限公司,--,应用于文本音频生成场景，服务于企业端客户，根据用户输入的医疗健康领域相关的文本或音频，生成相应的文本、音频回复或互动。,2025-5,generative ai,境内深度合成服务算法备案清单（2025年5月）.docx
同瓴数字人合成算法,服务提供者,杭州同瓴信息科技有限公司,同瓴AirCloneAl（V1.0）(小程序)、同瓴智能数字人制作平台V1.0(网站)、同瓴智能无人直播软件系统V1.0(APP)、同瓴魔伴(小程序)、同瓴数字人TUC内容管理系统（V1.0）(网站)、同瓴AI视频通话VoLTE软件（V1.0）(小程序)、同瓴智能机器人交互终端系统（V1.0）(其他)、同瓴数字人TUF形象克隆系统（V1.0）(网站)、同瓴AirClone直播助手APP软件（V1.0）(APP)、同瓴数字人运营系统V1.0(网站)、同瓴宝贝变变变(小程序)、同瓴AirClone视频处理播放软件（V1.0）(APP),应用于数字人视频生成场景，根据用户输入的视频和音频，生成唇形与声音一致的数字人视频。,2025-5,generative ai,境内深度合成服务算法备案清单（2025年5月）.docx
慧教大模型算法,服务提供者,慧教未来（广州）信息科技有限公司,AI智慧教研创作平台(网站),应用于文本生成场景，根据用户输入的教学需求或问题等文本信息，生成课程教学PPT、教案、微课脚本、练习题等教学资源。,2025-5,generative ai,境内深度合成服务算法备案清单（2025年5月）.docx
优必选人工智能教育AI实训生成算法,服务提供者,深圳市优必选科技股份有限公司,AI智慧教育平台(网站),应用于文本图像生成场景，根据用户输入的文本及图片内容，生成符合教师和学生需求的文字或图片，实现文生文、文生图、图生图的功能。,2025-5,generative ai,境内深度合成服务算法备案清单（2025年5月）.docx
苏泊尔云馔智能检索文本生成算法,服务提供者,浙江苏泊尔股份有限公司,苏泊尔(APP),应用于文本生成场景，根据用户输入有关产品的搜索词文本，生成相应的文本回答。,2025-5,generative ai,境内深度合成服务算法备案清单（2025年5月）.docx
指北旅行旅游方案生成算法,服务提供者,上海趣逃离科技有限公司,指北旅行(小程序)、指北旅行(APP),应用于文本生成场景，根据用户输入的目的地、旅行时长等信息，生成旅游攻略和旅行规划等文本。,2025-5,generative ai,境内深度合成服务算法备案清单（2025年5月）.docx
赶考状元AI智能大模型算法,服务提供者,上海亿山睦教育科技有限公司,赶考小状元智能AI学习机(其他)、赶考小状元合伙人(公众账号)、赶考爆单系统(APP)、赶考爆单系统(网站),应用于对话生成场景，根据用户输入的文本、图片或者音频问题描述，生成符合用户期望的文本、图像、音频回复。,2025-5,generative ai,境内深度合成服务算法备案清单（2025年5月）.docx
视旅图像生成大模型算法,服务提供者,湖南视旅科技有限公司,欢萌旅行(APP),应用于图片视频生成场景，根据用户输入的旅行信息、个人偏好和旅行素材等，生成旅行图文、景点风格预览、Vlog智能创作、个性化攻略定制及互动式旅游营销等图像、视频内容。,2025-5,generative ai,境内深度合成服务算法备案清单（2025年5月）.docx
奇元文本生成算法,服务提供者,北京奇元科技有限公司,360办公助手(其他)、360极速浏览器(APP)、360AI浏览器(其他)、360AI浏览器(APP),应用于文本生成场景，根据用户输入的文本，生成相应的文本内容。,2025-5,generative ai,境内深度合成服务算法备案清单（2025年5月）.docx
知末AI绘图生成算法,服务提供者,南京喵熊网络科技有限公司,知末 AI 绘图(网站),应用于图像生成场景，根据用户输入的文本描述和参考图片，生成符合文字描述的建筑设计效果图像。,2025-5,generative ai,境内深度合成服务算法备案清单（2025年5月）.docx
51job无忧智面生成合成类算法,服务提供者,前锦网络信息技术（上海）有限公司,应届生求职(APP),应用于智能对话场景，根据求职者语音输入，生成相应的模拟面试官语音回复，实现模拟面试功能。,2025-5,generative ai,境内深度合成服务算法备案清单（2025年5月）.docx
智安智库化工安全智能问答算法,服务技术支持者,厦门智安天工科技有限公司,--,应用于文本生成场景，服务于企业端客户，根据用户输入的文本，生成相应的文本内容，主要面向化工安全领域。,2025-5,generative ai,境内深度合成服务算法备案清单（2025年5月）.docx
Findin飞引内容生成算法,服务提供者,北京写画科技有限公司,Findin飞引(小程序)、Findin飞引(网站),应用于文本生成场景，根据用户输入的文本，按用户要求生成相应的文本内容。,2025-5,generative ai,境内深度合成服务算法备案清单（2025年5月）.docx
迅雷心语大模型算法,服务技术支持者,深圳市迅雷网络技术有限公司,--,应用于对话生成场景，服务于企业端客户，根据用户输入的文本，生成相应的文本回复。,2025-5,generative ai,境内深度合成服务算法备案清单（2025年5月）.docx
华合灵言妙语深度合成算法,服务提供者,华合数智（重庆）科技有限公司,灵言妙语(网站),应用于对话生成场景，根据用户输入的文本，生成相应的文本回复。,2025-5,generative ai,境内深度合成服务算法备案清单（2025年5月）.docx
ChipExpert文本生成算法,服务提供者,南京集成电路设计自动化技术创新中心,ChipExpert(网站),应用于文本生成场景，根据用户输入的文本，生成集成电路领域相关的文本回复。,2025-5,generative ai,境内深度合成服务算法备案清单（2025年5月）.docx
俊绩多模态协同数据挖掘内容融合生成算法,服务提供者,上海俊绩网络科技有限公司,桃花键盘(APP),应用于多模态内容生成场景，根据用户输入的关键词、长短文本或上传的图片、短视频文件，生成与问题或创作需求相匹配的文本、图像、视频内容。,2025-5,generative ai,境内深度合成服务算法备案清单（2025年5月）.docx
周到大模型视频生成合成算法,服务提供者,苏州市广播电视总台,周到大模型-AI工具箱(网站),应用于视频生成场景，根据用户输入的文本，生成满足媒体从业人员和营销人员需求的电商营销、教育培训、新闻快讯等视频内容。,2025-5,generative ai,境内深度合成服务算法备案清单（2025年5月）.docx
横纵新息PlusAI大模型算法,服务提供者,横纵新息（上海）科技有限公司,“Plus α”一站式企业研究分析平台(网站),应用于文本生成场景，根据用户输入的文本需求，生成企业研究与市场分析相关的文本内容。,2025-5,generative ai,境内深度合成服务算法备案清单（2025年5月）.docx
云筑采购文本生成算法,服务提供者,云筑信息科技（成都）有限公司,采购助手(网站)、云筑集采(APP),应用于对话生成场景，根据用户输入的文本，生成相应的文本，主要面向建筑采购领域。,2025-5,generative ai,境内深度合成服务算法备案清单（2025年5月）.docx
燕知道智能问答算法,服务提供者,燕道（宁波）数据科技有限公司,燕知道(小程序),应用于对话生成场景，根据用户输入的文本，生成相应的文本回复，主要面向保险领域。,2025-5,generative ai,境内深度合成服务算法备案清单（2025年5月）.docx
硅基灵工AIsales智能坐席算法,服务技术支持者,北京硅基灵工科技有限公司,--,应用于语音对话场景，服务于企业端客户，利用语音转文本技术将接收到的用户语音信息转成文字，并生成相应的语音回复或执行对应的任务。,2025-5,generative ai,境内深度合成服务算法备案清单（2025年5月）.docx
易车智能问答图片生成算法,服务提供者,北京易车互动广告有限公司,易车伙伴(APP)、易车(APP),应用于图像生成场景，根据用户输入的文本，生成相应的图像内容。,2025-5,generative ai,境内深度合成服务算法备案清单（2025年5月）.docx
中科智宏数字人驱动算法,服务技术支持者,中科智宏（北京）科技有限公司,--,应用于数字人视频生成场景，服务于企业端客户，根据用户输入的文本内容和选择的数字人形象，生成符合用户需求的数字人播报视频。,2025-5,generative ai,境内深度合成服务算法备案清单（2025年5月）.docx
上海生趣文本内容生成算法,服务提供者,上海生趣网络科技有限公司,融媒宝(网站)、融媒宝(小程序),应用于智能对话场景，根据用户输入的文本，生成相应的文本回复。,2025-5,generative ai,境内深度合成服务算法备案清单（2025年5月）.docx
轻图AI视频生成合成算法,服务提供者,亿睿科信息技术（北京）有限公司,轻图(APP),应用于视频生成场景，根据用户上传图片与选定视频模版，生成符合模版风格的个性化视频。,2025-5,generative ai,境内深度合成服务算法备案清单（2025年5月）.docx
MoLook商拍合成算法,服务提供者,杭州墨见科技有限公司,MoLook(网站),应用于图像生成场景，根据平铺服装照片、素人试穿服装照片或者人台试穿服装的照片，以及文字描述，生成相应的虚拟模特试穿服装的图像，实现虚拟试衣功能。,2025-5,generative ai,境内深度合成服务算法备案清单（2025年5月）.docx
魔创AI图像合成算法,服务提供者,魔创未来（盘锦）量子科技有限公司,魔创未来(网站),应用于图像生成场景，根据用户输入的文本描述和图片，生成相应的AI写真、个性化头像等图像。,2025-5,generative ai,境内深度合成服务算法备案清单（2025年5月）.docx
屈臣氏自有电商平台生成合成类算法,服务提供者,武汉屈臣氏个人用品商店有限公司,屈臣氏(小程序),应用于对话生成场景，根据用户输入的文本内容，生成商品、内容、活动、优惠信息等文本回复。,2025-5,generative ai,境内深度合成服务算法备案清单（2025年5月）.docx
显生宙AI试题内容生成算法,服务提供者,广州显生宙科技有限公司,显生宙AI试题内容生成算法(网站),应用于文本生成场景，根据用户输入的文本，生成与文本紧密相关的题目。,2025-5,generative ai,境内深度合成服务算法备案清单（2025年5月）.docx
中兴星云大模型文本生成算法,服务提供者,中兴通讯股份有限公司,星云智能(APP)、智能推荐(APP)、记忆体(APP),应用于文本生成场景，根据用户输入的限定场景下的文本内容，生成满足用户指令要求的新文本。,2025-5,generative ai,境内深度合成服务算法备案清单（2025年5月）.docx
中长康达多模态内容生成算法,服务提供者,广州中长康达信息技术有限公司,中长康达AI探究自学室(APP)、中长康达AI探究伴学机(其他)、中长康达AI探究伴学机(网站)、中长康达AI探究自学室(其他)、中长康达AI探究自学室(网站),应用于文本图像生成场景，根据用户输入的文本、图像，生成教育领域相应的文本、图像内容。,2025-5,generative ai,境内深度合成服务算法备案清单（2025年5月）.docx
没错AI教育生成合成算法,服务提供者,天津星问数据科技有限公司,没错AI(APP),应用于文本生成场景，根据用户输入的文本和问题答案、题目描述、解题过程的图像，生成相应的错误分析报告和学习建议文本，主要面向教育领域。,2025-5,generative ai,境内深度合成服务算法备案清单（2025年5月）.docx
神州医疗DHC大模型病案撰写算法,服务提供者,神州医疗科技股份有限公司,神州医疗多模态大模型专科助手(网站),应用于文本生成场景，根据用户输入的文本，生成相应的文本内容，辅助医生进行病案撰写，生成出院小结。,2025-5,generative ai,境内深度合成服务算法备案清单（2025年5月）.docx
小包公法律内容大模型算法,服务提供者,广东博维创远科技有限公司,小包公智能法律专家-类案智推(网站),应用于文本生成场景，根据用户输入的文本，生成法律领域相应的文本内容。,2025-5,generative ai,境内深度合成服务算法备案清单（2025年5月）.docx
特斯拉xBot客户服务智能会话算法,服务提供者,特斯拉（上海）有限公司,Tesla (APP),应用于对话生成场景，根据用户输入的文本，结合公司产品手册与客户常见问题构建的专属知识库，生成相应的文本回复。,2025-5,generative ai,境内深度合成服务算法备案清单（2025年5月）.docx
中移集成司法大模型法律知识生成算法,服务提供者,中移系统集成有限公司,法智问数(网站)、类案检索(网站)、法律问答(网站),应用于对话生成场景，根据用户输入的咨询文本，生成法律相关的文本回复。,2025-5,generative ai,境内深度合成服务算法备案清单（2025年5月）.docx
赫力昂AI医学助手检索增强生成合成算法,服务提供者,赫力昂（中国）有限公司,AI医学助手(其他),应用于对话生成场景，根据用户输入的文本，生成医学领域的文本回复。,2025-5,generative ai,境内深度合成服务算法备案清单（2025年5月）.docx
云智慧数字人生成算法,服务提供者,广州云智慧生命科技有限责任公司,云智慧(网站)、云智慧(小程序)、云智慧(其他),应用于数字人视频生成场景，根据用户输入的文本、图像、视频，生成数字人形象的视频。,2025-5,generative ai,境内深度合成服务算法备案清单（2025年5月）.docx
MedGo生成式医学知识问答算法,服务提供者,上海烁乐信息科技有限公司,MedGo医学知识问答平台(网站),应用于对话生成场景，根据用户输入的问题文本，生成医学领域的文本回复。,2025-5,generative ai,境内深度合成服务算法备案清单（2025年5月）.docx
TCL智语音大模型算法,服务提供者,深圳TCL新技术有限公司,TCL空调(其他),应用于对话生成场景，根据用户输入的语音转换为文本，生成相应的文本回复，通过语音合成转换为语音输出。,2025-5,generative ai,境内深度合成服务算法备案清单（2025年5月）.docx
同橙出行文本生成算法,服务提供者,同橙出行科技（南京）有限公司,同橙出行(小程序),应用于文本生成场景，根据用户输入的关于城市出行的提问文本，生成准确、流畅且具有实用性的出行攻略文本。,2025-5,generative ai,境内深度合成服务算法备案清单（2025年5月）.docx
科技项目指南解读生成算法,服务提供者,广州诺为信息科技有限公司,科技项目指南解读助手(网站),应用于文本生成场景，根据用户输入的科技项目指南、企业申报材料和关键信息等文本数据，生成相关的文本内容。,2025-5,generative ai,境内深度合成服务算法备案清单（2025年5月）.docx
熊猫奇谭多模态生成算法,服务提供者,深圳市干支科技有限公司,熊猫奇谭(APP),应用于多模态内容生成场景，根据用户输入文本、音频内容，生成包含文本、图像、音频等内容的儿童绘本。,2025-5,generative ai,境内深度合成服务算法备案清单（2025年5月）.docx
奇猎伏羲大模型算法,服务提供者,杭州奇猎软件技术有限公司,燕歌行(APP),应用于文本生成场景，根据用户输入的文本，生成相应的文本内容，实现知识问答、诗词创作、历史人物短剧脚本编写、文言文翻译、字源查询等功能。,2025-5,generative ai,境内深度合成服务算法备案清单（2025年5月）.docx
智博教育专升本知识文本生成算法,服务提供者,山东智博教育投资集团有限公司,猩子答疑(小程序),应用于文本生成场景，根据用户输入的问题文本，生成专升本教育领域相关的文本回复。,2025-5,generative ai,境内深度合成服务算法备案清单（2025年5月）.docx
金蝶苍穹智能问答算法,服务提供者,金蝶软件（中国）有限公司,Boss助理(APP)、金蝶云星瀚(网站)、金蝶云苍穹(网站)、金蝶云社区(网站)、金蝶云星空(网站)、苍穹(APP),应用于对话生成场景，根据用户输入的文本信息，生成相应的文本内容。,2025-5,generative ai,境内深度合成服务算法备案清单（2025年5月）.docx
联通元景语音合成大模型算法,服务技术支持者,联通数据智能有限公司,--,应用于语音生成场景，服务于企业端客户，根据用户输入的文本内容，生成相应的语音内容。,2025-5,generative ai,境内深度合成服务算法备案清单（2025年5月）.docx
万径千机网络安全大模型算法,服务提供者,四维创智（北京）科技发展有限公司,千机-网络安全智能体应用平台(网站),应用于文本生成场景，根据用户输入的文本，生成网络安全领域相关的文本内容。,2025-5,generative ai,境内深度合成服务算法备案清单（2025年5月）.docx
语势文本生成算法,服务提供者,北京语势科技有限公司,主题蜂(网站),应用于文本生成场景，根据用户输入的文本请求，结合主题投资和行业分析数据，生成相应题材的文章。,2025-5,generative ai,境内深度合成服务算法备案清单（2025年5月）.docx
绿巢基于大语言模型的深度互联网数据挖掘智能代理算法,服务技术支持者,绿巢智慧数据科技（北京）有限公司,--,应用于文本生成场景，服务于企业端客户，根据用户输入的文本指令，生成符合用户预期的结构化数据文本。,2025-5,generative ai,境内深度合成服务算法备案清单（2025年5月）.docx
联通元景多模态大模型算法,服务技术支持者,联通数据智能有限公司,--,应用于多模态内容生成场景，服务于企业端客户，根据用户输入的文本、图像数据，生成满足用户需求的文本、图像及视频内容。,2025-5,generative ai,境内深度合成服务算法备案清单（2025年5月）.docx
IPAI多模态大模型生成算法,服务提供者,陆途信息科技（上海）有限公司,IPAI AI工具助手(小程序)、IPAI AI助手(APP),应用于多模态内容生成场景，根据用户输入的文本、人声指令，生成对应的文本、图像和音频内容。,2025-5,generative ai,境内深度合成服务算法备案清单（2025年5月）.docx
仙乐语音文本互转算法-1,服务技术支持者,仙乐健康科技股份有限公司,--,应用于文本音频生成场景，服务于企业端客户，根据用户输入的关于营养知识的文本或语音咨询，生成相应的文本和语音回复。,2025-5,generative ai,境内深度合成服务算法备案清单（2025年5月）.docx
仙乐语音文本互转算法,服务提供者,仙乐健康科技股份有限公司,小乐(小程序)、小乐(网站),应用于文本音频生成场景，根据用户输入的关于营养知识的文本或语音咨询，生成相应的文本和语音回复。,2025-5,generative ai,境内深度合成服务算法备案清单（2025年5月）.docx
晓妙文本生成算法,服务提供者,傲林科技有限公司,晓妙(小程序)、晓妙(其他)、晓妙(网站),应用于文本生成场景，根据用户输入的问题文本，生成相应的文本回复。,2025-5,generative ai,境内深度合成服务算法备案清单（2025年5月）.docx
无引万相视频合成算法,服务技术支持者,成都无引科技有限公司,--,应用于视频生成场景，服务于企业端客户，根据用户输入的文本，生成相应的视频内容。,2025-5,generative ai,境内深度合成服务算法备案清单（2025年5月）.docx
联通元景文本生成算法,服务技术支持者,联通数据智能有限公司,--,应用于文本生成场景，服务于企业端客户，根据用户输入的文本，生成相应的文本内容。,2025-5,generative ai,境内深度合成服务算法备案清单（2025年5月）.docx
大麦电影演出问答生成算法,服务提供者,北京大麦文化传媒发展有限公司,大麦(APP),应用于对话生成场景，根据用户输入的文本或语音问题，生成对应的电影演出相关的文本内容回复。,2025-5,generative ai,境内深度合成服务算法备案清单（2025年5月）.docx
元图大模型多模态算法,服务提供者,元图时代科技（南京）有限公司,元图时代(其他)、元图时代(网站),应用于多模态内容生成场景，根据用户输入的文本、图像，生成相应的文本、图像、视频、音频内容。,2025-5,generative ai,境内深度合成服务算法备案清单（2025年5月）.docx
天耀求索不动产登记大模型算法,服务提供者,北京天耀宏图科技有限公司,不动产登记智能客服(网站),应用于对话生成场景，根据用户输入的文本，生成不动产登记领域相关的文本回复。,2025-5,generative ai,境内深度合成服务算法备案清单（2025年5月）.docx
名商文本生成算法,服务技术支持者,广州名商科技服务有限公司,--,应用于文本生成场景，服务于企业端客户，根据用户输入的文本，生成相应的文本内容。,2025-5,generative ai,境内深度合成服务算法备案清单（2025年5月）.docx
封面灵知新闻交互智能体算法,服务技术支持者,四川封面传媒科技有限责任公司,--,应用于对话生成场景，服务于企业端客户，根据用户输入的语音转化为文本，生成相应的文本回复或执行播放音乐、查询天气等操作。,2025-5,generative ai,境内深度合成服务算法备案清单（2025年5月）.docx
财新财智文本生成算法,服务提供者,财新传媒有限公司,财新网(网站)、财新(APP),应用于文本生成场景，根据用户划线的新闻文本及用户输入的文本提问，生成相应的文本回复。,2025-5,generative ai,境内深度合成服务算法备案清单（2025年5月）.docx
十方智能交互生成算法,服务技术支持者,深圳十方融海科技有限公司,--,应用于音频生成场景，服务于企业端客户，根据用户输入的音频，生成相应的音频回复，实现语音对话的功能。,2025-5,generative ai,境内深度合成服务算法备案清单（2025年5月）.docx
APUS智草大模型算法-2,服务提供者,郑州阿帕斯科技有限公司,APUS大模型官网(网站),应用于文本生成场景，根据用户输入的文本，生成相应的文本内容，主要面向中医领域。,2025-5,generative ai,境内深度合成服务算法备案清单（2025年5月）.docx
北京象量多模态内容生成合成算法,服务提供者,象量（北京）科技有限公司,省心素材(APP)、到期啦(APP)、乐演(APP)、萌玩(APP),应用于多模态内容生成场景，根据用户输入的文本、图像，生成相应的文本、图像、视频、音频内容。,2025-5,generative ai,境内深度合成服务算法备案清单（2025年5月）.docx
蜻蜓大模型深度合成算法,服务提供者,江苏亚寰软件股份有限公司,蜻蜓康健(小程序),应用于对话生成场景，根据用户输入的文本问题，生成慢性病个性化健康管理方案。,2025-5,generative ai,境内深度合成服务算法备案清单（2025年5月）.docx
亿睿科AI生成合成算法,服务技术支持者,亿睿科信息技术（北京）有限公司,--,应用于图像视频生成场景，服务于企业端客户，根据用户上传的图片或拍摄照片，生成特效滤镜、个性化风格图片或动态视频。,2025-5,generative ai,境内深度合成服务算法备案清单（2025年5月）.docx
妙时生成合成算法,服务提供者,杭州乐读科技有限公司,妙时(APP),应用于对话生成场景，根据用户输入的文本内容，生成相应的文本回复。,2025-5,generative ai,境内深度合成服务算法备案清单（2025年5月）.docx
九章媒体内容文本生成算法,服务提供者,珠海传媒融创科技有限公司,九章AI智能助手(网站),应用于对话生成场景，根据用户输入的文本，生成相应的文本回复。,2025-5,generative ai,境内深度合成服务算法备案清单（2025年5月）.docx
菁优AI试卷命名生成式算法,服务提供者,深圳市菁优智慧教育股份有限公司,菁优网(网站),应用于文本生成场景，根据用户输入的试卷的相关信息，生成符合系统格式要求的规范试题名称文本。,2025-5,generative ai,境内深度合成服务算法备案清单（2025年5月）.docx
华宸AI生成式语言大模型论文智能辅助算法,服务提供者,华宸智域（北京）科技有限责任公司,华宸AI智评(网站),应用于文本生成场景，根据用户输入的主题或内容要求，生成论文相关的文本内容。,2025-5,generative ai,境内深度合成服务算法备案清单（2025年5月）.docx
安诊儿医疗内容生成算法,服务提供者,安诊儿（杭州）医疗健康科技有限公司,安诊儿(APP),应用于文本生成场景，根据用户输入的医疗健康类咨询文本、图片，生成相应的文本回复。,2025-5,generative ai,境内深度合成服务算法备案清单（2025年5月）.docx
慧康文本合成算法,服务提供者,京盟世纪（北京）科技有限公司,AI畅聊(APP)、慧康云联(APP)、AI日程(APP),应用于文本生成场景，根据用户输入的关键词，生成相应的文本内容。,2025-5,generative ai,境内深度合成服务算法备案清单（2025年5月）.docx
广和通Fibo文本生成算法,服务技术支持者,深圳市广和通无线股份有限公司,--,应用于文本生成场景，服务于企业端客户，根据用户输入的文本，生成相应的文本内容。,2025-5,generative ai,境内深度合成服务算法备案清单（2025年5月）.docx
中科智宏灵境万物语言模型算法,服务提供者,中科智宏（北京）科技有限公司,智判(网站),应用于文本生成场景，根据用户输入的法律咨询文本，生成相应的文本回复。,2025-5,generative ai,境内深度合成服务算法备案清单（2025年5月）.docx
智子大模型算法,服务技术支持者,南京智子跳动科技有限公司,--,应用于文本生成场景，服务于企业端客户，根据用户输入的问题、报告生成要求、主题词等文本，生成相应的文本内容。,2025-5,generative ai,境内深度合成服务算法备案清单（2025年5月）.docx
CollovAI多模态算法,服务提供者,栩峰（北京）科技有限公司,Collov AI(网站),应用于图像视频生成场景，根据用户输入的文本、图像，生成室内设计相关的图像、视频内容。,2025-5,generative ai,境内深度合成服务算法备案清单（2025年5月）.docx
慧报通AI智能文件生成算法,服务提供者,上海智汇企科信息科技技术有限公司,慧报通(网站),应用于文本生成场景，根据用户输入的文本、图片信息，生成标准化的目标文件。,2025-5,generative ai,境内深度合成服务算法备案清单（2025年5月）.docx
金蝶苍穹智能问答算法-2,服务提供者,金蝶软件（中国）有限公司,Boss助理(APP)、金蝶云星瀚(网站)、金蝶云苍穹(网站)、金蝶云社区(网站)、金蝶云星空(网站)、金蝶云(APP)、苍穹(APP),应用于对话生成场景，根据用户输入的文本信息，生成相应的文本内容。,2025-5,generative ai,境内深度合成服务算法备案清单（2025年5月）.docx
白话劳动法文本生成算法,服务提供者,白话用工（北京）科技服务有限公司,白话-爱用工(APP)、白话-爱用工(小程序),应用于文本生成场景，根据用户输入的咨询文本，生成法律领域相关的文本。,2025-5,generative ai,境内深度合成服务算法备案清单（2025年5月）.docx
品亿游戏问答文本生成合成算法,服务提供者,四川品亿科技有限公司,力喵(网站)、力喵软件(APP),应用于对话生成场景，根据用户输入的文本，生成游戏领域相关的文本回复。,2025-5,generative ai,境内深度合成服务算法备案清单（2025年5月）.docx
跨赴代码生成大模型算法,服务提供者,北京跨赴科技有限公司,码上飞(网站),应用于对话生成场景，根据用户输入的文本，生成技术相关的文本回复，实现代码生成，技术问题解决，数据报表生成等功能。,2025-5,generative ai,境内深度合成服务算法备案清单（2025年5月）.docx
高途公考深度合成算法,服务提供者,北京加紫科技有限公司,高途公考(APP),应用于对话生成场景，根据用户输入的文本，生成相应的文本回复。,2025-5,generative ai,境内深度合成服务算法备案清单（2025年5月）.docx
火石产业经济大模型算法,服务提供者,火石创造科技有限公司,火石产业经济大模型(小程序)、火石产业经济大模型(网站),应用于文本图像生成场景，根据用户输入的图像或文本，生成产业经济领域相关的文本、图像回复。,2025-5,generative ai,境内深度合成服务算法备案清单（2025年5月）.docx
小乖记账聊天算法,服务提供者,上海苑莺网络科技有限公司,小乖记账(APP),应用于对话生成场景，根据用户输入的文本或语音，生成相应的文本回复，实现记账和账单分类等功能。,2025-5,generative ai,境内深度合成服务算法备案清单（2025年5月）.docx
透彻大脑病理诊断决策大模型算法,服务提供者,北京透彻未来科技有限公司,Thorough Insights(APP),应用于图像生成场景，根据用户输入的图片，生成相应的癌区热力图片，实现病理切片癌区预测功能。,2025-5,generative ai,境内深度合成服务算法备案清单（2025年5月）.docx
脸趣相机FaceFun图像生成算法,服务提供者,上海碳蓝网络科技有限公司,脸趣相机FaceFun-证件照职场照(小程序),应用于图片生成场景，根据用户输入的图片，生成具有独特风格的个性化图片。,2025-5,generative ai,境内深度合成服务算法备案清单（2025年5月）.docx
天元多模态网关生成合成算法-1,服务技术支持者,软通智算科技（广东）集团有限公司,--,应用于文本音频生成场景，服务于企业端客户，根据用户输入的文本、音频，生成相应的文本、音频内容，实现智能对话、文本生成、文本语音转换等功能。,2025-5,generative ai,境内深度合成服务算法备案清单（2025年5月）.docx
天元多模态网关生成合成算法,服务提供者,软通智算科技（广东）集团有限公司,天元多模态网关(网站),应用于文本音频生成场景，根据用户输入的文本、音频，生成符合用户需求的文本、音频内容，实现智能对话、文本生成、文本语音转换等功能。,2025-5,generative ai,境内深度合成服务算法备案清单（2025年5月）.docx
妙动时光生成合成类算法,服务提供者,北京妙动时光文化传媒有限公司,不夜星球(APP),应用于音频生成场景，根据用户输入的音频，生成符合用户需求的音频内容，实现智能对话等功能。,2025-5,generative ai,境内深度合成服务算法备案清单（2025年5月）.docx
智能防伪策略生成算法,服务提供者,广东鑫浪信息科技有限公司,智能防伪策略生成小助手(网站),应用于文本生成场景，根据用户输入的文本信息，结合行业防伪技术规范和企业需求，生成防伪策略建议等相应文本内容。,2025-5,generative ai,境内深度合成服务算法备案清单（2025年5月）.docx
智能海洋环境监测生成算法,服务提供者,广东邦鑫数据科技股份有限公司,智能海洋环境监测小助手(网站),应用于文本生成场景，根据用户输入的文本信息，生成海洋环境监测结果相关的文本内容。,2025-5,generative ai,境内深度合成服务算法备案清单（2025年5月）.docx
言己城元宇宙场景内容生成算法,服务提供者,北京言己城科技有限公司,言己城(APP),应用于3D模型生成场景，根据用户输入的文本描述或图像，生成对应的3D模型文件。,2025-5,generative ai,境内深度合成服务算法备案清单（2025年5月）.docx
易车智能问答视频生成算法,服务提供者,北京易车互动广告有限公司,易车伙伴(APP)、易车(APP),应用于视频生成场景，根据用户输入的文本问题，生成相应的视频。,2025-5,generative ai,境内深度合成服务算法备案清单（2025年5月）.docx
鲸智大模型算法,服务技术支持者,浩鲸云计算科技股份有限公司,--,应用于对话生成场景，服务于企业端客户，根据用户输入的文本信息，生成相应的文本内容。,2025-5,generative ai,境内深度合成服务算法备案清单（2025年5月）.docx
知逗文生文算法,服务提供者,上海答程信息科技有限公司,知逗(其他),应用于智能对话场景，根据用户输入的文本，生成相应的文本回复。,2025-5,generative ai,境内深度合成服务算法备案清单（2025年5月）.docx
图大侠智能算法,服务提供者,广东图大侠科技有限公司,图大侠网站(网站),应用于图像生成场景，根据用户上传的图像，生成不同艺术风格的图像。,2025-5,generative ai,境内深度合成服务算法备案清单（2025年5月）.docx
外研在线大模型算法,服务提供者,北京外研在线数字科技有限公司,AI教师助手(网站),应用于图像生成场景，根据用户输入的文本，生成相应的图像。,2025-5,generative ai,境内深度合成服务算法备案清单（2025年5月）.docx
小窗AI生成合成算法,服务提供者,北京超级爸爸教育科技有限公司,小窗家庭AI助手(网站),应用于多模态内容生成场景，根据用户输入的文本，生成相应的文本、图像、音频、视频内容。,2025-5,generative ai,境内深度合成服务算法备案清单（2025年5月）.docx
云智慧多模态生成算法,服务提供者,广州云智慧生命科技有限责任公司,云智慧(网站)、云智慧(小程序)、云智慧(其他),应用于多模态内容生成场景，根据用户输入的文本和图像，生成相应的文本、图像、视频内容。,2025-5,generative ai,境内深度合成服务算法备案清单（2025年5月）.docx
比特飞扬智能成本推演算法,服务提供者,北京比特飞扬科技有限公司,比特飞扬智能成本推演(网站),应用于文本生成场景，根据用户输入的电池参数文本内容，生成预测的电池生产成本等文本内容。,2025-5,generative ai,境内深度合成服务算法备案清单（2025年5月）.docx
尔康医疗服务深度融合算法,服务提供者,成都灵枢易诊健康科技有限公司,尔康易诊(小程序),应用于文本生成场景，根据用户输入的文本内容，生成符合用户需求的文本内容，提供医疗、健康管理等方面的服务。,2025-5,generative ai,境内深度合成服务算法备案清单（2025年5月）.docx
周到大模型文本生成算法,服务提供者,苏州市广播电视总台,周到大模型-AI工具箱(网站),应用于文本生成场景，根据用户输入的文本、图像内容，生成符合用户需求的文本内容。,2025-5,generative ai,境内深度合成服务算法备案清单（2025年5月）.docx
初悦视频转文字智能文本生成算法,服务提供者,深圳市初悦科技有限公司,视频转文字(APP),应用于文本生成场景，根据用户输入的文本、图像、音频、视频内容，生成相应的文本内容，实现智能纠错、智能总结、信息提取等功能。,2025-5,generative ai,境内深度合成服务算法备案清单（2025年5月）.docx
平大云筑小布AI榫卯文生文算法,服务提供者,上海平大云筑科技有限公司,云筑小布AI(小程序),应用于文本生成场景，根据用户输入的文本信息，生成相应的文本内容，主要面向工程管理领域。,2025-5,generative ai,境内深度合成服务算法备案清单（2025年5月）.docx
至远文本生成算法,服务提供者,广州至远海洋科技有限公司,海洋水文气象监测系统(网站),应用于智能对话场景，根据用户输入的文本，生成符合用户需求的文本回复。,2025-5,generative ai,境内深度合成服务算法备案清单（2025年5月）.docx
aix宏景智能多模态大模型数字人算法,服务提供者,湖南宏景软件开发有限公司,Aix智能(网站),应用于数字人视频生成场景，根据用户输入的文本、音频、视频，生成相应的数字人视频。,2025-5,generative ai,境内深度合成服务算法备案清单（2025年5月）.docx
大岐灵蕴中医大模型算法,服务提供者,杭州八脉科技有限公司,大岐灵蕴(网站),应用于对话生成场景，根据用户输入的文本，生成中医领域相关的文本回复内容。,2025-5,generative ai,境内深度合成服务算法备案清单（2025年5月）.docx
样籽人脸融合算法,服务提供者,四川鲜生夺人科技有限责任公司,样籽AI相机(APP),应用于图像生成场景，根据用户上传的照片与特定模板进行面部融合，生成融合后的人脸图像。,2025-5,generative ai,境内深度合成服务算法备案清单（2025年5月）.docx
幸卓DeepHealth大模型算法,服务技术支持者,上海幸卓智能科技有限公司,--,应用于文本生成场景，服务于企业端客户，根据用户输入的文本，生成契合用户需求的个性化按摩方案。,2025-5,generative ai,境内深度合成服务算法备案清单（2025年5月）.docx
翼智星辰教育大模型算法,服务提供者,中电信翼智教育科技有限公司,校园帮办平台(网站)、精准教学平台(网站)、心理健康平台(网站),应用于对话生成场景，根据用户输入的文本，生成教育领域相关的文本回复。,2025-5,generative ai,境内深度合成服务算法备案清单（2025年5月）.docx
石榴数字人语音驱动唇形同步算法-2,服务技术支持者,北京向量方程科技有限公司,--,应用于数字人视频生成场景，服务于企业端客户，根据用户输入的文本、音频、视频，生成唇型与音频相符的数字人视频。,2025-5,generative ai,境内深度合成服务算法备案清单（2025年5月）.docx
五八驾考智能问答算法,服务提供者,天津五八驾考信息技术有限公司,驾校通(APP),应用于对话生成场景，根据用户输入的文本内容，生成驾考培训领域相关的文本内容，实现智能问答、生成宣传文案等功能。,2025-5,generative ai,境内深度合成服务算法备案清单（2025年5月）.docx
深佳KGservice内容生成算法,服务提供者,浙江深佳科技有限公司,知识供应链平台(网站),应用于文本图像生成场景，根据用户输入的问题文本，生成包含文本、图像内容的解决方案、专利申请书、投标文件、宣传材料、研究报告。,2025-5,generative ai,境内深度合成服务算法备案清单（2025年5月）.docx
58智能问答算法,服务提供者,北京五八信息技术有限公司,58同城(APP),应用于对话生成场景，根据用户输入的文本内容，生成生活服务、求职招聘等领域相关文本回复。,2025-5,generative ai,境内深度合成服务算法备案清单（2025年5月）.docx
最六内容合成算法,服务提供者,深圳市最六科技有限公司,ChatX(APP),应用于文本生成场景，根据用户输入的文本内容，生成符合用户需求的文本内容。,2025-5,generative ai,境内深度合成服务算法备案清单（2025年5月）.docx
五八赶集AI图片生成算法,服务提供者,北京五八赶集优才信息技术有限公司,赶集直招(APP),应用于图像生成场景，根据用户上传的人脸图像，生成服饰统一的证件照图像。,2025-5,generative ai,境内深度合成服务算法备案清单（2025年5月）.docx
民航场景自然语言交互算法,服务技术支持者,中国民航信息网络股份有限公司,--,应用于文本生成场景，服务于企业端客户，根据用户输入的文本，生成相应的文本内容，主要面向民航领域。,2025-5,generative ai,境内深度合成服务算法备案清单（2025年5月）.docx
菁优AI几何图形生成算法,服务提供者,深圳市菁优智慧教育股份有限公司,菁优网(网站),应用于图像生成场景，根据用户输入的图像内容，生成可编辑的几何图片。,2025-5,generative ai,境内深度合成服务算法备案清单（2025年5月）.docx
生境3D家具模型生成算法,服务技术支持者,深圳生境科技有限公司,--,应用于视频及3D模型生成场景，服务于企业端客户，根据用户输入的图像，生成相应的家具展示视频和3D模型文件。,2025-5,generative ai,境内深度合成服务算法备案清单（2025年5月）.docx
魂伴智能角色扮演算法,服务提供者,上海魂伴科技有限责任公司,上海魂伴科技有限责任公司官方网站(网站),应用于文本音频生成场景，根据用户输入的文本、音频，生成相应的文本和音频内容，提供用户与玩具的智能互动、故事机知识解答等服务。,2025-5,generative ai,境内深度合成服务算法备案清单（2025年5月）.docx
卓特视觉图像生成算法,服务提供者,北京卓特视觉科技有限公司,卓特视觉(网站),应用于图像生成场景，根据用户输入的文本、图像内容，生成相应的图像。,2025-5,generative ai,境内深度合成服务算法备案清单（2025年5月）.docx
剪流AI智能大模型算法,服务提供者,上海站在月球看地球信息技术有限公司,剪流(APP)、剪流(网站),应用于文本图像生成场景，根据用户输入的文本、图像内容，生成相应的文本、图像内容，提供文案生成和图片素材生成服务。,2025-5,generative ai,境内深度合成服务算法备案清单（2025年5月）.docx
小途问问智能学习辅导深度合成算法,服务提供者,北京高途成蹊旅行服务有限公司,小途问问(小程序),应用于文本音频生成场景，根据用户输入的文本、图像内容，生成全学科习题解题步骤、答案、知识点讲解文本和音频内容。,2025-5,generative ai,境内深度合成服务算法备案清单（2025年5月）.docx
春秋旅游助手文生文算法,服务提供者,上海春秋国际旅行社（集团）有限公司,春秋旅游(小程序)、春秋旅游(公众账号)、春秋旅游(APP)、春秋旅游(网站),应用于智能对话场景，根据用户输入的文本，生成相应的文本回复。,2025-5,generative ai,境内深度合成服务算法备案清单（2025年5月）.docx
傲天科技OCR证件识别生成算法,服务技术支持者,深圳市傲天科技股份有限公司,--,应用于文本生成场景，服务于企业端客户，根据用户输入的证件图片，识别图像中文本信息，生成相应的文本内容。,2025-5,generative ai,境内深度合成服务算法备案清单（2025年5月）.docx
同瓴智绘声动算法,服务提供者,杭州同瓴信息科技有限公司,同瓴AirCloneAl（V1.0）(小程序)、同瓴智能数字人制作平台V1.0(网站)、同瓴数字人TUC内容管理系统（V1.0）(网站)、同瓴AI视频通话VoLTE软件（V1.0）(小程序)、同瓴数字人TUF形象克隆系统（V1.0）(网站)、同瓴数字人运营系统V1.0(网站)、同瓴数字人TUV声音克隆系统（V1.0）(网站),应用于数字人视频生成场景，根据用户输入的音频、图像，生成相应的数字人视频。,2025-5,generative ai,境内深度合成服务算法备案清单（2025年5月）.docx
PICPIK图片生成算法,服务提供者,优刻得科技股份有限公司,PICPIK(网站),应用于图像生成场景，根据用户输入的文本、图像，生成相应的图像内容，适用于媒体创作与设计领域。,2025-5,generative ai,境内深度合成服务算法备案清单（2025年5月）.docx
MetaFace面部表情生成算法,服务提供者,浙江博采传媒有限公司,MetaFace面捕软件(APP),应用于3D数字人视频生成场景，根据用户输入的人脸视频，生成相应面部表情的3D数字人视频。,2025-5,generative ai,境内深度合成服务算法备案清单（2025年5月）.docx
冰智心理咨询文本生成算法,服务提供者,冰智科技（深圳）有限公司,AI灼见(小程序)、咨询师大作战(小程序)、Soulmeta(小程序),应用于文本生成场景，根据用户输入的心理咨询文本，生成个性化的心理健康支持和建议等文本内容。,2025-5,generative ai,境内深度合成服务算法备案清单（2025年5月）.docx
AqaraHome全屋智能助手算法,服务提供者,深圳安卡萨软件服务有限公司,AqaraHome(APP),应用于对话生成场景，根据用户输入的文本内容，生成相应的文本内容，提供关于智能家居产品的产品问答、智能排障、设备控制、一键创建自动化或闲聊、查询天气等服务。,2025-5,generative ai,境内深度合成服务算法备案清单（2025年5月）.docx
闪灵很酷灵动AI视频生成合成算法-1,服务提供者,北京闪灵很酷智能科技有限公司,闪灵AI(网站),应用于视频生成场景，根据用户输入的文本、图像内容，生成相应的的视频短片。,2025-5,generative ai,境内深度合成服务算法备案清单（2025年5月）.docx
PICPIK图片生成算法-1,服务技术支持者,优刻得科技股份有限公司,--,应用于图像生成场景，服务于企业端客户，根据用户输入的文本、图像，生成相应的图像内容，适用于媒体创作与设计领域。,2025-5,generative ai,境内深度合成服务算法备案清单（2025年5月）.docx
星翼大模型文本生成合成算法,服务提供者,上海第一财经传媒有限公司,第一财经(APP)、第一财经(小程序),应用于文本生成场景，根据用户输入的文本，生成文案、标题等相关的文本内容。,2025-5,generative ai,境内深度合成服务算法备案清单（2025年5月）.docx
书声科技AI生成算法,服务提供者,成都书声科技有限公司,叫叫(APP),应用于对话生成场景，根据用户输入的问题文本，生成儿童教育领域相关的文本回复。,2025-5,generative ai,境内深度合成服务算法备案清单（2025年5月）.docx
猿编程AI文本生成合成算法,服务提供者,北京猿力科技有限公司,猿编程(APP),应用于文本生成场景，根据用户输入的文本，生成教学辅导相关的文本内容。,2025-5,generative ai,境内深度合成服务算法备案清单（2025年5月）.docx
中国知网统计大模型算法,服务提供者,同方知网数字出版技术股份有限公司,AI知数(网站),应用于对话生成场景，根据用户输入的文本，生成数据分析、数据报告等文本回复。,2025-5,generative ai,境内深度合成服务算法备案清单（2025年5月）.docx
麦当劳智能内容生成算法,服务提供者,金拱门（中国）有限公司,麦当劳(APP),应用于对话生成场景，根据用户输入的咨询文本，生成相应的文本回复。,2025-5,generative ai,境内深度合成服务算法备案清单（2025年5月）.docx
好晓买内容生成合成算法,服务提供者,上海好晓买软件系统有限公司,好买基金(APP)、好买全球(APP),应用于对话生成场景，根据用户输入的产品基金信息、基金报告内容或资讯内容，生成相应的文本回复。,2025-5,generative ai,境内深度合成服务算法备案清单（2025年5月）.docx
美影AI智能合成算法,服务提供者,北京七麦智投科技有限公司,美影(APP),应用于图片视频生成场景，根据用户上传的图片和选择的模板，生成保留模板中姿态、动作等属性的图片或视频。,2025-5,generative ai,境内深度合成服务算法备案清单（2025年5月）.docx
产业智脑小京助手生成合成算法,服务提供者,京信科技股份有限公司,产业智脑(网站),应用于文本生成场景，根据用户输入的文本信息，生成城市经济和政务领域相关的文本回复。,2025-5,generative ai,境内深度合成服务算法备案清单（2025年5月）.docx
麦风文本生成视频算法,服务提供者,深圳麦风科技有限公司,Novi AI(APP),应用于视频生成场景，根据用户输入的文本信息，生成相应的有声视频。,2025-5,generative ai,境内深度合成服务算法备案清单（2025年5月）.docx
数合安可文本生成算法,服务提供者,上海数合安可智能科技有限公司,数合安可(网站),应用于文本生成场景，根据用户输入的文本，生成相应的文本回复，主要面向法律领域。,2025-5,generative ai,境内深度合成服务算法备案清单（2025年5月）.docx
星空相机图片背景合成算法,服务提供者,武汉市硚口区福施三丰电子商务经营部,星空相机(APP),应用于图像生成场景，根据用户上传的人脸图像，生成相应的美颜、背景替换后的艺术图像。,2025-5,generative ai,境内深度合成服务算法备案清单（2025年5月）.docx
小科智能客服内容生成算法,服务提供者,江苏科思机电工程有限公司,小科智能(APP),应用于文本生成场景，根据用户输入的文本，生成相应的文本内容。,2025-5,generative ai,境内深度合成服务算法备案清单（2025年5月）.docx
WeTab视频信息合成算法,服务提供者,重庆哨兵电子商务有限公司,WeTab(网站),应用于视频生成场景，根据用户输入的文本、图像内容，生成相应的视频。,2025-5,generative ai,境内深度合成服务算法备案清单（2025年5月）.docx
AI视界获客数字人算法,服务提供者,广州口袋视界互联网科技有限公司,AI视界获客(网站),应用于数字人视频生成场景，根据用户输入的文本、音频内容，生成数字人形象的视频。,2025-5,generative ai,境内深度合成服务算法备案清单（2025年5月）.docx
橙度科技通用翻译合成算法,服务提供者,四川橙度科技有限公司,Barmak维语输入法(网站),应用于文本生成场景，根据用户输入的文本内容，生成翻译后的文本内容。,2025-5,generative ai,境内深度合成服务算法备案清单（2025年5月）.docx
叁度友信内容生成算法,服务提供者,江苏叁度友信科技文化有限公司,北京逍遥子(网站),应用于多模态内容生成场景，根据用户输入的文本、图像内容，生成相应的文本、图像、视频内容。,2025-5,generative ai,境内深度合成服务算法备案清单（2025年5月）.docx
镜界AI文本生成算法,服务提供者,北京淘幂科技有限公司,魔镜·镜界AI(网站),应用于文本生成场景，根据用户输入的文本内容，生成电商分析领域的文本内容。,2025-5,generative ai,境内深度合成服务算法备案清单（2025年5月）.docx
有道离线大模型翻译生成算法,服务提供者,北京网易有道计算机系统有限公司,有道智能硬件(其他),应用于文本生成场景，根据用户输入的待翻译文本内容，生成文本翻译结果。,2025-5,generative ai,境内深度合成服务算法备案清单（2025年5月）.docx
言升智能多模态内容生成算法,服务提供者,北京言升智能科技有限公司,轻松驿站(网站),应用于多模态内容生成场景，根据用户输入的文本、图像、音频、视频，生成相应的文本、图像、视频回复。,2025-5,generative ai,境内深度合成服务算法备案清单（2025年5月）.docx
五八赶集招聘场景合成算法,服务提供者,北京五八赶集优才信息技术有限公司,赶集直招(APP),应用于数字人视频生成场景，根据面试交互过程中求职者的语音回答或提问内容，生成相应的数字人面试官视频，主要面向虚拟面试领域。,2025-5,generative ai,境内深度合成服务算法备案清单（2025年5月）.docx
奇元图像生成算法,服务提供者,北京奇元科技有限公司,快剪辑(APP)、360极速浏览器(APP)、美片(APP),应用于图像生成场景，根据用户输入的文本、图像，生成相应的图像。,2025-5,generative ai,境内深度合成服务算法备案清单（2025年5月）.docx
国金证券大模型产业链图谱挖掘算法,服务提供者,国金证券股份有限公司,国金证券产业链图谱库(网站),应用于文本生成场景，根据用户输入的文本内容，生成证券投资分析、行业研究支持和企业战略规划等方面的文本内容。,2025-5,generative ai,境内深度合成服务算法备案清单（2025年5月）.docx
飞鑫文声协同合成算法-1,服务技术支持者,广州市飞鑫信息科技有限公司,--,应用于对话生成场景，服务于企业端客户，根据用户输入的文本、音频内容，生成相应的文本、音频内容。,2025-5,generative ai,境内深度合成服务算法备案清单（2025年5月）.docx
飞鑫文声协同合成算法,服务提供者,广州市飞鑫信息科技有限公司,诚企易(小程序)、诚企易(APP),应用于对话生成场景，根据用户输入的文本、音频内容，生成相应的文本、音频内容。,2025-5,generative ai,境内深度合成服务算法备案清单（2025年5月）.docx
声维鉴权声音合成服务算法,服务技术支持者,武汉声维智能科技有限公司,--,应用于音频生成场景，服务于企业端客户，根据用户输入的文本、音频，生成相应的音频内容。,2025-5,generative ai,境内深度合成服务算法备案清单（2025年5月）.docx
九间科技多模态教学内容生成算法,服务提供者,深圳九间科技有限公司,课游记(网站),应用于多模态内容生成场景，根据用户输入的文本、图像内容，生成相应的文本学习材料、互动图片和视频内容。,2025-5,generative ai,境内深度合成服务算法备案清单（2025年5月）.docx
贝陪AI深度合成算法,服务提供者,北京贝陪科技有限公司,贝陪智能陪伴玩具(其他)、KidoPally(小程序),应用于对话生成场景，根据用户输入的文本内容，生成儿童教育相关的文本、图像、音频内容。,2025-5,generative ai,境内深度合成服务算法备案清单（2025年5月）.docx
芒果数智AIGC图像生成算法,服务提供者,湖南芒果数智艺术科技有限责任公司,山海(APP)、山海映真AI(小程序),应用于图像生成场景，根据用户输入的图片或文本描述，生成相应图像内容，实现风格化创作、写真生成等功能。,2025-5,generative ai,境内深度合成服务算法备案清单（2025年5月）.docx
深译智能助手算法,服务提供者,深译信息科技（珠海）有限公司,小迪智能助手(小程序)、深译AI助手(网站),应用于对话生成场景，根据用户输入的文本，生成相应的文本回复。,2025-5,generative ai,境内深度合成服务算法备案清单（2025年5月）.docx
芒果数智中华历史文博大模型生成式对话算法,服务提供者,湖南芒果数智艺术科技有限责任公司,山海(APP),应用于对话生成场景，根据用户输入的文本，生成文化内容创作、教育研究、传播推广等领域相关的文本内容。,2025-5,generative ai,境内深度合成服务算法备案清单（2025年5月）.docx
联通时科AI内容生成算法-1,服务提供者,联通时科（北京）信息技术有限公司,联通AI助手(小程序)、联通AI助手企业版(网站)、联通AI助手(APP)、联通AI助手(网站),应用于多模态内容生成场景，根据用户输入的文本、图像、音频、视频，生成相应的文本、图像、视频内容。,2025-5,generative ai,境内深度合成服务算法备案清单（2025年5月）.docx
赛刻SychicAI多模态生成算法,服务提供者,赛刻灵算科技（深圳）有限公司,赛刻SychicAI(网站),应用于多模态内容生成场景，根据用户输入的文本、图像，生成相应的文本、图像、视频内容。,2025-5,generative ai,境内深度合成服务算法备案清单（2025年5月）.docx
AI奇妙镜深度合成算法,服务提供者,青岛智旅信息产业有限公司,AI奇妙镜(小程序),应用于图像生成场景，根据用户上传的人脸图像，生成既保留用户原有特征又融入模板风格的新图像。,2025-5,generative ai,境内深度合成服务算法备案清单（2025年5月）.docx
数字商业领域文本生成算法,服务提供者,山东浪潮数字商业科技有限公司,星瀚(APP),应用于文本生成场景，根据用户输入的文本，生成烟草零售相关的文本回复。,2025-5,generative ai,境内深度合成服务算法备案清单（2025年5月）.docx
景云销图像识别生成式算法,服务技术支持者,西舟鲤（深圳）科技有限公司,--,应用于文本生成场景，服务于企业端客户，根据用户输入的图像，识别商品数、摆放位置、品类并生成相应的文本数据。,2025-5,generative ai,境内深度合成服务算法备案清单（2025年5月）.docx
繁微智能投研内容服务生成算法,服务提供者,上海东证期货有限公司,东证繁微(小程序)、东证繁微(网站),应用于对话生成场景，根据用户输入的文本，生成金融期货领域相关的文本回复。,2025-5,generative ai,境内深度合成服务算法备案清单（2025年5月）.docx
咖咪咔嘶虚拟人说话问答口型视频生成算法,服务提供者,咖咪咔嘶（太仓）科技有限公司,咖咪咔嘶(网站)、Hi 咖咪(APP),应用于数字人视频生成场景，根据用户输入的语音、视频数据，生成相应口型同步的虚拟数字人视频。,2025-5,generative ai,境内深度合成服务算法备案清单（2025年5月）.docx
NBA弹幕生成算法,服务提供者,北京瑞奥视科技有限公司,NBA(APP),应用于文本生成场景，根据单场篮球比赛内容的技术统计文本数据，生成相应的视频弹幕文本。,2025-5,generative ai,境内深度合成服务算法备案清单（2025年5月）.docx
金宸图像生成算法,服务提供者,广州金宸广告有限公司,文图匠心(网站),应用于图像生成场景，根据用户输入的文本，生成创意设计、艺术创作与新媒体等领域相关的图像。,2025-5,generative ai,境内深度合成服务算法备案清单（2025年5月）.docx
爱传同声传译翻译算法,服务提供者,北京爱传智胜科技有限公司,爱传(APP),应用于文本语音生成场景，根据用户输入的文本、音频，生成相应的文本、语音回复。,2025-5,generative ai,境内深度合成服务算法备案清单（2025年5月）.docx
食万料理机AI菜谱生成算法,服务提供者,添可智能科技有限公司,食万料理机(其他),应用于对话生成场景，根据用户输入的文本、音频，生成料理烹饪相关的文本、图像。,2025-5,generative ai,境内深度合成服务算法备案清单（2025年5月）.docx
心云AI智能问答生成算法,服务提供者,上海心绪智能网络科技有限公司,Mincho心理(APP)、Mincho心理(小程序)、Mincho心理(网站),应用于对话生成场景，根据用户输入的文本，生成相应的文本、音频、图像。,2025-5,generative ai,境内深度合成服务算法备案清单（2025年5月）.docx
澎城纵目百川大模型算法,服务技术支持者,浙江澎城智能科技有限公司,--,应用于文本生成场景，服务于企业端客户，根据用户输入的文本、图像，生成符合个人情况的膳食营养方案等文本内容。,2025-5,generative ai,境内深度合成服务算法备案清单（2025年5月）.docx
中移互联网语音转写算法,服务技术支持者,中移互联网有限公司,--,应用于文本生成场景，服务于企业端客户，根据输入的音频，生成音频中对应的文本内容。,2025-5,generative ai,境内深度合成服务算法备案清单（2025年5月）.docx
民航客服自然语言交互算法,服务提供者,中国民航信息网络股份有限公司,人工智能民航客户服务平台(APP),应用于对话生成场景，根据用户输入的文本，生成民航相关的文本回复。,2025-5,generative ai,境内深度合成服务算法备案清单（2025年5月）.docx
数位线下商业决策推理大模型算法,服务提供者,深圳市数位汇聚科技有限公司,上上参谋(APP),应用于对话生成场景，根据用户输入的文本，生成开店选址、市场定位、产品选择等商业决策相关的文本回复。,2025-5,generative ai,境内深度合成服务算法备案清单（2025年5月）.docx
笃行信道知识内容生成算法,服务提供者,笃行信道智能科技（河南）有限公司,笃行信道(APP),应用于对话生成场景，根据用户输入的文本、音频，生成监理通知单、监理回复单和会议纪要等文本回复。,2025-5,generative ai,境内深度合成服务算法备案清单（2025年5月）.docx
小联围术期医专大模型算法,服务提供者,云南联合视觉科技有限公司,小联围术期医专大模型算法(小程序),应用于对话生成场景，根据用户输入的文本，生成医学领域相关的文本回复。,2025-5,generative ai,境内深度合成服务算法备案清单（2025年5月）.docx
致真精密仪器文本生成算法,服务提供者,致真精密仪器（青岛）有限公司,致真精密仪器(网站),应用于对话生成场景，根据用户输入的文本，生成科研仪器领域相关的文本回复。,2025-5,generative ai,境内深度合成服务算法备案清单（2025年5月）.docx
星社娱乐多模态模型算法,服务提供者,杭州星社文化科技有限公司,智能助手(网站),应用于多模态内容生成场景，根据用户输入的文本、图像，生成相应的文本、图像内容。,2025-5,generative ai,境内深度合成服务算法备案清单（2025年5月）.docx
趣推科技唇形生成融合服务算法,服务技术支持者,深圳市趣推科技有限公司,--,应用于数字人视频生成场景，服务于企业端客户，根据输入的文本、音频、视频，生成相应数字人视频。,2025-5,generative ai,境内深度合成服务算法备案清单（2025年5月）.docx
老板电器智能交互生成算法-1,服务技术支持者,杭州老板电器股份有限公司,--,应用于多模态内容生成场景，服务于企业端客户，根据用户输入的文本、图像、音频、视频信息，生成相应的文本、图像、音频、视频内容。,2025-5,generative ai,境内深度合成服务算法备案清单（2025年5月）.docx
乐税大模型算法,服务提供者,杭州中软安人网络通信股份有限公司,乐税大模型(网站),应用于对话生成场景，根据用户输入的文本，生成税务领域相关的文本回复。,2025-5,generative ai,境内深度合成服务算法备案清单（2025年5月）.docx
51Talk无忧英语内容生成合成算法,服务提供者,大生在线（深圳）文化传媒科技有限公司,51Talk无忧英语(APP),应用于文本音频生成场景，根据用户输入的音频，生成英语情景对话的文本、音频内容。,2025-5,generative ai,境内深度合成服务算法备案清单（2025年5月）.docx
屿鹭绘谷AI内容生成算法,服务提供者,四川极鹭传媒科技有限公司,屿鹭绘谷(小程序)、屿鹭绘谷(APP),应用于文本图像生成场景，根据用户输入的文本、图像内容，生成内容设计及形象设计等领域的文本、图像内容。,2025-5,generative ai,境内深度合成服务算法备案清单（2025年5月）.docx
九天医疗问诊助手自然语言交互算法,服务技术支持者,中国移动通信有限公司研究院,--,应用于文本生成场景，服务于企业端客户，根据用户输入的文本，生成医疗问诊的文本回复。,2025-5,generative ai,境内深度合成服务算法备案清单（2025年5月）.docx
商服财税票据图片识别算法,服务技术支持者,商服（广州）科技有限公司,--,应用于文本生成场景，服务于企业端客户，根据用户输入的票据图像或文档，提取其中的文本信息。,2025-5,generative ai,境内深度合成服务算法备案清单（2025年5月）.docx
WeMeet荟神AI商务互联生成合成算法,服务技术支持者,荟神数字科技（上海）有限公司,--,应用于文本生成场景，服务于企业端客户，根据用户的文本、图像、音频，生成相应的文本回复，主要面向商务服务领域。,2025-5,generative ai,境内深度合成服务算法备案清单（2025年5月）.docx
紫为云3D数字人合成算法,服务技术支持者,广州紫为云科技有限公司,--,应用于数字人视频生成场景，服务于企业端客户，根据用户输入的文本、音频内容，生成相应的3D数字人视频。,2025-5,generative ai,境内深度合成服务算法备案清单（2025年5月）.docx
喜购宝AI内容生成算法,服务提供者,福建喜购宝信息科技股份有限公司,喜购宝AI助手(APP)、喜购宝AI助手(小程序),应用于多模态内容生成场景，根据用户输入的文本、图像、视频，生成相应的文本、图像、视频。,2025-5,generative ai,境内深度合成服务算法备案清单（2025年5月）.docx
阳光出行文本客服生成算法,服务技术支持者,北京假日阳光环球旅行社有限公司,--,应用于文本生成场景，服务于企业端客户，根据用户输入的文本内容，生成相应的文本回复，为用户在打车过程中遇到的各类问题提供咨询解答服务。,2025-5,generative ai,境内深度合成服务算法备案清单（2025年5月）.docx
阳光出行语音客服生成算法,服务技术支持者,北京假日阳光环球旅行社有限公司,--,应用于语音问答场景，服务于企业端客户，根据用户输入的语音内容，生成相应的语音回复，为用户在打车过程中遇到的各类问题提供咨询解答服务。,2025-5,generative ai,境内深度合成服务算法备案清单（2025年5月）.docx
少儿趣配音AI对话深度合成算法,服务提供者,杭州菲助科技有限公司,少儿趣配音(APP),应用于文本音频生成场景，根据用户输入的英语文本、音频，生成相应的英语文本、音频内容，应用于英语口语练习、发音纠正等情形。,2025-5,generative ai,境内深度合成服务算法备案清单（2025年5月）.docx
Pollee大模型生成算法-2,服务提供者,汕头市同行网络科技有限公司,WoowPollee(小程序)、WoowPollee(APP)、Pollee(网站),应用于对话生成场景，根据用户输入的文本，生成相应的文本内容，主要面向体育赛事领域。,2025-5,generative ai,境内深度合成服务算法备案清单（2025年5月）.docx
Pollee大模型生成算法-1,服务技术支持者,汕头市同行网络科技有限公司,--,应用于对话生成场景，服务于企业端客户，根据用户输入的文本，生成相应的文本内容，主要面向体育赛事领域。,2025-5,generative ai,境内深度合成服务算法备案清单（2025年5月）.docx
希施玛金融教育大模型算法,服务提供者,深圳希施玛数据科技有限公司,以渔有方(网站),应用于对话生成场景，根据用户输入的文本，生成相应的文本。,2025-5,generative ai,境内深度合成服务算法备案清单（2025年5月）.docx
九四智能大模型生成合成算法,服务技术支持者,广州九四智能科技有限公司,--,应用于文本生成场景，服务于企业端客户，根据用户输入的文本，生成相应的文本。,2025-5,generative ai,境内深度合成服务算法备案清单（2025年5月）.docx
四川文渊阁科技有限公司泛坊商云生成合成类算法,服务提供者,四川文渊阁科技有限公司,泛坊商云(APP),应用于对话生成场景，根据用户输入的文本，生成相应的文本，主要面向建筑领域。,2025-5,generative ai,境内深度合成服务算法备案清单（2025年5月）.docx
古道识途内容生成算法,服务提供者,古道识途（北京）科技有限公司,CEP志愿专家(小程序)、CEP志愿专家(其他),应用于对话生成场景，根据用户输入的文本、音频内容，生成符合用户需求的文本、音频内容，主要应用于智能教育、社会治理和公共服务等领域。,2025-5,generative ai,境内深度合成服务算法备案清单（2025年5月）.docx
找钢产业AI大模型算法-1,服务技术支持者,上海找钢网信息科技股份有限公司,--,应用于对话生成场景，服务于企业端客户，根据用户输入的文本，生成相应的文本内容，主要面向钢铁产业。,2025-5,generative ai,境内深度合成服务算法备案清单（2025年5月）.docx
找钢产业AI大模型算法-2,服务提供者,上海找钢网信息科技股份有限公司,找钢网(APP)、找钢网(网站),应用于对话生成场景，根据用户输入的文本，生成相应的文本内容，主要面向钢铁产业。,2025-5,generative ai,境内深度合成服务算法备案清单（2025年5月）.docx
迈动互联AI销售助手算法,服务技术支持者,迈动互联（北京）信息科技有限公司,--,应用于对话生成场景，服务于企业端客户，根据用户输入的文本，生成相应的文本回复。,2025-5,generative ai,境内深度合成服务算法备案清单（2025年5月）.docx
WeTab图片信息合成算法,服务提供者,重庆哨兵电子商务有限公司,WeTab(网站),应用于图像生成场景，根据用户输入的文本指令，生成符合文本描述的图像。,2025-5,generative ai,境内深度合成服务算法备案清单（2025年5月）.docx
WeTab文本信息合成算法,服务提供者,重庆哨兵电子商务有限公司,WeTab(网站),应用于文本生成场景，根据用户输入的问题文本，生成相应的文本回复，提供智能问答、文字生成服务。,2025-5,generative ai,境内深度合成服务算法备案清单（2025年5月）.docx
百度生成式健康助手算法,服务提供者,北京百度网讯科技有限公司,百度健康医生版(APP)、AI用药助手(小程序)、有医笔记(APP),应用于对话生成场景，根据用户输入的健康问题、症状描述、医疗需求、用药疑问、内容创作主题、以及位置信息等数据，生成相应的科普知识、医疗解答和用药指导等。,2025-5,generative ai,境内深度合成服务算法备案清单（2025年5月）.docx
贪吃商城商品精选排序算法,排序精选类,广州大事件网络科技有限公司,贪吃商城(小程序),应用于商品排序场景，根据用户行为数据和商品信息，为用户展示商品列表瀑布流。,2025-11,algorithmic service,境内互联网信息服务算法备案清单（2025年11月） (1).docx
咪咕快游APP内容推荐算法,个性化推送类,咪咕互动娱乐有限公司,咪咕快游(APP),应用于游戏内容推荐场景，根据用户历史游玩记录与内容偏好，向用户推荐感兴趣的游戏内容。,2025-11,algorithmic service,境内互联网信息服务算法备案清单（2025年11月） (1).docx
支付宝首页今日热榜卡推荐算法,个性化推送类,支付宝（杭州）信息技术有限公司,支付宝(APP),应用于内容推荐场景，根据用户的位置信息、设备信息、行为信息结合客观因素，向用户推荐其感兴趣的热点内容。,2025-11,algorithmic service,境内互联网信息服务算法备案清单（2025年11月） (1).docx
一机游系统猜你喜欢推荐算法,个性化推送类,上海景宇宙智能科技集团有限公司,一机游(小程序),应用于内容推荐场景，根据用户数据构建用户画像，推荐用户感兴趣的旅游产品、资讯、视频内容。,2025-11,algorithmic service,境内互联网信息服务算法备案清单（2025年11月） (1).docx
中软国际教育个性化推荐算法,个性化推送类,北京中软国际教育科技股份有限公司,智云数智平台(网站),应用于内容个性化推荐服务，根据用户课程学习行为数据，实现课程、竞赛、职位、认证相关内容的个性化推荐。,2025-11,algorithmic service,境内互联网信息服务算法备案清单（2025年11月） (1).docx
智行者颜知结构标签推荐算法,个性化推送类,杭州智行者人工智能科技有限公司,颜知(小程序),应用于内容推荐场景，根据用户面部结构标签，输出推荐的发型模板、护肤品方案等结果。,2025-11,algorithmic service,境内互联网信息服务算法备案清单（2025年11月） (1).docx
卓迈微信小程序信息检索算法,信息检索类,杭州卓迈智能科技有限公司,Lumy-卓迈(小程序),应用于信息检索场景，根据用户查询电子元器件相关关键词，为用户提供最便捷和精准的产品选型服务。,2025-11,algorithmic service,境内互联网信息服务算法备案清单（2025年11月） (1).docx
美物清单个性化推荐算法,个性化推送类,美迅科技（北京）有限公司,美物清单(APP),应用于内容和用户个性化推荐服务，根据用户偏好、商品热度等多维度指标进行计算分析，实现个性化商品推荐。,2025-11,algorithmic service,境内互联网信息服务算法备案清单（2025年11月） (1).docx
算力资源调度算法,调度决策类,浙江算力科技有限公司,杭州市算力资源调度服务平台(网站),应用于智算资源调度与计算任务分配核心场景，借助实时采集的算力需求、服务器负载及能耗等多元数据，调度用户任务、服务器节点与网络链路，动态生成资源分配方案和任务路由路径。,2025-11,algorithmic service,境内互联网信息服务算法备案清单（2025年11月） (1).docx
乐买买爆单榜排序精选类算法,排序精选类,杭州省团科技有限公司,乐买买(APP),应用于商品排序场景，根据电商平台的商品信息、订单数据及增长指标，生成对应的商品榜单。,2025-11,algorithmic service,境内互联网信息服务算法备案清单（2025年11月） (1).docx
昆仑载物光储充智能调度决策算法,调度决策类,昆仑载物（广州）技术有限公司,光伏场站功率预测系统(网站),应用于分布式光伏配置场景，根据对气象数据、电力负荷、实时电价等多源异构数据的深度融合分析，生成光伏发电功率预测，实现光伏、储能的智能化控制。,2025-11,algorithmic service,境内互联网信息服务算法备案清单（2025年11月） (1).docx
哆啦科技智能检索与匹配算法,信息检索类,广州哆啦科技有限公司,哆啦智能商品匹配与推荐系统(APP),应用于商品检索场景，根据用户输入的文本、图片查询，从物料库精准匹配用户所需内容，将对应文本描述和对应的图片内容返回给用户。,2025-11,algorithmic service,境内互联网信息服务算法备案清单（2025年11月） (1).docx
心智汇心理健康服务个性化推荐算法,个性化推送类,北京心智汇信息咨询有限公司,智汇心语(网站),应用于内容推荐场景，根据用户的心理特征、用户行为分析，需求和兴趣，为用户推荐符合其个性化需求的心理健康资源和服务。,2025-11,algorithmic service,境内互联网信息服务算法备案清单（2025年11月） (1).docx
融洽数字信息检索算法,信息检索类,厦门融洽数字科技有限公司,融洽Aigent(网站),应用于信息检索场景，根据用户输入的文本进行语义解析、关键词提取，关联平台知识库，匹配检索内容并输出文本结果，实现生产管理场景下的信息检索。,2025-11,algorithmic service,境内互联网信息服务算法备案清单（2025年11月） (1).docx
承文科技信息检索算法,信息检索类,广州承文信息科技有限公司,承文科技AI(网站),应用于文本检索场景，根据用户输入的关键词或条件，检索相应的智能体知识库语料数据信息。,2025-11,algorithmic service,境内互联网信息服务算法备案清单（2025年11月） (1).docx
盘古星链检索算法,信息检索类,广州盘古文化传播有限公司,演员资料库系统(网站),应用于信息检索场景，根据用户输入的文本，查找匹配的演员文字介绍、图像、表演视频。,2025-11,algorithmic service,境内互联网信息服务算法备案清单（2025年11月） (1).docx
爱库存个性化推荐算法,个性化推送类,上海众旦信息科技有限公司,爱库存(APP),应用于内容推荐场景，根据用户信息、商品信息、用户实时交互等信息，找到用户可能感兴趣的商品，对商品进行排序，给每个商品打兴趣分，形成排序结果后推荐给用户。,2025-11,algorithmic service,境内互联网信息服务算法备案清单（2025年11月） (1).docx
AI通讯码信息检索类算法,信息检索类,厦门钱柜网信息技术有限公司,AI通讯码(小程序),应用于信息检索场景，根据用户输入信息中的关键词，检索用户身份标签找到相关的服务和内容。,2025-11,algorithmic service,境内互联网信息服务算法备案清单（2025年11月） (1).docx
万兴天幕个性化推荐算法,个性化推送类,万兴科技（湖南）有限公司,万兴天幕AI(APP)、万兴天幕创作广场(网站),应用于内容推荐场景，根据用户基本属性数据、用户行为数据，为用户推送感兴趣的推荐列表。,2025-11,algorithmic service,境内互联网信息服务算法备案清单（2025年11月） (1).docx
陕西辰曜商品精选排序算法,排序精选类,陕西辰曜网络科技有限公司,全域臻选(小程序),应用于商品榜单排序场景，根据商品信息和用户行为数据，对商品进行排序并展示给用户。,2025-11,algorithmic service,境内互联网信息服务算法备案清单（2025年11月） (1).docx
今日优阅个性化推荐算法,个性化推送类,今日优阅（北京）科技有限公司,每日快闻(APP),应用于文章推荐场景，根据用户行为基础数据和文章信息，对文章进行排序筛选并推荐给用户。,2025-11,algorithmic service,境内互联网信息服务算法备案清单（2025年11月） (1).docx
巨鼎E诊通智能体知识库检索算法,信息检索类,深圳市巨鼎医疗股份有限公司,E诊通智能体(小程序)、E诊通智能体(公众账号),应用于医疗领域信息检索场景，根据用户输入的关键词，实现关键词与医疗场景的匹配，将相关性高的医疗知识以及相关信息展现给用户。,2025-11,algorithmic service,境内互联网信息服务算法备案清单（2025年11月） (1).docx
享道出行目的地推荐算法,个性化推送类,上海赛可出行科技服务有限公司,享道出行(APP),应用于用户个性化推荐服务，根据用户当前的位置以及周边环境，结合用户历史数据，为用户推荐目的地。,2025-11,algorithmic service,境内互联网信息服务算法备案清单（2025年11月） (1).docx
享道出行接驾距离预估决策算法,调度决策类,上海赛可出行科技服务有限公司,享道出行(APP),应用于网约车匹配场景，根据既定的起点经纬度、终点经纬度等输入特征，对于行驶距离进行预估。,2025-11,algorithmic service,境内互联网信息服务算法备案清单（2025年11月） (1).docx
金保信就业在线智能推荐算法,个性化推送类,金保信社保卡科技有限公司,就业在线H5(其他)、就业在线(APP)、就业在线支付宝小程序(小程序)、就业在线微信小程序(小程序)、就业在线网站(网站),应用于职位推荐场景，根据用户基础属性、技能标签、行为偏好等，为用户推荐适合的岗位。,2025-11,algorithmic service,境内互联网信息服务算法备案清单（2025年11月） (1).docx
药采调度决策算法,调度决策类,河南创慧营企业管理咨询有限公司,药采浏览器(APP)、药采专业版(APP),应用于采购决策场景，根据用户提交的拟采购商品清单和平台商家提供的商品实时数据，匹配最优性价比采购方案。,2025-11,algorithmic service,境内互联网信息服务算法备案清单（2025年11月） (1).docx
中汇智能工程机械租赁智能调度智能算法,调度决策类,湖南中汇智能科技有限公司,中汇智能DMP(小程序),应用于设备调度决策场景，根据设备状态、用户需求、施工区域等多维度数据，预测设备需求趋势，优化设备调度策略。,2025-11,algorithmic service,境内互联网信息服务算法备案清单（2025年11月） (1).docx
空心科技信息检索算法,信息检索类,武汉空心科技有限公司,企业时空(小程序),应用于信息检索场景，根据用户查询的关键词，对搜索结果进行识别与优化，为用户提供安全可靠的信息内容。,2025-11,algorithmic service,境内互联网信息服务算法备案清单（2025年11月） (1).docx
合商云汇商场信息检索算法,信息检索类,北京合商云汇科技有限公司,合生通(小程序),应用于信息检索场景，根据用户输入的检索需求文本，匹配用户在商场购物场景中的信息需求与商场动态信息资源。,2025-11,algorithmic service,境内互联网信息服务算法备案清单（2025年11月） (1).docx
彼行APP信息流个性化推送算法,个性化推送类,上海追峰戈科技有限公司,彼行(APP),应用于个性化推荐服务，根据用户的浏览、分享、点赞偏好，为用户推荐可能感兴趣的内容。,2025-11,algorithmic service,境内互联网信息服务算法备案清单（2025年11月） (1).docx
享道出行AI派单决策算法,调度决策类,上海赛可出行科技服务有限公司,享道出行(APP),应用于网约车派单场景，根据用户的待找车订单信息与可派单车辆进行配对，将订单分配给综合指标评估后合适的车辆。,2025-11,algorithmic service,境内互联网信息服务算法备案清单（2025年11月） (1).docx
享道出行供需折扣决策算法,调度决策类,上海赛可出行科技服务有限公司,享道出行(APP),应用于折扣配置场景，根据用车订单的时间、空间供需情况，对乘客呼叫的订单配置相应折扣。,2025-11,algorithmic service,境内互联网信息服务算法备案清单（2025年11月） (1).docx
数智万维简历个性化推荐算法,个性化推送类,北京数智万维人力资源科技有限公司,人才万维平台(网站),应用于人才与岗位的推荐场景，根据人才库中的简历数据、行为轨迹及互动历史，计算候选人与岗位的匹配度，向用户推荐排序后的岗位列表。,2025-11,algorithmic service,境内互联网信息服务算法备案清单（2025年11月） (1).docx
U客直谈互联网商务资源协同过滤智能推荐算法,个性化推送类,杭州万合社网络科技有限公司,U客直谈(APP),应用于内容推荐场景，根据用户行为数据和商务资源数据，实现商务需求的个性化推荐服务。,2025-11,algorithmic service,境内互联网信息服务算法备案清单（2025年11月） (1).docx
纵横小说个性化推荐算法,个性化推送类,北京幻想纵横网络技术有限公司,纵横小说(APP),应用于内容推荐场景，根据书籍数据和行为日志，为用户提供书籍推荐服务。,2025-11,algorithmic service,境内互联网信息服务算法备案清单（2025年11月） (1).docx
Datatist画龙科技个性化推送类贷款产品个性化推送算法,个性化推送类,上海画龙信息科技有限公司,画龙AI运营官(网站),应用于内容推荐场景，根据用户基础信息、产品属性、客户资产负债、交易流水等数据，实现个性化贷款产品推送服务。,2025-11,algorithmic service,境内互联网信息服务算法备案清单（2025年11月） (1).docx
易采天成牛只个体精准Ai识别检索算法,信息检索类,易采天成（郑州）信息技术有限公司,易采天成生物资产AI视觉识别系统(网站),应用于信息检索场景，根据用户输入的牛只图像，返回与请求图像相匹配的牛只图像。,2025-11,algorithmic service,境内互联网信息服务算法备案清单（2025年11月） (1).docx
聚法案例信息检索算法,信息检索类,聚法科技（长春）有限公司,聚法案例(网站)、聚法案例(APP),应用于信息检索场景，根据用户输入的文本，定位相关内容，为用户输出匹配的司法案例信息。,2025-11,algorithmic service,境内互联网信息服务算法备案清单（2025年11月） (1).docx
众英达智能精选排序类算法,排序精选类,云擎技术（广州）有限公司,众英达赏聘网(网站),应用于招聘排序场景，基于岗位“赏金”指标对合规岗位进行优先级排序，排序的优先级越高，岗位曝光度越高，最终为求职者输出高价值岗位序列。,2025-11,algorithmic service,境内互联网信息服务算法备案清单（2025年11月） (1).docx
一粒麦籽信息检索算法,信息检索类,上海一粒麦籽信息有限责任公司,汇麦商城(网站)、汇麦商城(APP)、汇麦商城(小程序),应用于商品检索场景，根据用户输入的文本，查询匹配的商品信息。,2025-11,algorithmic service,境内互联网信息服务算法备案清单（2025年11月） (1).docx
海新四轴机器人注塑任务调度决策算法,调度决策类,广州海新智能科技有限公司,四轴机器人注塑任务平台(网站),应用于任务调度场景，根据用户设定的产能目标与质量阈值，动态感知设备工况与任务进度，规划任务优先级、执行时序及路径轨迹。,2025-11,algorithmic service,境内互联网信息服务算法备案清单（2025年11月） (1).docx
智融金服信用卡及优惠权益推荐算法,个性化推送类,智融金服科技（珠海）有限公司,悠觅(小程序),应用于内容推荐场景，根据用户的历史行为、内容特征等数据，综合了用户兴趣画像与物品特征，以优化点击率和转化率为目标，实现精准推荐内容。,2025-11,algorithmic service,境内互联网信息服务算法备案清单（2025年11月） (1).docx
当换商品个性化推送算法,个性化推送类,深圳市当换网络科技有限公司,小当竞拍(APP),应用于内容推荐场景，根据用户曝光点击、成交行为、商品属性等数据，结合用户历史侧重偏好，输出商品排序列表。,2025-11,algorithmic service,境内互联网信息服务算法备案清单（2025年11月） (1).docx
海智数通智能照明调度决策算法,调度决策类,广州海智数通电子信息有限公司,光联智控照明云平台(网站),应用于照明调度场景，根据用户设定的照明场景与需求，结合传感器实时感知环境状态，自动规划照明调光策略。,2025-11,algorithmic service,境内互联网信息服务算法备案清单（2025年11月） (1).docx
深圳镖卡卡牌信息ai识别检索算法,信息检索类,深圳市镖卡科技有限公司,镖卡(APP),应用于卡牌信息检索场景，根据用户输入的卡牌图像，匹配返回卡牌信息与近期成交价格。,2025-11,algorithmic service,境内互联网信息服务算法备案清单（2025年11月） (1).docx
海拍客个性化推荐算法,个性化推送类,杭州洋驼网络科技有限公司,海拍客(APP),应用于商品推荐场景，根据用户注册信息和行为数据，向用户推荐可能感兴趣的商品。,2025-11,algorithmic service,境内互联网信息服务算法备案清单（2025年11月） (1).docx
跨维数智粮食常见杂草籽初筛信息检索类算法,信息检索类,跨维数智（北京）科技发展有限公司,粮食智能查检助手(小程序),应用于草籽种类检索场景，根于用户输入的图像，返回相似度最高的草籽信息及其匹配度得分。,2025-11,algorithmic service,境内互联网信息服务算法备案清单（2025年11月） (1).docx
AMiner学术推送算法,个性化推送类,北京智谱华章科技股份有限公司,AMiner(网站)、AMiner订阅(小程序),应用于学术信息推荐场景，根据推荐对象数据和系统收集的用户行为信息，为用户推荐感兴趣的科研学术信息。,2025-11,algorithmic service,境内互联网信息服务算法备案清单（2025年11月） (1).docx
名锐讯动个性化推荐算法,个性化推送类,广州名锐讯动信息科技有限公司,秘嗒AI(网站),应用于信息推荐场景，结合用户简历和行为数据生成用户画像，为用户推荐简历优化方案和岗位信息。,2025-11,algorithmic service,境内互联网信息服务算法备案清单（2025年11月） (1).docx
一粒麦籽个性化推送算法,个性化推送类,上海一粒麦籽信息有限责任公司,汇麦商城(网站)、汇麦商城(APP)、汇麦商城(小程序),应用于内容推荐场景，根据推荐对象数据、用户基本属性、用户行为数据等，推荐符合用户兴趣的各类商品信息。,2025-11,algorithmic service,境内互联网信息服务算法备案清单（2025年11月） (1).docx
珍爱网婚恋个性化推荐算法,个性化推送类,深圳市珍爱网信息技术有限公司,珍爱(APP),应用于内容推荐场景，根据用户基本属性数据、推荐对象数据、用户行为数据等，为用户推荐个性化内容。,2025-11,algorithmic service,境内互联网信息服务算法备案清单（2025年11月） (1).docx
信网真AI舌面健康分析信息检索算法,信息检索类,浙江信网真科技股份有限公司,爱大慧养(小程序),应用于图像检索场景，根据用户输入的舌面象图像数据，分析并提取可视化特征，并结合预设的体质辨识规则与健康建议语句库，输出健康分析与养生建议文字报告。,2025-11,algorithmic service,境内互联网信息服务算法备案清单（2025年11月） (1).docx
稀宇智能体个性化推荐算法,个性化推送类,上海稀宇科技有限公司,星野(APP),应用于智能体推荐场景，根据用户行为数据和智能体互动数据生成用户画像，向用户推送可能感兴趣的智能体。,2025-11,algorithmic service,境内互联网信息服务算法备案清单（2025年11月） (1).docx
万怡问答个性化推荐算法,个性化推送类,上海万怡医学科技股份有限公司,医学学术助手(网站),应用于话题推荐场景，根据用户医学相关提问内容与对话历史，向用户推送可能感兴趣的话题。,2025-11,algorithmic service,境内互联网信息服务算法备案清单（2025年11月） (1).docx
钱柜物联链锋个性化推荐算法,个性化推送类,广州钱柜物联科技有限公司,V720(其他),应用于内容推荐场景，根据用户属性数据和行为数据，提供智能摄像头、云存储套餐、安防方案等个性化推荐。,2025-11,algorithmic service,境内互联网信息服务算法备案清单（2025年11月） (1).docx
云润大数据舆情检索监控分析算法,信息检索类,云润大数据服务有限公司,舆情研判系统(网站),应用于舆情检索场景，根据用户输入的新闻关键词和图像，输出相应的检索结果。,2025-11,algorithmic service,境内互联网信息服务算法备案清单（2025年11月） (1).docx
畅度信息检索服务算法,信息检索类,宁夏畅度教育科技有限公司,畅度云学(网站),应用于信息检索场景，根据用户输入的文本，匹配继续教育与职称评审相关的检索结果。,2025-11,algorithmic service,境内互联网信息服务算法备案清单（2025年11月） (1).docx
云梯科技智能推荐算法,个性化推送类,湖州云梯科技有限公司,鲸咕噜(小程序)、书链(APP),应用于内容推荐场景，根据用户的搜索、浏览偏好等行为数据，实现个性化推荐。,2025-11,algorithmic service,境内互联网信息服务算法备案清单（2025年11月） (1).docx
造点AI内容推荐算法,个性化推送类,广州市动悦信息技术有限公司,造点AI(APP),应用于内容推荐场景，根据用户属性信息、行为信息、设备信息，预测不同人群对内容的偏好特征，向用户推荐个性化图文、视频排序列表。,2025-11,algorithmic service,境内互联网信息服务算法备案清单（2025年11月） (1).docx
爱库存商品榜单排序算法,排序精选类,上海众旦信息科技有限公司,爱库存(APP),应用于商品榜单排序场景，根据商品基本信息和用户访问下单数据，为用户展现全场热卖榜单商品列表。,2025-11,algorithmic service,境内互联网信息服务算法备案清单（2025年11月） (1).docx
慧动创想排序精选算法,排序精选类,深圳市慧动创想科技有限公司,ADXray(网站),应用于游戏推广排序场景，根据各游戏的广告素材量、投放天数等推广数据，综合指数对游戏进行排序，优先展示推广力度强、持续时间长的游戏。,2025-11,algorithmic service,境内互联网信息服务算法备案清单（2025年11月） (1).docx
椿和信息检索算法,信息检索类,北京椿和文化传媒有限公司,椿和(APP),应用于信息检索场景，根据用户输入的关键词内容，在产品内检索内容，帮助用户找到自己感兴趣的内容。,2025-11,algorithmic service,境内互联网信息服务算法备案清单（2025年11月） (1).docx
小鸡游戏世界键位配置个性化推送算法,个性化推送类,广州小鸡快跑网络科技有限公司,小鸡游戏世界(APP),应用于游戏键位推荐场景，根据用户手柄操作、游戏偏好数据结合游戏适配度模型和群体流行趋势，向用户推荐个性化的游戏键位配置。,2025-11,algorithmic service,境内互联网信息服务算法备案清单（2025年11月） (1).docx
爱库存检索算法,信息检索类,上海众旦信息科技有限公司,爱库存(APP),应用于商品检索场景，根据用户输入的文本、图像结合商品信息，从多样性、随机性等角度对相似性高的商品排序，最终将排序后的商品推荐给用户。,2025-11,algorithmic service,境内互联网信息服务算法备案清单（2025年11月） (1).docx
宝晟信息检索算法,信息检索类,宝晟（广州）信息技术有限公司,科研一体化数仓管理平台(网站),应用于文本检索场景，根据用户输入文本提示词，检索输出文本类型的科研CRF表单数据。,2025-11,algorithmic service,境内互联网信息服务算法备案清单（2025年11月） (1).docx
岚图APP个性化推荐算法,个性化推送类,岚图汽车科技有限公司,岚图汽车(APP),应用于内容推荐场景，根据用户历史行为数据以及内容特征，向用户推荐可能感兴趣的内容。,2025-11,algorithmic service,境内互联网信息服务算法备案清单（2025年11月） (1).docx
知鸟教育个性化推荐算法,个性化推送类,深圳知鸟教育科技有限公司,知鸟(APP),应用于内容推荐场景，根据用户的显式行为数据和资源的内容属性数据，为用户提供推荐资源列表。,2025-11,algorithmic service,境内互联网信息服务算法备案清单（2025年11月） (1).docx
品道甄选酒类信息检索算法,信息检索类,广州品道商业运营有限公司,品道甄选PRO(小程序),应用于商品检索场景，根据用户输入的查找需求，匹配酒类商品的信息和图片。,2025-11,algorithmic service,境内互联网信息服务算法备案清单（2025年11月） (1).docx
花椒直播频道推荐算法,个性化推送类,北京密境和风科技有限公司,花椒直播（APP）,应用于直播内容推荐，根据用户基础信息和历史记录，推荐用户可能感兴趣的直播内容。,2022-10,algorithmic service,境内互联网信息服务算法备案清单（2022年10月） (1).docx
风行视频推荐算法,个性化推送类,北京风行在线技术有限公司,风行视频（APP、网站、小程序）、风行电视应用（APP）,应用于视听内容推荐，根据用户的基础信息和历史记录，推荐用户可能感兴趣的视听内容。,2022-10,algorithmic service,境内互联网信息服务算法备案清单（2022年10月） (1).docx
宝宝树内容推荐算法,个性化推送类,北京众鸣世纪科技有限公司,宝宝树孕育（APP）,应用于育儿资讯推荐，根据用户行为数据和用户画像，推荐用户可能感兴趣的育儿资讯及话题。,2022-10,algorithmic service,境内互联网信息服务算法备案清单（2022年10月） (1).docx
豆瓣个性化内容推荐算法,个性化推送类,北京豆网科技有限公司,豆瓣（APP、网站）,应用于内容推荐，根据用户浏览、点击、收藏等行为数据和用户基础属性数据，推荐用户可能感兴趣的内容。,2022-10,algorithmic service,境内互联网信息服务算法备案清单（2022年10月） (1).docx
豆瓣个性化广告推荐算法,个性化推送类,北京豆网科技有限公司,豆瓣（APP、网站）,应用于广告推荐，根据用户历史点击行为、网络信息和设备信息投放广告。,2022-10,algorithmic service,境内互联网信息服务算法备案清单（2022年10月） (1).docx
豆瓣排序算法,排序精选类,北京豆网科技有限公司,豆瓣（APP、网站）、豆瓣书店旗舰店（小程序）、豆瓣评分（小程序）,应用于豆瓣书籍、影音热门榜单，精选热点内容，通过用户收藏、点赞和回复数据，对内容进行排序。,2022-10,algorithmic service,境内互联网信息服务算法备案清单（2022年10月） (1).docx
豆瓣搜索算法,检索过滤类,北京豆网科技有限公司,豆瓣（APP、网站）、豆瓣时间（小程序）、豆瓣评分（小程序）等,应用于搜索功能，根据用户输入的查询词，搜索满足需求的资讯。,2022-10,algorithmic service,境内互联网信息服务算法备案清单（2022年10月） (1).docx
粉笔蓝天发现频道推荐算法,个性化推送类,北京粉笔蓝天科技有限公司,粉笔职教（APP）、粉笔教师（APP）,应用于备考和招考资讯推荐，根据用户行为数据和用户画像标签，推荐用户可能感兴趣的信息。,2022-10,algorithmic service,境内互联网信息服务算法备案清单（2022年10月） (1).docx
智联招聘职Q社区首页推荐算法,个性化推送类,北京网聘信息技术有限公司,智联招聘（APP）,应用于招聘资讯推荐，根据用户属性信息和行为信息，推荐面试经验和职业规划。,2022-10,algorithmic service,境内互联网信息服务算法备案清单（2022年10月） (1).docx
多点商品评论关键字识别算法,检索过滤类,多点新鲜（北京）电子商务有限公司,多点（APP）,对用户发布的商品评论文本进行内容安全风险识别，发现和处置违法违规信息内容。,2022-10,algorithmic service,境内互联网信息服务算法备案清单（2022年10月） (1).docx
汽车之家深度网络推荐算法,个性化推送类,北京车之家信息技术有限公司,汽车之家（APP、网站、小程序）,应用于汽车资讯推荐，根据用户行为数据和基础属性数据，推荐用户可能感兴趣的信息。,2022-10,algorithmic service,境内互联网信息服务算法备案清单（2022年10月） (1).docx
汽车之家资讯内容搜索算法,检索过滤类,北京车之家信息技术有限公司,汽车之家（APP、网站、小程序）,应用于搜索功能，根据用户输入的查询词，搜索满足需求的资讯内容。,2022-10,algorithmic service,境内互联网信息服务算法备案清单（2022年10月） (1).docx
微博信息检索算法,检索过滤类,北京微梦创科网络技术有限公司,微博（APP、网站、小程序）,应用于微博站内搜索功能，根据用户输入的查询词，搜索满足需求的信息。,2022-10,algorithmic service,境内互联网信息服务算法备案清单（2022年10月） (1).docx
微博内容安全算法,检索过滤类,北京微梦创科网络技术有限公司,微博（APP、网站、小程序）,对用户发布的微博、评论、图片、头条文章、视频进行内容安全风险识别，发现和处置违法违规信息内容。,2022-10,algorithmic service,境内互联网信息服务算法备案清单（2022年10月） (1).docx
美团电话智能客服算法,生成合成类,北京三快科技有限公司,美团（APP）,应用于电话智能客服中的语音问题识别功能，实现对用户的简单问题给出解决方案。,2022-10,algorithmic service,境内互联网信息服务算法备案清单（2022年10月） (1).docx
美团在线智能客服算法,生成合成类,北京三快科技有限公司,美团（APP）,应用于在线智能客服中的文字问题识别功能，实现对用户的简单问题给出解决方案。,2022-10,algorithmic service,境内互联网信息服务算法备案清单（2022年10月） (1).docx
美团推荐个性化推送算法,个性化推送类,北京三快科技有限公司,美团（APP）,应用于商品或服务推荐，根据用户行为习惯和商品商户描述信息，推荐用户可能感兴趣的信息。,2022-10,algorithmic service,境内互联网信息服务算法备案清单（2022年10月） (1).docx
美团外卖榜单排序算法,排序精选类,北京三快科技有限公司,美团（APP）,应用于美团外卖榜单，精选好店好菜，通过月销量、好评率、复购率等，对商家、菜品进行排序。,2022-10,algorithmic service,境内互联网信息服务算法备案清单（2022年10月） (1).docx
美团首页搜索算法,检索过滤类,北京三快科技有限公司,美团（APP）,应用于搜索功能，根据用户输入的查询词，搜索满足需求的信息。,2022-10,algorithmic service,境内互联网信息服务算法备案清单（2022年10月） (1).docx
美团内容安全算法,检索过滤类,北京三快科技有限公司,美团（APP）,对用户或商户发布的文本、图片等信息进行内容安全风险识别，发现和处置违法违规信息内容。,2022-10,algorithmic service,境内互联网信息服务算法备案清单（2022年10月） (1).docx
优酷排序精选算法,排序精选类,优酷信息技术（北京）有限公司,优酷（APP）,应用于优酷热门搜索榜，根据用户浏览、搜索视频内容，形成相关精选榜单。,2022-10,algorithmic service,境内互联网信息服务算法备案清单（2022年10月） (1).docx
优酷信息检索算法,检索过滤类,优酷信息技术（北京）有限公司,优酷（APP）,应用于视频搜索功能，根据用户输入的查询词，搜索满足需求的视频。,2022-10,algorithmic service,境内互联网信息服务算法备案清单（2022年10月） (1).docx
优酷内容安全算法,检索过滤类,优酷信息技术（北京）有限公司,优酷（APP）,对在平台上发布的信息进行内容安全风险识别，发现和处置违法违规信息内容。,2022-10,algorithmic service,境内互联网信息服务算法备案清单（2022年10月） (1).docx
快手排序精选算法,排序精选类,北京快手科技有限公司,快手（APP）,应用于快手热门话题榜，精选热点内容，根据用户阅读量、点赞、评论和传播数据，对热点内容进行排序。,2022-10,algorithmic service,境内互联网信息服务算法备案清单（2022年10月） (1).docx
快手信息检索算法,检索过滤类,北京快手科技有限公司,快手（APP）,应用于搜索功能，根据用户输入的查询词，搜索满足需求的音视频。,2022-10,algorithmic service,境内互联网信息服务算法备案清单（2022年10月） (1).docx
快手内容安全算法,检索过滤类,北京快手科技有限公司,快手（APP）,对用户发布文本、图片、音视频等信息进行内容安全风险识别，发现和处置违法违规信息内容。,2022-10,algorithmic service,境内互联网信息服务算法备案清单（2022年10月） (1).docx
百度个性化推荐算法,个性化推送类,北京百度网讯科技有限公司,百度搜索（网站）、百度（APP）、百度贴吧（APP）等,应用于资讯推荐，根据用户行为习惯和兴趣爱好标签，推荐用户可能感兴趣的信息。,2022-10,algorithmic service,境内互联网信息服务算法备案清单（2022年10月） (1).docx
猎聘信息搜索算法,检索过滤类,同道精英（天津）信息技术有限公司,猎聘网（网站）、猎聘（APP、小程序）,应用于搜索功能，根据用户输入的关键词，为用户提供候选职位信息。,2022-10,algorithmic service,境内互联网信息服务算法备案清单（2022年10月） (1).docx
饿了么个性化推荐算法,个性化推送类,上海拉扎斯信息科技有限公司,饿了么（APP）,应用于店铺和商品推荐，根据用户画像特征，推荐可能感兴趣的店铺和商品。,2022-10,algorithmic service,境内互联网信息服务算法备案清单（2022年10月） (1).docx
饿了么搜索算法,检索过滤类,上海拉扎斯信息科技有限公司,饿了么（APP）,应用于搜索功能，根据用户输入的查询词，搜索满足需求的商品及店铺信息。,2022-10,algorithmic service,境内互联网信息服务算法备案清单（2022年10月） (1).docx
亲宝宝电商推荐算法,个性化推送类,杭州点望科技有限公司,亲宝宝（APP）,应用于商品推荐，根据用户的历史行为数据及基础属性数据，推荐用户可能感兴趣的产品。,2022-10,algorithmic service,境内互联网信息服务算法备案清单（2022年10月） (1).docx
亲宝宝广告智能营销算法,个性化推送类,杭州点望科技有限公司,亲宝宝（APP）,应用于广告推荐，根据用户历史浏览行为及用户基础属性数据，推荐符合用户需求的相关广告。,2022-10,algorithmic service,境内互联网信息服务算法备案清单（2022年10月） (1).docx
1688个性化推送算法,个性化推送类,杭州阿里巴巴广告有限公司,阿里巴巴1688（APP、网站）、1688工业品（APP）,应用于商品推荐，根据用户访问足迹和历史搜索情况，推荐用户可能感兴趣的商品或服务。,2022-10,algorithmic service,境内互联网信息服务算法备案清单（2022年10月） (1).docx
1688信息检索算法,检索过滤类,杭州阿里巴巴广告有限公司,阿里巴巴1688（APP、网站）、1688工业品（APP）,应用于搜索功能，根据用户输入的查询词，匹配相关商品或服务信息。,2022-10,algorithmic service,境内互联网信息服务算法备案清单（2022年10月） (1).docx
1688内容安全算法,检索过滤类,杭州阿里巴巴广告有限公司,阿里巴巴1688（APP、网站）、1688工业品（APP）,对平台发布的文本、图片、音视频等信息进行内容安全风险识别，发现和处置违法违规信息内容。,2022-10,algorithmic service,境内互联网信息服务算法备案清单（2022年10月） (1).docx
考拉push算法,个性化推送类,杭州优卖网络科技有限公司,考拉海购（APP）,应用于商业广告、短信息及其他信息推荐，根据用户行为数据、设备日志和其他用户授权信息，推荐用户可能感兴趣的内容。,2022-10,algorithmic service,境内互联网信息服务算法备案清单（2022年10月） (1).docx
考拉推荐算法,个性化推送类,杭州优卖网络科技有限公司,考拉海购（APP）,应用于商品或服务信息推荐，根据用户历史行为数据、设备和服务日志信息，推荐用户可能感兴趣的信息。,2022-10,algorithmic service,境内互联网信息服务算法备案清单（2022年10月） (1).docx
考拉搜索算法,检索过滤类,杭州优卖网络科技有限公司,考拉海购（APP）,应用于搜索功能，根据用户输入的关键词，搜索满足需求的信息，为用户提供多样化搜索结果。,2022-10,algorithmic service,境内互联网信息服务算法备案清单（2022年10月） (1).docx
考拉内容安全算法,检索过滤类,杭州优卖网络科技有限公司,考拉海购（APP）,对用户发布的文本、图片等信息进行内容安全风险识别，发现和处置违法违规内容。,2022-10,algorithmic service,境内互联网信息服务算法备案清单（2022年10月） (1).docx
天猫小蜜智能客服算法,生成合成类,浙江天猫网络有限公司,手机天猫（APP）,应用于智能客服场景，实现对文字或语音问题识别并从知识库中给出解决方案。,2022-10,algorithmic service,境内互联网信息服务算法备案清单（2022年10月） (1).docx
天猫推荐算法,个性化推送类,浙江天猫网络有限公司,手机天猫（APP）,应用于商品或服务推荐，根据用户访问足迹和历史搜索情况，推荐用户可能感兴趣的信息。,2022-10,algorithmic service,境内互联网信息服务算法备案清单（2022年10月） (1).docx
天猫push算法,个性化推送类,浙江天猫网络有限公司,手机天猫（APP）,应用于通知栏或短信信息推送，根据用户浏览和搜索记录，推送用户可能感兴趣的商业广告信息。,2022-10,algorithmic service,境内互联网信息服务算法备案清单（2022年10月） (1).docx
天猫图搜算法,检索过滤类,浙江天猫网络有限公司,手机天猫（APP）,应用于搜索功能，根据用户输入的检索图，搜索满足需求的商品或服务信息。,2022-10,algorithmic service,境内互联网信息服务算法备案清单（2022年10月） (1).docx
天猫搜索算法,检索过滤类,浙江天猫网络有限公司,手机天猫（APP）,应用于搜索功能，根据用户输入的查询词，搜索满足需求的商品或服务信息。,2022-10,algorithmic service,境内互联网信息服务算法备案清单（2022年10月） (1).docx
天猫内容安全算法,检索过滤类,浙江天猫网络有限公司,手机天猫（APP）,对平台发布的文本、图片、音视频等信息进行内容安全风险识别，发现和处置违法违规信息内容。,2022-10,algorithmic service,境内互联网信息服务算法备案清单（2022年10月） (1).docx
闲鱼推荐算法,个性化推送类,浙江阿里巴巴闲鱼网络科技有限公司,闲鱼（APP）,应用于商品或服务推荐，根据用户访问足迹和历史搜索情况，推荐用户可能感兴趣的信息。,2022-10,algorithmic service,境内互联网信息服务算法备案清单（2022年10月） (1).docx
闲鱼搜索算法,检索过滤类,浙江阿里巴巴闲鱼网络科技有限公司,闲鱼（APP）,应用于搜索功能，根据用户输入的查询词，搜索满足需求的商品或服务信息。,2022-10,algorithmic service,境内互联网信息服务算法备案清单（2022年10月） (1).docx
闲鱼内容安全算法,检索过滤类,浙江阿里巴巴闲鱼网络科技有限公司,闲鱼（APP）,对在平台上发布的文本、图片、音视频等信息进行内容安全风险识别，发现和处置违法违规信息内容。,2022-10,algorithmic service,境内互联网信息服务算法备案清单（2022年10月） (1).docx
钉钉翻译算法,生成合成类,钉钉科技有限公司,钉钉（APP）,应用于即时通讯中的翻译功能，实现对特定语种之间的翻译服务。,2022-10,algorithmic service,境内互联网信息服务算法备案清单（2022年10月） (1).docx
钉钉图像识别文字算法,生成合成类,钉钉科技有限公司,钉钉（APP）,应用于即时通讯中的图像转文字功能，实现对图片中的文字消息识别和提取。,2022-10,algorithmic service,境内互联网信息服务算法备案清单（2022年10月） (1).docx
钉钉信息流推荐算法,个性化推送类,钉钉科技有限公司,钉钉（APP）,应用于钉钉看看内容推荐，根据用户访问足迹和用户基础信息，推荐用户可能感兴趣的内容或服务。,2022-10,algorithmic service,境内互联网信息服务算法备案清单（2022年10月） (1).docx
钉钉内容安全算法,检索过滤类,钉钉科技有限公司,钉钉（APP）,对用户发布的文本、图片、音视频等信息进行内容安全风险识别，发现和处置违法违规信息内容。,2022-10,algorithmic service,境内互联网信息服务算法备案清单（2022年10月） (1).docx
同花顺资讯推荐算法,个性化推送类,浙江同花顺网络科技有限公司,同花顺（APP）,应用于理财资讯推荐，根据用户特征和物品特征，推荐用户可能感兴趣的信息。,2022-10,algorithmic service,境内互联网信息服务算法备案清单（2022年10月） (1).docx
飞猪内容安全算法,检索过滤类,杭州淘美航空服务有限公司,飞猪旅游（网站、APP、小程序）、飞猪旅行订火车酒店门票汽车票（小程序）,对用户发布的信息进行内容安全风险识别，发现和处置违法违规内容。,2022-10,algorithmic service,境内互联网信息服务算法备案清单（2022年10月） (1).docx
淘宝人生表情动作复刻算法,生成合成类,浙江淘宝网络有限公司,手机淘宝（APP）,应用于形象图片制作功能，识别照片中人物表情动作，生成淘宝人生形象图片。,2022-10,algorithmic service,境内互联网信息服务算法备案清单（2022年10月） (1).docx
淘宝搜索算法,信息检索类,浙江淘宝网络有限公司,手机淘宝(APP),应用于商品检索场景，根据用户输入的文字、语音、图片信息，识别和分类用户意图，筛选出符合用户需求的商品。,2022-10,algorithmic service,境内互联网信息服务算法备案清单（2022年10月） (1).docx
淘宝内容安全算法,检索过滤类,浙江淘宝网络有限公司,手机淘宝（APP）,对在平台上发布的文本、图片、音视频等信息进行内容安全风险识别，发现和处置违法违规信息内容。,2022-10,algorithmic service,境内互联网信息服务算法备案清单（2022年10月） (1).docx
菜鸟物流智能客服算法,生成合成类,杭州菜鸟物流信息科技有限公司,菜鸟（APP、小程序）,应用于智能客服场景，分析用户提出的诉求，以文本方式提供智能回答。,2022-10,algorithmic service,境内互联网信息服务算法备案清单（2022年10月） (1).docx
YY直播平台主播推荐算法,个性化推送类,广州津虹网络传媒有限公司,YY（APP）,应用于直播内容推荐，根据用户信息和主播信息，推荐用户可能感兴趣的直播内容。,2022-10,algorithmic service,境内互联网信息服务算法备案清单（2022年10月） (1).docx
cc直播个性化推荐算法,个性化推送类,广州网易计算机系统有限公司,cc直播（APP）,应用于直播内容推荐，根据用户行为特征及直播内容特征，推荐用户可能感兴趣的直播内容。,2022-10,algorithmic service,境内互联网信息服务算法备案清单（2022年10月） (1).docx
cc直播信息检索算法,检索过滤类,广州网易计算机系统有限公司,cc直播（APP）,应用于搜索功能，根据用户输入的查询词，搜索满足需求的直播内容。,2022-10,algorithmic service,境内互联网信息服务算法备案清单（2022年10月） (1).docx
UC浏览器通用搜索引擎算法,检索过滤类,广州市动景计算机科技有限公司,UC浏览器（APP）,应用于搜索引擎，根据用户输入的查询词，搜索满足需求的网页。,2022-10,algorithmic service,境内互联网信息服务算法备案清单（2022年10月） (1).docx
腾讯视频内容推荐算法,个性化推送类,深圳市腾讯计算机系统有限公司,腾讯视频（APP）,应用于视频推荐，从精选内容中推送用户可能感兴趣的视频内容。,2022-10,algorithmic service,境内互联网信息服务算法备案清单（2022年10月） (1).docx
QQ个性化推荐算法,个性化推送类,深圳市腾讯计算机系统有限公司,QQ(APP),应用于视频推荐，从精选内容中推送用户可能感兴趣的视频内容。,2022-10,algorithmic service,境内互联网信息服务算法备案清单（2022年10月） (1).docx
微视内容推荐算法,个性化推送类,深圳市腾讯计算机系统有限公司,微视（APP）,应用于视频推荐，从精选内容中推送用户可能感兴趣的视频内容。,2022-10,algorithmic service,境内互联网信息服务算法备案清单（2022年10月） (1).docx
腾讯广告推荐算法,个性化推送类,深圳市腾讯计算机系统有限公司,腾讯新闻（APP）,应用于广告推荐，根据用户基础信息和用户行为数据等，推荐用户可能感兴趣的内容。,2022-10,algorithmic service,境内互联网信息服务算法备案清单（2022年10月） (1).docx
逗拍风格迁移算法,生成合成类,深圳市闪剪智能科技有限公司,逗拍（APP）,应用于视频制作场景，将用户上传图片替换为用户选择的模板风格，生成风格化视频。,2022-10,algorithmic service,境内互联网信息服务算法备案清单（2022年10月） (1).docx
果胜信息检索算法,检索过滤类,佛山果胜铁肩科技有限公司,果胜问政（网站）,应用于搜索功能，根据用户输入的查询词，搜索满足需求的问政类信息。,2022-10,algorithmic service,境内互联网信息服务算法备案清单（2022年10月） (1).docx
小米视频个性化推荐算法,个性化推送类,成都分享信息传播有限公司,小米视频（APP）,应用于视频推荐，根据用户历史浏览习惯和用户画像，推荐用户可能感兴趣的视频内容。,2022-10,algorithmic service,境内互联网信息服务算法备案清单（2022年10月） (1).docx
好课帮助文本信息合成算法,服务提供者,好课帮助教育科技（北京）有限公司,光速写作(APP)、快问AI(APP)、快练英语(APP),应用于对话生成场景，根据用户输入的文本，结合上下文数据，生成符合用户要求的文本回复。,2024-1,generative ai,境内深度合成服务算法备案清单（2024年1月）.docx
深信服安全文本生成服务算法,服务技术支持者,深信服科技股份有限公司,--,应用于对话生成场景，服务于企业端客户，根据用户输入的文本，生成符合用户要求的文本回复。,2024-1,generative ai,境内深度合成服务算法备案清单（2024年1月）.docx
Ai4u相机写真照图像合成算法-1,服务提供者,杭州火烧云科技有限公司,Ai4u(小程序),应用于图像生成场景，根据用户输入的人物图像，生成具有特定风格的人物图像。,2024-1,generative ai,境内深度合成服务算法备案清单（2024年1月）.docx
婚礼纪试婚纱图像合成算法-1,服务提供者,杭州火烧云科技有限公司,婚礼纪(APP),应用于图像生成场景，基于用户输入的人物图像和选定的婚纱模板，生成相应人物穿着婚纱的效果图像。,2024-1,generative ai,境内深度合成服务算法备案清单（2024年1月）.docx
易心AI绘图合成算法,服务提供者,武汉诺加信息技术有限公司,易心AI绘画(APP),应用于图像生成场景，基于用户输入的文本描述、尺寸、风格、参考图等，生成相应图像。,2024-1,generative ai,境内深度合成服务算法备案清单（2024年1月）.docx
诺加智能文本生成算法,服务提供者,武汉诺加信息技术有限公司,AI写作聊天智能机器人(APP),应用于对话生成场景，根据用户输入的文本，生成文本回复。,2024-1,generative ai,境内深度合成服务算法备案清单（2024年1月）.docx
XUNCHANG小基灵智能数字人合成算法,服务提供者,浙江寻常问道网络信息科技有限公司,XUNCHANG小基灵金融短视频剪辑运营平台(网站),应用于数字人合成场景，根据用户输入的音频，生成高质量人物头部图像和唇部图像。,2024-1,generative ai,境内深度合成服务算法备案清单（2024年1月）.docx
达闼大模型算法,服务技术支持者,达闼机器人股份有限公司,--,应用于智能问答场景，服务于对话问答类企业端客户，根据用户提出的问题，结合上下文，生成相应的文本回答。,2024-1,generative ai,境内深度合成服务算法备案清单（2024年1月）.docx
大于网络科技爱写作智能写作算法,服务提供者,内蒙古大于网络科技有限公司,爱写作智能写作平台(网站),应用于文本生成场景，根据用户输入的文章需求，生成相应的文章。,2024-1,generative ai,境内深度合成服务算法备案清单（2024年1月）.docx
Ai脑洞文生文内容生成算法,服务提供者,深圳梦世界网络科技有限公司,Ai脑洞(网站)、Ai脑洞(APP),应用于对话生成场景，根据用户输入文本内容及要求，实现邮件撰写、代码生成、提纲列举、灵感写作、方案和建议回复等功能。,2024-1,generative ai,境内深度合成服务算法备案清单（2024年1月）.docx
外教口语陪练深度合成算法,服务提供者,北京高途成蹊旅行服务有限公司,外教口语陪练(小程序),应用于对话生成场景，根据用户输入的语音或文本信息，自动生成英文语音回复。,2024-1,generative ai,境内深度合成服务算法备案清单（2024年1月）.docx
淘宝图像风格化生成算法,服务提供者,浙江淘宝网络有限公司,手机淘宝(APP),应用于图像风格化场景，根据输入图像，生成符合用户要求的图像，实现虚拟装修、虚拟试衣、虚拟形象、表情特效等功能。,2024-1,generative ai,境内深度合成服务算法备案清单（2024年1月）.docx
淘宝对话生成算法,服务提供者,浙江淘宝网络有限公司,手机淘宝(APP),应用于智能对话场景，根据用户输入的文本，生成符合用户要求的文本。,2024-1,generative ai,境内深度合成服务算法备案清单（2024年1月）.docx
天猫对话生成算法,服务提供者,浙江天猫网络有限公司,手机天猫 (APP),应用于智能对话场景，根据用户输入的文本，生成符合用户要求的文本。,2024-1,generative ai,境内深度合成服务算法备案清单（2024年1月）.docx
影趣键盘表情生成算法,服务提供者,杭州影趣互联网科技有限公司,你我表情(APP),应用于图像生成场景，基于用户输入图片数据，进行风格转换，生成多张不同表情的效果图片。,2024-1,generative ai,境内深度合成服务算法备案清单（2024年1月）.docx
影趣人脸融合算法,服务提供者,杭州影趣互联网科技有限公司,古风拍(小程序)、有缘拍(小程序)、妙呀(小程序)、趣换脸(小程序)、小野猫换脸(小程序)、经典趣换脸(小程序),应用于人脸图像、视频生成场景，将用户上传的照片与特定形象进行面部融合，生成融合后的人脸图像、视频。,2024-1,generative ai,境内深度合成服务算法备案清单（2024年1月）.docx
星火语伴英语口语对话算法,服务提供者,安徽智慧皆成数字技术有限公司,星火语伴(APP),应用于语音生成场景，根据用户语音输入，生成符合对话上下文要求的英文语音回复。,2024-1,generative ai,境内深度合成服务算法备案清单（2024年1月）.docx
影趣智能文案算法,服务提供者,杭州影趣互联网科技有限公司,AI文案引擎(小程序),应用于文本生成场景，根据用户输入的文本信息，生成相应风格的文本信息。,2024-1,generative ai,境内深度合成服务算法备案清单（2024年1月）.docx
影趣漫画特效合成算法,服务提供者,杭州影趣互联网科技有限公司,Facee(APP)、趣玩随拍-抖音小程序(小程序)、Facee(小程序)、小影(APP),应用于图像生成场景，基于用户输入的图像数据，进行风格转换，生成漫画风格的图像。,2024-1,generative ai,境内深度合成服务算法备案清单（2024年1月）.docx
医联MedGPT生成算法,服务提供者,北京医联智数科技有限公司,MedGPT(网站),应用于对话生成场景，模拟医生问诊过程，基于用户输入的症状与病史等文本信息，为用户提供疾病诊断与治疗建议。,2024-1,generative ai,境内深度合成服务算法备案清单（2024年1月）.docx
美洽智能客服算法,服务提供者,成都美洽网络科技有限公司,美洽智能客服(网站),应用于文本生成场景，根据用户提出的问题，结合上下文，生成相应的文本或回答。,2024-1,generative ai,境内深度合成服务算法备案清单（2024年1月）.docx
出门问问文本生成类算法,服务提供者,出门问问信息科技有限公司,奇妙文(网站)、魔撰写作(网站)、序列猴子(网站),应用于文案创作场景，根据用户提供的句子和任务类型，结合不同模版生成不同类型的文案内容。,2024-1,generative ai,境内深度合成服务算法备案清单（2024年1月）.docx
四维ai照片生成合成算法,服务提供者,泉州浩如星辰网络科技有限公司,四维ai照片生成+(小程序),应用于人脸图像生成场景，将用户上传的照片与特定形象进行面部融合，生成融合后的人脸图像。,2024-1,generative ai,境内深度合成服务算法备案清单（2024年1月）.docx
商江小智文本生成算法,服务提供者,上海商江网络科技有限公司,商江科技(网站)、商江科技(APP),应用于文本生成场景，根据用户提出的问题，结合上下文，生成相应的文本回答。,2024-1,generative ai,境内深度合成服务算法备案清单（2024年1月）.docx
卓瞻生成合成类算法,服务提供者,广州卓瞻科技有限公司,卓瞻(APP)、卓瞻(网站),应用于图像生成场景，基于用户输入的参考图、文本等信息，生成符合要求的图像。,2024-1,generative ai,境内深度合成服务算法备案清单（2024年1月）.docx
洪恩文本生成算法,服务提供者,天津洪恩完美未来教育科技有限公司,妙手作文(APP)、洪恩识字(APP)、洪恩十万问(APP)、洪恩小画家(APP)、洪恩智能编程(APP)、洪恩大阅读(APP),应用于对话生成场景，根据用户输入的文本、音频、图像信息，生成相应的文本、音频回复，实现画作点评、智能对话等功能。,2024-1,generative ai,境内深度合成服务算法备案清单（2024年1月）.docx
火山引擎人脸融合算法,服务技术支持者,北京抖音信息服务有限公司,--,应用于图像生成场景，服务于企业端客户，将用户上传的照片与特定形象进行面部融合，生成融合后的人脸图像、视频。,2024-1,generative ai,境内深度合成服务算法备案清单（2024年1月）.docx
碰爪对话合成算法,服务提供者,云账户数字科技（天津）有限公司,碰爪(APP),应用于对话生成场景，向用户提出问题，根据用户输入的文本，进行多轮次对话，最终生成用户的性格特征分析报告。,2024-1,generative ai,境内深度合成服务算法备案清单（2024年1月）.docx
中国电信数字人生成算法,服务提供者,中电信人工智能科技（北京）有限公司,数字人客服(网站)、天翼智能助理(网站)、天翼智能助理(APP)、数字人生产管理平台(APP)、天翼智能助理(小程序)、数字人生产管理平台(网站)、数字人生产管理平台(小程序)、数字人客服(APP)、数字人客服(小程序),应用于数字人合成场景，根据用户输入的文本、音频、图像信息，生成各种风格的虚拟数字人物形象视频。,2024-1,generative ai,境内深度合成服务算法备案清单（2024年1月）.docx
小红书内容生成算法,服务技术支持者,行吟信息科技（上海）有限公司,--,应用于文本生成场景，服务于文本生成和对话问答类企业端客户，根据用户提出的问题，实现问答问题、生成文章、信息处理等。,2024-1,generative ai,境内深度合成服务算法备案清单（2024年1月）.docx
美图奇想智能视觉大模型算法2-MiracleVision,服务技术支持者,厦门美图网科技有限公司,--,应用于图像生成场景，服务于企业端客户，通过对输入的文本或图片进行内容理解，生成头像、照片等绘画作品。,2024-1,generative ai,境内深度合成服务算法备案清单（2024年1月）.docx
万兴喵影AIGC生成算法,服务提供者,万兴科技（湖南）有限公司,万兴喵影(APP),应用于文本、图像、语音、音乐生成场景，利用第三方文心大模型算法、万兴天幕大模型算法、达摩院语音合成算法，根据用户输入的文本、图像或者用户选择的预置音乐主题和预置音乐情绪，生成相应的文本、图像、音频。,2024-1,generative ai,境内深度合成服务算法备案清单（2024年1月）.docx
虎嗅文本生成算法,服务提供者,北京虎嗅信息科技股份有限公司,虎嗅(APP),应用于对话生成场景，根据用户输入的文本，生成文本回复。,2024-1,generative ai,境内深度合成服务算法备案清单（2024年1月）.docx
网易智能商品内容生成算法,服务提供者,杭州网易增盈科技有限公司,网易跨境AI助手(网站),应用于对话生成场景，根据用户输入的文本，生成相应的文本和图像回复。,2024-1,generative ai,境内深度合成服务算法备案清单（2024年1月）.docx
有赞营销文案生成算法,服务提供者,杭州有赞科技有限公司,加我智能-商家日常运营的AI助手(APP)、加我智能(网站),应用于文本生成场景，根据用户输入的文本，结合上下文，生成相应的文本回复。,2024-1,generative ai,境内深度合成服务算法备案清单（2024年1月）.docx
妙鸭生成合成类算法,服务提供者,未序网络科技（上海）有限公司,妙鸭相机(APP),应用于图像生成场景，根据用户输入的人物图像，生成具有特定风格的人物图像。,2024-1,generative ai,境内深度合成服务算法备案清单（2024年1月）.docx
创达魔方大语言对话模型算法,服务提供者,北京创思远达科技有限公司,Rubik Talk(APP)、Rubik Talk(网站),应用于对话生成场景，根据用户输入的文本，生成文本回复。,2024-1,generative ai,境内深度合成服务算法备案清单（2024年1月）.docx
创达魔方大语言模型算法,服务技术支持者,北京创思远达科技有限公司,--,应用于对话生成场景，服务于企业端客户，根据用户输入的文本，生成文本回复。,2024-1,generative ai,境内深度合成服务算法备案清单（2024年1月）.docx
百度语音识别算法,服务技术支持者,北京百度网讯科技有限公司,--,应用于语音转文字场景，服务于企业端客户，识别语音，生成识别后的文本信息。,2024-1,generative ai,境内深度合成服务算法备案清单（2024年1月）.docx
小度生成式语音合成算法,服务技术支持者,上海小度人工智能有限公司,--,应用于语音合成场景，服务于企业端客户，根据输入的文本数据和音频音色，合成目标音色语音。,2024-1,generative ai,境内深度合成服务算法备案清单（2024年1月）.docx
瀚海文本图像语音合成算法-1,服务提供者,数尺信息科技（上海）有限公司,瀚海智能平台(网站),应用于文本、图像、语音生成场景，根据输入的文本，结合意图识别，生成文本、图像、语音回复。,2024-1,generative ai,境内深度合成服务算法备案清单（2024年1月）.docx
瀚海文本图像语音合成算法-2,服务技术支持者,数尺信息科技（上海）有限公司,--,应用于文本、图像、语音生成场景，服务于企业端客户，根据输入的文本，结合意图识别，生成文本、图像、语音回复。,2024-1,generative ai,境内深度合成服务算法备案清单（2024年1月）.docx
智星AI大模型算法,服务提供者,北京广延科技有限公司,智星AI(小程序)、智星AI(APP)、智星AI(网站),应用于对话生成场景，根据用户输入内容，输出知识、文本、代码等内容。,2024-1,generative ai,境内深度合成服务算法备案清单（2024年1月）.docx
空迪AI变脸生成合成算法,服务提供者,上海空迪网络科技有限公司,AI变脸软件(小程序),应用于图像、视频中人脸替换场景，通过调用阿里云“人脸融合”API，根据用户输入的人脸图片，对用户选择的图片或视频模版中的人脸做融合替换。,2024-1,generative ai,境内深度合成服务算法备案清单（2024年1月）.docx
灵鹿AI图片合成算法,服务提供者,杭州哈匹科技有限公司,灵鹿AI(APP),应用于图像生成场景，根据用户输入的人物图像，生成具有特定风格的人物图像。,2024-1,generative ai,境内深度合成服务算法备案清单（2024年1月）.docx
有连云视频生成算法,服务提供者,有连云信息服务（上海）有限公司,有连云SaaS系统(网站),应用于视频生成场景，根据用户输入的文本数据和选择的预设视频模板，生成金融类相关视频。,2024-1,generative ai,境内深度合成服务算法备案清单（2024年1月）.docx
有连云图像生成算法,服务提供者,有连云信息服务（上海）有限公司,有连云SaaS系统(网站),应用于图像生成场景，根据用户输入的文本信息，生成金融信息相关图像。,2024-1,generative ai,境内深度合成服务算法备案清单（2024年1月）.docx
有连云文本生成算法,服务提供者,有连云信息服务（上海）有限公司,有连云SaaS系统(网站),应用于文章撰写场景，根据用户选择的证券类型、模板主题、证券产品等属性参数，生成金融资讯文章。,2024-1,generative ai,境内深度合成服务算法备案清单（2024年1月）.docx
冰鉴本立道生智能交互算法,服务技术支持者,上海冰鉴信息科技有限公司,--,应用于文本生成场景，服务于文本生成和对话问答类企业端客户，根据用户输入的文本内容，生成文本回复。,2024-1,generative ai,境内深度合成服务算法备案清单（2024年1月）.docx
虎博TigerBot生成算法-2,服务技术支持者,虎博网络技术（上海）有限公司,--,应用于文本生成场景，服务于文本生成和对话问答类企业端客户，根据用户输入的文本内容，生成文本回复。,2024-1,generative ai,境内深度合成服务算法备案清单（2024年1月）.docx
冰鉴本立道生信息生成算法,服务提供者,上海冰鉴信息科技有限公司,冰鉴本立道生智能生成算法(网站),应用于文本生成场景，根据用户输入的文本内容，生成相应文本。,2024-1,generative ai,境内深度合成服务算法备案清单（2024年1月）.docx
筷子一键成片视频生成算法,服务提供者,广州筷子信息科技有限公司,筷子一键成片(小程序),应用于视频生成场景，根据用户输入的描述文本和原始视频，生成带有新语音的视频。,2024-1,generative ai,境内深度合成服务算法备案清单（2024年1月）.docx
加筷文本生成算法,服务提供者,广州筷子信息科技有限公司,加筷智能创意平台(网站),应用于文本生成场景，根据用户输入的文本内容，生成相应文本。,2024-1,generative ai,境内深度合成服务算法备案清单（2024年1月）.docx
华藏通用大模型算法,服务提供者,上海智臻智能网络科技股份有限公司,华藏通用大模型(网站),应用于文本和图像多模态生成场景，根据用户输入的文本、图像，生成相应文本、图像。,2024-1,generative ai,境内深度合成服务算法备案清单（2024年1月）.docx
UGAI图像合成算法,服务提供者,北京鲜猿电子设备制造有限公司,UGAI绘画(APP),应用于图像生成场景，根据用户输入的文本或图像，生成图像内容。,2024-1,generative ai,境内深度合成服务算法备案清单（2024年1月）.docx
FlowUs文本信息合成算法,服务提供者,云上绿洲（北京）科技有限公司,FlowUs息流(APP),应用于对话生成场景，根据用户输入内容，结合历史对话数据，生成对话文本回复。,2024-1,generative ai,境内深度合成服务算法备案清单（2024年1月）.docx
贝壳文本生成算法,服务提供者,贝壳找房（北京）科技有限公司,贝壳找房(APP)、瑶住(小程序)、Bella(网站)、HOME(APP),应用于对话生成场景，根据用户输入内容，应用语言模型，生成对话文本回复。,2024-1,generative ai,境内深度合成服务算法备案清单（2024年1月）.docx
万木健康数字人驱动算法,服务技术支持者,成都万木健康科技有限公司,--,应用于数字人合成场景，服务于企业端客户，根据输入的文本信息，结合文本生成、语音合成、图像合成等算法，生成数字人视频。,2024-1,generative ai,境内深度合成服务算法备案清单（2024年1月）.docx
唯品会智能导购助手大模型算法,服务提供者,广州唯品会电子商务有限公司,唯品会(APP),应用于对话生成场景，根据用户输入内容，生成对话文本回复，实现商品推荐效果。,2024-1,generative ai,境内深度合成服务算法备案清单（2024年1月）.docx
逆水寒文本生成算法,服务提供者,杭州网易雷火科技有限公司,逆水寒手游(APP),应用于对话生成场景，根据用户输入内容，生成对话文本回复。,2024-1,generative ai,境内深度合成服务算法备案清单（2024年1月）.docx
数问文本生成算法,服务提供者,上海数问科技有限公司,智能口语大师(APP),应用于文本生成场景，根据用户输入内容，实现问答对话、机器翻译、篇章生成、文本纠错等。,2024-1,generative ai,境内深度合成服务算法备案清单（2024年1月）.docx
新奇课堂智能问答算法,服务提供者,上海东双合信息服务有限公司,新奇课堂(APP)、新奇课堂(网站),应用于对话生成场景，根据用户输入内容，生成对话文本回复。,2024-1,generative ai,境内深度合成服务算法备案清单（2024年1月）.docx
讯飞星火医疗大模型算法,服务技术支持者,讯飞医疗科技股份有限公司,--,应用于面向医疗的对话生成场景，服务于企业端客户，根据用户输入内容，生成对话文本回复。,2024-1,generative ai,境内深度合成服务算法备案清单（2024年1月）.docx
哔哩哔哩语音合成算法,服务提供者,上海宽娱数码科技有限公司,哔哩哔哩(APP),应用于文本转语音场景，根据输入的文本信息和选定的音色，利用语音合成技术，将文本内容转化为语音。,2024-1,generative ai,境内深度合成服务算法备案清单（2024年1月）.docx
虾说内容生成算法,服务提供者,深圳图灵协同科技有限公司,虾说(APP),应用于文本生成场景，根据用户输入的文本内容，实现文本风格转换、智能问答。,2024-1,generative ai,境内深度合成服务算法备案清单（2024年1月）.docx
星环求索数据分析大模型算法,服务技术支持者,星环信息科技（上海）股份有限公司,--,应用于文本生成场景，服务于企业端客户，根据用户输入的文本内容，结合金融等领域的数据分析，生成文本回复。,2024-1,generative ai,境内深度合成服务算法备案清单（2024年1月）.docx
画羽AI图像合成算法,服务技术支持者,福州华航数字科技有限公司,--,应用于图像合成场景，服务于企业端客户，通过预设的提示文字和参考图像，生成指定风格的图像。,2024-1,generative ai,境内深度合成服务算法备案清单（2024年1月）.docx
Tiamat跨模态映射文字生成图片算法-2,服务技术支持者,榷识数字科技（上海）有限公司,--,应用于图像合成场景，服务于企业端客户，根据用户输入的文本，基于文本语义合成图像。,2024-1,generative ai,境内深度合成服务算法备案清单（2024年1月）.docx
荣耀大语言模型算法,服务技术支持者,深圳荣耀软件技术有限公司,--,应用于对话生成场景，服务于企业端客户，根据用户输入内容，应用语言模型，生成对话文本回复。,2024-1,generative ai,境内深度合成服务算法备案清单（2024年1月）.docx
Molica生成合成算法,服务提供者,北京数字创联信息技术有限公司,Molica(APP),应用于智能对话场景，根据用户输入的问题，调用第三方API，生成相应的文字或图像内容。,2024-1,generative ai,境内深度合成服务算法备案清单（2024年1月）.docx
商量大语言模型算法,服务技术支持者,上海商汤智能科技有限公司,--,应用于智能对话、文本编辑场景，服务于企业端客户，根据用户输入的文本信息，生成相对应的文本内容。,2024-1,generative ai,境内深度合成服务算法备案清单（2024年1月）.docx
小智智能对话算法-2,服务技术支持者,北京信工博特智能科技有限公司,--,应用于智能对话、文本生成场景，服务于企业端客户，通过API或私有化部署形式，根据用户输入的文本数据，提供问答对话生成、文本摘要、文言文翻译等服务。,2024-1,generative ai,境内深度合成服务算法备案清单（2024年1月）.docx
知料AI生成合成算法,服务提供者,北京知料科技有限公司,知料AI(公众账号)、知料AI(小程序)、知料AI(网站)、知料AI(APP),应用于文本智能问答场景，根据用户的问题、指令等信息，通过生成合成算法，生成相关的文本。,2024-1,generative ai,境内深度合成服务算法备案清单（2024年1月）.docx
TCL智能文本生成算法,服务提供者,深圳TCL新技术有限公司,TCL+ (APP),应用于文本生成场景，根据用户输入的文本内容，生成产品说明和使用指导。,2024-1,generative ai,境内深度合成服务算法备案清单（2024年1月）.docx
达闼RobotGPT多模态具身大模型算法,服务技术支持者,达闼机器人股份有限公司,--,应用于多模态交互场景，服务于企业端客户，通过机器人传感器采集多模态感知信息，包括声音、视频、图像等，根据用户语音指令，输出多模态人机交互反馈。,2024-1,generative ai,境内深度合成服务算法备案清单（2024年1月）.docx
智启特AI绘图算法,服务提供者,武汉智启特人工智能科技有限公司,智启特AI创作平台(网站),应用于图像生成场景，根据用户输入的文本描述，使用AI绘图算法，生成符合用户需求的图片。,2024-1,generative ai,境内深度合成服务算法备案清单（2024年1月）.docx
元象XVERSE大模型算法-ToB,服务技术支持者,深圳元象信息科技有限公司,--,应用于文本对话交互场景，服务于企业端客户，根据用户输入的文本描述，使用大模型生成相应的回答。,2024-1,generative ai,境内深度合成服务算法备案清单（2024年1月）.docx
出门问问图像生成算法-2,服务技术支持者,出门问问信息科技有限公司,--,应用于图像生成场景，服务于企业端客户，根据用户输入的文本描述或图像，使用文生图模型，生成与输入相关的图像。,2024-1,generative ai,境内深度合成服务算法备案清单（2024年1月）.docx
新数智能BeautyGPT合成算法,服务提供者,广州新数智能科技有限公司,数美链门店版(APP)、数美链(APP),应用于智能问答场景，根据用户输入的咨询问题，通过文本生成算法生成相应的文本作为回复。,2024-1,generative ai,境内深度合成服务算法备案清单（2024年1月）.docx
东方财富智能对话系统算法,服务提供者,东方财富信息股份有限公司,东方财富(APP),应用于智能问答场景，根据用户输入的文本，通过意图识别和实体识别等算法，输出与输入相关的文本。,2024-1,generative ai,境内深度合成服务算法备案清单（2024年1月）.docx
应事音频合成算法-2,服务技术支持者,上海稀宇科技有限公司,--,应用于语音对话场景，服务于企业端客户，通过分析输入的相关内容，结合历史对话数据，合成音频以对话形式呈现输出。,2024-1,generative ai,境内深度合成服务算法备案清单（2024年1月）.docx
好未来智能虚拟人算法,服务技术支持者,北京世纪好未来教育科技有限公司,--,应用于虚拟数字人合成场景，服务于企业端客户，根据用户输入的文本描述，通过文本合成、人脸识别、语音驱动等模型，生成具有嘴唇同步的视频。,2024-1,generative ai,境内深度合成服务算法备案清单（2024年1月）.docx
魔音合成算法,服务提供者,北京魔音云智能科技有限公司,魔音AI客服机器人(网站),应用于智能客服场景，根据用户输入的文本类问题，通过大模型生成相关答案。,2024-1,generative ai,境内深度合成服务算法备案清单（2024年1月）.docx
应事音频合成算法-1,服务提供者,上海稀宇科技有限公司,应事(APP),应用于音频合成场景，根据用户输入的文本指令，结合历史对话数据，合成与指令相关的音频。,2024-1,generative ai,境内深度合成服务算法备案清单（2024年1月）.docx
火族科技人脸融合算法,服务提供者,深圳市火族科技有限公司,脸映(小程序)、AI作图实验室(小程序)、友友美图实验室(小程序)、趣玩图(小程序),应用于人脸图像编辑场景，根据用户输入的人脸图像，通过人脸融合算法，结合预设模板，合成新的图像。,2024-1,generative ai,境内深度合成服务算法备案清单（2024年1月）.docx
查几智能对话合成算法,服务提供者,深圳万物语灵科技有限公司,查几(APP),应用于智能对话场景，根据用户输入的文本类问题，通过模型生成相应的文本类回答。,2024-1,generative ai,境内深度合成服务算法备案清单（2024年1月）.docx
豆包企业版大模型算法,服务技术支持者,北京抖音信息服务有限公司,--,应用于智能写作、智能对话场景，服务于文本对话类企业端客户，使用已授权的文本类信息，通过API提供问答功能。,2024-1,generative ai,境内深度合成服务算法备案清单（2024年1月）.docx
火山引擎文本转语音算法,服务技术支持者,北京抖音信息服务有限公司,--,应用于语音合成场景，服务于企业端客户，通过将输入的文字信息转化成相应的语音信号，结合声学模型和语言模型来生成人类语音。,2024-1,generative ai,境内深度合成服务算法备案清单（2024年1月）.docx
好未来教育通用图文OCR算法,服务技术支持者,北京世纪好未来教育科技有限公司,--,应用于文字识别场景，服务于企业端客户，使用已授权的图像或文档，通过文本检测、公式识别、文本识别等算法，识别图像或文档中的文字。,2024-1,generative ai,境内深度合成服务算法备案清单（2024年1月）.docx
DFM-2东风大模型,服务技术支持者,思必驰科技股份有限公司,--,应用于文本生成场景，服务于文本生成类企业端客户，使用已授权的文本类信息，通过模型理解并生成相应的回复。,2024-1,generative ai,境内深度合成服务算法备案清单（2024年1月）.docx
智谱多模态文生图算法,服务技术支持者,北京智谱华章科技有限公司,--,应用于图像生成场景，服务于企业端客户，根据用户输入的文本，通过文生图模型，生成与文本相匹配的图像。,2024-1,generative ai,境内深度合成服务算法备案清单（2024年1月）.docx
AIQ事事通生成合成算法,服务提供者,广州十八号信息科技有限公司,AIQ(APP)、AIQ(网站),应用于智能对话场景，根据用户输入的文本类问题，通过模型生成与用户问题相关的文本回答。,2024-1,generative ai,境内深度合成服务算法备案清单（2024年1月）.docx
智谱多模态图生文算法,服务技术支持者,北京智谱华章科技有限公司,--,应用于图像理解的对话场景，服务于企业端客户，使用已授权的图像和文本，通过模型生成与问题相关的文本类回答。,2024-1,generative ai,境内深度合成服务算法备案清单（2024年1月）.docx
触漫图像生成算法,服务提供者,广州艾范科技有限公司,触漫(APP),应用于图像生成场景，根据用户输入的文本类描述、图像，通过扩散模型生成与输入相关的图像。,2024-1,generative ai,境内深度合成服务算法备案清单（2024年1月）.docx
笨嘴Chat合成算法,服务提供者,成都数有引力科技有限公司,笨嘴神器(APP)、笨嘴神器(小程序)、笨嘴神器(网站),应用于智能对话场景，根据用户输入的文本类问题，通过大语言模型生成文本类答案。,2024-1,generative ai,境内深度合成服务算法备案清单（2024年1月）.docx
元禾视频换脸生成合成算法,服务提供者,晋江元禾信息科技有限公司,视频换脸(APP),应用于人脸图像编辑场景，根据用户输入的人脸图像，结合预设模板及人脸融合算法，生成合成新的具有人脸特性的图像或视频。,2024-1,generative ai,境内深度合成服务算法备案清单（2024年1月）.docx
东方财富自然语言合成算法,服务提供者,东方财富信息股份有限公司,"Choice数据(APP)、东方财富(APP)、
妙想(APP)",应用于投资领域智能对话场景，根据用户输入的文本类问题，通过生成式大语言模型生成与输入相关的文本类答案。,2024-1,generative ai,境内深度合成服务算法备案清单（2024年1月）.docx
玖安AI智能助手生成合成算法,服务提供者,长治市玖安网络科技有限公司,AI智能助手(网站)、AI智能助手(APP),应用于智能对话场景，根据用户输入的文本描述，通过语义理解、意图识别，输出对应的回复信息。,2024-1,generative ai,境内深度合成服务算法备案清单（2024年1月）.docx
脸猫人脸融合算法,服务提供者,重庆风闻有你科技有限公司,脸猫(APP),应用于人脸图像编辑场景，根据用户输入的人脸图像，结合预设模板及人脸融合算法，生成新的具有人脸属性的图像或兼具姿态、动作等属性的视频。,2024-1,generative ai,境内深度合成服务算法备案清单（2024年1月）.docx
好未来中英语音合成算法,服务技术支持者,北京世纪好未来教育科技有限公司,--,应用于语音合成场景，服务于教学类语音合成企业端客户，提供通过文本，利用语音合成模型，生成特定音频。,2024-1,generative ai,境内深度合成服务算法备案清单（2024年1月）.docx
唱鸭歌词辅助生成算法,服务提供者,广州欢城文化传媒有限公司,唱鸭(APP),应用于歌词生成场景，根据用户输入的文本描述，通过文本理解，结合相关规则，生成歌词文本。,2024-1,generative ai,境内深度合成服务算法备案清单（2024年1月）.docx
秀颜AI视频合成算法,服务提供者,上海鱼腥草信息科技有限公司,秀颜(APP),应用于人脸图像编辑场景，根据用户输入的人脸图像或具有人脸的视频，结合模板及图像生成算法，输出融合人脸的视频。,2024-1,generative ai,境内深度合成服务算法备案清单（2024年1月）.docx
闪剪智能多模态扩散算法,服务提供者,深圳市闪剪智能科技有限公司,逗拍(小程序),应用于人像特效编辑场景，根据用户输入的图像，结合预设文本描述，通过扩散模型，生成动漫或二次元风格的图像。,2024-1,generative ai,境内深度合成服务算法备案清单（2024年1月）.docx
火族科技多模态扩散算法,服务提供者,深圳市火族科技有限公司,脸映(小程序)、AI作图实验室(小程序)、友友美图实验室(小程序)、趣玩图(小程序),应用于人像特效编辑场景，根据用户输入的图像，结合预设文本描述，通过扩散模型，生成动漫或二次元风格的图像。,2024-1,generative ai,境内深度合成服务算法备案清单（2024年1月）.docx
趣推科技多模态扩散算法,服务提供者,深圳市趣推科技有限公司,闪剪(APP),应用于人像特效编辑场景，根据用户输入的图像，结合预设文本描述，通过扩散模型，生成动漫或二次元风格的图像。,2024-1,generative ai,境内深度合成服务算法备案清单（2024年1月）.docx
东方财富虚拟主播数字人合成算法,服务提供者,东方财富信息股份有限公司,东方财富(APP),应用于虚拟数字人合成场景，根据用户输入的文本或图像或视频，结合计算机视觉及机器学习技术，生成真人视觉的数字人。,2024-1,generative ai,境内深度合成服务算法备案清单（2024年1月）.docx
东方财富公告内容提取算法,服务提供者,东方财富信息股份有限公司,东方财富网股吧(网站),应用于交易类问答场景，根据用户输入的关于公告的文本类问题，通过摘要模型或关键词提取模型，生成公告相关的文本类内容。,2024-1,generative ai,境内深度合成服务算法备案清单（2024年1月）.docx
光锥元AI图像生成合成算法,服务提供者,广州光锥元信息科技有限公司,Pokecut快咔(APP)、UniDreamAI绘画(APP),应用于图像生成场景，根据用户输入的文本和图片，生成最终基于用户参考图和描述语的全新绘画作品。,2024-1,generative ai,境内深度合成服务算法备案清单（2024年1月）.docx
哔哩哔哩评论弹幕生成算法,服务提供者,上海宽娱数码科技有限公司,哔哩哔哩(APP),应用于文字生成场景，根据用户在b站社区（弹幕、评论）互动的上下文信息，生成文本，实现用户弹幕和评论的智能补全和智能推送功能。,2024-1,generative ai,境内深度合成服务算法备案清单（2024年1月）.docx
网易伏羲语音生成算法,服务技术支持者,网易（杭州）网络有限公司,--,应用于语音合成场景，服务于企业端客户，基于用户输入实现文本转语音、语音音色转换、曲谱转歌声功能。,2024-1,generative ai,境内深度合成服务算法备案清单（2024年1月）.docx
鹏中科技多模态扩散算法,服务提供者,深圳市鹏中科技有限公司,秀脸(小程序)、百变face秀(小程序)、AI趣玩特效(小程序)、超级变脸秀(小程序)、秀脸FacePlay(APP)、FACEPLAY(小程序)、幸福拍(小程序)、照片会唱歌(小程序)、COS(APP),应用于人像特效编辑场景，根据用户输入的图像，结合预设文本描述，通过扩散模型，生成动漫或二次元风格的图像。,2024-1,generative ai,境内深度合成服务算法备案清单（2024年1月）.docx
东方财富图片生成算法,服务提供者,东方财富信息股份有限公司,东方财富财富号创作平台(网站),应用于图像生成场景，根据用户输入的文本，结合图像模板，通过扩散模型生成与文字描述相关的图像。,2024-1,generative ai,境内深度合成服务算法备案清单（2024年1月）.docx
拓尔思图像生成算法,服务技术支持者,拓尔思信息技术股份有限公司,--,应用于图像生成场景，服务于企业端客户，根据输入的文本内容，生成相应的图像。,2024-1,generative ai,境内深度合成服务算法备案清单（2024年1月）.docx
拓尔思文本内容生成算法,服务技术支持者,拓尔思信息技术股份有限公司,--,应用于文本生成场景，服务于企业端客户，根据输入的标题，生成相应的文章。,2024-1,generative ai,境内深度合成服务算法备案清单（2024年1月）.docx
拓尔思智能问答算法,服务技术支持者,拓尔思信息技术股份有限公司,--,应用于对话生成场景，服务于企业端客户，根据输入的标题，生成概要或主题，经用户确认后，生成写作大纲及相应文本。,2024-1,generative ai,境内深度合成服务算法备案清单（2024年1月）.docx
智云2D数字人合成算法,服务提供者,新华智云科技有限公司,MAGIC短视频平台(网站)、积木短视频创作平台(网站),应用于虚拟数字人场景，根据用户输入的文本、语音、图片、视频或激光扫描的点云数据，最终生成符合用户需求的2D数字人视频。,2024-1,generative ai,境内深度合成服务算法备案清单（2024年1月）.docx
智云3D数字人合成算法,服务提供者,新华智云科技有限公司,MAGIC短视频平台(网站)、积木短视频创作平台(网站),应用于虚拟数字人场景，根据用户输入的文本、语音、背景图片或视频，生成符合用户需求的3D数字人视频。,2024-1,generative ai,境内深度合成服务算法备案清单（2024年1月）.docx
TTS语音合成算法,服务提供者,新华智云科技有限公司,MAGIC短视频平台(网站)、积木短视频创作平台(网站),应用于语音合成算法，根据指定的文本、语音模型、音量、语速等参数，输出音频。,2024-1,generative ai,境内深度合成服务算法备案清单（2024年1月）.docx
星纪魅族大模型算法,服务提供者,湖北星纪魅族网络技术有限公司,MYVU(APP)、FlymeAI(APP)、场景助手(APP)、Aicy大模型(APP)、通话助手(APP)、笔记(APP)、录音机(APP),应用于对话生成场景，根据用户输入的文本信息，生成符合用户需求的文本回复。,2024-1,generative ai,境内深度合成服务算法备案清单（2024年1月）.docx
MAXHUB会议记录总结算法,服务提供者,广州视臻信息科技有限公司,会议总结（MAXHUB智能硬件产品）(APP),应用于文本生成场景，根据用户输入的文本信息，结合用户意图，实现文档写作、阅读理解、概括总结等功能。,2024-1,generative ai,境内深度合成服务算法备案清单（2024年1月）.docx
语仓科技LS对话大模型算法,服务技术支持者,语仓科技（北京）有限公司,--,应用于对话生成场景，服务于企业端客户，根据用户输入内容，应用语言模型，生成对话文本回复。,2024-1,generative ai,境内深度合成服务算法备案清单（2024年1月）.docx
天工大语言模型算法-1,服务技术支持者,昆仑万维科技股份有限公司,--,应用于文本生成场景，服务于文本生成和对话问答类企业端客户，根据用户提出的问题，实现知识问答、多轮对话等功能。,2024-1,generative ai,境内深度合成服务算法备案清单（2024年1月）.docx
倚塔会话生成算法,服务提供者,杭州海动信息科技有限公司,倚塔(APP),应用于智能对话场景，根据用户输入的文本信息，生成符合用户预期的文本回答。,2024-1,generative ai,境内深度合成服务算法备案清单（2024年1月）.docx
万兴智能文档算法,服务提供者,万兴科技（湖南）有限公司,HiPDF(网站)、万兴PDF(APP),应用于文本生成场景，根据用户上传的文档，实现文档摘要、文档问答、文档润色等功能。,2024-1,generative ai,境内深度合成服务算法备案清单（2024年1月）.docx
KOMOYO文本合成算法-1,服务提供者,骏斯（广州）信息科技服务有限公司,KOMOYO(APP),应用于智能对话场景，根据用户输入的文本信息，生成符合用户预期的文本回答。,2024-1,generative ai,境内深度合成服务算法备案清单（2024年1月）.docx
抖推猫人脸融合算法,服务技术支持者,河北抖推猫网络科技服务有限公司,--,应用于人脸图像、视频生成场景，服务于企业端客户，将用户上传的照片与特定形象进行面部融合，生成融合后的人脸图像、视频。,2024-1,generative ai,境内深度合成服务算法备案清单（2024年1月）.docx
北京领讯BT财经数据通财报分析内容生成算法,服务提供者,北京领讯时代文化传媒有限公司,BT财经财报瞬析(网站),应用于文章生成和问答对话场景，根据用户输入的文档，自动生成符合用户预期的文本和图像内容。,2024-1,generative ai,境内深度合成服务算法备案清单（2024年1月）.docx
万兴天幕多媒体大模型算法-1,服务提供者,万兴科技（湖南）有限公司,万兴天幕AI(网站)、万兴爱画(网站)、万兴播爆(APP)、万兴爱画(APP)、万兴智演(APP)、万兴播爆(网站)、HiPDF(网站)、万兴PDF(APP)、万兴喵影(APP)、万兴智演(网站)、万兴录演(APP),应用于多媒体内容生成场景，服务于企业端客户，根据输入的文本、图像、音频等数据，生成相应的文本、图像、音频等内容。,2024-1,generative ai,境内深度合成服务算法备案清单（2024年1月）.docx
大麦内容安全算法,检索过滤类,北京大麦文化传媒发展有限公司,大麦（APP）,对平台上发布的文字、图片、音视频进行内容安全风险识别，发现和处置违法违规信息内容。,2023-1,algorithmic service,境内互联网信息服务算法备案清单（2023年1月）.docx
大麦搜索算法,检索过滤类,北京大麦文化传媒发展有限公司,大麦（APP）,应用于商品及服务信息检索，通过用户输入的关键词和地理位置信息，搜索满足需求的内容。,2023-1,algorithmic service,境内互联网信息服务算法备案清单（2023年1月）.docx
懂球帝个性化算法,个性化推送类,北京多格科技有限公司,懂球帝（APP）,应用于信息流推荐，通过用户行为数据，推荐用户可能感兴趣的内容。,2023-1,algorithmic service,境内互联网信息服务算法备案清单（2023年1月）.docx
BOSS直聘求职招聘推荐算法,个性化推送类,北京华品博睿网络技术有限公司,BOSS直聘(APP)、店长直聘(APP),应用于职位或候选人推荐，通过用户历史点击行为及意向确认行为，推荐用户可能感兴趣的内容。,2023-1,algorithmic service,境内互联网信息服务算法备案清单（2023年1月）.docx
路标网信息检索算法,检索过滤类,北京聚集科技有限公司,路标网（网站、APP、小程序）,应用于搜索功能，通过用户输入的关键词，搜索满足需求的内容。,2023-1,algorithmic service,境内互联网信息服务算法备案清单（2023年1月）.docx
酷我音乐个性化推荐算法,个性化推送类,北京酷我科技有限公司,酷我音乐（APP）,应用于音乐推荐，通过用户行为数据及歌曲基础信息，推荐用户可能感兴趣的内容。,2023-1,algorithmic service,境内互联网信息服务算法备案清单（2023年1月）.docx
酷我音乐内容安全算法,检索过滤类,北京酷我科技有限公司,酷我音乐（APP）,对歌单、曲库、评论、用户信息中的文本、图片、音视频等信息进行内容安全风险识别，发现和处置违法违规信息内容。,2023-1,algorithmic service,境内互联网信息服务算法备案清单（2023年1月）.docx
酷我音乐排行榜算法,排序精选类,北京酷我科技有限公司,酷我音乐（APP）,应用于酷我音乐歌曲排行榜及歌手排行榜，通过歌曲播放量、歌曲发行时间等信息，对歌手及歌曲进行排序。,2023-1,algorithmic service,境内互联网信息服务算法备案清单（2023年1月）.docx
Blued动态推荐算法,个性化推送类,北京蓝城兄弟文化传媒有限公司,Blued（APP）,应用于内容推荐，通过用户点赞、评论、分享等行为数据和用户基础属性数据，推荐用户可能感兴趣的内容。,2023-1,algorithmic service,境内互联网信息服务算法备案清单（2023年1月）.docx
Blued直播推荐算法,个性化推送类,北京蓝城兄弟文化传媒有限公司,Blued（APP）,应用于直播内容推荐，通过热门直播数据和用户历史记录，推荐用户可能感兴趣的直播内容。,2023-1,algorithmic service,境内互联网信息服务算法备案清单（2023年1月）.docx
映客直播个性化推荐算法,个性化推送类,北京蜜莱坞网络科技有限公司,映客直播（APP）,应用于直播内容推荐，通过用户行为特征及直播内容特征，推荐用户可能感兴趣的直播内容。,2023-1,algorithmic service,境内互联网信息服务算法备案清单（2023年1月）.docx
去哪儿网国内酒店房型个性化推送算法,个性化推送类,北京趣拿信息技术有限公司,去哪儿旅行（APP）,应用于内容推荐，通过用户历史行为数据和酒店房型基础数据，推荐用户可能感兴趣的内容。,2023-1,algorithmic service,境内互联网信息服务算法备案清单（2023年1月）.docx
去哪儿网信息流检索算法,检索过滤类,北京趣拿信息技术有限公司,去哪儿旅行（APP）,应用于帖子检索，通过用户输入的检索词，搜索满足需求的内容。,2023-1,algorithmic service,境内互联网信息服务算法备案清单（2023年1月）.docx
去哪儿网国际机票检索算法,检索过滤类,北京趣拿信息技术有限公司,去哪儿旅行（APP）,应用于航班信息检索，通过用户输入的检索词，搜索满足需求的内容。,2023-1,algorithmic service,境内互联网信息服务算法备案清单（2023年1月）.docx
去哪儿网国内酒店检索算法,检索过滤类,北京趣拿信息技术有限公司,去哪儿旅行订酒店机票火车票门票（小程序）、去哪儿旅行（APP）、去哪儿旅行（网站）,应用于酒店信息检索，通过搜索词、酒店销量、评分、用户历史行为、历史订单等数据，搜索满足需求的内容。,2023-1,algorithmic service,境内互联网信息服务算法备案清单（2023年1月）.docx
去哪儿网火车票中转检索算法,检索过滤类,北京趣拿信息技术有限公司,去哪儿旅行（APP）,应用于火车票中转方案检索，通过用户输入的出发城市和到达城市信息，结合中转方案的总耗时、价格和是否有票等特征，搜索满足需求的内容。,2023-1,algorithmic service,境内互联网信息服务算法备案清单（2023年1月）.docx
去哪儿网机票服务包搭售算法,个性化推送类,北京趣拿信息技术有限公司,去哪儿旅行（APP）,应用于服务包推荐，通过用户历史行为特征、服务包属性特征、用户历史服务包偏好特征、航班基本属性特征等，推荐用户可能感兴趣的信息。,2023-1,algorithmic service,境内互联网信息服务算法备案清单（2023年1月）.docx
去哪儿网首页搜索词推荐算法,个性化推送类,北京趣拿信息技术有限公司,去哪儿旅行（APP）,应用于搜索词推荐，通过用户行为数据，推荐用户可能感兴趣的内容。,2023-1,algorithmic service,境内互联网信息服务算法备案清单（2023年1月）.docx
去哪儿网首页信息流推荐算法,个性化推送类,北京趣拿信息技术有限公司,去哪儿旅行（APP）,应用于帖子推荐，通过帖子的主题和标签、用户历史行为数据，推荐用户可能感兴趣的内容。,2023-1,algorithmic service,境内互联网信息服务算法备案清单（2023年1月）.docx
思博网内容安全算法,检索过滤类,北京思博知网科技有限公司,思博网（网站）、思博（APP）,对平台上发布的帖子、回帖、评论、昵称、用户签名、服务商发布的商品等信息进行内容安全风险识别，发现和处置违法违规信息内容。,2023-1,algorithmic service,境内互联网信息服务算法备案清单（2023年1月）.docx
搜狐视频推荐算法,个性化推送类,北京搜狐互联网信息服务有限公司,搜狐视频（APP）,应用于视频推荐，通过用户历史行为数据和视频属性信息，推荐用户可能感兴趣的视频内容。,2023-1,algorithmic service,境内互联网信息服务算法备案清单（2023年1月）.docx
搜狐新闻热榜推荐算法,排序精选类,北京搜狐互联网信息服务有限公司,搜狐新闻（APP）,应用于搜狐新闻热榜、话题榜单、观点榜，通过新闻的点击、曝光、评论数等信息，对新闻内容进行排序。,2023-1,algorithmic service,境内互联网信息服务算法备案清单（2023年1月）.docx
搜狐新闻搜索算法,检索过滤类,北京搜狐互联网信息服务有限公司,搜狐新闻（APP）,应用于搜索功能，通过用户输入的搜索词，搜索满足需求的新闻内容。,2023-1,algorithmic service,境内互联网信息服务算法备案清单（2023年1月）.docx
搜狐新闻推荐算法,个性化推送类,北京搜狐互联网信息服务有限公司,搜狐新闻（APP）,应用于新闻信息推荐，通过用户个人兴趣爱好、历史偏好数据、网络社交信息等，推荐用户可能感兴趣的新闻信息。,2023-1,algorithmic service,境内互联网信息服务算法备案清单（2023年1月）.docx
脉脉职场社区推送算法,个性化推送类,北京淘友天下科技发展有限公司,脉脉（APP）、脉脉官网（网站）,应用于内容、广告推荐，通过用户设备信息、个人资料及行为信息，推荐用户可能感兴趣的内容和服务。,2023-1,algorithmic service,境内互联网信息服务算法备案清单（2023年1月）.docx
脉脉职场信息检索算法,检索过滤类,北京淘友天下科技发展有限公司,脉脉（APP）,应用于搜索功能，通过用户输入的关键词、用户个人资料及用户行为信息，搜索符合需求的内容和服务。,2023-1,algorithmic service,境内互联网信息服务算法备案清单（2023年1月）.docx
闪送调度算法,调度决策类,北京同城必应科技有限公司,闪送商家版（网站、APP）、闪送员（APP）、闪送（网站、APP、小程序）,应用于配送场景，通过订单信息、闪送员的偏好设置、取件距离等信息，为订单匹配闪送员。,2023-1,algorithmic service,境内互联网信息服务算法备案清单（2023年1月）.docx
翻咔动态推荐算法,个性化推送类,北京猩球互动网络科技有限公司,翻咔（APP）,应用于内容推荐，通过用户互动行为数据，推荐用户可能感兴趣的内容。,2023-1,algorithmic service,境内互联网信息服务算法备案清单（2023年1月）.docx
雪球个性化推送算法,个性化推送类,北京雪球信息科技有限公司,雪球（APP）,应用于内容推荐，通过用户行为数据及用户选择的兴趣标签，推荐用户可能感兴趣的内容。,2023-1,algorithmic service,境内互联网信息服务算法备案清单（2023年1月）.docx
知乎热榜算法,排序精选类,北京智者天下科技有限公司,知乎（网站、APP）,应用于知乎首页热榜，精选热点事件热词，使用事件相关统计信息及用户行为数据，对热点事件进行排序。,2023-1,algorithmic service,境内互联网信息服务算法备案清单（2023年1月）.docx
知乎搜索算法,检索过滤类,北京智者天下科技有限公司,知乎（网站、APP）,应用于搜索功能，通过用户输入的关键词，搜索满足需求的内容。,2023-1,algorithmic service,境内互联网信息服务算法备案清单（2023年1月）.docx
知乎推荐页算法,个性化推送类,北京智者天下科技有限公司,知乎（网站、APP）,应用于内容推荐，通过用户画像、内容画像和用户行为数据，推荐用户可能感兴趣的内容。,2023-1,algorithmic service,境内互联网信息服务算法备案清单（2023年1月）.docx
多面视频面试题目推荐算法,个性化推送类,多面（北京）科技有限公司,多面（APP）、多面智能视频面试平台（网站）,应用于内容推荐，通过招聘职位名称、类型及求职者简历信息，推荐用户可能感兴趣的面试题目。,2023-1,algorithmic service,境内互联网信息服务算法备案清单（2023年1月）.docx
高德个性化推送算法,个性化推送类,北京高德图强科技有限公司,高德地图（APP）,应用于内容推荐，通过设备和服务日志等信息，推荐用户可能感兴趣的地图兴趣点。,2023-1,algorithmic service,境内互联网信息服务算法备案清单（2023年1月）.docx
高德排序精选算法,排序精选类,北京高德图强科技有限公司,高德地图（APP）,应用于地图兴趣点的热门、精选榜单，通过兴趣点类别信息、指数、搜索量、导航量等信息，对地图兴趣点进行排序。,2023-1,algorithmic service,境内互联网信息服务算法备案清单（2023年1月）.docx
高德信息检索算法,检索过滤类,北京高德图强科技有限公司,高德地图（APP）,应用于搜索功能，通过用户输入的搜索词、用户的位置信息、历史行为、人群偏好特征和地图兴趣点等数据，搜索满足需求的地图兴趣点或服务内容。,2023-1,algorithmic service,境内互联网信息服务算法备案清单（2023年1月）.docx
九游个性化推荐算法,个性化推送类,广州爱九游信息技术有限公司,九游（APP）,应用于游戏、服务信息推荐，通过用户历史行为数据、设备和网络环境等信息，推荐用户可能感兴趣的内容。,2023-1,algorithmic service,境内互联网信息服务算法备案清单（2023年1月）.docx
九游内容安全算法,检索过滤类,广州爱九游信息技术有限公司,九游（APP）,对九游平台上的录屏剪辑、讨论、问答、论坛等信息进行内容安全风险识别，发现和处置违法违规信息内容。,2023-1,algorithmic service,境内互联网信息服务算法备案清单（2023年1月）.docx
九游搜索算法,检索过滤类,广州爱九游信息技术有限公司,九游（APP）,应用于搜索功能，通过用户输入的搜索词，搜索满足需求的游戏和服务内容。,2023-1,algorithmic service,境内互联网信息服务算法备案清单（2023年1月）.docx
虎牙个性化推送算法,个性化推送类,广州虎牙信息科技有限公司,虎牙直播（APP）,应用于视听内容、商业信息推荐，通过用户设备信息及用户行为数据，推荐用户可能感兴趣的信息。,2023-1,algorithmic service,境内互联网信息服务算法备案清单（2023年1月）.docx
酷狗音乐个性化推荐算法,个性化推送类,广州酷狗计算机科技有限公司,酷狗音乐（APP）,应用于视听内容推荐，通过用户点赞、收藏、播放等历史行为数据，推荐用户可能感兴趣的视听内容。,2023-1,algorithmic service,境内互联网信息服务算法备案清单（2023年1月）.docx
荔枝个性化推荐算法,个性化推送类,广州荔支网络技术有限公司,荔枝播客（APP）、荔枝（APP）,应用于音频、直播间推荐，通过节目内容、用户相关信息及用户对节目的操作行为，推荐用户可能感兴趣的内容。,2023-1,algorithmic service,境内互联网信息服务算法备案清单（2023年1月）.docx
荔枝信息检索算法,检索过滤类,广州荔支网络技术有限公司,荔枝播客（APP）、荔枝（APP）,应用于音频节目、主播、播单、直播间检索，通过用户输入的文本关键词，搜索满足需求的内容。,2023-1,algorithmic service,境内互联网信息服务算法备案清单（2023年1月）.docx
UC风险文本及图像识别算法,检索过滤类,广州市动景计算机科技有限公司,UC浏览器（APP）,对在UC搜索引擎所聚合的网页文本、图片、音视频等进行内容安全风险识别，发现和处置违法违规信息内容。,2023-1,algorithmic service,境内互联网信息服务算法备案清单（2023年1月）.docx
UC信息流内容安全算法,检索过滤类,广州市动景计算机科技有限公司,UC浏览器（APP）,对在平台上发布的信息进行内容安全风险识别，发现和处置违法违规信息内容。,2023-1,algorithmic service,境内互联网信息服务算法备案清单（2023年1月）.docx
UC信息流内容推荐算法,个性化推送类,广州市动景计算机科技有限公司,UC浏览器（APP）,应用于资讯、视频内容推荐，通过用户属性信息及行为日志数据推荐用户可能感兴趣的资讯和视频内容。,2023-1,algorithmic service,境内互联网信息服务算法备案清单（2023年1月）.docx
药师帮商家推荐算法,个性化推送类,广州速道信息科技有限公司,药师帮（网站、APP）,应用于商家推荐，通过用户的采购偏好、收货地址和商家仓库位置、平台评分等数据，推荐用户可能感兴趣的商家。,2023-1,algorithmic service,境内互联网信息服务算法备案清单（2023年1月）.docx
药师帮商品推荐算法,个性化推送类,广州速道信息科技有限公司,药师帮（网站、APP）,应用于商品推荐，通过用户行为数据，推荐用户可能感兴趣的商品。,2023-1,algorithmic service,境内互联网信息服务算法备案清单（2023年1月）.docx
网易大神个性化推荐算法,个性化推送类,广州网易计算机系统有限公司,网易大神（APP）,应用于内容推荐，通过产品内具体内容特征及用户对内容的反馈，推荐用户可能感兴趣的内容。,2023-1,algorithmic service,境内互联网信息服务算法备案清单（2023年1月）.docx
网易大神排序精选算法,排序精选类,广州网易计算机系统有限公司,网易大神（APP）,应用于搜索词、话题及游戏榜单，通过用户行为数据，对网易大神客户端内容进行排序。,2023-1,algorithmic service,境内互联网信息服务算法备案清单（2023年1月）.docx
网易大神信息检索算法,检索过滤类,广州网易计算机系统有限公司,网易大神（APP）,应用于内容检索，通过用户输入的关键词，搜索符合需求的内容。,2023-1,algorithmic service,境内互联网信息服务算法备案清单（2023年1月）.docx
阿里云盘个人文件查找推荐算法,个性化推送类,杭州短趣网络传媒技术有限公司,阿里云盘（APP）,应用于文件推荐，通过用户历史记录，结合设备信息与服务日志信息，推荐用户可能想要查找的盘内文件。,2023-1,algorithmic service,境内互联网信息服务算法备案清单（2023年1月）.docx
阿里云盘内容安全算法,检索过滤类,杭州短趣网络传媒技术有限公司,阿里云盘（APP）,对用户上传、存储、分享传播的文本、图片、音视频等信息内容进行安全风险识别，发现和处置违法违规信息内容。,2023-1,algorithmic service,境内互联网信息服务算法备案清单（2023年1月）.docx
医鹿个性化推送类算法,个性化推送类,杭州康淘信息技术有限公司,医鹿（APP）,应用于问诊医生、搜索界面预置词和热搜内容推荐，通过用户历史行为数据，推荐用户可能感兴趣的内容。,2023-1,algorithmic service,境内互联网信息服务算法备案清单（2023年1月）.docx
医鹿信息检索类算法,检索过滤类,杭州康淘信息技术有限公司,医鹿（APP）,应用于搜索功能，通过用户输入的搜索信息，结合人群信息及用户浏览、搜索记录信息，匹配满足需求的内容。,2023-1,algorithmic service,境内互联网信息服务算法备案清单（2023年1月）.docx
口碑个性化推荐算法,个性化推送类,杭州口口相传网络技术有限公司,口碑（APP）,应用于店铺、美食频道推荐，通过用户历史行为数据，推荐用户可能感兴趣的内容。,2023-1,algorithmic service,境内互联网信息服务算法备案清单（2023年1月）.docx
口碑搜索算法,检索过滤类,杭州口口相传网络技术有限公司,口碑（APP）,应用于搜索功能，通过用户输入的文本信息，结合用户特征、店铺特征、商品特征等，匹配满足需求的商品及店铺。,2023-1,algorithmic service,境内互联网信息服务算法备案清单（2023年1月）.docx
网易云音乐内容排行榜算法,排序精选类,杭州乐读科技有限公司,网易云音乐（APP）,应用于音视频榜单及热搜榜单，通过用户的搜索、播放、收藏、互动等数据，对音视频进行排序。,2023-1,algorithmic service,境内互联网信息服务算法备案清单（2023年1月）.docx
网易云音乐内容搜索算法,检索过滤类,杭州乐读科技有限公司,网易云音乐（APP）,应用于网易云音乐站搜索功能，通过用户输入的查询词，搜索满足需求的音乐。,2023-1,algorithmic service,境内互联网信息服务算法备案清单（2023年1月）.docx
网易云音乐内容推荐算法,个性化推送类,杭州乐读科技有限公司,网易云音乐（APP）,应用于视听内容推荐，通过用户画像及偏好数据，推荐用户可能感兴趣的视听内容。,2023-1,algorithmic service,境内互联网信息服务算法备案清单（2023年1月）.docx
飞猪个性化推荐算法,个性化推送类,杭州淘美航空服务有限公司,飞猪旅行（网站、APP、小程序）、飞猪（小程序）、飞猪旅行订火车酒店门票汽车票（小程序）,应用于商品或服务信息推荐，通过用户历史行为数据、设备和服务日志信息，推荐用户可能感兴趣的信息。,2023-1,algorithmic service,境内互联网信息服务算法备案清单（2023年1月）.docx
网易LOFTER个性化推荐算法,个性化推送类,杭州网易元气科技有限公司,网易LOFTER（APP）,应用于内容推荐，通过用户行为偏好数据，推荐可能感兴趣的资讯内容。,2023-1,algorithmic service,境内互联网信息服务算法备案清单（2023年1月）.docx
芒果TV内容安全算法,检索过滤类,湖南快乐阳光互动娱乐传媒有限公司,芒果TV （网站、APP）,对平台评论区进行内容安全风险识别，发现和处置违法违规信息内容。,2023-1,algorithmic service,境内互联网信息服务算法备案清单（2023年1月）.docx
芒果TV内容推荐算法,个性化推送类,湖南快乐阳光互动娱乐传媒有限公司,芒果TV （网站、APP）,应用于视频推荐，通过用户行为数据，推荐用户可能感兴趣的内容。,2023-1,algorithmic service,境内互联网信息服务算法备案清单（2023年1月）.docx
芒果TV搜索点击模型算法,检索过滤类,湖南快乐阳光互动娱乐传媒有限公司,芒果TV （网站、APP）,应用于视频、音频等内容检索，通过用户的查询关键字，搜索满足需求的音视频内容。,2023-1,algorithmic service,境内互联网信息服务算法备案清单（2023年1月）.docx
讯飞输入法推荐算法,个性化推送类,科大讯飞股份有限公司,讯飞输入法（APP）,应用于内容推荐，通过内容特征、用户偏好、场景特征和用户行为数据，推荐用户可能感兴趣的内容。,2023-1,algorithmic service,境内互联网信息服务算法备案清单（2023年1月）.docx
乐视视频搜索算法,检索过滤类,乐视网信息技术（北京）股份有限公司,乐视视频（APP）,应用于视频搜索功能，通过用户提交的搜索条件，搜索满足需求的视频合集。,2023-1,algorithmic service,境内互联网信息服务算法备案清单（2023年1月）.docx
乐视视频主题推荐算法,个性化推送类,乐视网信息技术（北京）股份有限公司,乐视视频（APP）,应用于视频内容推荐，通过视频特征数据和用户行为数据，推荐用户可能感兴趣的视频内容。,2023-1,algorithmic service,境内互联网信息服务算法备案清单（2023年1月）.docx
美篇首页推荐算法,个性化推送类,南京蓝鲸人网络科技有限公司,美篇（APP）,应用于内容推荐，通过用户的历史操作行为数据，推荐用户可能感兴趣的内容。,2023-1,algorithmic service,境内互联网信息服务算法备案清单（2023年1月）.docx
wifi万能钥匙个性化推荐算法,个性化推送类,南京尚网网络科技有限公司,WiFi万能钥匙（APP、网站、小程序）、WiFi万能钥匙极速版（APP、网站、小程序）,应用于资讯内容及个性化广告推荐，通过用户行为数据和用户画像，推荐用户可能感兴趣的信息或服务。,2023-1,algorithmic service,境内互联网信息服务算法备案清单（2023年1月）.docx
途牛旅游个性化推送算法,个性化推送类,南京途牛科技有限公司,途牛旅游（网站、APP）,应用于内容推荐，通过用户行为数据，为用户推荐可能感兴趣的内容。,2023-1,algorithmic service,境内互联网信息服务算法备案清单（2023年1月）.docx
51job职位推荐算法,个性化推送类,前锦网络信息技术（上海）有限公司,前程无忧51job （网站、APP、小程序）,应用于职位推荐，通过职位信息、用户简历信息及用户行为数据，推荐用户可能感兴趣的职位。,2023-1,algorithmic service,境内互联网信息服务算法备案清单（2023年1月）.docx
美拍视频推荐算法,个性化推送类,厦门鸿天创视科技有限公司,美拍（APP）,应用于视频内容推荐，通过内容特征、用户特征及用户行为数据，推荐用户可能感兴趣的内容。,2023-1,algorithmic service,境内互联网信息服务算法备案清单（2023年1月）.docx
美柚女性内容推荐算法,个性化推送类,厦门美柚股份有限公司,美柚（APP）,应用于信息流推荐，通过用户历史交互行为数据，推荐用户可能感兴趣的内容。,2023-1,algorithmic service,境内互联网信息服务算法备案清单（2023年1月）.docx
2345个性化推送算法,个性化推送类,上海二三四五网络科技有限公司,2345导航（网站）,应用关于资讯内容推荐，通过用户的历史浏览行为数据以及资讯本身的标题、图像、正文等信息，推荐用户可能感兴趣的内容。,2023-1,algorithmic service,境内互联网信息服务算法备案清单（2023年1月）.docx
大众点评首页推荐算法,个性化推送类,上海汉涛信息咨询有限公司,大众点评（APP）,应用于内容推荐，通过内容详情、用户属性和地理场景等信息，推荐用户可能感兴趣的内容。,2023-1,algorithmic service,境内互联网信息服务算法备案清单（2023年1月）.docx
趣头条智能推荐算法,个性化推送类,上海基分文化传播有限公司,趣头条（APP）,应用于信息流推荐，通过用户行为信息，推荐用户可能感兴趣的内容。,2023-1,algorithmic service,境内互联网信息服务算法备案清单（2023年1月）.docx
蜻蜓FM内容推荐算法,个性化推送类,上海麦克风文化传媒有限公司,蜻蜓FM（APP）,应用于音频、内容推荐，通过用户行为、特征及专辑特征，推荐用户可能感兴趣的内容。,2023-1,algorithmic service,境内互联网信息服务算法备案清单（2023年1月）.docx
Soul个性化内容检索算法,检索过滤类,上海任意门科技有限公司,Soul（APP）,应用于搜索功能，通过用户基本资料、行为数据和设备信息，匹配用户可能感兴趣的内容。,2023-1,algorithmic service,境内互联网信息服务算法备案清单（2023年1月）.docx
Soul个性化内容推送算法,个性化推送类,上海任意门科技有限公司,Soul（APP）,应用于内容推荐，通过用户的特征与偏好，推荐用户可能感兴趣的贴子。,2023-1,algorithmic service,境内互联网信息服务算法备案清单（2023年1月）.docx
识货APP个性化推荐算法,个性化推送类,上海识致信息科技有限责任公司,识货（APP）,应用于商品推荐，通过用户行为数据和用户特征，推荐用户可能感兴趣的商品。,2023-1,algorithmic service,境内互联网信息服务算法备案清单（2023年1月）.docx
得物个性化推荐算法,个性化推送类,上海得物信息集团有限公司,得物（APP）,应用于商品、内容信息推荐，通过用户行为数据和相关商品标签，推荐用户可能感兴趣的商品及内容。,2023-1,algorithmic service,境内互联网信息服务算法备案清单（2023年1月）.docx
淘票票个性化推荐算法,个性化推送类,上海淘票票影视文化有限公司,淘票票（APP）,应用于商品或服务推荐，通过用户行为习惯和商品商户描述信息，推荐用户可能感兴趣的信息。,2023-1,algorithmic service,境内互联网信息服务算法备案清单（2023年1月）.docx
淘票票内容安全算法,检索过滤类,上海淘票票影视文化有限公司,淘票票（APP）,对平台上发布的文字、图片、音视频进行内容安全风险识别，发现和处置违法违规信息内容。,2023-1,algorithmic service,境内互联网信息服务算法备案清单（2023年1月）.docx
淘票票搜索算法,检索过滤类,上海淘票票影视文化有限公司,淘票票（APP）,应用于搜索功能，通过用户输入的查询词，匹配相关商品或服务信息。,2023-1,algorithmic service,境内互联网信息服务算法备案清单（2023年1月）.docx
欢太浏览器信息流推荐算法,个性化推送类,深圳市欢太科技有限公司,（欢太）浏览器（APP）,应用于资讯推荐，通过用户行为数据，推荐用户可能感兴趣的内容。,2023-1,algorithmic service,境内互联网信息服务算法备案清单（2023年1月）.docx
懒人听书榜单算法,排序精选类,深圳市懒人在线科技有限公司,懒人听书（APP）,应用于懒人听书榜单页，通过用户的行为数据及资源的类别、付费、上新等数据，对应用程序内资源进行排序。,2023-1,algorithmic service,境内互联网信息服务算法备案清单（2023年1月）.docx
懒人听书个性化推荐算法,个性化推送类,深圳市懒人在线科技有限公司,懒人听书（APP）,应用于音频及相关内容推荐，通过用户的收藏、完播、下载资源等行为数据，推荐用户可能感兴趣的内容。,2023-1,algorithmic service,境内互联网信息服务算法备案清单（2023年1月）.docx
懒人听书搜索算法,检索过滤类,深圳市懒人在线科技有限公司,懒人听书（APP）,应用于书籍、节目、阅读、主播、听单等资源检索，通过用户输入的关键词，搜索满足需求的资源。,2023-1,algorithmic service,境内互联网信息服务算法备案清单（2023年1月）.docx
QQ浏览器信息流推荐算法,个性化推送类,深圳市腾讯计算机系统有限公司,QQ浏览器（APP）,应用于资讯、视频内容推荐，通过用户的行为日志数据，推荐用户可能感兴趣的资讯和视频内容。,2023-1,algorithmic service,境内互联网信息服务算法备案清单（2023年1月）.docx
搜狗输入法表情与帮写推荐算法,个性化推送类,深圳市腾讯计算机系统有限公司,搜狗输入法（APP）,应用于搜狗输入法的表情、文字等推荐场景，通过用户行为、用户特征、时间特征，推荐用户可能感兴趣的内容。,2023-1,algorithmic service,境内互联网信息服务算法备案清单（2023年1月）.docx
搜狗信息检索算法,检索过滤类,深圳市腾讯计算机系统有限公司,搜狗搜索（网站）,应用于搜索功能，通过用户输入的查询词，搜索满足需求的资源及内容。,2023-1,algorithmic service,境内互联网信息服务算法备案清单（2023年1月）.docx
腾讯地图APP出行服务个性化推送算法,个性化推送类,深圳市腾讯计算机系统有限公司,腾讯地图（APP）,应用于腾讯地图信息推送，通过用户导航行为、搜索行为等数据，推荐线路变更、天气预警等信息。,2023-1,algorithmic service,境内互联网信息服务算法备案清单（2023年1月）.docx
腾讯内容安全算法,检索过滤类,深圳市腾讯计算机系统有限公司,微信搜一搜（APP）、QQ-小世界（APP）、腾讯视频（APP）,对腾讯平台上发布的文字、图片、语音、视频等内容进行内容安全风险识别，发现和处置违法违规信息内容。,2023-1,algorithmic service,境内互联网信息服务算法备案清单（2023年1月）.docx
微信视频号个性化推送算法,个性化推送类,深圳市腾讯计算机系统有限公司,微信视频号（APP）,应用于视频推荐，从精选内容中推送用户可能感兴趣的视频内容。,2023-1,algorithmic service,境内互联网信息服务算法备案清单（2023年1月）.docx
微信搜一搜信息检索算法,检索过滤类,深圳市腾讯计算机系统有限公司,微信搜一搜（APP）,应用于搜索功能，通过用户输入的查询词，匹配相关公众号、小程序或视频等服务信息。,2023-1,algorithmic service,境内互联网信息服务算法备案清单（2023年1月）.docx
有咖个性化推荐算法,个性化推送类,深圳有咖互动科技有限公司,漫播（APP）,应用于音频内容推荐，通过用户行为数据和音频内容特征，推荐用户可能感兴趣的音频内容。,2023-1,algorithmic service,境内互联网信息服务算法备案清单（2023年1月）.docx
有咖内容排序算法,排序精选类,深圳有咖互动科技有限公司,克拉克拉（APP）、漫播（APP）,应用于广场流、直播流、热搜等功能，通过浏览量、互动量和内容质量等信息，对应用程序内的内容进行排序。,2023-1,algorithmic service,境内互联网信息服务算法备案清单（2023年1月）.docx
有咖信息检索算法,检索过滤类,深圳有咖互动科技有限公司,克拉克拉（APP）、漫播（APP）,应用于搜索功能，通过用户输入的关键词，搜索满足需求的内容。,2023-1,algorithmic service,境内互联网信息服务算法备案清单（2023年1月）.docx
腾讯音乐个性化搜索算法,检索过滤类,腾讯音乐娱乐（深圳）有限公司,QQ音乐（APP）、全民K歌（APP）,应用于搜索功能，通过用户输入的关键词，匹配相关音乐和伴奏内容。,2023-1,algorithmic service,境内互联网信息服务算法备案清单（2023年1月）.docx
腾讯音乐个性化推荐算法,个性化推送类,腾讯音乐娱乐（深圳）有限公司,QQ音乐（APP）、全民K歌（APP）,应用于音视频及相关内容信息推荐，通过用户行为数据，推荐用户可能感兴趣的歌曲、视频等内容信息。,2023-1,algorithmic service,境内互联网信息服务算法备案清单（2023年1月）.docx
快看科技内容推荐算法,个性化推送类,天津三六零快看科技有限公司,快资讯（网站）,应用于内容推荐，通过用户的历史偏好数据、个人兴趣爱好等，推荐用户可能感兴趣的内容。,2023-1,algorithmic service,境内互联网信息服务算法备案清单（2023年1月）.docx
同程旅行信息推送算法,个性化推送类,同程网络科技股份有限公司,同程旅行（APP）,应用于内容推荐，通过用户基础信息、行为数据及内容标签，推荐用户可能感兴趣的内容或旅行资源。,2023-1,algorithmic service,境内互联网信息服务算法备案清单（2023年1月）.docx
博看书苑个性化推荐算法,个性化推送类,武汉鼎森电子科技有限公司,博看书苑（APP）,应用于内容推荐，通过用户历史行为数据和书籍描述信息，推荐用户可能感兴趣的书籍。,2023-1,algorithmic service,境内互联网信息服务算法备案清单（2023年1月）.docx
斗鱼APP首页推荐算法,个性化推送类,武汉斗鱼网络科技有限公司,斗鱼 （APP）,应用于内容推荐，通过用户特征、内容特征、上下文信息，推荐用户可能感兴趣的内容。,2023-1,algorithmic service,境内互联网信息服务算法备案清单（2023年1月）.docx
K星球影片推荐算法,个性化推送类,武汉二拍科技传媒有限公司,K星球（APP）,应用于用户、内容推荐，通过用户行为数据及影片特征，推荐用户可能感兴趣的内容。,2023-1,algorithmic service,境内互联网信息服务算法备案清单（2023年1月）.docx
美丽修行首页信息瀑布流推荐算法,个性化推送类,武汉美之修行信息科技有限公司,美丽修行（APP）,应用于商品、视频、内容等信息推荐，通过用户历史行为与商品、文章、视频的属性标签，推荐用户可能感兴趣的信息。,2023-1,algorithmic service,境内互联网信息服务算法备案清单（2023年1月）.docx
木仓科技程序化广告推送算法,个性化推送类,武汉木仓科技股份有限公司,驾考助手（APP）、驾考通（APP）、驾照宝典（APP）等,应用于广告信息推荐，通过用户学车阶段、试题车型和所在城市等信息，推荐用户可能感兴趣的内容。,2023-1,algorithmic service,境内互联网信息服务算法备案清单（2023年1月）.docx
木仓科技定向推送算法,个性化推送类,武汉木仓科技股份有限公司,车友头条（APP）、驾校宝典（APP）、驾考学堂（APP）等,应用于商品、服务及内容信息推荐，通过用户行为、车型、学车阶段等数据，推荐用户可能感兴趣的内容。,2023-1,algorithmic service,境内互联网信息服务算法备案清单（2023年1月）.docx
木仓科技驾校教练排序算法,排序精选类,武汉木仓科技股份有限公司,驾考助手（APP）、驾考通（APP）、驾校宝典（APP）等,应用于驾校（教练）排行榜，通过学员数据、驾校（教练）认证数据、驾校（教练）深度合作数据，对驾校（教练）进行排序。,2023-1,algorithmic service,境内互联网信息服务算法备案清单（2023年1月）.docx
木仓科技汽车销量排序算法,排序精选类,武汉木仓科技股份有限公司,驾考宝典（APP）、车友头条（APP）、平行之家（APP）等,应用于汽车销量、人气、降价等信息排序，通过平台内部的车型库信息、关注量和价格等信息，对汽车销量进行排序。,2023-1,algorithmic service,境内互联网信息服务算法备案清单（2023年1月）.docx
木仓科技内容安全算法,检索过滤类,武汉木仓科技股份有限公司,车友头条（APP）、小猪二手车（APP）、教练宝典（APP）等,对文本、图片等信息进行内容安全风险识别，发现和处置违法违规信息内容。,2023-1,algorithmic service,境内互联网信息服务算法备案清单（2023年1月）.docx
一码游贵州景区推荐算法,个性化推送类,云景文旅科技有限公司,一码游贵州（小程序）,应用于内容推荐，通过用户地理位置数据和景区等级，推荐用户可能感兴趣的内容。,2023-1,algorithmic service,境内互联网信息服务算法备案清单（2023年1月）.docx
点淘内容安全算法,检索过滤类,浙江点淘好物网络有限公司,点淘（APP）,对平台上发布的文字、图片、音视频进行内容安全风险识别，发现和处置违法违规信息内容。,2023-1,algorithmic service,境内互联网信息服务算法备案清单（2023年1月）.docx
点淘搜索算法,检索过滤类,浙江点淘好物网络有限公司,点淘（APP）,应用于直播、视频内容搜索，通过用户输入的搜索词，搜索满足需求的内容。,2023-1,algorithmic service,境内互联网信息服务算法备案清单（2023年1月）.docx
点淘推荐算法,个性化推送类,浙江点淘好物网络有限公司,点淘（APP）,应用于内容推荐，通过用户行为数据，推荐用户可能感兴趣的内容。,2023-1,algorithmic service,境内互联网信息服务算法备案清单（2023年1月）.docx
喵街排序精选类算法,排序精选类,浙江银泰电子商务有限公司,喵街（APP）,应用于喵街平台排行榜，通过用户购买数据，对同一类目或同一主题下的商品进行排序。,2023-1,algorithmic service,境内互联网信息服务算法备案清单（2023年1月）.docx
喵街搜索算法,检索过滤类,浙江银泰电子商务有限公司,喵街（APP）,应用于搜索功能，通过用户输入的搜索词，搜索满足需求的商品及服务信息。,2023-1,algorithmic service,境内互联网信息服务算法备案清单（2023年1月）.docx
喵街推荐算法,个性化推送类,浙江银泰电子商务有限公司,喵街（APP）,应用于商品、服务等信息推荐，通过用户行为数据、设备信息、服务日志等信息，推荐用户可能感兴趣的商品及服务。,2023-1,algorithmic service,境内互联网信息服务算法备案清单（2023年1月）.docx
支付宝客户端首页推荐算法,个性化推送类,支付宝（杭州）信息技术有限公司,支付宝-首页推荐（APP）,应用于产品及服务信息推荐，通过用户位置信息、设备信息，结合时间、地理、气候等客观因素，推荐用户可能感兴趣的内容。,2023-1,algorithmic service,境内互联网信息服务算法备案清单（2023年1月）.docx
猪八戒super个性化推荐算法,个性化推送类,猪八戒股份有限公司,猪八戒（APP、网站）,应用于服务信息推荐，通过用户浏览、成交等行为数据，推荐用户可能感兴趣的内容。,2023-1,algorithmic service,境内互联网信息服务算法备案清单（2023年1月）.docx
猪八戒信息检索算法,检索过滤类,猪八戒股份有限公司,猪八戒（网站、APP、小程序）,应用于搜索功能，通过用户输入的搜索词，搜索满足需求的内容。,2023-1,algorithmic service,境内互联网信息服务算法备案清单（2023年1月）.docx
博问AI大模型算法,服务提供者,郑州丰嘉科技股份有限公司,博问AI(网站),应用于对话生成场景，根据用户输入的文本内容，生成相应的文本回复。,2024-10,generative ai,境内深度合成服务算法备案清单（2024年10月） (1).docx
涌现未来AI生成合成类算法-1,服务提供者,河北省涌现未来科技有限公司,涌现未来AI(网站),应用于图像生成场景，根据用户输入的文本描述或图像，生成相关的图像。,2024-10,generative ai,境内深度合成服务算法备案清单（2024年10月） (1).docx
希施玛IPO辅助文本生成算法,服务提供者,深圳希施玛数据科技有限公司,IPO问询答复辅助系统(网站),应用于文本生成场景，根据用户上传的问询函，解析问询函中的问题，并针对每个问题生成相应的答复内容。,2024-10,generative ai,境内深度合成服务算法备案清单（2024年10月） (1).docx
城市运行一网统管大模型算法,服务技术支持者,浙数城市大脑（浙江）有限公司,--,应用于文本生成场景，服务于企业端客户，根据输入的城市运行数据中治理事件文本，生成包含事件概述、影响分析等内容的告警报告。,2024-10,generative ai,境内深度合成服务算法备案清单（2024年10月） (1).docx
海马云图像视频多模态生成算法,服务提供者,安徽海马云科技股份有限公司,RunningHub(网站),应用于图像、视频生成场景，根据用户输入的文本、图像、视频等内容，生成符合用户要求的图像、视频。,2024-10,generative ai,境内深度合成服务算法备案清单（2024年10月） (1).docx
Soul文字配音生成算法,服务提供者,上海任意门科技有限公司,Soul(APP)、梦核乐园(APP)、异世界回响(APP),应用于音频生成场景，根据用户输入的文本，生成相应的音频，实现文字配音、歌声合成等功能。,2024-10,generative ai,境内深度合成服务算法备案清单（2024年10月） (1).docx
幻引文本生成算法,服务提供者,上海幻引信息技术服务有限公司,个人AI记账(小程序),应用于文本生成场景，根据用户输入的文本，生成对应的文本数据和图文数据。,2024-10,generative ai,境内深度合成服务算法备案清单（2024年10月） (1).docx
斗鱼实时变声算法,服务提供者,武汉斗鱼网络科技有限公司,斗鱼-超高清游戏直播视频娱乐平台(APP),应用于音频生成场景，根据用户输入的音频，生成与输入音色一致的音频内容。,2024-10,generative ai,境内深度合成服务算法备案清单（2024年10月） (1).docx
虚拟偶像合成算法,服务提供者,北京比特绿洲科技有限公司,虚拟偶像(APP),应用于数字人视频生成场景，根据用户输入的文本、音频、图像、视频，生成数字人形象的视频。,2024-10,generative ai,境内深度合成服务算法备案清单（2024年10月） (1).docx
柯基KG大模型算法,服务技术支持者,南京柯基数据科技有限公司,--,应用于文本生成场景，服务于企业端客户，根据用户输入的文本信息，生成符合用户需求的文本内容。,2024-10,generative ai,境内深度合成服务算法备案清单（2024年10月） (1).docx
数字人自主品牌合成算法,服务提供者,福建时代商创数字科技有限公司,数字人自主品牌(小程序),应用于数字人视频生成场景，根据用户输入的文本、音频、图像、视频，生成数字人形象的视频。,2024-10,generative ai,境内深度合成服务算法备案清单（2024年10月） (1).docx
无忧秘书智脑多模态算法,服务技术支持者,深圳优秘智能科技有限公司,--,应用于文本图像生成场景，服务于企业端客户，根据用户输入的文本，生成符合用户需求的文本、图像内容。,2024-10,generative ai,境内深度合成服务算法备案清单（2024年10月） (1).docx
即战力大模型算法,服务提供者,深圳市融邦教育科技有限公司,即战力(APP),应用于文本生成场景，根据用户输入的文本信息，生成符合用户需求的文本内容。,2024-10,generative ai,境内深度合成服务算法备案清单（2024年10月） (1).docx
盛祥志联幻图图像生成算法-1,服务技术支持者,上海盛祥志联人工智能技术有限公司,--,应用于图像视频生成场景，服务于企业端客户，根据用户输入的文本、图像或视频素材，生成符合用户需求的图像或视频内容。,2024-10,generative ai,境内深度合成服务算法备案清单（2024年10月） (1).docx
派欧语言生成算法,服务技术支持者,派欧云计算（上海）有限公司,--,应用于文本生成场景，服务于企业端客户，根据输入的提示文本，生成相应的文本内容，提供自动写作、内容创作、语言翻译等服务。,2024-10,generative ai,境内深度合成服务算法备案清单（2024年10月） (1).docx
国字云文字识别生成合成类算法,服务提供者,北京许先网科技发展有限公司,国字云测字(APP),应用于文字识别场景，根据用户输入的中文汉字图像，输出图像中识别出的文字信息。,2024-10,generative ai,境内深度合成服务算法备案清单（2024年10月） (1).docx
数巅AskBot内容生成算法,服务技术支持者,北京数巅科技有限公司,--,应用于对话生成场景，服务于企业端客户，根据用户输入的任务描述，生成相应的文本、图像、音频。,2024-10,generative ai,境内深度合成服务算法备案清单（2024年10月） (1).docx
超艾纬来真智多模态生成合成算法,服务提供者,重庆超艾纬来科技有限责任公司,真智AI(网站),应用于文本图像生成场景，根据用户输入的文本、图像，生成符合用户需求的文本、图像内容。,2024-10,generative ai,境内深度合成服务算法备案清单（2024年10月） (1).docx
凡思唯行自然对话生成算法,服务提供者,重庆凡思唯行网络科技有限公司,AI写作创作星(其他),应用于对话生成场景，根据用户输入的文本内容，生成符合用户需求的文本回复。,2024-10,generative ai,境内深度合成服务算法备案清单（2024年10月） (1).docx
世优2D数字人合成算法,服务提供者,世优（北京）科技股份有限公司,世优2D数字人(网站),应用于数字人视频生成场景，根据用户输入的音频、图像，生成数字人形象的视频。,2024-10,generative ai,境内深度合成服务算法备案清单（2024年10月） (1).docx
世优3D数字人合成算法,服务提供者,世优（北京）科技股份有限公司,世优3D数字人(网站),应用于数字人视频生成场景，根据用户输入的音频，生成数字人形象的视频。,2024-10,generative ai,境内深度合成服务算法备案清单（2024年10月） (1).docx
祖玛人物写真生成算法,服务提供者,杭州祖玛科技有限公司,视鸭(小程序)、视鸭(其他)、视鸭(APP),应用于图像生成场景，根据用户输入的人脸图像，进行人物形象的学习，生成目标人物在特定风格或场景下的写真图像。,2024-10,generative ai,境内深度合成服务算法备案清单（2024年10月） (1).docx
渊亭河图基座大模型算法,服务技术支持者,厦门渊亭信息科技有限公司,--,应用于文本生成场景，服务于企业端客户，根据用户输入的文本信息，生成符合用户需求的文本内容。,2024-10,generative ai,境内深度合成服务算法备案清单（2024年10月） (1).docx
胜未科技法律咨询AI模型智能算法-1,服务技术支持者,上海胜未科技发展有限公司,--,应用于对话生成场景，服务于企业端客户，根据用户输入的咨询问题，生成相应的法律知识和建议。,2024-10,generative ai,境内深度合成服务算法备案清单（2024年10月） (1).docx
物润数字人合成算法,服务提供者,江苏物润船联网络股份有限公司,物润播报(小程序)、物润播报(网站),应用于数字人生成场景，根据用户上传的音频或视频数据，生成数字人视频。,2024-10,generative ai,境内深度合成服务算法备案清单（2024年10月） (1).docx
品食AI照片美化合成算法,服务提供者,湖南品食网络科技有限公司,AI写真(APP),应用于图像编辑场景，根据用户输入的照片和选择的美化风格，生成具有特定风格的艺术照片。,2024-10,generative ai,境内深度合成服务算法备案清单（2024年10月） (1).docx
Luna动画文本生成算法,服务提供者,深圳市七之月科技有限公司,Luna动画(小程序),应用于文本生成场景，根据用户输入的文本，生成文案、分镜、图片描述等文本信息。,2024-10,generative ai,境内深度合成服务算法备案清单（2024年10月） (1).docx
猫几服装设计生成算法,服务提供者,成都花猫智绘信息科技有限公司,猫几(APP),应用于图像生成场景，根据用户输入的参考图和文字描述，生成个性化的旗袍设计图像。,2024-10,generative ai,境内深度合成服务算法备案清单（2024年10月） (1).docx
德适生物MedImage大模型算法,服务提供者,杭州德适生物科技有限公司,AutoVision(网站),应用于文本图像生成场景，根据用户输入的医学染色体核型病例图像，生成详细的核型表达式，并提示该病例是否存在染色体异常。,2024-10,generative ai,境内深度合成服务算法备案清单（2024年10月） (1).docx
影秀相机视频合成算法,服务提供者,上海脉炬网络科技有限公司,影秀相机(APP),应用于图像视频生成场景，根据用户输入的图像、视频，生成符合用户需求的图像、视频内容，实现人脸融合功能。,2024-10,generative ai,境内深度合成服务算法备案清单（2024年10月） (1).docx
金口良策大语言模型生成文字算法-1,服务提供者,杭州金口良策科技有限公司,金口良策AI(网站),应用于文本生成场景，根据用户输入的文本信息，生成符合用户需求的文本内容。,2024-10,generative ai,境内深度合成服务算法备案清单（2024年10月） (1).docx
三颗松果生成合成算法,服务提供者,山东桉树信息科技有限公司,三颗松果智写助手(网站),应用于文本生成场景，根据用户输入的文本、图像、音频，识别图像、音频中的文字，生成符合用户需求的文本内容。,2024-10,generative ai,境内深度合成服务算法备案清单（2024年10月） (1).docx
云积天赫企业版大模型算法,服务技术支持者,深圳市云积分科技有限公司,--,应用于文本生成场景，服务于企业端客户，根据用户输入的文本信息，生成符合用户需求的文本内容。,2024-10,generative ai,境内深度合成服务算法备案清单（2024年10月） (1).docx
AI工程师文本生成算法,服务提供者,山西凹凸时空智能科技有限公司,AI工程师(APP),应用于对话生成场景，根据用户输入的文本内容，生成符合用户需求的文本回复。,2024-10,generative ai,境内深度合成服务算法备案清单（2024年10月） (1).docx
力维智联灾情预警图像生成算法,服务技术支持者,深圳力维智联技术有限公司,--,应用于图像生成场景，服务于企业端客户，根据用户输入的场景图像和相关文本指令，生成火灾、内涝、雪灾等灾情场景的图像。,2024-10,generative ai,境内深度合成服务算法备案清单（2024年10月） (1).docx
简视科技声音印记声音克隆模型算法-1,服务提供者,武汉简视科技有限公司,微大使客户端(APP),应用于语音生成场景，根据输入的声音片段和文字，生成保留原声音特色和语调情绪的多语种语音。,2024-10,generative ai,境内深度合成服务算法备案清单（2024年10月） (1).docx
粤桨分拣图生文算法,服务提供者,广东粤桨产业科技有限公司,“千手智拣”分拣设备系统(其他),应用于文本生成场景，根据摄像头拍摄并上传检测物料的多个角度图像，生成瑕疵品文本形式的代码信息。,2024-10,generative ai,境内深度合成服务算法备案清单（2024年10月） (1).docx
快康大模型算法,服务提供者,广州快康智能科技有限公司,快康AI助手(APP)、快康AI助手(小程序),应用于对话生成场景，根据用户输入的咨询问题，生成饮食运动评价、食物热量分析等内容。,2024-10,generative ai,境内深度合成服务算法备案清单（2024年10月） (1).docx
Q学友培训视频课件的数智生成算法,服务提供者,深圳市企鹅网络科技有限公司,Q学友(网站),应用于视频生成场景，根据用户输入的音频、视频数据，生成唇音同步的新视频。,2024-10,generative ai,境内深度合成服务算法备案清单（2024年10月） (1).docx
盈豪对话生成算法,服务提供者,广西盈豪科技有限公司,Sara文生视频(APP),应用于对话生成场景，根据用户输入的文本内容，生成对话文本回复。,2024-10,generative ai,境内深度合成服务算法备案清单（2024年10月） (1).docx
博汇慧视多模态内容分析大模型算法,服务技术支持者,北京市博汇科技股份有限公司,--,应用于文本音频生成场景，服务于企业端客户，根据用户输入的文本、音频、视频、图像，生成相应的文本、音频。,2024-10,generative ai,境内深度合成服务算法备案清单（2024年10月） (1).docx
云川图像生成算法,服务提供者,长沙云川信息技术有限公司,变脸助手(APP),应用于图像生成场景，将用户上传的照片与特定模板进行面部融合，生成融合后的人脸图像。,2024-10,generative ai,境内深度合成服务算法备案清单（2024年10月） (1).docx
AI照片修复仪换装生成算法,服务提供者,郑州俊盈网络科技有限公司,AI照片修复仪(APP),应用于图像生成场景，根据用户输入的模特图和服装图，生成换装图像。,2024-10,generative ai,境内深度合成服务算法备案清单（2024年10月） (1).docx
集之数字人2D唇形驱动模型算法,服务提供者,上海集之数字科技有限公司,数字孪生(网站),应用于数字人视频生成场景，根据用户输入的音频、图像，生成数字人形象的视频。,2024-10,generative ai,境内深度合成服务算法备案清单（2024年10月） (1).docx
一知文本生成算法,服务提供者,杭州一知智能科技有限公司,一知智能呼叫中心(网站),应用于对话生成场景，根据用户输入的文本内容，生成符合用户需求的文本回复。,2024-10,generative ai,境内深度合成服务算法备案清单（2024年10月） (1).docx
一知音频生成算法,服务提供者,杭州一知智能科技有限公司,一知智能呼叫中心(网站),应用于语音生成场景，根据用户输入的文本信息，生成对应语言特征和语义信息的音频内容。,2024-10,generative ai,境内深度合成服务算法备案清单（2024年10月） (1).docx
晓耘AI文本对话生成算法,服务提供者,北京京师励耘教育科技有限公司,知心慧语智能答疑系统(网站),应用于文本生成场景，根据用户输入的文本内容，生成符合用户意图的文本回复。,2024-10,generative ai,境内深度合成服务算法备案清单（2024年10月） (1).docx
亦心AI大模型算法,服务提供者,北京亦心科技有限公司,亦心AI(网站)、亦心AI闪绘(APP)、悟空图像(其他),应用于图像生成场景，根据用户输入的文本、图像，生成符合用户需求的图像内容。,2024-10,generative ai,境内深度合成服务算法备案清单（2024年10月） (1).docx
法大大合同信息抽取和风险审查算法,服务提供者,深圳法大大网络科技有限公司,法大大签管一体化平台(网站),应用于文本生成场景，根据用户输入的合同信息，生成符合用户需求的合同关键信息、潜在风险点等文本内容。,2024-10,generative ai,境内深度合成服务算法备案清单（2024年10月） (1).docx
华数云职业规划大语言模型算法,服务提供者,广州华数云计算有限公司,人才岗位胜任力评估测试(小程序),应用于对话生成场景，根据用户输入的文本内容，生成符合用户需求的文本回复。,2024-10,generative ai,境内深度合成服务算法备案清单（2024年10月） (1).docx
祖玛数字人生成算法,服务提供者,杭州祖玛科技有限公司,数智人脉(APP)、数智人脉(小程序)、祖玛商务视频彩铃(小程序)、数智人脉(其他),应用于数字人视频生成场景，根据用户输入的音频、文本、照片，生成数字人视频。,2024-10,generative ai,境内深度合成服务算法备案清单（2024年10月） (1).docx
猎聘Lily智能顾问生成算法,服务提供者,同道精英(天津)信息技术有限公司,猎聘(APP)、猎聘网(网站),应用于对话生成场景，根据用户输入的求职相关的咨询内容或招聘需求，生成符合用户需求的文本回复。,2024-10,generative ai,境内深度合成服务算法备案清单（2024年10月） (1).docx
方太智能交互大模型算法,服务提供者,杭州方太智能科技有限公司,方太家电智能交互服务(其他),应用于文本、语音生成场景，根据用户输入的语音信息，生成符合用户需求的文本内容或转换为语音进行输出。,2024-10,generative ai,境内深度合成服务算法备案清单（2024年10月） (1).docx
阿几智能图像合成算法,服务提供者,上海阿几网络技术有限公司,Kreatr(网站)、Arkie(网站),应用于图像生成场景，根据用户输入的文本、图像信息，生成符合用户需求的图像。,2024-10,generative ai,境内深度合成服务算法备案清单（2024年10月） (1).docx
万象多模态内容生成算法,服务提供者,四川抛物线科技有限公司,万象AI(APP)、万象AI助手(小程序)、万象AI(网站),应用于文本图像生成场景，根据用户输入的文本信息，生成符合用户需求的文本、图像内容。,2024-10,generative ai,境内深度合成服务算法备案清单（2024年10月） (1).docx
AIHoney文本信息合成算法,服务提供者,武汉细语科技有限公司,AI Honey(APP),应用于对话生成场景，根据用户输入的文本内容，生成符合用户需求的文本回复。,2024-10,generative ai,境内深度合成服务算法备案清单（2024年10月） (1).docx
小语大模型算法,服务提供者,上海微芒科技有限公司,小语老师(APP),应用于语音生成场景，根据用户输入的语音信息，生成符合用户需求的文本内容，转换为语音进行输出。,2024-10,generative ai,境内深度合成服务算法备案清单（2024年10月） (1).docx
七智慧心文本生成大模型算法,服务提供者,杭州七智慧心科技有限公司,慧心智聊(小程序)、慧心助手(APP)、慧心教学(APP),应用于对话生成场景，根据用户输入的文本信息，生成符合用户需求的文本回复。,2024-10,generative ai,境内深度合成服务算法备案清单（2024年10月） (1).docx
联友墨研大模型合成算法,服务技术支持者,深圳联友科技有限公司,--,应用于对话生成场景，服务于企业端客户，根据用户输入的文本内容，生成符合用户需求的文本或图像回复。,2024-10,generative ai,境内深度合成服务算法备案清单（2024年10月） (1).docx
MIX智能文本生成算法,服务提供者,上海镁信健康科技集团股份有限公司,MIX智能理赔(小程序)、MIX大模型(网站),应用智能对话场景，根据用户输入的文本信息，生成符合用户需求的文本回复。,2024-10,generative ai,境内深度合成服务算法备案清单（2024年10月） (1).docx
柏星龙星辰创意多模态算法,服务提供者,深圳市柏星龙创意包装股份有限公司,创慧星辰(网站)、创慧星辰(小程序),应用于文本图像生成场景，根据用户输入的文本信息，生成符合用户需求的文本或图像。,2024-10,generative ai,境内深度合成服务算法备案清单（2024年10月） (1).docx
自然语义文本生成算法,服务技术支持者,自然语义(青岛)科技有限公司,--,应用于文本生成场景，服务于企业端客户，根据用户输入的文本信息，生成符合用户需求的文本回复。,2024-10,generative ai,境内深度合成服务算法备案清单（2024年10月） (1).docx
希望信息文本生成服务算法,服务提供者,宁夏希望信息产业股份有限公司,政务服务小宁办事助手(网站),应用于对话生成场景，根据用户输入的文本信息，生成符合用户需求的文本回复。,2024-10,generative ai,境内深度合成服务算法备案清单（2024年10月） (1).docx
文相图片生成算法,服务提供者,广州市文路信息技术有限公司,文相(网站),应用于图像生成场景，根据用户输入的文本，生成符合用户输入语料语义的图像。,2024-10,generative ai,境内深度合成服务算法备案清单（2024年10月） (1).docx
慧政大模型生成合成算法,服务提供者,北京中科汇联科技股份有限公司,慧政大模型(网站),应用于对话生成场景，根据用户输入的文本信息，理解用户的问题，生成符合用户需求的文本回复。,2024-10,generative ai,境内深度合成服务算法备案清单（2024年10月） (1).docx
爱奇艺奇智大模型算法,服务提供者,北京爱奇艺科技有限公司,爱奇艺(APP),应用于文本生成场景，根据用户输入的文本，生成符合用户剧情问答、情感陪伴需求的文本内容。,2024-10,generative ai,境内深度合成服务算法备案清单（2024年10月） (1).docx
金月科技话知音无极智汇图文混合算法,服务提供者,金月科技有限公司,AI兔平台(网站),应用于文本生成场景，根据用户输入的文本、图片等数据，生成符合用户需求的文本内容。,2024-10,generative ai,境内深度合成服务算法备案清单（2024年10月） (1).docx
pupuAI智能对话算法-1,服务提供者,成都邮征天下信息技术有限公司,PUPU智能AI阅读助手(小程序),应用于对话生成场景，根据用户输入的文本、音频信息，生成符合用户需求的文本、音频回复。,2024-10,generative ai,境内深度合成服务算法备案清单（2024年10月） (1).docx
数智八斗大模型算法,服务技术支持者,以萨技术股份有限公司,--,应用于文本生成场景，服务于企业端客户，根据用户输入的文本信息，生成符合用户需求的文本内容。,2024-10,generative ai,境内深度合成服务算法备案清单（2024年10月） (1).docx
触站AI绘画生成算法,服务提供者,广州触站科技有限公司,触站AI(网站)、触站AI(APP),应用于图像生成场景，根据用户输入的文本、图像信息，生成符合用户需求的图像内容。,2024-10,generative ai,境内深度合成服务算法备案清单（2024年10月） (1).docx
智联i慧答生成算法,服务提供者,北京网聘信息技术有限公司,智联招聘(APP)、智联招聘(网站),应用于对话生成场景，根据用户输入的文本信息，生成符合用户需求的文本回复。,2024-10,generative ai,境内深度合成服务算法备案清单（2024年10月） (1).docx
数字礼民图片生成算法,服务提供者,上海春亦昇昇网络科技有限公司,数字礼民(小程序),应用于图像生成场景，根据用户输入的文本、图像信息，生成符合用户需求的图像内容。,2024-10,generative ai,境内深度合成服务算法备案清单（2024年10月） (1).docx
极石车载交互文本生成算法,服务提供者,上海洛轲智能科技有限公司,车载语音对话服务(其他),应用于对话生成场景，根据用户输入的文本信息，生成符合用户需求的文本回复。,2024-10,generative ai,境内深度合成服务算法备案清单（2024年10月） (1).docx
天鹤云想数字人算法,服务提供者,上海天鹤云想科技有限公司,库伊拉AI助理(小程序),应用于数字人视频生成场景，根据用户输入的音频、视频，生成数字人视频。,2024-10,generative ai,境内深度合成服务算法备案清单（2024年10月） (1).docx
小聚多模态生成算法,服务提供者,安徽猿创家智能科技有限公司,AI小聚(网站)、AI小聚(APP)、AI小聚(小程序),应用于文本图像生成场景，根据用户输入的文本、图像，生成符合用户需求的文本、图像内容。,2024-10,generative ai,境内深度合成服务算法备案清单（2024年10月） (1).docx
小蜜蜂智能对话算法,服务提供者,上海华兴数字科技有限公司,易维讯(APP),应用于对话生成场景，根据用户输入的文本信息，生成符合用户需求的文本回复。,2024-10,generative ai,境内深度合成服务算法备案清单（2024年10月） (1).docx
妙笔AI生成合成类算法,服务提供者,北京元跃科技有限公司,妙笔AI(APP),应用于文本音频图像生成场景，根据用户输入的文本、音频信息，生成符合用户需求的文本、音频、图像内容，实现语音转文本、文本生成、图像生成、语音合成等功能。,2024-10,generative ai,境内深度合成服务算法备案清单（2024年10月） (1).docx
巅峰智能客服对话生成算法,服务技术支持者,厦门巅峰科技有限公司,--,应用于文本图像生成场景，服务于企业端客户，根据用户输入的文本信息，生成相应的文本、图像内容。,2024-10,generative ai,境内深度合成服务算法备案清单（2024年10月） (1).docx
经传智能研报问答算法,服务提供者,广州经传多赢投资咨询有限公司,AI助手(其他),应用于对话生成场景，根据用户输入的文本信息及检索到的文档片段，生成符合用户需求的文本回复。,2024-10,generative ai,境内深度合成服务算法备案清单（2024年10月） (1).docx
如一智能数字人合成算法,服务技术支持者,芜湖如一智能科技有限公司,--,应用于数字人视频生成场景，服务于企业端客户，根据用户输入的文本、视频等信息，生成符合用户需求的数字人视频。,2024-10,generative ai,境内深度合成服务算法备案清单（2024年10月） (1).docx
绘镜AI生成算法,服务提供者,上海绘镜网络科技有限公司,醒蓝AI(网站),应用于图像生成场景，根据用户输入的文本、图像等信息，生成符合用户需求的图像。,2024-10,generative ai,境内深度合成服务算法备案清单（2024年10月） (1).docx
Deepexi对话生成算法,服务技术支持者,北京滴普科技有限公司,--,应用于文本生成场景，服务于企业端客户，根据用户输入的文本信息，生成符合用户需求的文本回复。,2024-10,generative ai,境内深度合成服务算法备案清单（2024年10月） (1).docx
四维星AI大模型算法,服务提供者,南京四维星软件有限公司,四维星移动版(APP),应用于图像生成场景，根据用户输入的文本信息，生成符合用户需求的图像。,2024-10,generative ai,境内深度合成服务算法备案清单（2024年10月） (1).docx
小窗模诗大模型算法,服务技术支持者,广州小窗智能科技有限公司,--,应用于文本生成场景，服务于企业端客户，根据用户输入的文本信息，生成符合用户需求的文本内容。,2024-10,generative ai,境内深度合成服务算法备案清单（2024年10月） (1).docx
易视星空交互式多能型合成算法,服务提供者,易视星空科技无锡有限公司,智多星(APP),应用于对话生成场景，根据用户输入的文本信息，生成符合用户需求的文本回复。,2024-10,generative ai,境内深度合成服务算法备案清单（2024年10月） (1).docx
仟言Talkiin认知大模型算法,服务提供者,仟言科技（佛山）有限公司,Talkiin AI(网站),应用于文本生成场景，根据用户输入的文本、音频、图像，生成符合用户需求的文本内容。,2024-10,generative ai,境内深度合成服务算法备案清单（2024年10月） (1).docx
锋伟网络2D数字人视频合成算法,服务提供者,深圳市锋伟网络科技有限公司,锋伟网络科技数字人(网站),应用于数字人视频生成场景，根据用户输入的文本、音频、图像、视频，生成数字人视频内容。,2024-10,generative ai,境内深度合成服务算法备案清单（2024年10月） (1).docx
天禧对话生成算法,服务提供者,联想（北京）有限公司,联想小天(APP)、联想应用商店(APP)、联想浏览器(APP)、AI学习(APP)、联想电脑管家(APP)、乐享(网站)、AI全局输入(APP)、AI便签(APP)、乐享(APP)、乐享(小程序)、智慧识屏(APP)、想帮帮(网站)、天骄学堂(APP),应用于对话生成场景，根据用户输入的文本、音频信息，生成符合用户需求的文本、音频回复。,2024-10,generative ai,境内深度合成服务算法备案清单（2024年10月） (1).docx
轻舟晓法大语言模型算法,服务技术支持者,武汉金山云信息技术有限公司,--,应用于文本生成场景，服务于企业端客户，根据用户输入的文本信息，生成符合用户需求的文本内容。,2024-10,generative ai,境内深度合成服务算法备案清单（2024年10月） (1).docx
源流人脸合成算法,服务提供者,深圳市源流计算科技有限公司,焦糖相机(APP)、拍鸭(APP),应用于图像、视频生成场景，将用户上传的图像与图像模板或视频模板中的人脸特征进行融合，生成具有特定人物属性的新图像或视频。,2024-10,generative ai,境内深度合成服务算法备案清单（2024年10月） (1).docx
小艾智能对话生成算法,服务提供者,泉州小艾科技有限公司,小艾AI智能伙伴(小程序),应用于对话生成场景，根据用户输入的文本、图像，生成符合用户需求的文本、图像、音频内容。,2024-10,generative ai,境内深度合成服务算法备案清单（2024年10月） (1).docx
小米影像大模型算法,服务技术支持者,美卓软件设计（北京）有限公司,--,应用于图像生成场景，服务于企业端客户，根据用户输入的图像，生成符合用户需求的图像。,2024-10,generative ai,境内深度合成服务算法备案清单（2024年10月） (1).docx
智合信语音合成算法,服务技术支持者,智合信（北京）管理咨询有限公司,--,应用于语音生成场景，服务于企业端客户，根据用户输入的文本信息，生成符合用户需求的语音。,2024-10,generative ai,境内深度合成服务算法备案清单（2024年10月） (1).docx
万物引力语言大模型算法,服务提供者,万物引力科技（北京）有限公司,多说Talkface(APP)、多说英语口语(小程序)、多说Talkface(网站),应用于对话生成场景，根据用户输入的文本信息，生成符合用户需求的文本回复。,2024-10,generative ai,境内深度合成服务算法备案清单（2024年10月） (1).docx
海南信通联信小T生成式大模型Ai算法,服务提供者,海南省信息通信有限公司,联信小T(网站),应用于对话生成场景，根据用户输入的文本信息，生成符合用户需求的文本或图像回复。,2024-10,generative ai,境内深度合成服务算法备案清单（2024年10月） (1).docx
蜀天云数智能文本生成算法,服务技术支持者,工业云制造（四川）创新中心有限公司,--,应用于文本生成场景，服务于企业端客户，根据用户输入的文本信息，生成符合用户需求的文本回复。,2024-10,generative ai,境内深度合成服务算法备案清单（2024年10月） (1).docx
跃然创新语音文字转换算法,服务提供者,深圳跃然创新科技有限公司,HaiviviPark(APP)、HaiviviPal(APP),应用于对话生成场景，根据用户输入的语音信息，生成符合用户需求的语音回复。,2024-10,generative ai,境内深度合成服务算法备案清单（2024年10月） (1).docx
小迈文生视频合成算法,服务提供者,广州小迈网络科技有限公司,趣妙(APP)、aimax(APP),应用于视频生成场景，根据用户输入的文本信息，生成符合用户需求的视频。,2024-10,generative ai,境内深度合成服务算法备案清单（2024年10月） (1).docx
TalkMe语言学习大模型算法,服务提供者,北京天天进步智能科技有限公司,ListenLeap(APP)、TalkMe(APP)、哆啦贝塔(小程序),应用于对话生成场景，根据用户输入的文本、语音信息，生成符合用户需求的文本或语音回复。,2024-10,generative ai,境内深度合成服务算法备案清单（2024年10月） (1).docx
声通语音识别算法,服务技术支持者,上海声通信息科技股份有限公司,--,应用于语言识别场景，服务于企业端客户，根据用户输入的音频信息，生成符合用户需求的文本。,2024-10,generative ai,境内深度合成服务算法备案清单（2024年10月） (1).docx
微医医疗大模型算法,服务技术支持者,微医云（杭州）控股有限公司,--,应用于文本生成场景，服务于企业端客户，根据用户输入的文本信息，生成符合用户需求的文本回复。,2024-10,generative ai,境内深度合成服务算法备案清单（2024年10月） (1).docx
深势科技智能科学文献内容合成算法,服务提供者,北京深势科技有限公司,Uni-Finder(网站),应用于对话生成场景，根据用户输入的文本、图像信息，生成符合用户需求的文本回复。,2024-10,generative ai,境内深度合成服务算法备案清单（2024年10月） (1).docx
格物多模态生成式大模型算法,服务提供者,中译语通科技股份有限公司,格物多模态生成式大模型算法平台(APP),应用于多模态内容生成场景，根据用户输入的文本、图像、音视频等信息，生成符合用户需求的文本、图像、音视频等回复。,2024-10,generative ai,境内深度合成服务算法备案清单（2024年10月） (1).docx
营客家居文本生成算法,服务提供者,广州营客信息科技有限公司,营客科技(网站),应用于对话生成场景，根据用户输入的文本信息，生成符合用户需求的文本回复。,2024-10,generative ai,境内深度合成服务算法备案清单（2024年10月） (1).docx
中移动视频多模态识别算法,服务技术支持者,中移动信息技术有限公司,--,应用于对话生成场景，服务于企业端客户，根据用户输入的文本、图像信息，生成符合用户需求的文本、图像回复。,2024-10,generative ai,境内深度合成服务算法备案清单（2024年10月） (1).docx
浪潮灵犀有言文本生成算法,服务技术支持者,浪潮软件股份有限公司,--,应用于文本生成场景，服务于企业端客户，根据用户输入的文本信息，生成符合用户需求的文本回复。,2024-10,generative ai,境内深度合成服务算法备案清单（2024年10月） (1).docx
绿盟风云卫安全大模型NSFGPT算法,服务提供者,北京神州绿盟科技有限公司,2024 NSFOCUS 绿盟科技(网站),应用于对话生成场景，根据用户输入的文本信息，生成符合用户需求的文本等回复。,2024-10,generative ai,境内深度合成服务算法备案清单（2024年10月） (1).docx
ChatGot文字生成语音算法,服务提供者,海南飞将军网络科技有限公司,ChatGot(网站)、ChatGot(小程序)、ChatGot(APP),应用于语音合成场景，根据用户输入的文本信息，生成符合用户需求的音频回复。,2024-10,generative ai,境内深度合成服务算法备案清单（2024年10月） (1).docx
城市象限文本生成算法,服务提供者,北京城市象限科技有限公司,数字社工(小程序)、社绘AI(小程序),应用于对话生成场景，根据用户输入的文本、图像信息，生成符合用户需求的文本回复。,2024-10,generative ai,境内深度合成服务算法备案清单（2024年10月） (1).docx
ChatGot语音生成文字算法,服务提供者,海南飞将军网络科技有限公司,ChatGot(网站)、ChatGot(小程序)、ChatGot(APP),应用于文本生成场景，根据用户输入的音频信息，生成符合用户需求的文本。,2024-10,generative ai,境内深度合成服务算法备案清单（2024年10月） (1).docx
名人朋友圈X智能对话生成算法,服务提供者,武汉华中时讯科技有限责任公司,名人朋友圈(APP),应用于文本生成场景，根据用户输入的文本信息，生成符合用户需求的文本回复。,2024-10,generative ai,境内深度合成服务算法备案清单（2024年10月） (1).docx
天翼爱音乐文生图生成算法,服务提供者,天翼爱音乐文化科技有限公司,爱音乐(APP)、爱音乐炫彩门户（H5）(网站)、政企 5G 视频彩铃(小程序)、视频彩铃剪辑(小程序)、热门视频彩铃(小程序)、热门 VIP 悦会员(小程序),应用于图像生成场景，根据用户输入的文本、图像信息，生成符合用户需求的图像。,2024-10,generative ai,境内深度合成服务算法备案清单（2024年10月） (1).docx
码全灵犀智能助手算法,服务提供者,杭州码全信息科技有限公司,灵犀知识库(网站),应用文本生成场景，根据用户输入的文本信息，生成符合用户需求的文本回复。,2024-10,generative ai,境内深度合成服务算法备案清单（2024年10月） (1).docx
帝视图像生成算法,服务提供者,福建帝视科技集团有限公司,修图家(小程序)、爱旅拍(APP)、修图家(APP),应用于图像生成场景，根据用户输入的文本、图像信息，生成符合用户需求的图像。,2024-10,generative ai,境内深度合成服务算法备案清单（2024年10月） (1).docx
九天营销服务大模型算法,服务技术支持者,中移动信息技术有限公司,--,应用于对话生成场景，服务于企业端客户，根据用户输入的文本信息，生成符合用户需求的文本回复。,2024-10,generative ai,境内深度合成服务算法备案清单（2024年10月） (1).docx
通通智能对话多模态大模型算法,服务提供者,海南通通智能科技有限公司,通通(APP),应用于对话生成场景，根据用户输入的文本、图像、音视频信息，生成符合用户需求的文本、图像、音视频回复。,2024-10,generative ai,境内深度合成服务算法备案清单（2024年10月） (1).docx
湛卢代码生成算法-1,服务提供者,中移（苏州）软件技术有限公司,湛卢代码助手(APP),应用于对话生成场景，根据用户输入的文本信息，生成符合用户需求的文本回复。,2024-10,generative ai,境内深度合成服务算法备案清单（2024年10月） (1).docx
水木智法生成合成算法,服务提供者,海南欧鹏智能科技有限公司,水木智法(网站)、水木智法(小程序),应用于对话生成场景，根据用户输入的文本信息，生成符合用户需求的文本回复。,2024-10,generative ai,境内深度合成服务算法备案清单（2024年10月） (1).docx
地瓜大模型算法,服务提供者,安谷科技股份有限公司,地瓜AI(APP),应用于对话生成场景，根据用户输入的文本、图像、音频、视频信息，生成符合用户需求的文本回复。,2024-10,generative ai,境内深度合成服务算法备案清单（2024年10月） (1).docx
木铎文本生成合成算法,服务技术支持者,西安朝烨阳创信息科技有限公司,--,应用于文本生成场景，服务于企业端客户，根据用户输入的文本信息，生成符合用户需求的文本回复。,2024-10,generative ai,境内深度合成服务算法备案清单（2024年10月） (1).docx
PAMIRS基于蛋白质口袋的分子性质预测算法,服务提供者,长沙悦安科技有限公司,AI驱动的一站式创新药发现平台PAMIRS(网站),应用于药物研发场景，根据用户输入的文本信息，生成符合用户需求的文本回复。,2024-10,generative ai,境内深度合成服务算法备案清单（2024年10月） (1).docx
音悦荚乐谱信息生成算法,服务提供者,南京音悦荚科技发展有限公司,Lamucal(APP)、Lamucal(网站),应用于文本生成场景，根据用户输入的音频信息，生成符合用户需求的文本回复，实现歌曲到曲谱、和弦、旋律的文本信息生成的功能。,2024-10,generative ai,境内深度合成服务算法备案清单（2024年10月） (1).docx
可见波数字人生成算法,服务提供者,深圳市可见波科技有限公司,可见波数字人(网站),应用于数字人生成场景，根据用户输入的文本、图像、音频信息，生成用户所需的音视频。,2024-10,generative ai,境内深度合成服务算法备案清单（2024年10月） (1).docx
寻寻智讯AIX图文生成算法,服务提供者,南京丰讯骏景信息科技有限公司,寻寻(APP),应用于文本图像生成场景，根据用户输入的文本和图像信息，生成符合用户需求的文本、图像回复。,2024-10,generative ai,境内深度合成服务算法备案清单（2024年10月） (1).docx
极豆文字识别算法,服务技术支持者,上海极豆科技有限公司,--,应用于文本生成场景，服务于企业端客户，根据用户输入的图片信息，生成符合用户需求的文本。,2024-10,generative ai,境内深度合成服务算法备案清单（2024年10月） (1).docx
力维智联动环智能运维大模型生成算法,服务技术支持者,深圳力维智联技术有限公司,--,应用于文本生成场景，服务于企业端客户，根据用户输入的文本信息，生成符合用户需求的文本回复。,2024-10,generative ai,境内深度合成服务算法备案清单（2024年10月） (1).docx
百川多模态大模型算法-1,服务技术支持者,北京百川智能科技有限公司,--,应用于多模态内容生成场景，服务于企业端客户，根据用户输入的提示词、图像、音视频等内容，生成文本、图像、视频回复。,2024-10,generative ai,境内深度合成服务算法备案清单（2024年10月） (1).docx
云码智能内容生成算法,服务技术支持者,通义云启（杭州）信息技术有限公司,--,应用于文本、图像、视频生成场景，服务于企业端客户，根据输入的提示词、图像等，生成文本、图像、视频。,2024-10,generative ai,境内深度合成服务算法备案清单（2024年10月） (1).docx
边界AIchat文本生成算法,服务提供者,中山市域方网络科技有限公司,边界AIchat(APP)、边界AIchat(网站),应用于对话生成场景，根据用户输入的文本、图形、音频、视频信息，生成符合用户需求的文本回复。,2024-10,generative ai,境内深度合成服务算法备案清单（2024年10月） (1).docx
边界AIchat图片生成算法,服务提供者,中山市域方网络科技有限公司,边界AIchat(APP)、边界AIchat(网站),应用于图像生成场景，根据用户输入的文本、图像信息，生成符合用户需求的图像。,2024-10,generative ai,境内深度合成服务算法备案清单（2024年10月） (1).docx
三维家AI图像生成合成算法,服务技术支持者,广东三维家信息科技有限公司,--,应用于图像生成场景，服务于企业端客户，根据用户输入的文本、图像信息，生成符合用户需求的图像。,2024-10,generative ai,境内深度合成服务算法备案清单（2024年10月） (1).docx
司马阅智能文档解读生成合成算法,服务提供者,成都三生万物科技有限公司,司马阅(网站),应用于对话生成场景，根据用户输入的文本信息，生成符合用户需求的文本回复。,2024-10,generative ai,境内深度合成服务算法备案清单（2024年10月） (1).docx
漫月文本生成算法,服务提供者,阜阳漫月网络科技有限公司,念念AI(APP),应用于对话生成场景，根据用户输入的文本信息，生成符合用户需求的文本回复。,2024-10,generative ai,境内深度合成服务算法备案清单（2024年10月） (1).docx
安稻护肤咨询文本生成合成算法,服务提供者,深圳安道客网络科技有限公司,安稻护肤(APP),应用于对话生成场景，根据用户输入的文本信息，生成符合用户需求的文本回复。,2024-10,generative ai,境内深度合成服务算法备案清单（2024年10月） (1).docx
无忧智能文本生成算法,服务提供者,长沙无忧童话科技有限公司,AI伴侣(APP),应用于对话生成场景，根据用户输入的文本信息，生成符合用户需求的文本回复。,2024-10,generative ai,境内深度合成服务算法备案清单（2024年10月） (1).docx
金蝶Cosmic智能问答算法-2,服务提供者,金蝶软件（中国）有限公司,Boss助理(APP)、金蝶云星瀚(网站)、金蝶云苍穹(网站)、金蝶云社区(网站)、金蝶云星空(网站),应用于对话生成场景，根据用户输入的文本信息，生成符合用户需求的文本回复。,2024-10,generative ai,境内深度合成服务算法备案清单（2024年10月） (1).docx
数科文本生成算法,服务技术支持者,北京数科网维技术有限责任公司,--,应用于对话生成场景，服务于企业端客户，根据用户输入的文本信息，生成符合用户需求的文本回复。,2024-10,generative ai,境内深度合成服务算法备案清单（2024年10月） (1).docx
麦小记文生文内容生成算法-2,服务提供者,北京记下文化有限公司,麦小记(APP),应用于对话生成场景，根据用户输入的文本信息，生成符合用户需求的文本回复。,2024-10,generative ai,境内深度合成服务算法备案清单（2024年10月） (1).docx
库伊拉文生图合成算法,服务提供者,上海天鹤云想科技有限公司,库伊拉AI助理(小程序),应用于图像生成场景，根据用户输入的文本信息，生成符合用户需求的图像。,2024-10,generative ai,境内深度合成服务算法备案清单（2024年10月） (1).docx
能迪文本生成算法,服务提供者,广州能迪云服务科技有限公司,能迪天罡(APP)、能迪天罡(网站)、能迪天罡(小程序),应用于对话生成场景，根据用户输入的文本信息，生成符合用户需求的文本回复。,2024-10,generative ai,境内深度合成服务算法备案清单（2024年10月） (1).docx
微鲤多模态合成算法,服务提供者,北京微鲤科技有限公司,微小鲤(APP),应用于对话生成场景，根据用户输入的文本、图像和音频信息，生成符合用户需求的文本或音频回复。,2024-10,generative ai,境内深度合成服务算法备案清单（2024年10月） (1).docx
时优生成合成类算法,服务提供者,广州时优科技有限公司,时优AI助手(其他),应用于文本图像生成场景，根据用户输入的文本，生成景点介绍、宣传图文等文本图片内容。,2024-10,generative ai,境内深度合成服务算法备案清单（2024年10月） (1).docx
碧优蒂游戏AI算法,服务提供者,深圳零点一娱乐科技有限公司,碧优蒂的世界(其他),应用于对话生成场景，根据用户输入的文本信息，生成符合用户需求的文本回复。,2024-10,generative ai,境内深度合成服务算法备案清单（2024年10月） (1).docx
浪潮智慧城市九霄知言大模型算法-1,服务提供者,浪潮智慧城市科技有限公司,浪潮智慧城市·九霄知言大模型(网站),应用于对话生成场景，根据用户输入的文本信息，生成符合用户需求的文本回复。,2024-10,generative ai,境内深度合成服务算法备案清单（2024年10月） (1).docx
卡瓦文本生成算法,服务提供者,卡瓦科技（广州）有限公司,AIGenie(APP)、TalkBot(APP)、Chatknow(APP)、玩乐主义(APP),应用于对话生成场景，根据用户输入的文本信息，生成符合用户需求的文本回复。,2024-10,generative ai,境内深度合成服务算法备案清单（2024年10月） (1).docx
潮际好麦虚拟试衣合成算法,服务技术支持者,潮际汇（杭州）智能科技有限公司,--,应用于图像生成场景，服务于企业端客户，根据用户输入的鞋服图像和人物身体图像，生成符合用户需求的新图像。,2024-10,generative ai,境内深度合成服务算法备案清单（2024年10月） (1).docx
友福人工智能人脸融合算法,服务提供者,深圳市龙岗区友福人工智能软件开发工作室（个体工商户）,友福Ai(小程序),应用于图像生成场景，将用户上传的照片与特定模板进行面部融合，生成人脸融合后的图像。,2024-10,generative ai,境内深度合成服务算法备案清单（2024年10月） (1).docx
非我智客文本生成算法,服务提供者,北京非我科技有限责任公司,高校智能客服(网站),应用于对话生成场景，根据用户输入的文本信息，生成符合用户需求的文本回复。,2024-10,generative ai,境内深度合成服务算法备案清单（2024年10月） (1).docx
学库智能文本生成算法,服务提供者,学库科技（深圳）有限责任公司,厉害猫AI(网站),应用于对话生成场景，根据用户输入的文本信息，生成符合用户需求的文本回复。,2024-10,generative ai,境内深度合成服务算法备案清单（2024年10月） (1).docx
墨智空间文本生成算法,服务提供者,苏州墨融科技有限公司,墨智课程(网站)、墨智空间(APP)、墨智空间(网站)、墨智空间(小程序)、小墨陪练(APP)、小墨陪练(小程序),应用于对话生成场景，根据用户输入的文本信息，生成符合用户需求的文本回复。,2024-10,generative ai,境内深度合成服务算法备案清单（2024年10月） (1).docx
星空教育大模型文本生成算法,服务提供者,北京竞业达数码科技股份有限公司,星空教育大模型文本生成算法(网站),应用于对话生成场景，根据用户输入的文本信息，生成符合用户需求的文本回复。,2024-10,generative ai,境内深度合成服务算法备案清单（2024年10月） (1).docx
谦贞文本及对话生成算法,服务提供者,杭州谦贞数字科技有限公司,你主动一点(APP),应用于对话生成场景，根据用户输入的文本信息，生成符合用户需求的文本回复。,2024-10,generative ai,境内深度合成服务算法备案清单（2024年10月） (1).docx
百川多模态大模型算法,服务提供者,北京百川智能科技有限公司,百川大模型(网站)、百小应(APP)、百小应(小程序),应用于对话生成场景，根据用户输入的文本、图像及音视频等信息，生成符合用户需求的文本、图像及音视频回复。,2024-10,generative ai,境内深度合成服务算法备案清单（2024年10月） (1).docx
博云代码大模型算法-1,服务提供者,江苏博云科技股份有限公司,博云科技(网站),应用于智能写作场景，根据用户输入的文本信息，生成符合用户需求的文本回复。,2024-10,generative ai,境内深度合成服务算法备案清单（2024年10月） (1).docx
博云代码大模型算法-2,服务技术支持者,江苏博云科技股份有限公司,--,应用于智能写作场景，服务于企业端客户，根据用户输入的文本信息，生成符合用户需求的文本回复。,2024-10,generative ai,境内深度合成服务算法备案清单（2024年10月） (1).docx
中智AI内容生成算法,服务提供者,中润人工智能（海南）集团有限公司,中智AI(网站),应用对话生成场景，根据用户输入的文本、图片信息，生成符合用户需求的文本、图片回复。,2024-10,generative ai,境内深度合成服务算法备案清单（2024年10月） (1).docx
斗鱼AI生视频算法,服务提供者,武汉斗鱼网络科技有限公司,斗鱼-超高清游戏直播视频娱乐平台(APP),应用于视频生成场景，根据用户输入的人脸图片、文本描述，生成与初始图片人脸一致性的序列风格图片，再将序列风格图片转换成视频。,2024-10,generative ai,境内深度合成服务算法备案清单（2024年10月） (1).docx
独响文本大模型算法,服务提供者,北京毛线球科技有限公司,独响(APP),应用于对话生成场景，根据用户输入的文本信息，生成符合用户需求的文本回复。,2024-10,generative ai,境内深度合成服务算法备案清单（2024年10月） (1).docx
TCL智能交互内容生成算法,服务提供者,深圳TCL新技术有限公司,TCL AI(APP),应用于对话生成场景，根据用户输入的文本信息，生成符合用户需求的文本回复。,2024-10,generative ai,境内深度合成服务算法备案清单（2024年10月） (1).docx
星坊科技珠宝首饰个性化定制生成算法,服务提供者,深圳星坊科技有限公司,饰云(小程序)、饰云(APP),应用于三维模型生成场景，根据用户输入的提示词和图片，生成三维的珠宝模型。,2024-10,generative ai,境内深度合成服务算法备案清单（2024年10月） (1).docx
天成视频智能领域聚类算法,服务提供者,北京天成通链科技有限公司,慧眸舆情卫士(网站),应用于文本生成场景，根据用户输入的视频信息，生成视频标注文本。,2024-10,generative ai,境内深度合成服务算法备案清单（2024年10月） (1).docx
影音智绘文本合成算法,服务提供者,北京影音智绘科技有限公司,趣剪(小程序)、趣剪(APP),应用于文本生成场景，根据用户输入的文本信息，生成符合用户需求的文本内容。,2024-10,generative ai,境内深度合成服务算法备案清单（2024年10月） (1).docx
医知桥内容生成深度合成算法,服务提供者,北京国知慧和科技有限公司,医知桥专利辅助研发系统(网站),应用于对话生成场景，根据用户输入的文本，生成符合用户需求的文本回复。,2024-10,generative ai,境内深度合成服务算法备案清单（2024年10月） (1).docx
EasyGPT智能体中台文本生成算法,服务提供者,北京圆心惠保科技有限公司,EasyGPT(网站),应用于对话生成场景，根据用户输入的文本，生成符合用户需求的文本回复。,2024-10,generative ai,境内深度合成服务算法备案清单（2024年10月） (1).docx
远至健康大模型算法,服务提供者,中科数字出版传媒有限公司,远至百姓健康助手(网站),应用于对话生成场景，根据用户输入的文本，生成医疗领域相关的文本回复。,2024-10,generative ai,境内深度合成服务算法备案清单（2024年10月） (1).docx
DeepThinkingAI设计系统图像生成算法,服务技术支持者,杭州深度思考人工智能有限公司,--,应用于图像生成场景，服务于企业端客户，根据用户输入的文本、图像信息，生成符合用户需求的图像内容。,2024-10,generative ai,境内深度合成服务算法备案清单（2024年10月） (1).docx
蝉妈妈内容生成算法,服务提供者,厦门蝉羽网络科技有限公司,蝉妈妈AI创作(小程序)、蝉妈妈(网站),应用于文本生成场景，根据用户输入的文本信息，生成符合用户需求的文本内容。,2024-10,generative ai,境内深度合成服务算法备案清单（2024年10月） (1).docx
未来地图DecisionGPTG决策超脑模型生成算法-1,服务提供者,未来地图（深圳）智能科技有限公司,AI阿尔法财预测师(网站),应用于对话生成场景，根据用户输入的文本，生成符合用户要求的文本回复。,2024-10,generative ai,境内深度合成服务算法备案清单（2024年10月） (1).docx
佳医智脑文本生成算法,服务提供者,北京悦世佳联健康技术有限公司,佳医智脑(网站)、佳医智脑(小程序),应用于对话生成场景，根据用户输入的文本和图像，生成符合用户需求的文本回复，主要用于医疗领域。,2024-10,generative ai,境内深度合成服务算法备案清单（2024年10月） (1).docx
凯睿隆誉Matrix图像合成算法,服务提供者,凯睿隆誉（成都）科技有限公司,Pettier裴蒂尔AI定制（抖音小程序）、Pettier裴蒂尔AI定制（微信小程序）、Pantas！(APP),应用于图像生成场景，根据用户输入的图像和选定的图像风格，生成符合选定风格的图像内容。,2024-10,generative ai,境内深度合成服务算法备案清单（2024年10月） (1).docx
九天文思办公大模型算法,服务技术支持者,中移动信息技术有限公司,--,应用于文本生成场景，服务于企业端客户，根据用户输入的文本信息，生成符合用户需求的文本内容。,2024-10,generative ai,境内深度合成服务算法备案清单（2024年10月） (1).docx
快鹭智能文本生成算法,服务技术支持者,深圳快鹭科技有限公司,--,应用于文本生成场景，服务于企业端客户，根据用户输入的文本信息，生成符合用户需求的文本内容。,2024-10,generative ai,境内深度合成服务算法备案清单（2024年10月） (1).docx
融洽数字科技深度合成算法,服务提供者,厦门融洽数字科技有限公司,RQ Aigent(网站),应用于对话生成场景，根据用户输入的文本信息，生成符合用户需求的文本内容。,2024-10,generative ai,境内深度合成服务算法备案清单（2024年10月） (1).docx
天翼爱音乐文生视频生成算法,服务提供者,天翼爱音乐文化科技有限公司,爱音乐(APP)、爱音乐炫彩门户（H5）(网站)、政企 5G 视频彩铃(小程序)、视频彩铃剪辑(小程序)、热门视频彩铃(小程序)、热门 VIP 悦会员(小程序),应用于视频生成场景，根据用户输入的文本、图像，生成符合用户需求的视频内容。,2024-10,generative ai,境内深度合成服务算法备案清单（2024年10月） (1).docx
软牛智能超分修复算法,服务提供者,深圳牛学长科技有限公司,牛小影(其他)、牛学长图像修复(其他),应用于图片视频编辑场景，根据用户输入的图片或视频，增强图片、视频的清晰度，生成修复后的图片、视频。,2024-10,generative ai,境内深度合成服务算法备案清单（2024年10月） (1).docx
科研加科研合成辅助算法,服务提供者,武汉莱博信息技术有限公司,科研加(网站),应用于对话生成场景，根据用户输入的文本信息，生成符合用户需求的文本回复。,2024-10,generative ai,境内深度合成服务算法备案清单（2024年10月） (1).docx
中移动IT运维大模型算法,服务技术支持者,中移动信息技术有限公司,--,应用于对话生成场景，服务于企业端客户，根据用户输入的文本信息，生成符合用户需求的文本回复。,2024-10,generative ai,境内深度合成服务算法备案清单（2024年10月） (1).docx
豆包企业版图片生成模型算法,服务技术支持者,北京抖音信息服务有限公司,--,应用于图片生成场景，服务于企业端客户，根据用户输入的文字和图片，生成用户所需要的图片。,2024-10,generative ai,境内深度合成服务算法备案清单（2024年10月） (1).docx
爱穿搭服装搭配智能生成算法,服务提供者,杭州爱穿搭网络有限公司,好搭盒子(APP),应用于图像生成场景，根据用户输入的人物图像，生成模特试穿效果图，实现虚拟试穿功能。,2024-10,generative ai,境内深度合成服务算法备案清单（2024年10月） (1).docx
灵云智言金融报告大模型生成算法,服务提供者,深圳市今日投资数据科技有限公司,灵云智言(网站)、灵云智言(小程序),应用于金融报告分析场景，根据用户输入的文本信息，生成符合用户需求的文本回复。,2024-10,generative ai,境内深度合成服务算法备案清单（2024年10月） (1).docx
豆包企业版语音识别模型算法,服务技术支持者,北京抖音信息服务有限公司,--,应用于文本生成场景，服务于企业端客户，将用户输入的音频识别为文字。,2024-10,generative ai,境内深度合成服务算法备案清单（2024年10月） (1).docx
堆友内容深度合成算法,服务提供者,杭州阿里巴巴海外信息技术有限公司,堆友(网站),应用于内容生成场景，根据输入的文字、图片等，生成用户需要的图片和视频。,2024-10,generative ai,境内深度合成服务算法备案清单（2024年10月） (1).docx
锐芽内容生成合成算法,服务提供者,深圳市锐芽互联网技术有限公司,锐芽智趣(APP),应用于对话生成场景，根据用户输入的文本信息，生成符合用户需求的文本回复。,2024-10,generative ai,境内深度合成服务算法备案清单（2024年10月） (1).docx
量子时代文生图合成算法,服务提供者,天津量子时代网络科技有限公司,画本故事(APP)、话本小说(APP),应用于图像生成场景，根据用户上传的图像或文字，生成符合用户需求的图片。,2024-10,generative ai,境内深度合成服务算法备案清单（2024年10月） (1).docx
汽车之家生成合成类仓颉模型算法,服务技术支持者,北京车之家信息技术有限公司,--,应用于对话生成场景，服务于企业端客户，根据用户输入的文本信息，生成符合用户需求的文本回复。,2024-10,generative ai,境内深度合成服务算法备案清单（2024年10月） (1).docx
趣闯生成式音频算法-2,服务技术支持者,广州趣闯网络科技有限公司,--,应用于音频生成场景，服务于企业端客户，根据用户上传的音频和文字，生成符合用户需求的音频。,2024-10,generative ai,境内深度合成服务算法备案清单（2024年10月） (1).docx
趣闯生成式音频算法-1,服务提供者,广州趣闯网络科技有限公司,视频翻译(网站),应用于音频生成场景，根据用户上传的音频和文字，生成符合用户需求的音频。,2024-10,generative ai,境内深度合成服务算法备案清单（2024年10月） (1).docx
Fusion医助大模型算法,服务提供者,福鑫数科（杭州）人工智能有限公司,Fusion医助大模型(网站),应用于对话生成场景，根据用户输入的文本信息，生成医疗领域相关的文本回复。,2024-10,generative ai,境内深度合成服务算法备案清单（2024年10月） (1).docx
趣闯生成式3D算法-1,服务提供者,广州趣闯网络科技有限公司,趣闯3D手办生成平台(网站),应用于3D模型生成场景，根据用户上传的图像或文字，生成特定风格的3D手办模型。,2024-10,generative ai,境内深度合成服务算法备案清单（2024年10月） (1).docx
趣闯生成式3D算法-2,服务技术支持者,广州趣闯网络科技有限公司,--,应用于3D模型生成场景，服务于企业端客户，根据用户上传的图像或文字，生成特定风格的3D手办模型。,2024-10,generative ai,境内深度合成服务算法备案清单（2024年10月） (1).docx
科瑞迪多模态内容生成合成算法,服务提供者,沈阳科瑞迪网络科技有限公司,AI机西(网站),应用于多模态内容生成场景，根据用户输入的文本、图像、视频数据，生成符合用户需求的文本、图像及视频内容。,2024-10,generative ai,境内深度合成服务算法备案清单（2024年10月） (1).docx
平安健康医博通智能生成算法,服务提供者,平安健康互联网股份有限公司,平安健康(APP),应用于对话生成场景，根据用户输入的文本信息，生成医疗领域相关的文本回复。,2024-10,generative ai,境内深度合成服务算法备案清单（2024年10月） (1).docx
讯盟多模态内容生成算法,服务提供者,浙江讯盟科技有限公司,AI医疗数字医生(小程序)、AI辅助诊疗系统(网站)、万语智库(网站)、AI备课(APP),应用于对话生成场景，根据用户输入的文本信息，生成符合用户需求的文本或图像回复。,2024-10,generative ai,境内深度合成服务算法备案清单（2024年10月） (1).docx
水木智远大模型算法,服务技术支持者,北京水木智远科技有限公司,--,应用于文本生成场景，服务于企业端客户，根据用户输入的文本信息，生成符合用户需求的文本回复。,2024-10,generative ai,境内深度合成服务算法备案清单（2024年10月） (1).docx
WPS文本生成算法-1,服务技术支持者,北京金山办公软件股份有限公司,--,应用于文本生成场景，服务于企业端客户，根据用户输入的文本信息，生成符合用户需求的文本回复。,2024-10,generative ai,境内深度合成服务算法备案清单（2024年10月） (1).docx
广州珑皇图像生成算法,服务提供者,广州珑皇传媒科技有限公司,速效救星丸(小程序),应用于图片生成领域，根据用户输入的文字和图片，生成用户需要的图片。,2024-10,generative ai,境内深度合成服务算法备案清单（2024年10月） (1).docx
大专家长城健康智能问答算法,服务提供者,上海明品医学数据科技有限公司,大专家(APP)、大专家医生版(APP),应用于对话生成场景，根据用户输入的文本信息，生成健康领域相关的文本回复。,2024-10,generative ai,境内深度合成服务算法备案清单（2024年10月） (1).docx
云学堂绚星访谈式萃取算法,服务提供者,江苏云学堂网络科技有限公司,云学堂AI-BEI智能访谈(网站),应用于对话生成场景，根据用户输入的文本、音频信息，生成符合用户需求的文本、音频回复。,2024-10,generative ai,境内深度合成服务算法备案清单（2024年10月） (1).docx
云法AI智能客服算法,服务提供者,北京云法天下科技有限公司,云法天下(小程序),应用于对话生成场景，根据用户输入的文本信息，生成符合用户需求的文本回复。,2024-10,generative ai,境内深度合成服务算法备案清单（2024年10月） (1).docx
零犀因果大语言模型算法,服务技术支持者,零犀一点通（北京）科技有限公司,--,应用于对话生成场景，服务于企业端客户，根据用户输入的文本信息，生成符合用户需求的文本回复。,2024-10,generative ai,境内深度合成服务算法备案清单（2024年10月） (1).docx
科技之眼金融领域智能问答文本生成算法-1,服务技术支持者,上海云本科技有限公司,--,应用于对话生成场景，服务于企业端客户，根据用户输入的文本信息，生成金融领域相关的文本回复。,2024-10,generative ai,境内深度合成服务算法备案清单（2024年10月） (1).docx
无他相机AI图像生成算法,服务提供者,上海本趣网络科技有限公司,无他相机(APP),应用于图像换脸场景，根据用户输入的人脸或宠物面部图像，与用户选择的图像模板进行融合，生成具有用户或宠物面部特征的全新图像。,2024-10,generative ai,境内深度合成服务算法备案清单（2024年10月） (1).docx
陌言文本生成算法,服务提供者,邢台陌言科技有限公司,陌言AI(网站)、陌言AI写作(小程序),应用于对话生成场景，根据用户输入的文本信息，生成符合用户需求的文本回复。,2024-10,generative ai,境内深度合成服务算法备案清单（2024年10月） (1).docx
小北健康文本合成算法,服务提供者,北京大学（天津滨海）新一代信息技术研究院,小北健康(网站),应用于对话生成场景，根据用户输入的文本信息，生成医疗健康领域相关的文本回复。,2024-10,generative ai,境内深度合成服务算法备案清单（2024年10月） (1).docx
新壹数字人视频生成算法,服务提供者,新壹（北京）科技有限公司,一帧秒创(网站),应用于数字人生成场景，根据用户输入的视频信息，生成数字人视频。,2024-10,generative ai,境内深度合成服务算法备案清单（2024年10月） (1).docx
法宝来言法律大模型算法,服务提供者,北京北大英华科技有限公司,法宝来言(网站),应用于对话生成场景，根据用户输入的文本信息，生成法律领域相关的文本回复。,2024-10,generative ai,境内深度合成服务算法备案清单（2024年10月） (1).docx
标普云BPai智能财税咨询生成算法,服务提供者,深圳标普云科技有限公司,BPai标普云(网站)、BPai咨询(小程序),应用于对话生成场景，根据用户输入的咨询文本，生成财税相关的文本回复。,2024-10,generative ai,境内深度合成服务算法备案清单（2024年10月） (1).docx
天翼爱音乐文本生成算法,服务提供者,天翼爱音乐文化科技有限公司,爱音乐(APP)、爱音乐炫彩门户（H5）(网站)、政企 5G 视频彩铃(小程序)、视频彩铃剪辑(小程序)、热门视频彩铃(小程序)、热门 VIP 悦会员(小程序),应用于对话生成场景，根据用户提供的提示词或指令，生成与之相关的文本内容。,2024-10,generative ai,境内深度合成服务算法备案清单（2024年10月） (1).docx
乐点AISora内容生成算法,服务提供者,广州乐点信息科技有限公司,AI Sora(APP),应用于对话生成场景，根据用户输入的文本，生成相应的文本或图像内容。,2024-10,generative ai,境内深度合成服务算法备案清单（2024年10月） (1).docx
高途AI口语助手深度合成算法,服务提供者,高途教育科技集团有限公司,高途AI口语助手(小程序),应用于对话生成场景，根据用户输入的语音或文本信息，生成符合上下文语境的口语对话内容。,2024-10,generative ai,境内深度合成服务算法备案清单（2024年10月） (1).docx
土豆雅思AI口语深度合成算法,服务提供者,北京加紫科技有限公司,土豆雅思(APP),应用于对话生成场景，根据用户输入的音频，生成雅思考试场景下的口语对话内容。,2024-10,generative ai,境内深度合成服务算法备案清单（2024年10月） (1).docx
太平洋大模型算法,服务提供者,广东太平洋互联网信息服务有限公司,AI选车专家(网站)、太平洋汽车(APP)、太平洋汽车(网站)、Ai获客帮(网站),应用于对话生成场景，根据用户输入的关键词或短文，生成符合语法和语义规则的文本内容。,2024-10,generative ai,境内深度合成服务算法备案清单（2024年10月） (1).docx
小财子图像生成算法,服务提供者,深圳市思迪信息技术股份有限公司,小财子(网站)、小财子(微信小程序),应用于图像生成场景，根据用户输入的文本或图像，生成与用户需求相关的图像。,2024-10,generative ai,境内深度合成服务算法备案清单（2024年10月） (1).docx
thinkbot智能体文本生成算法,服务提供者,深圳市思迪信息技术股份有限公司,thinkbot (网站)、thinkbot(APP)、thinkbot(微信小程序),应用于文本生成场景，根据用户输入的文本，生成符合用户需求的文本结果。,2024-10,generative ai,境内深度合成服务算法备案清单（2024年10月） (1).docx
深度同步家庭教育大模型生成算法,服务提供者,杭州深度同步科技有限公司,明智家长(小程序),应用于文本生成场景，根据用户输入的家庭教育领域相关的咨询文本信息，生成针对性的建议或解决方案。,2024-10,generative ai,境内深度合成服务算法备案清单（2024年10月） (1).docx
五八赶集智能问答算法,服务提供者,北京五八赶集优才信息技术有限公司,赶集直招(APP),应用于对话生成场景，根据用户输入的求职问题，结合对话场景与职位信息生成相应的回复文本，并模拟招聘方向求职者进行提问，生成提问文本。,2024-10,generative ai,境内深度合成服务算法备案清单（2024年10月） (1).docx
顺丰智慧供应链文本生成算法,服务提供者,顺丰科技有限公司,丰智云塔(网站),应用于文本生成场景，根据用户输入的文本，生成对应的回复文本。,2024-10,generative ai,境内深度合成服务算法备案清单（2024年10月） (1).docx
北京领讯观舆卫士文字舆情分析内容生成算法,服务提供者,北京领讯时代文化传媒有限公司,观舆卫士(网站),应用于文本生成场景，根据用户输入的网络文字舆情信息，生成关于网络舆情信息的违法违规分析报告。,2024-10,generative ai,境内深度合成服务算法备案清单（2024年10月） (1).docx
商花科技AI商务专员商情匹配文本合成算法,服务提供者,商花科技(成都)有限公司,商花(APP),应用于对话生成场景，根据用户输入的问题文本，生成相应的回复文本。,2024-10,generative ai,境内深度合成服务算法备案清单（2024年10月） (1).docx
联通山东产互小唬多模态大模型算法,服务技术支持者,联通（山东）产业互联网有限公司,--,应用于多模态内容生成场景，服务于企业端客户，根据用户输入的内容，生成符合要求的文本、图像、音频和视频内容。,2024-10,generative ai,境内深度合成服务算法备案清单（2024年10月） (1).docx
金月科技话知音无极动画AI生成视频算法,服务提供者,金月科技有限公司,AI兔平台(网站),应用于视频生成场景，根据用户输入的文本或图像等信息，生成具有特定风格和内容的动画视频。,2024-10,generative ai,境内深度合成服务算法备案清单（2024年10月） (1).docx
新智家和家庭私域内容生成算法-1,服务技术支持者,新奥新智科技有限公司,--,应用于对话生成场景，服务于企业端客户，根据用户输入的内容判定用户意图及所属知识领域，调用对应的通用模型或领域模型生成回复内容。,2024-10,generative ai,境内深度合成服务算法备案清单（2024年10月） (1).docx
慧讯文本多模态生成算法,服务提供者,杭州慧医道科技有限公司,慧讯(小程序)、慧讯(网站),应用于多模态内容生成场景，根据用户输入的文字，生成医药领域相关的文本、图片和语音。,2024-10,generative ai,境内深度合成服务算法备案清单（2024年10月） (1).docx
Rokid灵境三维重建视觉定位算法,服务提供者,杭州灵伴科技有限公司,Rokid灵境(APP),应用于三维数据生成场景，根据输入的图片和全景相机采集的视频，生成三维点云数据。,2024-10,generative ai,境内深度合成服务算法备案清单（2024年10月） (1).docx
通用电气医疗智能手册问答算法,服务提供者,通用电气医疗系统贸易发展（上海）有限公司,技影随行-V影(APP)、ManualGPT智能手册问答专家(网站)、ManualGPT智能手册问答专家(小程序)、资产智管家(公众账号)、技易答(小程序),应用于对话生成场景，根据用户输入的文本描述，生成以医疗设备手册为依据的答案，帮助疑似和设备工程师解答医疗设备的安装调试、维修、维护保养、使用安全规范等相关问题。,2024-10,generative ai,境内深度合成服务算法备案清单（2024年10月） (1).docx
OrthoGPT文本生成算法,服务技术支持者,无锡创美笑颜网络科技有限公司,--,应用于对话生成场景，服务于企业端客户，根据用户输入的问题文本，生成口腔健康方面的回复文本。,2024-10,generative ai,境内深度合成服务算法备案清单（2024年10月） (1).docx
九天川流出行大模型算法,服务技术支持者,中移动信息技术有限公司,--,应用于对话生成场景，服务于企业端客户，根据用户输入的文本信息，生成符合用户需求的文本内容，实现选址、出行分析等功能。,2024-10,generative ai,境内深度合成服务算法备案清单（2024年10月） (1).docx
深度制耀Xnova文本生成算法-1,服务技术支持者,北京深度制耀科技有限公司,--,应用于文本生成场景，服务于企业端客户，根据用户输入的提示词，生成医学文档等文本内容。,2024-10,generative ai,境内深度合成服务算法备案清单（2024年10月） (1).docx
金仕达凯撒大模型文本生成类算法,服务技术支持者,上海金仕达软件科技股份有限公司,,应用于文本生成场景，服务于企业端客户，根据用户输入的文本，生成相应的文本内容，实现金融、法律法规智能问答、外部风险事件信息抽取与分析、反洗钱文本审核等业务功能。,2024-10,generative ai,境内深度合成服务算法备案清单（2024年10月） (1).docx
羚羊大模型算法,服务技术支持者,深圳向量羚羊科技有限公司,--,应用于文本生成场景，服务于企业端客户，根据用户输入的文本，为各类金融产品生成通俗易懂的科普文章。,2024-10,generative ai,境内深度合成服务算法备案清单（2024年10月） (1).docx
易车车辆色彩迁移算法,服务提供者,北京易车互动广告有限公司,易车伙伴(APP)、易车(小程序)、易车鲨壳(小程序)、易车(APP),应用于图像生成场景，根据用户上传的车辆实拍图像，识别并细化原始图像中的目标区域并进行颜色调整，生成不同色系和外观的车辆图像。,2024-10,generative ai,境内深度合成服务算法备案清单（2024年10月） (1).docx
杭州智算科技好宝贝婴幼儿养育照护数智服务大语言模型算法,服务提供者,杭州智算科技有限公司,杭州智算科技有限公司官网(网站),应用于对话生成场景，根据用户输入的文本或语音提问，生成婴幼儿养育照护等方面的文本内容。,2024-10,generative ai,境内深度合成服务算法备案清单（2024年10月） (1).docx
元通脑大语言模型算法,服务技术支持者,拓元（广州）智慧科技有限公司,--,应用于文本生成场景，服务于企业端客户，根据用户输入的文本提示，生成针对性的文本回复。,2024-10,generative ai,境内深度合成服务算法备案清单（2024年10月） (1).docx
秒知文生音频生成算法,服务提供者,成都秒知科技有限公司,知於AI(APP),应用于音频生成场景，根据用户输入的文本描述和设定风格参数，生成相应的音乐音频。,2024-10,generative ai,境内深度合成服务算法备案清单（2024年10月） (1).docx
新质创新生成式多模态算法,服务提供者,新质数（北京）数据有限公司,新质创新AI引导平台(网站),应用于文本图像生成场景，根据用户输入的文本、图文内容，通过学习上下文的语义和关联，生成符合特定要求的文字、图形、图文结合内容。,2024-10,generative ai,境内深度合成服务算法备案清单（2024年10月） (1).docx
中劢AI大模型智能化内容生成算法,服务提供者,中劢供应链（深圳）集团有限公司,中劢AI(小程序),应用于对话生成场景，根据用户输入的问题进行意图识别，生成相应的文本和图像内容。,2024-10,generative ai,境内深度合成服务算法备案清单（2024年10月） (1).docx
维塑科技夸父大模型算法,服务提供者,西安维塑智能科技有限公司,维塑科技夸父大模型算法(网站),应用于对话生成场景，根据用户输入的文本，生成人体健康运动相关的知识文本，主要应用于体测数据分析、健康建议生成、个性化运动方案制定、营养规划等领域。,2024-10,generative ai,境内深度合成服务算法备案清单（2024年10月） (1).docx
百融至信大模型文本生成算法,服务提供者,百融至信（北京）科技有限公司,CybotStar(网站),应用于文本生成场景，根据用户输入的提问文本，生成相应的文本内容。,2024-10,generative ai,境内深度合成服务算法备案清单（2024年10月） (1).docx
易董知易问答算法,服务提供者,深圳价值在线信息科技股份有限公司,易董知易(网站),应用于对话生成场景，根据用户输入的问题，生成金融合规领域相关的回复内容。,2024-10,generative ai,境内深度合成服务算法备案清单（2024年10月） (1).docx
澜舟孟子GPT大模型算法,服务技术支持者,北京澜舟科技有限公司,--,应用于文本生成场景，服务于企业端客户，根据用户输入的文本内容，生成相应的文本。,2024-10,generative ai,境内深度合成服务算法备案清单（2024年10月） (1).docx
启合纸条文本生成算法,服务提供者,广州启合科技有限公司,纸条作文(APP),应用于文本生成场景，根据用户输入的问题文本，生成相应的文本回复，适用于教育、心理咨询等场景。,2024-10,generative ai,境内深度合成服务算法备案清单（2024年10月） (1).docx
宝雨YuTang生成合成算法,服务提供者,上海宝雨网络科技有限公司,KiKi(APP),应用于对话生成场景，根据用户输入的文本，生成相应的文本回复，适用于教育、娱乐、科研、商业等多个行业。,2024-10,generative ai,境内深度合成服务算法备案清单（2024年10月） (1).docx
宁移智算大模型算法,服务提供者,中国移动通信集团宁夏有限公司,宁夏移动人工智能体验展示中心(网站),应用于对话生成场景，根据用户输入的文本描述，生成相应的文本或图像内容。,2024-10,generative ai,境内深度合成服务算法备案清单（2024年10月） (1).docx
智培慧练文本生成算法,服务提供者,嘉智英创（江苏）科技有限公司,智培慧练(小程序),应用于文本生成场景，根据用户输入的音频形式的营销知识，生成对应评分和内容分析的文本回复，应用于营销人员话术跟读或者训练场景。,2024-10,generative ai,境内深度合成服务算法备案清单（2024年10月） (1).docx
消防领域数字人对话深度合成算法,服务提供者,广州普鸿信息科技服务有限公司,消防控制室值班机器人(网站),应用于对话生成场景，根据用户输入的问题文本，生成消防安全领域相关的文本回复。,2024-10,generative ai,境内深度合成服务算法备案清单（2024年10月） (1).docx
畅学人工智能文本生成算法,服务提供者,南京爱斯坦姆教育科技有限公司,畅学编程(网站),应用于文本生成场景，根据用户输入的编程学习相关的问题文本或上传的文献，生成相应的文本回复。,2024-10,generative ai,境内深度合成服务算法备案清单（2024年10月） (1).docx
北京领讯观舆卫士视频舆情分析内容生成算法,服务提供者,北京领讯时代文化传媒有限公司,观舆卫士(网站),应用于文本生成场景，根据用户上传的网络视频文件，生成对于网络舆情信息的违法违规分析报告。,2024-10,generative ai,境内深度合成服务算法备案清单（2024年10月） (1).docx
奇智孔明AInnoGC生成合成算法,服务提供者,创新奇智科技集团股份有限公司,奇智孔明(网站),应用于对话生成场景，根据用户输入的问题或命令文本，生成相关的文本回复，适用于工厂生产管理和智造实训场景。,2024-10,generative ai,境内深度合成服务算法备案清单（2024年10月） (1).docx
得效内容生成算法-1,服务技术支持者,得效（上海）数字科技有限公司,--,应用于对话生成场景，服务于企业端客户，根据用户输入的问题文本和图像，生成相应的知识内容回复。,2024-10,generative ai,境内深度合成服务算法备案清单（2024年10月） (1).docx
得效内容生成算法,服务提供者,得效（上海）数字科技有限公司,DeXiao AI(网站),应用于对话生成场景，根据用户输入的问题文本和图像，生成相应的知识内容回复。,2024-10,generative ai,境内深度合成服务算法备案清单（2024年10月） (1).docx
AI办公宝文本生成算法,服务提供者,济南入行宝信息科技有限公司,AI办公宝(网站),应用于文本生成场景，根据用户输入的文本内容，生成符合用户意图的文本回复。,2024-10,generative ai,境内深度合成服务算法备案清单（2024年10月） (1).docx
中原找房AI房评深度合成算法-1,服务提供者,中原（中国）房地产代理有限公司,A+(网站),应用于文本生成场景，根据用户输入的房源数据，生成房源评价文本。,2024-10,generative ai,境内深度合成服务算法备案清单（2024年10月） (1).docx
与爱为舞数字人合成算法,服务提供者,北京与爱为舞科技有限公司,Gigglepal(APP),应用于数字人生成场景，根据用户输入的提示词，生成匹配的2D数字人教师视频。,2024-10,generative ai,境内深度合成服务算法备案清单（2024年10月） (1).docx
瑶祥图像生成算法,服务提供者,厦门瑶祥网络科技有限公司,图可多(小程序),应用于图像生成场景，根据用户输入的文本提示词和图片，生成与之相匹配的图像，应用于图像生成、图像修复、风格转换、视频生成等多个场景。,2024-10,generative ai,境内深度合成服务算法备案清单（2024年10月） (1).docx
悉之AI答疑算法,服务提供者,北京悉致知智能科技有限公司,悉之AI学(APP),应用于对话生成场景，根据用户输入的文本信息，生成针对输入内容的文本回复。,2024-10,generative ai,境内深度合成服务算法备案清单（2024年10月） (1).docx
全息读书文本生成算法,服务提供者,全息空间（海南）科技有限公司,全息智能书屋(APP),应用于文本生成场景，根据用户输入的问题文本或提示信息，生成相关的文本回复。,2024-10,generative ai,境内深度合成服务算法备案清单（2024年10月） (1).docx
宇宙大派队虚拟人生成合成算法,服务提供者,泉州宇宙派队网络科技有限公司,宇宙大派队(APP),应用于虚拟人生成场景，根据用户输入的文本信息，生成虚拟数字人带领游客对景点探索和游览的视频。,2024-10,generative ai,境内深度合成服务算法备案清单（2024年10月） (1).docx
幻影未来虚拟数字人合成算法,服务提供者,深圳幻影未来信息科技有限公司,幻真-AI虚拟员工(APP),应用于虚拟人生成场景，根据用户输入的语音指令，生成与驱动音频对齐的数字人视频。,2024-10,generative ai,境内深度合成服务算法备案清单（2024年10月） (1).docx
青秧灵感AI大模型算法,服务提供者,长春青秧科技有限公司,青秧灵感(网站),应用于文本生成场景，根据用户输入文献信息和设定的论文结构、风格、字数、引用格式等要求，生成符合用户期望的论文草稿。,2024-10,generative ai,境内深度合成服务算法备案清单（2024年10月） (1).docx
幻影未来数字人驱动算法,服务技术支持者,深圳幻影未来信息科技有限公司,--,应用于数字人生成场景，服务于企业端客户，根据用户输入的音频信息，生成数字人视频。,2024-10,generative ai,境内深度合成服务算法备案清单（2024年10月） (1).docx
天翼爱音乐文生视频生成算法-1,服务技术支持者,天翼爱音乐文化科技有限公司,--,应用于视频生成场景，服务于企业端客户，根据用户上传的图像或文字，生成特定风格的视频。,2024-10,generative ai,境内深度合成服务算法备案清单（2024年10月） (1).docx
天翼爱音乐文本生成算法-1,服务技术支持者,天翼爱音乐文化科技有限公司,--,应用于文本生成场景，服务于企业端客户，根据用户输入的文本信息，生成符合用户需求的文本内容。,2024-10,generative ai,境内深度合成服务算法备案清单（2024年10月） (1).docx
天翼爱音乐文生图像生成算法-1,服务技术支持者,天翼爱音乐文化科技有限公司,--,应用于图像生成场景，服务于企业端客户，根据用户上传的图像或文字，生成特定风格的图片。,2024-10,generative ai,境内深度合成服务算法备案清单（2024年10月） (1).docx
九猫文本合成算法,服务提供者,上海麟微智能系统有限公司,九猫(APP),应用于文本生成场景，根据用户输入的文本，生成相应的文本内容，为用户提供猫咪相关的智能问答、动态总结扩写、生活记录总结等服务。,2024-10,generative ai,境内深度合成服务算法备案清单（2024年10月） (1).docx
时光序大模型语言生成算法-1,服务提供者,花生未来（广州）科技有限公司,时光序(APP),应用于对话生成场景，根据用户输入的文本，结合上下文，生成相应的文字回复。,2024-10,generative ai,境内深度合成服务算法备案清单（2024年10月） (1).docx
超星数字人唇形生成算法,服务提供者,成都世纪超星信息技术有限公司,超星数字人(网站),应用于数字人生成场景，根据用户上传的文本或音频，生成数字人视频。,2024-10,generative ai,境内深度合成服务算法备案清单（2024年10月） (1).docx
火蚁多模态内容生成合成算法,服务提供者,深圳火蚁木木科技有限公司,赤兔AI(网站),应用于多模态内容生成场景，根据用户输入的文本，生成对应的文本、图像以及视频。,2024-10,generative ai,境内深度合成服务算法备案清单（2024年10月） (1).docx
中新博展营销交互式对话算法,服务技术支持者,北京中新博展营销顾问有限公司,--,应用于对话生成场景，服务于企业端客户，根据用户输入的语音、文本，生成符合用户需求的语音、文本回复。,2024-10,generative ai,境内深度合成服务算法备案清单（2024年10月） (1).docx
山科数研工业玻璃制品质检大模型算法,服务提供者,山东山科数字经济研究院有限公司,山科数研(网站),应用于文本图像生成场景，结合用户输入的文本、图像，精准定位玻璃制品上的微小缺陷，并生成详细的缺陷描述和缺陷检测、分割结果图。,2024-10,generative ai,境内深度合成服务算法备案清单（2024年10月） (1).docx
MeowHealth多模态感知内容生成算法,服务提供者,深圳前海紫微时代科技有限公司,MeowHealth(小程序)、MeowHealth(APP),应用于对话生成场景，根据用户输入的文本和图像信息，生成符合用户需求的文本回复。,2024-10,generative ai,境内深度合成服务算法备案清单（2024年10月） (1).docx
群接龙智能生成算法,服务提供者,广州群接龙网络科技有限公司,群透镜(小程序),应用于对话生成场景，根据用户输入的文本信息，生成符合用户需求的文本回复。,2024-10,generative ai,境内深度合成服务算法备案清单（2024年10月） (1).docx
华图教育文本生成算法,服务提供者,华图教育科技有限公司,华图在线(APP),应用于文本生成场景，根据用户上传的文本，生成教育场景下的点评文本。,2024-10,generative ai,境内深度合成服务算法备案清单（2024年10月） (1).docx
精准学语音驱动生成3D人物模型算法,服务提供者,浙江精准学科技有限公司,精准学AI辅学营(APP)、精准学AI辅学营(网站),应用于视频生成场景，根据用户输入的音频，生成3D人物模型视频。,2024-10,generative ai,境内深度合成服务算法备案清单（2024年10月） (1).docx
图灵建筑设计效果图生成算法,服务提供者,图灵人工智能技术（广州）有限公司,Ai无限设计大师(APP)、Ai无限设计大师(网站),应用于图像生成场景，根据用户上传的图像和提示词，生成用户所需要的图片。,2024-10,generative ai,境内深度合成服务算法备案清单（2024年10月） (1).docx
智合信数字人口型生成算法,服务技术支持者,智合信（北京）管理咨询有限公司,--,应用于数字人生成场景，服务于企业端客户，根据用户输入的音频和文本，生成与之匹配的面部口型动画。,2024-10,generative ai,境内深度合成服务算法备案清单（2024年10月） (1).docx
秋果数字形象生成算法,服务提供者,杭州秋果计划科技有限公司,秋果数字空间(APP)、秋果数字空间(小程序),应用于虚拟人生成场景，根据用户输入的人脸图片，生成符合五官特点3D人脸模型。,2024-10,generative ai,境内深度合成服务算法备案清单（2024年10月） (1).docx
万物云智能客服大模型算法,服务提供者,深圳市万物云科技有限公司,Galley-La智能客服平台(网站),应用于对话生成场景，根据用户输入的文本信息，生成符合用户需求的文本回复。,2024-10,generative ai,境内深度合成服务算法备案清单（2024年10月） (1).docx
知衣图像生成合成算法,服务提供者,杭州知衣科技有限公司,知衣(网站)、知衣(APP),应用于图像生成场景，根据用户输入的文本、参考图像，生成新的图像。,2024-10,generative ai,境内深度合成服务算法备案清单（2024年10月） (1).docx
智媒果大模型算法,服务提供者,浙江广播电视集团,Z视介(APP),应用于图像生成场景，根据用户上传的图像和提示词，生成用户所需要的图片。,2024-10,generative ai,境内深度合成服务算法备案清单（2024年10月） (1).docx
天天基金智能对话系统算法,服务提供者,上海天天基金销售有限公司,天天基金(APP),应用于对话生成场景，根据用户输入的文本信息，生成符合用户需求的文本回复。,2024-10,generative ai,境内深度合成服务算法备案清单（2024年10月） (1).docx
人民科技内容安全审核生成合成类算法,服务提供者,人民网科技（北京）有限公司,内容安全审核(其他),应用于文本生成场景，根据用户输入的文本，识别和过滤暴力、色情、仇恨言论等不当内容，生成内容审核相关的文本。,2024-10,generative ai,境内深度合成服务算法备案清单（2024年10月） (1).docx
颜趣人脸融合算法,服务提供者,上海星熵信息技术有限公司,颜趣(APP),应用于图像视频生成场景，根据用户上传的图片和视频，生成人脸融合后的图片和视频。,2024-10,generative ai,境内深度合成服务算法备案清单（2024年10月） (1).docx
库伊拉AI问答GPT算法,服务提供者,上海天鹤云想科技有限公司,库伊拉AI助理(小程序),应用于对话生成场景，根据用户输入的文本信息，生成符合用户需求的文本回复。,2024-10,generative ai,境内深度合成服务算法备案清单（2024年10月） (1).docx
大白智问智能文本生成算法,服务提供者,杭州领信数科信息技术有限公司,大白智问(其他),应用于对话生成场景，根据用户输入的文本信息，生成符合用户需求的文本回复。,2024-10,generative ai,境内深度合成服务算法备案清单（2024年10月） (1).docx
烽火万家AI绘画助手算法,服务提供者,北京烽火万家科技有限公司,小水AI盒子(小程序),应用于图像生成场景，根据用户上传的文字，生成特定风格的图片。,2024-10,generative ai,境内深度合成服务算法备案清单（2024年10月） (1).docx
霖润商品营销氛围图生成算法,服务提供者,杭州霖润智能科技有限公司,妙思门(网站),应用于图像生成场景，根据用户上传的商品图像，生成与商品风格相匹配的氛围图片。,2024-10,generative ai,境内深度合成服务算法备案清单（2024年10月） (1).docx
爱獭文本结构化生成算法,服务提供者,爱獭科技（杭州）有限公司,chat2db(网站),应用于文本生成场景，根据用户输入的文本数据，生成相关的文本回复。,2024-10,generative ai,境内深度合成服务算法备案清单（2024年10月） (1).docx
建筑学长AI建筑渲染生成算法,服务提供者,次元空间（重庆）网络科技有限公司,建筑学长(网站)、建筑学长(APP),应用于建筑设计领域，综合利用文本描述、图像特征等信息来指导生成三维建筑渲染图，满足个性化和多样化的设计需求。,2024-10,generative ai,境内深度合成服务算法备案清单（2024年10月） (1).docx
大象声科深度合成声纹识别算法,服务技术支持者,大象声科（深圳）科技有限公司,--,应用于声纹识别场景，服务于企业端客户，根据用户输入的声纹，对说话人进行身份鉴别，生成鉴别身份后的音频。,2024-10,generative ai,境内深度合成服务算法备案清单（2024年10月） (1).docx
潮际主设时尚制造图像生成算法,服务技术支持者,潮际汇（杭州）智能科技有限公司,--,应用于图像生成场景，服务于企业端客户，根据用户上传的图像和关键词，生成新的设计图像，满足用户对款式、颜色、面料等设计元素的个性化需求。,2024-10,generative ai,境内深度合成服务算法备案清单（2024年10月） (1).docx
鹦鹉人音舞生成算法,服务技术支持者,上海金塞纳人工智能科技有限公司,--,应用于视频生成场景，服务于企业端客户，根据用户输入的音频和视频，生成相应的视频。,2024-10,generative ai,境内深度合成服务算法备案清单（2024年10月） (1).docx
嘉和智慧医疗大模型算法,服务技术支持者,北京嘉和海森健康科技有限公司,--,应用于文本生成场景，服务于企业端客户，根据用户输入的文本，生成专业的医疗报告、病例摘要等文本内容。,2024-10,generative ai,境内深度合成服务算法备案清单（2024年10月） (1).docx
秒知多模态内容生成算法,服务提供者,成都秒知科技有限公司,知於AI(APP),应用于对话生成场景，根据用户输入的文本，生成符合用户需求的文本、图像回复。,2024-10,generative ai,境内深度合成服务算法备案清单（2024年10月） (1).docx
TCL多模态图像生成合成算法,服务提供者,深圳TCL新技术有限公司,艺术画框(APP),应用于图像生成场景，根据用户上传的图像、文本，生成相应的图片。,2024-10,generative ai,境内深度合成服务算法备案清单（2024年10月） (1).docx
明源云客不动产行业营销内容生成类算法,服务提供者,深圳市明源云客电子商务有限公司,AI创意工场(网站)、智能工牌(APP)、地产AI问(小程序)、明源云客移动销售copilot(APP)、AI销售(其他),应用于文本生成场景，根据用户输入的文本，生成不动产行业营销等领域相关的文本，提供创意内容生成、领域知识检索问答、关键信息提取和总结等功能。,2024-10,generative ai,境内深度合成服务算法备案清单（2024年10月） (1).docx
Creaibo图文生成算法,服务提供者,上海吐梨德猫科技有限公司,Creaibo(网站),应用于文本、图像生成场景，根据用户输入的文本，快速生成高质量的流程图、思维导图、各类素材图像等，帮助用户高效创建高质量的业务流程图、软件架构图和项目计划图等。,2024-10,generative ai,境内深度合成服务算法备案清单（2024年10月） (1).docx
OrthoGPT文本生成算法-1,服务提供者,无锡创美笑颜网络科技有限公司,angel Al(小程序),应用于对话生成场景，根据用户输入的文本，生成符合用户需求的文本。,2024-10,generative ai,境内深度合成服务算法备案清单（2024年10月） (1).docx
图欧AI文本生成算法,服务提供者,广州图欧科技有限公司,图欧科技-IMYAI智能助手(网站),应用于对话生成场景，根据用户输入的文本，生成符合用户需求的文本。,2024-10,generative ai,境内深度合成服务算法备案清单（2024年10月） (1).docx
财小桃智能问答生成算法,服务提供者,乐尔凌（成都）人工智能科技有限公司,财小桃(小程序),应用于对话生成场景，根据用户输入的文本、图像、音频、视频等内容，生成用户所需要的文本、图像、音频、视频多种模态内容。,2024-10,generative ai,境内深度合成服务算法备案清单（2024年10月） (1).docx
数阔用户评论分析算法,服务提供者,深圳数阔信息技术有限公司,数阔云听CEM(网站)、数阔VOC(网站),应用于文本图像生成场景，根据用户提供的URL、关键词或ASIN，自动生成包含文本和插图的深度分析报告。,2024-10,generative ai,境内深度合成服务算法备案清单（2024年10月） (1).docx
仙蒂智能文本生成算法,服务提供者,上海仙蒂网络科技有限公司,flomo(APP)、flomo(网站),应用于对话生成场景，根据用户输入的文本，生成符合用户需求的文本，提升信息检索和客户服务效率。,2024-10,generative ai,境内深度合成服务算法备案清单（2024年10月） (1).docx
猜猜看文本大模型算法,服务提供者,苏州猜猜看科技有限公司,lovekey(APP)、恋知道(APP),应用于对话生成场景，根据用户输入的文本，生成符合用户需求的文本。,2024-10,generative ai,境内深度合成服务算法备案清单（2024年10月） (1).docx
航天拓扑文本生成算法-1,服务技术支持者,北京航天拓扑高科技有限责任公司,--,应用于对话生成场景，服务于企业端客户，根据用户输入的文本或音频信息，生成符合用户需求的文本或音频回复。,2024-10,generative ai,境内深度合成服务算法备案清单（2024年10月） (1).docx
小思秒创视频合成算法,服务提供者,思迪未来（上海）网络科技发展有限责任公司,小思秒创(网站)、小思秒创(微信小程序),应用于视频生成场景，根据用户输入的文本，生成满足用户定制需求的视频。,2024-10,generative ai,境内深度合成服务算法备案清单（2024年10月） (1).docx
烽火万家图生图算法,服务提供者,北京烽火万家科技有限公司,小水AI盒子(小程序),应用于图像生成场景，根据用户输入的图像，生成符合用户需求的图像内容。,2024-10,generative ai,境内深度合成服务算法备案清单（2024年10月） (1).docx
优香农生成式算法,服务技术支持者,北京悉塔智能科技有限公司,--,应用于文本音频生成场景，服务于企业端客户，根据用户输入的文本、图像信息，生成文本或音频形式的解答。,2024-10,generative ai,境内深度合成服务算法备案清单（2024年10月） (1).docx
一知文生音算法,服务技术支持者,杭州一知智能科技有限公司,--,应用于语音生成场景，服务于企业端客户，根据用户输入的文本，生成智能客服场景对应的音频，实现将文本转为语音，并对外提供智能外呼的功能。,2024-10,generative ai,境内深度合成服务算法备案清单（2024年10月） (1).docx
一知文生文算法,服务技术支持者,杭州一知智能科技有限公司,--,应用于对话生成场景，服务于企业端客户，通过用户输入文本信息，生成相应的文本回复。,2024-10,generative ai,境内深度合成服务算法备案清单（2024年10月） (1).docx
脑医汇智能问答算法,服务提供者,上海脑医汇数字科技有限公司,脑医汇(APP),应用于对话生成场景，通过用户输入文本信息，生成相应的文本回复，应用于特定领域的专业问答。,2024-10,generative ai,境内深度合成服务算法备案清单（2024年10月） (1).docx
视旅人脸融合算法,服务提供者,湖南视旅科技有限公司,欢萌旅行(APP),应用于图片视频生成场景，根据用户输入的图片或视频，将人脸与旅游背景相融合，生成用户与所选景点融合的个性化图片和视频。,2024-10,generative ai,境内深度合成服务算法备案清单（2024年10月） (1).docx
未来工场CNC加工工艺三维模型图像生成算法,服务提供者,深圳市未来工场科技有限公司,WEC(APP),应用于三维模型图像生成场景，根据用户输入的CNC加工工艺参数文本，生成模具各切面的图像。,2024-10,generative ai,境内深度合成服务算法备案清单（2024年10月） (1).docx
正和岛智能助手算法,服务提供者,北京正和岛信息科技有限公司,正和岛(APP),应用于对话生成场景，根据用户输入的文本和音频，生成符合用户需求的文本回复。,2024-10,generative ai,境内深度合成服务算法备案清单（2024年10月） (1).docx
八厘米口语智能陪练生成算法,服务提供者,深圳市八厘米科技有限公司,TalkAI练口语(APP),应用于对话生成场景，根据用户输入的文本信息，生成相应的文本回复。,2024-10,generative ai,境内深度合成服务算法备案清单（2024年10月） (1).docx
SmartMTB医疗智能内容生成算法-1,服务技术支持者,至本医疗科技（上海）有限公司,--,应用于文本图像生成场景，服务于企业端客户，根据用户输入的文本和图像，生成医疗行业的文本和图像，应用于医疗咨询、辅助诊断、病历管理、药物研发等医疗场景。,2024-10,generative ai,境内深度合成服务算法备案清单（2024年10月） (1).docx
恺英智能NPC文本生成算法,服务提供者,上海恺英软件技术有限公司,恺英智能NPC(网站),应用于对话生成场景，根据用户输入的文本，生成符合用户需求的文本。,2024-10,generative ai,境内深度合成服务算法备案清单（2024年10月） (1).docx
云思观心身心认知大模型算法,服务提供者,南京云思创智信息科技有限公司,云思观心(APP)、云思观心(网站),应用于人脸情绪识别场景，根据用户输入的面部图像与音频，分析图像中的面部微动作，捕捉语调、语速特征，生成用户的压力值范围数据及情绪状态，为用户提供全面的情绪与状态分析。,2024-10,generative ai,境内深度合成服务算法备案清单（2024年10月） (1).docx
Whale营销内容智能生成算法,服务技术支持者,杭州座头鲸科技有限公司,--,应用于图像生成场景，服务于企业端客户，根据用户输入的图像及关键词描述文本，生成符合用户需求的图像内容，用于商品展示和完成营销内容创作。,2024-10,generative ai,境内深度合成服务算法备案清单（2024年10月） (1).docx
开澜教育文本生成算法,服务提供者,开澜（深圳）教育咨询有限公司,开澜教育(网站),应用于对话生成场景，根据用户输入的文本，生成符合用户需求的文本。,2024-10,generative ai,境内深度合成服务算法备案清单（2024年10月） (1).docx
AI智衣服装设计深度合成算法,服务提供者,华智未来(重庆)科技有限公司,AI智衣(小程序),应用于图像生成场景，根据用户上传的图像和关键词，生成新的设计图。,2024-10,generative ai,境内深度合成服务算法备案清单（2024年10月） (1).docx
润万智能文本生成算法-1,服务技术支持者,广州润万智能科技有限公司,--,应用于文本生成场景，服务于企业端客户，根据用户输入的文本或图像，生成交通应急处置场景下交通事件情况识别和应急处置方案文本。,2024-10,generative ai,境内深度合成服务算法备案清单（2024年10月） (1).docx
艺绘AI图像深度合成算法,服务提供者,郑州萱草网络科技有限公司,艺绘AI(小程序)、艺绘AI(APP),应用于图像生成场景，根据用户输入的图片和提示词，生成新的图像内容。,2024-10,generative ai,境内深度合成服务算法备案清单（2024年10月） (1).docx
必优科技图笏文档生成合成算法,服务提供者,珠海必优科技有限公司,ChatPPT应用端(APP)、ChatPPT在线版(网站),应用于文本生成场景，根据用户上传的文本指令或文本内容，生成符合用户需求的文档。,2024-10,generative ai,境内深度合成服务算法备案清单（2024年10月） (1).docx
大象声科基于深度学习的单通道降噪算法,服务技术支持者,大象声科（深圳）科技有限公司,--,应用于语音编辑场景，服务于企业端客户，根据输入的语音和非人声干扰噪声，通过降噪生成用户能够清晰听到的语音内容。,2024-10,generative ai,境内深度合成服务算法备案清单（2024年10月） (1).docx
大象声科深度合成声纹通话降噪算法,服务技术支持者,大象声科（深圳）科技有限公司,--,应用于语音编辑场景，服务于企业端客户，根据输入的语音，消除干扰人声和环境噪声提升通话的清晰度和质量，保留用户的语音。,2024-10,generative ai,境内深度合成服务算法备案清单（2024年10月） (1).docx
生豪AI图像生成算法,服务提供者,广州好娃文艺创作有限公司,生豪AI(小程序),应用于图像生成场景，根据用户输入的图像和关键词，生成符合用户需求的图像。,2024-10,generative ai,境内深度合成服务算法备案清单（2024年10月） (1).docx
像速图融合生图算法,服务提供者,多利购科技（广州）有限公司,像速派(网站),应用于图像生成场景，根据用户输入的图像和条件指令，生成融合图像，应用于电子商务、创意广告场景。,2024-10,generative ai,境内深度合成服务算法备案清单（2024年10月） (1).docx
DAZI文本对话生成算法,服务提供者,浮点奇迹（北京）科技有限公司,搭子dazi(网站),应用于对话生成场景，根据用户输入的文本，生成用户所需要的文本。,2024-10,generative ai,境内深度合成服务算法备案清单（2024年10月） (1).docx
斩医考大模型生成算法,服务提供者,成都游托邦科技有限公司,斩医考(APP),应用于对话生成场景，根据用户输入的文本，生成符合用户需求的文本。,2024-10,generative ai,境内深度合成服务算法备案清单（2024年10月） (1).docx
大智慧财汇生成合成算法,服务提供者,上海大智慧财汇数据科技有限公司,企业预警通(网站),应用于文本生成场景，根据用户输入的文本，生成金融领域相关的文本回复。,2024-10,generative ai,境内深度合成服务算法备案清单（2024年10月） (1).docx
AIOfficeCopilot一体化智能文档生成算法,服务提供者,北京奇妙时光科技有限公司,AI-Office(网站),应用于文本图片生成场景，根据用户输入的文本，生成用户需要的文本和图片。,2024-10,generative ai,境内深度合成服务算法备案清单（2024年10月） (1).docx
艾律熊猫AI智法文本生成算法,服务提供者,广州艾律数智智能科技有限公司,熊猫 AI 法律数智平台(小程序)、熊猫AI法律数智平台(网站),应用于文本生成场景，根据用户输入的法律领域的文本咨询，生成关于法律咨询、合同写审改、法律文书写审改的文本内容。,2024-10,generative ai,境内深度合成服务算法备案清单（2024年10月） (1).docx
艾律熊猫AI智法文本生成算法-1,服务技术支持者,广州艾律数智智能科技有限公司,--,应用于文本生成场景，服务于企业端客户，根据用户输入的法律领域的文本咨询，生成关于法律咨询、合同写审改、法律文书写审改的文本内容。,2024-10,generative ai,境内深度合成服务算法备案清单（2024年10月） (1).docx
中免日上电商购物智能助手算法,服务提供者,中免日上互联科技有限公司,中免日上(微信小程序)、中免日上(支付宝小程序)、中免日上(APP),应用于对话生成场景，根据用户输入的文本，生成相应的文本回复，提供商品咨询、订单查询等功能。,2024-10,generative ai,境内深度合成服务算法备案清单（2024年10月） (1).docx
得物AIGC手表试戴图片生成算法,服务提供者,上海得物信息集团有限公司,得物(APP),应用于图片生成场景，通过对用户实拍手腕图片和平台手表商品轮播图提取特征，生成手表佩戴效果图片，为用户提供虚拟试戴体验。,2024-10,generative ai,境内深度合成服务算法备案清单（2024年10月） (1).docx
Ushannon生成式算法-1,服务提供者,北京悉塔智能科技有限公司,优香农大模型平台(网站),应用于对话生成场景，根据用户输入的题干图片或文本，生成题目解析文本和音频讲解。,2024-10,generative ai,境内深度合成服务算法备案清单（2024年10月） (1).docx
烽火万家文本生成算法,服务提供者,北京烽火万家科技有限公司,小水AI盒子(小程序),应用于文本生成场景，根据用户输入的文本，生成文章、报告等文本内容，应用于内容管理系统、智能客服和新闻生成平台。,2024-10,generative ai,境内深度合成服务算法备案清单（2024年10月） (1).docx
擎算文生文内容生成合成算法,服务提供者,上海擎算科技有限公司,星觉大模型平台(网站),应用于文本生成场景，根据用户输入的文本，生成相应的文本内容，适用于新闻报道、小说创作、社交媒体更新等。,2024-10,generative ai,境内深度合成服务算法备案清单（2024年10月） (1).docx
幻蝶智能AI文本生成深度合成算法,服务提供者,广州幻蝶智能科技有限公司,梦幻岛魔法师联盟(网站),应用于文本生成场景，根据用户上传的文本，生成个性化的文本内容。,2024-10,generative ai,境内深度合成服务算法备案清单（2024年10月） (1).docx
油气管网大模型自然语言处理算法,服务提供者,北京智网数科技术有限公司,油气管网大模型(网站),应用于对话生成场景，根据用户输入的文本信息，生成符合用户需求的文本内容，主要用于油气管输行业。,2024-10,generative ai,境内深度合成服务算法备案清单（2024年10月） (1).docx
英语趣配音内容讲解深度合成算法,服务提供者,杭州菲助科技有限公司,英语趣配音(APP),应用于文本生成场景，根据用户输入的文本，生成与之相关的重难点讲解文本。,2024-10,generative ai,境内深度合成服务算法备案清单（2024年10月） (1).docx
小库泛建筑图像生成算法,服务提供者,深圳小库科技有限公司,小库AI云(网站),应用于图像生成场景，根据用户输入的文本描述、底图、风格参考图，生成建筑设计灵感图片。,2024-10,generative ai,境内深度合成服务算法备案清单（2024年10月） (1).docx
WPS智能文本生成算法-1,服务技术支持者,武汉金山办公软件科技有限公司,--,应用于文本生成场景，服务于企业端客户，根据用户输入的文本，生成相应的文本内容，提供辅助写作、概括总结、文章润色等功能。,2024-10,generative ai,境内深度合成服务算法备案清单（2024年10月） (1).docx
爱图仕文本生成算法,服务提供者,深圳爱图仕创新科技股份有限公司,Aimagine(网站)、Aimagine(APP)、Aimagine(小程序),应用于文本生成场景，根据用户输入的视频文件，生成视频大纲、分镜描述及台词文案等文本内容。,2024-10,generative ai,境内深度合成服务算法备案清单（2024年10月） (1).docx
封面灵知文本生成算法,服务技术支持者,四川封面传媒科技有限责任公司,--,应用于文本生成场景，服务于企业端客户，根据用户输入的文本，生成新闻稿件、评论等文本内容。,2024-10,generative ai,境内深度合成服务算法备案清单（2024年10月） (1).docx
特看数字人生成算法,服务提供者,杭州特看科技有限公司,主播宝(其他),应用于数字人生成场景，根据用户输入的语音和人脸图片，生成唇形同步、清晰逼真的数字人视频。,2024-10,generative ai,境内深度合成服务算法备案清单（2024年10月） (1).docx
海豚心语文本生成算法,服务提供者,数据空间研究院,海豚心声(小程序),应用于文本生成场景，根据用户输入的文本内容，生成心理测评报告、情绪日记分析、个性化建议等文本。,2024-10,generative ai,境内深度合成服务算法备案清单（2024年10月） (1).docx
爱图仕数字人视频生成算法,服务提供者,深圳爱图仕创新科技股份有限公司,Aimagine(网站)、Aimagine(APP)、Aimagine(小程序),应用于数字人视频生成场景，根据用户输入的文本、音频、视频、图像等多种模态数据，生成数字人视频。,2024-10,generative ai,境内深度合成服务算法备案清单（2024年10月） (1).docx
数阔客服对话分析算法,服务技术支持者,深圳数阔信息技术有限公司,--,应用于图像文本生成场景，服务于企业端客户，根据用户输入的图像或文本，生成用户需要的图像和文本。,2024-10,generative ai,境内深度合成服务算法备案清单（2024年10月） (1).docx
口语精灵智能口语对话算法,服务提供者,深圳市畅玩时代科技有限公司,口语精灵-AI智能趣味学习英语口语(APP),应用于音频文本生成场景，根据用户输入的音频或文本，生成用户需要的音频和文本。,2024-10,generative ai,境内深度合成服务算法备案清单（2024年10月） (1).docx
奇点灵智AI伴学合成算法,服务提供者,北京奇点灵智科技有限公司,奇点灵智AI伴学智能硬件(其他),应用于对话生成场景，根据用户语音输入，生成对应语音回复，并在适合的场景下将重点信息生成图片。,2024-10,generative ai,境内深度合成服务算法备案清单（2024年10月） (1).docx
精准学文本生成教学语音算法,服务提供者,浙江精准学科技有限公司,精准学AI辅学营(APP)、精准学AI辅学营(网站),应用于语音生成场景，根据用户输入的文字，生成老师教学辅导场景下的语音内容。,2024-10,generative ai,境内深度合成服务算法备案清单（2024年10月） (1).docx
移动云在线客服AI智能问答合成算法,服务提供者,中移（苏州）软件技术有限公司,移动云(网站),应用于对话生成场景，根据用户输入的文本及上下文内容，进行语义分析和理解，生成相应的文本回复。,2024-10,generative ai,境内深度合成服务算法备案清单（2024年10月） (1).docx
精准学图像生成算法,服务提供者,浙江精准学科技有限公司,精准学AI辅学营(APP)、精准学AI辅学营(网站),应用于图像生成场景，根据用户输入的图片和关键词，生成用户需要的图片。,2024-10,generative ai,境内深度合成服务算法备案清单（2024年10月） (1).docx
人想智能内容生成算法,服务提供者,成都几个字人工智能科技有限公司,人想AI(网站),应用于文本图像生成场景，根据用户输入的文本信息生成文本回复；根据用户输入的文本信息或者输入文本信息并上传图像，生成与输入信息一致的图像。,2024-10,generative ai,境内深度合成服务算法备案清单（2024年10月） (1).docx
像素魔方图片生成算法,服务提供者,四川鲜生夺人科技有限责任公司,像素魔方(网站),应用于图像生成场景，根据用户输入的文本和图像，生成符合用户需求的图像。,2024-10,generative ai,境内深度合成服务算法备案清单（2024年10月） (1).docx
投石气韵再生AI绘画生成算法,服务提供者,南京投石智能系统有限公司,投石气韵再生AI绘画软件(其他),应用于图像生成场景，根据用户输入的文字描述或上传的图像，生成具有艺术感的图像。,2024-10,generative ai,境内深度合成服务算法备案清单（2024年10月） (1).docx
MentalGPT心理健康服务合成算法,服务提供者,释然科技（苏州）有限公司,释然心擎(小程序),应用于文本生成场景，根据用户输入的文本，生成心理健康领域相关的文本内容。,2024-10,generative ai,境内深度合成服务算法备案清单（2024年10月） (1).docx
即战力大模型算法-1,服务技术支持者,深圳市融邦教育科技有限公司,--,应用于对话生成场景，服务于企业端客户，根据用户输入的营销咨询问题文本，生成营销领域相关的文本回复。,2024-10,generative ai,境内深度合成服务算法备案清单（2024年10月） (1).docx
柏星龙星博士智能绘图算法,服务提供者,深圳市柏星龙创意包装股份有限公司,创慧星辰(网站)、创慧星辰(小程序),应用于图像生成场景，根据用户输入的文本和图像，生成相应的图像内容。,2024-10,generative ai,境内深度合成服务算法备案清单（2024年10月） (1).docx
决胜文本生成合成类算法,服务技术支持者,北京弘易信泰科技发展有限公司,--,应用于文本生成场景，服务于企业端客户，根据用户输入的文本内容指令，生成连贯且符合要求的文本。,2024-10,generative ai,境内深度合成服务算法备案清单（2024年10月） (1).docx
一知数字人驱动算法-1,服务技术支持者,杭州一知智能科技有限公司,--,应用于数字人生成场景，服务于企业端客户，根据用户输入的语音、视频等，生成数字人视频用于短视频发布或数字人直播。,2024-10,generative ai,境内深度合成服务算法备案清单（2024年10月） (1).docx
博商伏羲AI内容生成算法,服务提供者,深圳市博商获客职业技能培训中心有限公司,获课(小程序)、获客管理(小程序)、获课(APP),应用于文本生成场景，根据用户输入的文本，生成相应的文本内容。,2024-10,generative ai,境内深度合成服务算法备案清单（2024年10月） (1).docx
SmartMTB医疗智能内容生成算法-2,服务提供者,至本医疗科技（上海）有限公司,口袋守护(网站)、至慧陪伴(小程序)、OMSmartdata(小程序)、口袋守护(APP)、口袋守护(小程序)、肿瘤基因(小程序)、Aidan(APP)、智慧咨询(小程序)、OMSmartdata(网站)、至慧陪伴(网站)、Aidan(网站),应用于文本图片生成场景，根据用户输入的文字、图片等描述病理，生成医学知识、医疗报告解读、引导性描述文本，或生成分析病例数据的图表图片。,2024-10,generative ai,境内深度合成服务算法备案清单（2024年10月） (1).docx
联通时科AI内容生成算法,服务提供者,联通时科（北京）信息技术有限公司,联通沃派AI(网站),应用于对话生成场景，根据用户输入的文本或相关指令，生成相应的文本或图片内容。,2024-10,generative ai,境内深度合成服务算法备案清单（2024年10月） (1).docx
秉孚文生图算法-1,服务提供者,杭州秉孚信息技术有限责任公司,v2doc(APP),应用于图像生成场景，根据用户输入的文本提示，生成与之匹配的图像。,2024-10,generative ai,境内深度合成服务算法备案清单（2024年10月） (1).docx
福来克思内容生成算法,服务提供者,山东福来克思智能科技有限公司,福有有健康(小程序),应用于文本生成场景，根据用户输入的问题或描述，生成健康养生相关的科普信息介绍和日常饮食运动建议等。,2024-10,generative ai,境内深度合成服务算法备案清单（2024年10月） (1).docx
优途旅行AI文本生成算法,服务提供者,广州优途信息服务有限公司,优途旅行(APP),应用于对话生成场景，根据用户输入的行程需求等文本，生成相关的回答和解决方案，为用户提供个性化定制旅游行程的问答对话服务。,2024-10,generative ai,境内深度合成服务算法备案清单（2024年10月） (1).docx
健交科技GPTHybrid生成算法,服务提供者,上海健交科技服务有限责任公司,智能心理健康系统小优(网站)、新知系统毕达版(网站)、知识萃取系统(网站)、智能诊断系统(网站)、智能挖掘系统(网站)、智能矢量建模系统(网站)、智能数据预处理系统(网站),应用于对话生成场景，根据用户输入的文本，生成用户所需要的文本或图片。,2024-10,generative ai,境内深度合成服务算法备案清单（2024年10月） (1).docx
深宇识文本生成算法,服务提供者,上海深宇识智能科技有限公司,devv.ai(网站),应用于对话生成场景，根据用户输入的文本，生成用户所需要的文本回复。,2024-10,generative ai,境内深度合成服务算法备案清单（2024年10月） (1).docx
金石商业参谋大模型生成算法,服务技术支持者,无锡思响数智科技有限公司,--,应用于对话生成场景，服务于企业端客户，根据用户输入的文本，生成用户所需要的文本。,2024-10,generative ai,境内深度合成服务算法备案清单（2024年10月） (1).docx
浪潮安澜大模型算法,服务提供者,山东浪潮智水数字科技有限公司,浪潮安澜大模型(其他),应用于对话生成场景，根据用户输入的文本，生成水利业务场景下的文本回复。,2024-10,generative ai,境内深度合成服务算法备案清单（2024年10月） (1).docx
云中致用基于检索增强的有条件自适应生成算法,服务技术支持者,云中致用（广州）信息科技有限公司,--,应用于对话生成场景，服务于企业端客户，根据用户输入的文本，生成用户所需要的文本回复。,2024-10,generative ai,境内深度合成服务算法备案清单（2024年10月） (1).docx
推易播文字生成音频智能算法,服务提供者,北京良迅信息技术有限公司,推易播(APP),应用于音频生成场景，根据用户输入的文本，生成自然、流畅的音频内容。,2024-10,generative ai,境内深度合成服务算法备案清单（2024年10月） (1).docx
玛卡相机人脸融合算法,服务提供者,北京冲云破雾科技有限公司,玛卡相机(小程序)、玛卡写真馆(小程序)、玛卡相机(APP)、玛卡写真馆(APP),应用于图片视频生成场景，根据用户上传的人脸图像，将其与图片或视频模板进行融合，生成具备人脸特征和模板图像属性的新图片或视频。,2024-10,generative ai,境内深度合成服务算法备案清单（2024年10月） (1).docx
千图AI文字生成算法,服务技术支持者,上海品图网络科技有限公司,--,应用于文本生成场景，服务于企业端客户，根据用户输入的文本及图像，生成用户所需要的文本。,2024-10,generative ai,境内深度合成服务算法备案清单（2024年10月） (1).docx
微医医疗助手大模型算法,服务技术支持者,银川微医数智医院有限公司,--,应用于对话生成场景，服务于企业端客户，根据用户输入的文本，生成医疗场景中辅助医疗相关的文本。,2024-10,generative ai,境内深度合成服务算法备案清单（2024年10月） (1).docx
亚信安全信立方安全大模型算法,服务提供者,亚信科技（成都）有限公司,信立方安全大模型(网站),应用于文本生成场景，根据用户输入的文本，生成网络安全领域的文本内容。,2024-10,generative ai,境内深度合成服务算法备案清单（2024年10月） (1).docx
U课评智能评审大语言模型算法,服务提供者,成都从游智能科技有限公司,U课评(网站),应用于文本写作场景，根据用户输入的课程材料评估报告等文本，生成课程诊断、评价、遴选及课程持续性建设数据分析等文本。,2024-10,generative ai,境内深度合成服务算法备案清单（2024年10月） (1).docx
云鲸大模型算法,服务技术支持者,河南云鲸信息技术有限公司,--,应用于对话生成场景，服务于企业端客户，根据用户输入的文本或音频，生成用户需要的文本回复。,2024-10,generative ai,境内深度合成服务算法备案清单（2024年10月） (1).docx
中国电信TeleChat语义大模型生成算法-1,服务技术支持者,中电信人工智能科技（北京）有限公司,--,应用于对话生成场景，服务于企业端客户，根据用户输入的问题描述文本，生成用户需要的文本回复。,2024-10,generative ai,境内深度合成服务算法备案清单（2024年10月） (1).docx
腾讯音乐文本生成算法,服务提供者,腾讯音乐娱乐（深圳）有限公司,QQ音乐(APP)、全民K歌(APP),应用于对话生成场景，根据用户输入的文本，生成符合用户需求的文本回复。,2024-10,generative ai,境内深度合成服务算法备案清单（2024年10月） (1).docx
智谱通用视频生成算法,服务技术支持者,北京智谱领航科技有限公司,--,应用于视频生成场景，服务于企业端客户，根据用户输入的文本、图片等信息，生成符合用户需求的视频。,2024-10,generative ai,境内深度合成服务算法备案清单（2024年10月） (1).docx
域见医言大模型算法,服务提供者,广州金域医学检验中心有限公司,小域医(小程序),应用于对话生成场景，根据用户输入的文本或图像，生成医疗领域相关的文本回答。,2024-10,generative ai,境内深度合成服务算法备案清单（2024年10月） (1).docx
腾讯音乐歌声合成算法,服务提供者,腾讯音乐娱乐（深圳）有限公司,QQ音乐(APP)、全民K歌(APP),应用于音频生成场景，根据用户输入的音频，生成具备用户音色的翻唱歌曲。,2024-10,generative ai,境内深度合成服务算法备案清单（2024年10月） (1).docx
元征文本生成算法,服务提供者,深圳市元征科技股份有限公司,元征AI(网站),应用于对话生成场景，根据用户输入的文本，生成汽车维修领域相关的文本回答。,2024-10,generative ai,境内深度合成服务算法备案清单（2024年10月） (1).docx
东雨思创西鲸AI生成合成算法,服务技术支持者,东雨思创（北京）科技有限公司,--,应用于对话生成场景，服务于企业端客户，根据用户输入的文本，生成用户所需要的文本。,2024-10,generative ai,境内深度合成服务算法备案清单（2024年10月） (1).docx
九猫图像生成算法,服务技术支持者,上海麟微智能系统有限公司,--,应用于图像生成场景，服务于企业端客户，根据用户输入的文本、图像，生成相应的图像。,2024-10,generative ai,境内深度合成服务算法备案清单（2024年10月） (1).docx
问智大模型算法,服务技术支持者,深圳市星问人工智能有限公司,--,应用于多模态内容生成场景，服务于企业端客户，根据用户输入的文本、图像、音频、视频等，生成文本、图像、音频、视频、文档等多种多模态数据。,2024-10,generative ai,境内深度合成服务算法备案清单（2024年10月） (1).docx
小白AI内容深度合成算法,服务提供者,无名小白（上海）科技有限公司,小白AI(小程序),应用于文本图像生成场景，根据用户输入的文本，生成符合用户需求的文本或图片。,2024-10,generative ai,境内深度合成服务算法备案清单（2024年10月） (1).docx
影音智绘语音合成算法,服务提供者,北京影音智绘科技有限公司,趣剪(小程序)、趣剪(APP),应用于视频配音场景，根据用户输入的文本，生成用户所需要的音频。,2024-10,generative ai,境内深度合成服务算法备案清单（2024年10月） (1).docx
卓越知识图谱生成算法,服务提供者,上海卓越睿新数码科技股份有限公司,大明白AI能力中心(网站),应用于知识图谱生成场景，根据用户选定的资源，生成用户资源内的知识图谱。,2024-10,generative ai,境内深度合成服务算法备案清单（2024年10月） (1).docx
冬阳科技人工智能生成算法,服务提供者,北京冬阳科技有限公司,SpeakNow，SpeakNow Air(APP),应用于对话生成场景，根据用户输入的文本和音频，生成用户需要的文本。,2024-10,generative ai,境内深度合成服务算法备案清单（2024年10月） (1).docx
超星数字人音色克隆生成算法,服务提供者,成都世纪超星信息技术有限公司,超星数字人(网站),应用于音频生成场景，根据用户输入的短音频和文本，生成相同音色语调的音频。,2024-10,generative ai,境内深度合成服务算法备案清单（2024年10月） (1).docx
华智智语生成式数字人建模与驱动算法,服务技术支持者,杭州华智传媒有限公司,--,应用于数字人生成场景，服务于企业端客户，根据用户输入的音频和视频，生成数字人视频。,2024-10,generative ai,境内深度合成服务算法备案清单（2024年10月） (1).docx
四象大语言模型算法,服务技术支持者,索安赛数据（成都）有限公司,--,应用于对话生成场景，服务于企业端客户，根据用户输入的文本，生成用户所需要的文本。,2024-10,generative ai,境内深度合成服务算法备案清单（2024年10月） (1).docx
六边水大模型算法,服务提供者,青岛冠成软件有限公司,六边水大模型(网站),应用于对话生成场景，根据用户输入的文本，生成用户所需要的文本。,2024-10,generative ai,境内深度合成服务算法备案清单（2024年10月） (1).docx
云阙AI营销大模型算法,服务提供者,上海云阙智能科技有限公司,云阙智能(网站),应用于文本生成场景，根据用户输入的文本，生成符合用户需要的文本。,2024-10,generative ai,境内深度合成服务算法备案清单（2024年10月） (1).docx
绿巢AI搜索大语言模型算法,服务提供者,绿巢智慧数据科技（北京）有限公司,绿狗AI搜索(网站),应用于对话生成场景，根据用户输入的文本，生成用户所需要的文本。,2024-10,generative ai,境内深度合成服务算法备案清单（2024年10月） (1).docx
浪潮通信OMEGA大模型生成算法,服务技术支持者,浪潮通信信息系统有限公司,--,应用于对话生成场景，服务于企业端客户，根据用户输入的文本，生成用户需要的文本回复。,2024-10,generative ai,境内深度合成服务算法备案清单（2024年10月） (1).docx
酷开图像生成算法,服务提供者,深圳市酷开网络科技股份有限公司,酷管家(APP),应用于图像生成场景，根据用户输入的文本，生成符合提示词对应结果的图像。,2024-10,generative ai,境内深度合成服务算法备案清单（2024年10月） (1).docx
多读大模型写作算法,服务技术支持者,合肥多读科技有限公司,--,应用于文本生成场景，服务于企业端客户，根据用户输入的文本，生成符合用户需求的文本回复。,2024-10,generative ai,境内深度合成服务算法备案清单（2024年10月） (1).docx
知童观察评价生成合成类算法,服务提供者,西安唯爱开蒙科技发展有限公司,知童(APP)、知童观察评价Edify(小程序),应用于文本生成场景，根据用户输入的文本、图像及视频，生成符合用户需求的文本回复。,2024-10,generative ai,境内深度合成服务算法备案清单（2024年10月） (1).docx
易企秀营销H5智能生成算法,服务提供者,成都中网易企秀科技有限公司,易企秀AIH5(网站),应用于文本生成场景，根据用户输入的文本，生成符合用户需求的文本回复。,2024-10,generative ai,境内深度合成服务算法备案清单（2024年10月） (1).docx
米塔碳文本生成算法,服务技术支持者,米塔碳（杭州）智能科技有限公司,--,应用于文本生成场景，服务于企业端客户，根据用户输入的文本，生成符合用户需求的文本回复。,2024-10,generative ai,境内深度合成服务算法备案清单（2024年10月） (1).docx
中国移动教育自然语言交互算法,服务技术支持者,中移(成都)信息通信科技有限公司,--,应用于对话生成场景，服务于企业端客户，根据用户输入的文本，生成教育领域相关的文本回复。,2024-10,generative ai,境内深度合成服务算法备案清单（2024年10月） (1).docx
中国移动医疗自然语言交互算法,服务技术支持者,中移(成都)信息通信科技有限公司,--,应用于对话生成场景，服务于企业端客户，根据用户输入的文本，生成医疗领域相关的文本回复。,2024-10,generative ai,境内深度合成服务算法备案清单（2024年10月） (1).docx
跃然创新语音对话生成算法,服务技术支持者,深圳跃然创新科技有限公司,--,应用于语音生成场景，服务于企业端客户，根据用户输入的语音，生成自然流畅的语音回复。,2024-10,generative ai,境内深度合成服务算法备案清单（2024年10月） (1).docx
新橙科技AlphaGPT生成式深度学习合成算法,服务提供者,北京新橙科技有限公司,Alpha AI智能助手(APP)、iCourt(网站)、Alpha AI 智能助手(小程序),应用于文本生成场景，根据用户输入的文本、图像、音频，生成符合用户需求的文本内容。,2024-10,generative ai,境内深度合成服务算法备案清单（2024年10月） (1).docx
星罗图像深度合成类算法-2,服务技术支持者,厦门星罗网络科技有限公司,--,应用于图片生成场景，服务于企业端客户，根据用户输入的文本、图片，生成相应的图片。,2024-10,generative ai,境内深度合成服务算法备案清单（2024年10月） (1).docx
慧博AI投研大数据问答算法,服务技术支持者,贵州慧博云科技有限公司,--,应用于文本图像生成场景，服务于企业端客户，根据用户输入的文本、音频、图像，生成用户需要的文本、图像。,2024-10,generative ai,境内深度合成服务算法备案清单（2024年10月） (1).docx
益普索消费者数字孪生智能文生文算法,服务提供者,益普索（中国）咨询有限公司,益普索洞察云平台(网站),应用于文本生成场景，根据用户输入的文本内容，生成产品创意等文本。,2024-10,generative ai,境内深度合成服务算法备案清单（2024年10月） (1).docx
大象声科深度合成唤醒词算法,服务技术支持者,大象声科（深圳）科技有限公司,--,应用于语音识别场景，服务于企业端客户，根据上传的来自麦克风或音频文件的语音，识别语音信号并生成特定的唤醒词或短语。,2024-10,generative ai,境内深度合成服务算法备案清单（2024年10月） (1).docx
乐秀AI数字人算法,服务技术支持者,上海艾麒信息科技股份有限公司,--,应用于数字人生成场景，服务于企业端客户，根据用户输入的图片和音频，生成面部表情和口型同步的虚拟人物形象。,2024-10,generative ai,境内深度合成服务算法备案清单（2024年10月） (1).docx
航天拓扑知海大模型文生文算法,服务提供者,北京航天拓扑高科技有限责任公司,私人助手(APP),应用于文本生成场景，根据用户输入的文本内容，生成符合提问意图和逻辑连贯的文本内容。,2024-10,generative ai,境内深度合成服务算法备案清单（2024年10月） (1).docx
合规小兵大模型算法,服务提供者,合规小兵（深圳）科技有限公司,合规小兵(小程序),应用于对话生成场景，根据用户输入的问题文本，生成相应的文本回复，提供金融法律领域的咨询问答服务。,2024-10,generative ai,境内深度合成服务算法备案清单（2024年10月） (1).docx
金赋政务大模型文本生成算法,服务提供者,广东金赋科技股份有限公司,AI政务导办(小程序),应用于文本生成场景，根据用户在政务办理过程中提出的问题，生成有针对性的办事指引文本回复。,2024-10,generative ai,境内深度合成服务算法备案清单（2024年10月） (1).docx
亚马逊云科技智能客服算法,服务提供者,亚马逊通技术服务（北京）有限公司,亚马逊云科技市场活动与社区账户(网站)、亚马逊云科技(小程序),应用于对话生成场景，根据用户咨询的问题内容，生成相应的回复文本。,2024-10,generative ai,境内深度合成服务算法备案清单（2024年10月） (1).docx
爱图仕视频理解合成算法,服务提供者,深圳爱图仕创新科技股份有限公司,Aimagine(网站)、Aimagine(APP)、Aimagine(小程序),应用于视频生成场景，根据用户上传的产品视频素材和所选的数字人视频，生成包含数字人形象和产品解说的视频。,2024-10,generative ai,境内深度合成服务算法备案清单（2024年10月） (1).docx
云决科技CAI智能合成算法,服务提供者,云决科技（深圳）有限公司,C-AI(APP),应用于文本图像生成场景，根据用户输入的文本描述或音频，生成满足内容创作需求的回答或图像。,2024-10,generative ai,境内深度合成服务算法备案清单（2024年10月） (1).docx
东雨思创蓝莓AI生成合成算法-2,服务技术支持者,东雨思创（北京）科技有限公司,--,应用于图像生成场景，服务于企业端客户，根据用户输入的文本，生成相应的图片，适用于产品展示图生成、虚拟试衣和家居布置、社交媒体配图生成等多种场景。,2024-10,generative ai,境内深度合成服务算法备案清单（2024年10月） (1).docx
摩笔生成数字人DigitalME算法-2,服务技术支持者,北京摩笔生成科技有限公司,--,应用于对话生成场景，服务于企业端客户，根据用户输入的文本、音频，生成音视频回复，涉及智能化客户服务、教育、游戏制作、文旅等领域。,2024-10,generative ai,境内深度合成服务算法备案清单（2024年10月） (1).docx
菁优OCR图像识别生成算法,服务提供者,深圳市菁优智慧教育股份有限公司,菁优网(网站),应用于文本生成场景，根据用户输入的图片，从中提取关键文本信息，生成与之相匹配的文本内容。,2024-10,generative ai,境内深度合成服务算法备案清单（2024年10月） (1).docx
AIwand文生图内容生成算法-1,服务提供者,海南神州泰岳软件有限公司,AIwand(小程序),应用于图像生成场景，根据用户输入的文本，生成符合用户文本描述的图像。,2024-10,generative ai,境内深度合成服务算法备案清单（2024年10月） (1).docx
润和企业知识增强式智能检索生成算法,服务技术支持者,江苏润和软件股份有限公司,--,应用于内容生成场景，服务于企业端客户，根据用户输入的文本和图像，生成符合用户需求的文本、图像和音频。,2024-10,generative ai,境内深度合成服务算法备案清单（2024年10月） (1).docx
摩笔生成语音合成算法-2,服务技术支持者,北京摩笔生成科技有限公司,--,应用于语音生成场景，服务于企业端客户，根据用户输入的语音和文本，生成符合用户需求的语音。,2024-10,generative ai,境内深度合成服务算法备案清单（2024年10月） (1).docx
易分身文本生成算法,服务提供者,广东品致信息科技服务有限公司,易分身(网站),应用于对话生成场景，根据用户输入的文本内容，生成符合用户需求的文本。,2024-10,generative ai,境内深度合成服务算法备案清单（2024年10月） (1).docx
智谱多模态视频生成算法,服务提供者,北京智谱领航科技有限公司,智谱清言-清影AI(网站),应用于视频生成场景，根据用户输入的文本和图片，生成符合用户需求的视频。,2024-10,generative ai,境内深度合成服务算法备案清单（2024年10月） (1).docx
浪潮焱宇科研服务大模型算法,服务技术支持者,浪潮软件科技有限公司,--,应用于文本生成场景，服务于企业端客户，根据用户输入的文本，生成技术优化科研知识管理报告等文本。,2024-10,generative ai,境内深度合成服务算法备案清单（2024年10月） (1).docx
深度制耀Xnova文本生成算法,服务提供者,北京深度制耀科技有限公司,Translation X(网站)、Writing X(网站),应用于文本生成场景，根据用户输入的文本，生成相应的文本内容。,2024-10,generative ai,境内深度合成服务算法备案清单（2024年10月） (1).docx
契胜AIGC多模态算法,服务提供者,契胜科技（集团）有限公司,契胜AI 内容运营平台(网站),应用于多模态内容生成场景，根据用户输入的文本、图像和视频，生成定制的营销文案、配图或动态视频，用于广告推广和品牌宣传。,2024-10,generative ai,境内深度合成服务算法备案清单（2024年10月） (1).docx
东雨思创西树AI视频生成合成算法-1,服务提供者,东雨思创（北京）科技有限公司,西鲸AI服务网站(网站),应用于视频生成场景，根据用户输入的文本，生成符合文本描述的视频片段。,2024-10,generative ai,境内深度合成服务算法备案清单（2024年10月） (1).docx
东雨思创蓝莓AI生成合成算法-1,服务提供者,东雨思创（北京）科技有限公司,西鲸AI服务网站(网站),应用于图像生成场景，根据用户输入的文本，生成相应的图像内容，适用于电子商务、媒体内容创作等领域。,2024-10,generative ai,境内深度合成服务算法备案清单（2024年10月） (1).docx
千层互娱PofiAI图像生成算法,服务提供者,千层互娱（深圳）网络科技有限公司,Pofi AI(APP),应用于图像生成场景，根据用户输入的文本和图像，生成相应的绘画草稿、线稿以及美化图像内容。,2024-10,generative ai,境内深度合成服务算法备案清单（2024年10月） (1).docx
爱学习AI教育算法,服务提供者,北京爱学习博乐教育科技有限公司,小括狐AI学（微信小程序）、精准学(APP),应用于对话生成场景，根据用户输入的文本、图像、音频，生成学习相关的文字内容。,2024-10,generative ai,境内深度合成服务算法备案清单（2024年10月） (1).docx
MedPeer自然语言交互算法,服务提供者,北京迈迪培尔信息技术有限公司,MedPeer科研服务平台(APP)、MedPeer科研服务平台(网站),应用于文本生成场景，根据用户输入的文本内容，生成聚焦主题且符合用户需求的文本。,2024-10,generative ai,境内深度合成服务算法备案清单（2024年10月） (1).docx
妙想大模型算法,服务提供者,东方财富信息股份有限公司,Choice数据(APP)、妙想(网站)、东方财富(APP)、妙想(APP)、妙想(小程序),应用于对话生成场景，根据用户输入的文本、图片、音频、视频等多模态信息，生成文本、图片、视频、语音等不同模态的结果。,2024-10,generative ai,境内深度合成服务算法备案清单（2024年10月） (1).docx
博闻知识检索生成算法,服务技术支持者,武汉光谷信息技术股份有限公司,--,应用于多模态内容生成场景，服务于企业端客户，根据用户输入的提问内容，生成合适的文本、音频和图像内容。,2024-10,generative ai,境内深度合成服务算法备案清单（2024年10月） (1).docx
元数云元典大模型多模态内容合成算法,服务提供者,艾迪普（北京）数字科技有限公司,元数云(网站),应用于多模态内容生成场景，根据用户输入的文本信息，生成符合用户需求的图像及三维模型内容。,2024-10,generative ai,境内深度合成服务算法备案清单（2024年10月） (1).docx
元数云元典大模型多模态内容识别算法,服务提供者,艾迪普（北京）数字科技有限公司,元数云(网站),应用于文本生成场景，根据用户上传的图像、电影片段，生成详细的文本描述和影视片段信息。,2024-10,generative ai,境内深度合成服务算法备案清单（2024年10月） (1).docx
金赋AI智能用数大模型生成算法,服务提供者,广东金赋科技股份有限公司,AI智能用数(网站),应用于文本图表生成场景，根据用户提出的查询问题，生成相应的文本回复，并根据数据特征和用户查询意图生成相应的图表。,2024-10,generative ai,境内深度合成服务算法备案清单（2024年10月） (1).docx
海新睿多模态深度合成算法,服务技术支持者,北京海新智能科技有限公司,--,应用于多模态内容生成场景，服务于企业端客户，根据用户输入的文本指令，生成符合要求的文本、图像或音乐内容。,2024-10,generative ai,境内深度合成服务算法备案清单（2024年10月） (1).docx
爱图仕视频AI剪辑生成算法,服务提供者,深圳爱图仕创新科技股份有限公司,Aimagine(网站)、Aimagine(APP)、Aimagine(小程序),应用于视频生成场景，根据用户上传的视频文件，生成精简的剪辑视频。,2024-10,generative ai,境内深度合成服务算法备案清单（2024年10月） (1).docx
爱图仕视频风格迁移生成算法,服务提供者,深圳爱图仕创新科技股份有限公司,Aimagine(网站)、Aimagine(APP)、Aimagine(小程序),应用于视频生成场景，根据用户上传的视频文件和选择的风格类型，生成具有目标风格的视频结果。,2024-10,generative ai,境内深度合成服务算法备案清单（2024年10月） (1).docx
杏林中医大模型算法,服务提供者,风尚科技有限公司,食体识别(小程序),应用于对话生成场景，根据用户输入的文本和图像，生成医疗领域相关的文本，提供智能舌诊、膳食建议、快速问答等功能。,2024-10,generative ai,境内深度合成服务算法备案清单（2024年10月） (1).docx
九天结构化数据建模算法,服务技术支持者,中国移动通信有限公司研究院,--,应用于文本生成场景，服务于企业端客户，根据用户输入的文本和结构化数据，生成相应的文本。,2024-10,generative ai,境内深度合成服务算法备案清单（2024年10月） (1).docx
墨樱深度合成算法,服务提供者,北京墨樱科技有限公司,AI精灵(APP),应用于多模态内容生成场景，根据用户输入的文本和图像，合成用户需要的文本、图像、视频内容。,2024-10,generative ai,境内深度合成服务算法备案清单（2024年10月） (1).docx
爱简艺图像生成算法,服务提供者,广东爱简艺人工智能科技有限公司,EasyArt(网站),"应用于图像生成场景，根据用户输入的文本、图像，生成符合用户需
求的图像。",2024-10,generative ai,境内深度合成服务算法备案清单（2024年10月） (1).docx
懂车帝企业版大模型算法,服务技术支持者,北京懂车帝科技有限公司,--,应用于文本生成场景，服务于企业端客户，根据用户提出的问题，生成汽车领域相关的文本内容。,2024-10,generative ai,境内深度合成服务算法备案清单（2024年10月） (1).docx
心境域陪学AI生成合成类算法-1,服务提供者,广州心境域软件有限责任公司,我的领域(APP),应用于文本生成场景，根据用户输入的问题文本，结合上下文信息，生成相关的文本答案。,2024-10,generative ai,境内深度合成服务算法备案清单（2024年10月） (1).docx
ContaAI用于营销领域的生成式人工智能算法-1,服务提供者,语心字慧（上海）科技有限公司,ContaAI(网站),应用于文本生成场景，根据用户输入的关键词或短文，生成符合语法和语义规则的文本。,2024-10,generative ai,境内深度合成服务算法备案清单（2024年10月） (1).docx
Nephola对话合成算法,服务提供者,赛恺人工智能科技（上海）有限公司,Nephola(小程序),应用于对话生成场景，根据用户输入的文本或语音信息，生成相应的文本回复。,2024-10,generative ai,境内深度合成服务算法备案清单（2024年10月） (1).docx
不二文本生成算法,服务提供者,杭州兔不二科技有限公司,快找找(APP),应用于文本生成场景，根据用户输入的文本原始素材或简单指导，生成符合要求的文本内容。,2024-10,generative ai,境内深度合成服务算法备案清单（2024年10月） (1).docx
悉之EVA生成式算法,服务技术支持者,北京悉之智能科技有限公司,--,应用于文本生成场景，服务于企业端客户，根据用户输入的文本信息，生成相应的文本回复。,2024-10,generative ai,境内深度合成服务算法备案清单（2024年10月） (1).docx
骑士卡AI导购大模型算法,服务提供者,广州探途网络技术有限公司,全球购骑士特权(APP),应用于对话生成场景，根据用户输入的文本和过往对话内容，分析用户的购物需求，生成商品购买建议信息。,2024-10,generative ai,境内深度合成服务算法备案清单（2024年10月） (1).docx
创意无限图像生成与图像处理编辑算法,服务提供者,石家庄舒君科技有限公司,创意无限(网站),应用于图片生成场景，根据用户输入的文本描述、关键词或原始图像，生成符合用户需求的个性化图片。,2024-10,generative ai,境内深度合成服务算法备案清单（2024年10月） (1).docx
美食营养建议生成算法,服务提供者,北京豆果信息技术有限公司,豆果美食-菜谱食谱视频菜谱大全(APP),应用于对话生成场景，根据用户输入的健康数据、食材或烹饪方式等，生成美食营养建议，应用于食谱推荐、健康饮食规划、餐饮管理等领域。,2024-10,generative ai,境内深度合成服务算法备案清单（2024年10月） (1).docx
范思知识问答生成算法,服务提供者,上海范思软件有限公司,FancyQ&A大语言应用开发平台测试版(网站),应用于对话生成场景，根据用户输入的语音或文本，生成相应的语音或文本回复。,2024-10,generative ai,境内深度合成服务算法备案清单（2024年10月） (1).docx
惠每云医疗对话文本生成算法,服务提供者,北京惠每云科技有限公司,惠每云医疗对话(网站),应用于对话生成场景，根据用户输入的问题文本，生成医疗领域相关的文本回复，辅助医生诊疗决策。,2024-10,generative ai,境内深度合成服务算法备案清单（2024年10月） (1).docx
慧眼识才文本生成式AI算法,服务提供者,创壹（上海）信息科技有限公司,慧眼识才-创壹科技(网站),应用于文本生成场景，根据用户输入的企业经营数据、人才管理信息等，生成职位描述、绩效模板、人才评估报告、风险预警等文本内容。,2024-10,generative ai,境内深度合成服务算法备案清单（2024年10月） (1).docx
天津天星文本生成算法,服务技术支持者,天津市灵算人工智能公共数据平台有限公司,--,应用于文本生成场景，服务于企业端客户，根据用户输入的文本，生成相应的文本内容。,2024-10,generative ai,境内深度合成服务算法备案清单（2024年10月） (1).docx
MindFlow文本生成大模型算法,服务提供者,北京星河智源科技有限公司,星河智源（Mind Flow）(网站),应用于文本生成场景，根据用户输入的文本，生成相应的文本内容。,2024-10,generative ai,境内深度合成服务算法备案清单（2024年10月） (1).docx
鹏景科技智慧营销大模型算法,服务提供者,山西鹏景科技有限公司,IDEAWAVE(网站),应用于文本生成场景，根据用户输入的文本信息，生成符合用户需求的文本内容，实现脚本生成等功能。,2024-10,generative ai,境内深度合成服务算法备案清单（2024年10月） (1).docx
从法法律服务大模型算法,服务提供者,从法信息科技有限公司,法律法规增强查询(网站)、法律咨询助手(网站)、新收录档助手(网站),应用于智能对话场景，根据用户输入的文本，生成法律领域相关的文本回复。,2024-10,generative ai,境内深度合成服务算法备案清单（2024年10月） (1).docx
peerupcopilot文本信息合成算法,服务提供者,北京峥研软件有限责任公司,peerup(网站),应用于文本生成场景，根据用户输入的文本信息，生成符合用户需求的文本内容，实现智能问答、笔记解读与润色等功能。,2024-10,generative ai,境内深度合成服务算法备案清单（2024年10月） (1).docx
美联数字智能预问诊文本生成算法,服务提供者,杭州美联数字医疗科技有限公司,美联数字智能预问诊文本生成算法(小程序),应用于对话生成场景，根据用户输入的文本，生成医疗领域相关的文本回复。,2024-10,generative ai,境内深度合成服务算法备案清单（2024年10月） (1).docx
问智大模型多模态算法,服务提供者,深圳市星问人工智能有限公司,问智快(APP)、问智快(网站)、问智一号(网站)、问智一号(APP),应用于对话生成场景，根据用户输入的文本、图像、音频、视频，生成符合用户需求的文本、图像、音频、视频内容。,2024-10,generative ai,境内深度合成服务算法备案清单（2024年10月） (1).docx
志达大模型算法,服务提供者,本智在线科技（上海）有限公司,志达AI(小程序),应用于对话生成场景，根据用户输入的文本，生成符合用户需求的文本回复。,2024-10,generative ai,境内深度合成服务算法备案清单（2024年10月） (1).docx
灵云智言公告分析提取算法,服务提供者,深圳市今日投资数据科技有限公司,灵云智言(网站),应用于对话生成场景，根据用户输入的文本信息，生成金融领域相关的文本内容。,2024-10,generative ai,境内深度合成服务算法备案清单（2024年10月） (1).docx
万象有灵国学推演算法,服务提供者,深圳市晌午不眠科技有限公司,万象有灵(小程序),应用于文本生成场景，根据用户输入的文本信息和需求，生成分析报告和建议文本。,2024-10,generative ai,境内深度合成服务算法备案清单（2024年10月） (1).docx
邦赢文本内容生成算法,服务提供者,邦赢（山东）信息科技集团有限公司,文案文本生成服务(网站),应用于文本生成场景，根据用户输入的文本信息，生成符合用户需求的文本内容。,2024-10,generative ai,境内深度合成服务算法备案清单（2024年10月） (1).docx
衡泰信高速摄像感测深度合成图像算法,服务技术支持者,深圳市衡泰信科技有限公司,--,应用于图像生成场景，服务于企业端客户，根据用户输入的原始图像素材或简单指导，自动生成符合要求的图像。,2024-10,generative ai,境内深度合成服务算法备案清单（2024年10月） (1).docx
今日投资智能对话系统算法,服务提供者,深圳市今日投资数据科技有限公司,灵云智言(网站),应用于对话生成场景，根据用户输入的文本，生成投资方面的研报总结、投资建议、热点事件解读等文本内容。,2024-10,generative ai,境内深度合成服务算法备案清单（2024年10月） (1).docx
浪淘金图像生成算法,服务提供者,浪淘金（北京）科技有限责任公司,出片啦相机(小程序)、出片啦(APP)、出片啦(小程序)、出片啦(网站),应用于图像生成场景，根据用户上传的人脸照片，与预设的装扮效果融合，生成符合目标装扮风格的合成图像。,2024-10,generative ai,境内深度合成服务算法备案清单（2024年10月） (1).docx
银海闻语文本生成算法,服务提供者,四川久远银海软件股份有限公司,银海云客服(小程序),应用于文本生成场景，根据用户输入的文本内容，生成文档、对话、摘要等文本。,2024-10,generative ai,境内深度合成服务算法备案清单（2024年10月） (1).docx
宝宝树AI写真算法,服务提供者,北京众鸣世纪科技有限公司,宝宝树小时光(APP)、宝宝树孕育(APP),应用于图像生成场景，根据用户上传的宝宝人脸照片和选择的写真图像模板，生成宝宝写真图像。,2024-10,generative ai,境内深度合成服务算法备案清单（2024年10月） (1).docx
微医健康助手算法,服务提供者,杭州微医健康科技有限公司,微医(APP)、AI健管师(网站),应用于对话生成场景，根据用户输入的文本信息，生成医疗方面相关的文本回复，实现智能导诊、健康咨询、AI健康管理助手等功能。,2024-10,generative ai,境内深度合成服务算法备案清单（2024年10月） (1).docx
东雨思创西树AI视频生成合成算法,服务技术支持者,东雨思创（北京）科技有限公司,--,应用于视频生成场景，服务于企业端客户，根据用户输入的文本内容，生成符合文本描述的视频片段。,2024-10,generative ai,境内深度合成服务算法备案清单（2024年10月） (1).docx
易问通语音合成算法,服务提供者,广东品致信息科技服务有限公司,易分身(网站),应用于语音合成场景，根据用户输入的文本信息和选择的发音角色，生成对应的音频内容。,2024-10,generative ai,境内深度合成服务算法备案清单（2024年10月） (1).docx
小雷图像生成算法,服务提供者,青岛雷神科技股份有限公司,小雷AI(APP),应用于图像生成场景，根据用户输入的文本、图像，生成符合用户预期的图像内容。,2024-10,generative ai,境内深度合成服务算法备案清单（2024年10月） (1).docx
小雷文本生成算法,服务提供者,青岛雷神科技股份有限公司,小雷AI(APP),应用于对话生成场景，根据用户输入的文本，生成符合用户需求的文本回复。,2024-10,generative ai,境内深度合成服务算法备案清单（2024年10月） (1).docx
英招文字合成算法,服务提供者,北京仁和诚信科技有限公司,英招(网站),应用于对话生成场景，根据用户输入的文本，生成符合用户预期的文本内容。,2024-10,generative ai,境内深度合成服务算法备案清单（2024年10月） (1).docx
星罗图像深度合成类算法,服务提供者,厦门星罗网络科技有限公司,千鹿(APP),应用于图像生成场景，根据用户输入的文本、图像，生成符合用户预期的图像内容。,2024-10,generative ai,境内深度合成服务算法备案清单（2024年10月） (1).docx
令羽大模型算法,服务提供者,深圳令羽科技有限公司,Ymiai 薏米 AI(网站),应用于文本生成场景，根据用户输入的文本、图像、视频，生成符合用户预期的文本内容。,2024-10,generative ai,境内深度合成服务算法备案清单（2024年10月） (1).docx
云译科技智能文本翻译生成式算法,服务提供者,深圳云译科技有限公司,云译科技(网站),应用于文本生成场景，根据用户输入的文本，生成符合用户预期的文本内容，实现翻译等功能。,2024-10,generative ai,境内深度合成服务算法备案清单（2024年10月） (1).docx
天工大语言音乐生成模型算法,服务提供者,昆仑万维科技股份有限公司,天工AI助手(APP)、天工AI搜索(小程序)、天工AI助手(网站),应用于音频生成场景，根据用户输入的歌词文本，生成符合用户预期的歌曲音频。,2024-10,generative ai,境内深度合成服务算法备案清单（2024年10月） (1).docx
无我数字AI生成合成算法,服务提供者,广东无我数字科技有限公司,MarsX(APP),应用于文本音频生成场景，根据用户输入的文本及上传的音频，生成符合用户预期的文本或克隆音色的语音回复。,2024-10,generative ai,境内深度合成服务算法备案清单（2024年10月） (1).docx
齐鲁文化大模型算法,服务提供者,山东齐鲁壹点传媒有限公司,文渊|齐鲁文化大模型(小程序),应用于对话生成场景，根据用户输入的文本，生成符合用户需求的文本、图像回复。,2024-10,generative ai,境内深度合成服务算法备案清单（2024年10月） (1).docx
萤石图生文算法,服务提供者,杭州萤石软件有限公司,萤石AI图影工坊(小程序)、萤石云视频(APP)、萤石智能助眠枕(小程序)、晴小豆(APP)、萤石智家(APP)、萤石语音助手(小程序)、萤石派(APP)、萤石健康(APP)、萤石数字人名片(小程序)、萤石智居AI图影工坊(小程序)、萤石智居服务助手(小程序),应用于文本生成场景，根据用户输入的文本、图像，生成符合用户需求的文本内容。,2024-10,generative ai,境内深度合成服务算法备案清单（2024年10月） (1).docx
淘项有术AIGC检测服务生成合成算法,服务技术支持者,湖南淘项有术网络信息科技有限公司,--,应用于文本图像生成场景，服务于企业端客户，根据用户输入的文本、图像，生成符合用户需求的文本、图像内容。,2024-10,generative ai,境内深度合成服务算法备案清单（2024年10月） (1).docx
有劳AI劳动法大模型算法,服务提供者,广州叮咚科技集团有限公司,小微托管有劳AI(小程序),应用于对话生成场景，根据用户输入的文本，生成法律领域相关的文本回复。,2024-10,generative ai,境内深度合成服务算法备案清单（2024年10月） (1).docx
视界一粟YiSu视频生成模型算法,服务提供者,北京极佳视界科技有限公司,gigaai(网站),应用于多模态生成场景，根据用户输入的文本、音频、图像，生成符合用户预期的文本、图像、音频、视频内容，实现动画制作、素材制作、剧本创作等功能。,2024-10,generative ai,境内深度合成服务算法备案清单（2024年10月） (1).docx
阿川多模态AIGC算法,服务提供者,北京九月初六文化传媒有限公司,阿川AI(网站),应用于文本图像生成场景，根据用户输入的文本描述或图像，生成相应的文本回复、绘画作品或思维导图。,2024-10,generative ai,境内深度合成服务算法备案清单（2024年10月） (1).docx
渊思行业大模型算法,服务提供者,亚信科技（中国）有限公司,渊思行业大模型(网站),应用于文本生成场景，根据用户输入的文本内容，生成符合用户需求的文本内容。,2024-10,generative ai,境内深度合成服务算法备案清单（2024年10月） (1).docx
凡语政策问答内容生成算法,服务提供者,北京中科凡语科技有限公司,政策问答(网站),应用于对话生成场景，根据用户输入的政策相关问题或关键词，生成政策解释、合规指导或政策变动分析报告。,2024-10,generative ai,境内深度合成服务算法备案清单（2024年10月） (1).docx
摩笔生成语音合成算法-1,服务提供者,北京摩笔生成科技有限公司,摩尔线程 AI 语音技术(网站),应用于语音生成场景，根据用户输入的文本、语音，生成相应的语音，实现语音合成和语音转换功能。,2024-10,generative ai,境内深度合成服务算法备案清单（2024年10月） (1).docx
智声智影音乐深度合成算法,服务提供者,甬桨科技(宁波)有限公司,智声智影(APP),应用于音频生成场景，根据用户输入的提示词或需求文本，生成相应的音乐文件。,2024-10,generative ai,境内深度合成服务算法备案清单（2024年10月） (1).docx
飞校智能写作算法,服务提供者,北京中科凡语科技有限公司,飞校平台(网站),应用于文本生成场景，根据用户输入的关键词、摘要或文本文段，生成相应的写作内容，为政府机构、出版机构以及高校个人提供文本审校服务。,2024-10,generative ai,境内深度合成服务算法备案清单（2024年10月） (1).docx
智核动力智聊语音生文算法,服务提供者,广东智核动力技术有限公司,智聊(网站),应用于对话生成场景，根据用户输入语音，转换为文本后生成相应的文本回复。,2024-10,generative ai,境内深度合成服务算法备案清单（2024年10月） (1).docx
鲲动利动漫图像生成算法,服务技术支持者,鲲动利（杭州）网络科技有限公司,--,应用于图像生成场景，服务于企业端客户，根据用户输入的草稿、线稿等动漫图片和文本描述，生成线条、内容一致的动漫图像。,2024-10,generative ai,境内深度合成服务算法备案清单（2024年10月） (1).docx
鲨推AI多模态合成算法,服务提供者,沭阳名图广告传媒有限公司,鲨推(小程序)、鲨推(网站)、鲨推AI(APP),应用于图像文本生成场景，根据用户输入的文本，生成相应的图片和文本。,2024-10,generative ai,境内深度合成服务算法备案清单（2024年10月） (1).docx
飞译机器翻译生成算法,服务提供者,北京中科凡语科技有限公司,通用翻译系统(网站),应用于文本翻译场景，根据用户输入的待翻译文本内容，生成指定目标语种的翻译内容。,2024-10,generative ai,境内深度合成服务算法备案清单（2024年10月） (1).docx
十分会写文本创作生成算法,服务提供者,深圳好行知远科技有限公司,十分会写(网站),应用于文本生成场景，根据用户输入的句子、段落或文档，生成相应的文本内容，实现文本改写和文本创作功能。,2024-10,generative ai,境内深度合成服务算法备案清单（2024年10月） (1).docx
凤舞江天文化大模型算法,服务提供者,武汉训义兴学教育科技有限公司,凤舞江天文化大模型(网站),应用于对话生成场景，根据用户输入的文本提问和长江文化相关书籍等信息，生成文本回答，为用户提供合适的期刊推荐、研究选题和论文模板。,2024-10,generative ai,境内深度合成服务算法备案清单（2024年10月） (1).docx
玖定图像生成算法,服务提供者,厦门玖定科技有限公司,gtn9AI(网站),应用于图像生成场景，根据用户输入的文本描述或根据用户输入的文本描述和参考图片，生成相匹配图像。,2024-10,generative ai,境内深度合成服务算法备案清单（2024年10月） (1).docx
吉林一号星旅文旅智能规划算法,服务提供者,长光卫星技术股份有限公司,吉林一号·星旅(网站),应用于对话生成场景，根据用户输入的旅游相关的问题，生成推荐景点与游玩路线建议，为用户提供旅游路线规划服务。,2024-10,generative ai,境内深度合成服务算法备案清单（2024年10月） (1).docx
百舸争流AI合成算法,服务提供者,上海百舸争流信息科技有限公司,万能AI盒子(APP),应用于多模态内容生成场景，根据用户输入的文本，生成小说、文章、诗歌等文本内容，或生成绘画作品，或制作视频游戏、电影和动画中的角色和场景。,2024-10,generative ai,境内深度合成服务算法备案清单（2024年10月） (1).docx
浪潮焱宇税费分析大模型算法,服务技术支持者,浪潮（青岛）科技集团有限公司,--,应用于文本生成场景，服务于企业端客户，根据用户输入的财务报表、合同或其他财务相关文档，生成税费分析报告。,2024-10,generative ai,境内深度合成服务算法备案清单（2024年10月） (1).docx
浪潮焱宇运营商知识服务大模型算法,服务技术支持者,浪潮软件科技有限公司,--,应用于文本生成场景，服务于企业端客户，根据用户输入的文本数据，生成符合业务场景的定制化文本或报告，为运营商快速获取和分析海量数据提供服务。,2024-10,generative ai,境内深度合成服务算法备案清单（2024年10月） (1).docx
仙乐个性化推荐算法,个性化推送类,仙乐健康科技股份有限公司,小乐(小程序)、小乐(网站),应用于商品推荐场景，根据分析用户数据、用户行为数据和商品信息数据，向用户推荐可能感兴趣的商品。,2025-5,algorithmic service,境内互联网信息服务算法备案清单（2025年5月）.docx
盒马搜索算法,信息检索类,上海盒礼网络技术服务有限公司,盒马(APP),应用于商品检索场景，将用户的查询词和商品库商品描述标准化，根据用户输入的查询词，利用倒排索引快速检索相关商品，输出商品结果列表。,2025-5,algorithmic service,境内互联网信息服务算法备案清单（2025年5月）.docx
学富网校个性化课程推送算法,个性化推送类,深圳启程智远网络科技有限公司,学富网校(网站),应用于课程个性化推荐服务，根据用户历史浏览习惯和用户画像，为用户推送可能感兴趣的课程内容。,2025-5,algorithmic service,境内互联网信息服务算法备案清单（2025年5月）.docx
Z致学学情分析错题推荐算法,个性化推送类,深圳宏途数字科技有限公司,Z致学智能作业平台(网站),应用于内容推荐场景，通过深度分析学生的学习诊断结果，推送同类练习题，帮助学生开展针对性学习。,2025-5,algorithmic service,境内互联网信息服务算法备案清单（2025年5月）.docx
顺丰同城急送智能调度决策类算法,调度决策类,深圳市众普拉斯网络科技有限公司,顺丰同城骑士(APP),应用于订单分配场景，根据用户的订单信息与范围内的骑士进行最优匹配，将订单分配给最合适的骑手。,2025-5,algorithmic service,境内互联网信息服务算法备案清单（2025年5月）.docx
成果需求信息检索算法,信息检索类,大湾区科技创新服务中心（广州）股份有限公司,湾创成果转化（小程序）,应用于科技成果转化服务领域文本检索场景，根据用户输入的关键词与向量库中存储的内容进行相似度计算，找出与输入最相似的段落或句子文本内容返回给用户。,2025-5,algorithmic service,境内互联网信息服务算法备案清单（2025年5月）.docx
七猫个性化推荐算法,个性化推送类,上海七猫文化传媒有限公司,七猫免费小说(APP),应用于内容推荐场景，根据用户基本属性数据、用户行为数据，预测用户意图特征，向用户推荐原创新书。,2025-5,algorithmic service,境内互联网信息服务算法备案清单（2025年5月）.docx
和缓用户疾病个性化推荐算法,个性化推送类,北京和缓医疗科技有限公司,和缓视频医生(APP),应用于健康管理建议内容推荐场景，根据用户行为数据、疾病名称、症状描述等内容，为用户推荐相关疾病知识文字列表及治疗方案文字列表内容。,2025-5,algorithmic service,境内互联网信息服务算法备案清单（2025年5月）.docx
职业信用评估排序算法,排序精选类,上海码上链数字科技有限公司,职信分+评分(网站)、职业信用评估(小程序),应用于招聘候选人排序场景，根据候选人简历中教育背景、工作经验、技能证书及项目经历等数据进行评分，输出相应的候选人排序结果。,2025-5,algorithmic service,境内互联网信息服务算法备案清单（2025年5月）.docx
医敏AllergyAgent深度合成算法,服务提供者,杭州数智医济医疗科技有限公司,医敏+(小程序)、AI过敏医生辅助智能体(APP)、医敏助手(小程序),应用于对话生成场景，根据用户输入的文本，生成相应的文本回复。,2025-9,generative ai,境内深度合成服务算法备案清单（2025年9月）.docx
耕耘文生文内容生成算法,服务提供者,黑龙江东北数字出版传媒有限公司,耕耘大语言模型(网站),应用于文本生成场景，根据用户输入的文本，生成相应的文本回复。,2025-9,generative ai,境内深度合成服务算法备案清单（2025年9月）.docx
智导互联HondaCONNECT车载交互智能对话算法,服务提供者,海纳新思智行服务有限公司,智导互联HondaCONNECT车载系统(其他),应用于对话生成场景，根据用户输入的音频，生成相应的文本、音频回复。,2025-9,generative ai,境内深度合成服务算法备案清单（2025年9月）.docx
首旅慧科盘道AI文字生成合成算法-2,服务提供者,北京首旅慧联科技有限责任公司,首客首享(小程序),应用于对话生成场景，根据用户输入的文本，生成文旅、电商相关的文本内容。,2025-9,generative ai,境内深度合成服务算法备案清单（2025年9月）.docx
寰翼重楼多模态深度生成算法,服务提供者,深圳市寰翼重楼科技有限公司,MirrorMind明思(小程序),应用于多模态生成场景，根据用户输入的文本，生成相应的文本、图像、视频。,2025-9,generative ai,境内深度合成服务算法备案清单（2025年9月）.docx
NB实验室智能问答算法,服务提供者,北京乐步教育科技有限公司,NB实验室(APP),应用于对话生成场景，根据用户输入的文本、音频，生成物理、化学、生物实验相关的文本、音频。,2025-9,generative ai,境内深度合成服务算法备案清单（2025年9月）.docx
营动糖尿病膳食文本方案生成算法,服务提供者,营动智能技术（山东）有限公司,营动AI营养师(网站)、营动AI营养师(小程序)、营动AI营养师(公众账号)、营动AI营养师(APP),应用于文本生成场景，根据用户输入的健康信息文本，生成膳食管理方案。,2025-9,generative ai,境内深度合成服务算法备案清单（2025年9月）.docx
雅识AI内容生成算法,服务提供者,雅识网络科技服务（杭州）有限公司,雅识(APP),应用于对话生成场景，根据用户输入的文本、音频，生成相应的文本、音频。,2025-9,generative ai,境内深度合成服务算法备案清单（2025年9月）.docx
齐民要术智能对话生成算法,服务提供者,河北平普数政科技有限公司,齐民要术(小程序)、齐民要术(网站)、齐民要术(APP),应用于对话生成场景，根据用户输入文本、图像，生成农业相关的文本回复。,2025-9,generative ai,境内深度合成服务算法备案清单（2025年9月）.docx
启迪数科多模态数字人交互算法,服务提供者,启迪数字科技（深圳）有限公司,龙华区AI数字工会(网站),应用于对话生成场景，根据用户输入的文本或音频，生成相应的文本回复。,2025-9,generative ai,境内深度合成服务算法备案清单（2025年9月）.docx
特格尔智慧医疗文本推理生成算法,服务提供者,特格尔医药集团股份有限公司,特格尔快药(APP)、特格尔快药(小程序),应用于对话生成场景，根据用户输入的文本，生成相应的文本回复。,2025-9,generative ai,境内深度合成服务算法备案清单（2025年9月）.docx
AI效果图生成算法,服务提供者,深圳市网心科技有限公司,AI效果图(小程序),应用于图像生成场景，根据用户输入的图像，生成指定风格图像内容。,2025-9,generative ai,境内深度合成服务算法备案清单（2025年9月）.docx
宠物写真生成算法,服务提供者,深圳市网心科技有限公司,宠物写真(小程序),应用于图像生成场景，根据用户输入的图像，生成相应的图像内容。,2025-9,generative ai,境内深度合成服务算法备案清单（2025年9月）.docx
声网语音识别算法,服务技术支持者,上海声网科技有限公司,--,应用于文本生成场景，服务于企业端客户，根据用户输入的音频，生成相应的文本内容。,2025-9,generative ai,境内深度合成服务算法备案清单（2025年9月）.docx
华舜AI深度合成算法,服务技术支持者,江苏华舜智能科技有限公司,--,应用于文本音频生成场景，服务于企业端客户，根据用户输入的文本或语音，生成相应的文本、语音内容。,2025-9,generative ai,境内深度合成服务算法备案清单（2025年9月）.docx
AI智桥文本生成算法,服务提供者,上海雷殷网络科技有限公司,AI智桥(网站)、AI智桥(APP)、AI智桥(小程序),应用于文本生成场景，根据用户输入的文本、图像，生成相应的文本内容。,2025-9,generative ai,境内深度合成服务算法备案清单（2025年9月）.docx
彩之物智慧健康文本生成大模型算法,服务提供者,彩之物科技（深圳）有限公司,心泰医嘱管理端(APP)、心泰健康(APP)、乐彩健康(小程序)、心泰医嘱(APP)、深AI·智慧健康(APP)、心泰(小程序),应用于对话生成场景，根据用户输入的问题文本，生成相应的文本回复。,2025-9,generative ai,境内深度合成服务算法备案清单（2025年9月）.docx
悦趣AI视频彩铃生成算法,服务提供者,广州悦趣信息技术有限公司,悦趣AI视频彩铃生成算法(网站),应用于视频生成场景，根据用户输入的图像，生成定制化的人物动作视频。,2025-9,generative ai,境内深度合成服务算法备案清单（2025年9月）.docx
Monica智能对话生成算法,服务提供者,北京蝴蝶效应科技有限公司,Monica(APP)、Monica(其他)、Monica(网站)、Monica(公众账号),应用于对话生成场景，根据用户输入的文本，生成相应的文本回复。,2025-9,generative ai,境内深度合成服务算法备案清单（2025年9月）.docx
小明太极AI动漫图像生成算法,服务提供者,小明太极（武汉）网络科技有限公司,小明国漫AI绘图(网站),应用于图像生成场景，根据用户输入的描述文本、参考图像，生成动漫领域相关的图像。,2025-9,generative ai,境内深度合成服务算法备案清单（2025年9月）.docx
矩阵起源AI增强检索生成算法-2,服务技术支持者,矩阵起源（深圳）信息科技有限公司,--,应用于文本生成场景，服务于企业端客户，根据用户输入的文本、图像，生成相应的文本。,2025-9,generative ai,境内深度合成服务算法备案清单（2025年9月）.docx
周到大模型文生图合成算法,服务提供者,苏州市广播电视总台,周到大模型-AI工具箱(网站),应用于图像生成场景，根据用户输入的文本，生成相应的图像。,2025-9,generative ai,境内深度合成服务算法备案清单（2025年9月）.docx
孙悟空AI文本生成算法,服务提供者,杭州悟空硅基科技有限公司,孙悟空AI(网站),应用于文本生成场景，根据用户输入的文本，生成相应的文本内容。,2025-9,generative ai,境内深度合成服务算法备案清单（2025年9月）.docx
法盟云文本生成算法,服务提供者,广州法盟云科技有限公司,法盟智文(网站),应用于文本生成场景，根据用户输入的法律问题或场景描述，生成法律知识相关的文本解答。,2025-9,generative ai,境内深度合成服务算法备案清单（2025年9月）.docx
HeartAI生成合成类算法,服务技术支持者,天津扩列网络科技有限公司,--,应用于对话生成场景，服务于企业端客户，根据用户输入的文本、音频，生成相应的文本、音频。,2025-9,generative ai,境内深度合成服务算法备案清单（2025年9月）.docx
摩笔马良AI人像生成算法-1,服务提供者,北京摩笔生成科技有限公司,摩笔马良(小程序)、摩笔马良(网站),应用于图像生成场景，根据用户输入的文本、图像，生成风格转换后的图像。,2025-9,generative ai,境内深度合成服务算法备案清单（2025年9月）.docx
益普索产品创新用户理解和概念生成文生图算法,服务提供者,益普索（中国）咨询有限公司,益普索洞察云平台(网站),应用于图像生成场景，根据用户输入的文本，生成符合客户需求的图像。,2025-9,generative ai,境内深度合成服务算法备案清单（2025年9月）.docx
爱莫烟语细粒度多模态大模型智能问答算法,服务技术支持者,深圳爱莫科技有限公司,--,应用于对话生成场景，服务于企业端客户，根据用户输入的文本、图像，生成烟草行业相关的文本回复。,2025-9,generative ai,境内深度合成服务算法备案清单（2025年9月）.docx
南方福瑞德法律大模型算法,服务提供者,广东南方福瑞德律师事务所,小律同学AI问答(小程序)、小律同学(网站),应用于对话生成场景，根据用户输入的文本，生成法律咨询领域相关的文本回复。,2025-9,generative ai,境内深度合成服务算法备案清单（2025年9月）.docx
米可智能语音生成算法,服务提供者,杭州光帆科技有限公司,米可AI(小程序)、米可智能(网站),应用于语音生成场景，根据用户输入的文本、音频，生成相应的音频内容，实现AI配音、音频翻译及声音克隆功能。,2025-9,generative ai,境内深度合成服务算法备案清单（2025年9月）.docx
我很忙AI图片生成与处理算法,服务提供者,上海我很忙信息科技有限公司,星语相机(APP),应用于图像生成场景，根据用户输入的图像，生成相应的图像内容。,2025-9,generative ai,境内深度合成服务算法备案清单（2025年9月）.docx
启迪索微多模态大模型算法,服务提供者,迪安诊断技术集团股份有限公司,启迪索微多模态大模型算法(其他),应用于文本图像生成场景，根据用户输入的文本、图像，生成相应的文本、图像内容。,2025-9,generative ai,境内深度合成服务算法备案清单（2025年9月）.docx
米笑多模态大模型算法,服务提供者,盐城米笑文化传媒有限公司,米笑AI(APP),应用于多模态内容生成场景，根据用户输入的文本、图像，生成相应的文本、图像、视频内容。,2025-9,generative ai,境内深度合成服务算法备案清单（2025年9月）.docx
三峡云文本生成算法,服务提供者,湖北三峡云计算中心有限责任公司,智在秭归微信(小程序),应用于文本生成场景，根据用户输入的文本或音频，生成相应的文本内容。,2025-9,generative ai,境内深度合成服务算法备案清单（2025年9月）.docx
远鉴音频内容生成算法,服务技术支持者,北京远鉴信息技术有限公司,--,应用于音频生成场景，服务于企业端客户，根据用户输入的文本，生成相应的音频内容。,2025-9,generative ai,境内深度合成服务算法备案清单（2025年9月）.docx
远鉴图像内容生成算法,服务技术支持者,北京远鉴信息技术有限公司,--,应用于图像生成场景，服务于企业端客户，根据用户输入的文本，生成相应的图像内容。,2025-9,generative ai,境内深度合成服务算法备案清单（2025年9月）.docx
远鉴视频内容生成算法,服务技术支持者,北京远鉴信息技术有限公司,--,应用于视频生成场景，服务于企业端客户，根据用户输入的文本，生成相应的视频内容。,2025-9,generative ai,境内深度合成服务算法备案清单（2025年9月）.docx
安利AI助手文本生成算法,服务提供者,安利（中国）日用品有限公司,安利(APP),应用于对话生成场景，根据用户输入的文本信息，生成相应的文本回复。,2025-9,generative ai,境内深度合成服务算法备案清单（2025年9月）.docx
问问AI口语训练生成式算法,服务提供者,切特吉比特（深圳）科技研发有限公司,问问AI(APP),应用于文本音频生成场景，根据用户输入的文本、音频，生成相应的文本、音频内容。,2025-9,generative ai,境内深度合成服务算法备案清单（2025年9月）.docx
中信证券智能问答算法,服务提供者,中信证券股份有限公司,基金运营服务管理人服务平台（iService）(网站)、基金运营服务管理人服务平台（iService）(小程序),应用于对话生成场景，根据用户输入的文本，生成金融服务相关的文本回复。,2025-9,generative ai,境内深度合成服务算法备案清单（2025年9月）.docx
RokidGlassesAI生成式内容交互算法,服务提供者,杭州灵伴科技有限公司,Rokid AI(APP),应用于对话生成场景，根据用户输入的音频、图像，生成相应的文本、音频。,2025-9,generative ai,境内深度合成服务算法备案清单（2025年9月）.docx
十万个为什么科普内容生成合成算法,服务技术支持者,上海少年儿童出版社有限公司,--,应用于文本音频生成场景，服务于企业端客户，根据用户输入的文本、音频，生成符合青少年认知水平的科普内容。,2025-9,generative ai,境内深度合成服务算法备案清单（2025年9月）.docx
秋芳诗语文本生成算法,服务提供者,广州秋芳信息科技有限公司,秋芳诗语智能创作台(网站),应用于对话生成场景，根据用户输入的文本，生成相应的文本内容。,2025-9,generative ai,境内深度合成服务算法备案清单（2025年9月）.docx
51Talk考拉外教内容生成合成算法,服务提供者,大生在线（深圳）文化传媒科技有限公司,51Talk考拉外教(APP),应用于对话生成场景，根据用户输入的音频和图像，生成英语学习相关的音频回复。,2025-9,generative ai,境内深度合成服务算法备案清单（2025年9月）.docx
五八AI图片生成算法,服务提供者,北京五八信息技术有限公司,58同城(APP),应用于图像生成场景，根据用户输入的图像，生成服饰统一的证件照图像。,2025-9,generative ai,境内深度合成服务算法备案清单（2025年9月）.docx
五八智能写作算法,服务提供者,北京五八信息技术有限公司,58同城(APP),应用于文本生成场景，根据用户输入的文本、音频，生成与个人简历或招聘岗位相关的文本内容。,2025-9,generative ai,境内深度合成服务算法备案清单（2025年9月）.docx
巡琪文本生成算法,服务提供者,广州巡琪网络科技有限公司,琪妙创意写作助手(网站),应用于文本生成场景，根据用户输入的文本，生成相应的文本回复。,2025-9,generative ai,境内深度合成服务算法备案清单（2025年9月）.docx
蚂蚁云通文本生成算法,服务提供者,蚂蚁云通（上海）信息技术有限公司,百宝箱(其他)、百宝箱(网站)、百宝箱(小程序),应用于文本生成场景，根据用户输入的文本，生成相应的文本回复。,2025-9,generative ai,境内深度合成服务算法备案清单（2025年9月）.docx
四时维空数字人合成驱动算法,服务提供者,四时维空（北京）科技有限公司,穿越次元(小程序),应用于数字人视频生成场景，根据用户输入的文本、音频，生成相应的数字人视频。,2025-9,generative ai,境内深度合成服务算法备案清单（2025年9月）.docx
鲲鹏AI深度合成算法,服务提供者,海南鲲鹏图南文化科技有限公司,炫酷来电(APP),应用于视频生成场景，根据用户输入的人脸图像和选定的特定场景模板视频，生成兼具五官特征与模板风格的视频。,2025-9,generative ai,境内深度合成服务算法备案清单（2025年9月）.docx
中康卓睦鸟医生智能体健康管理生成合成算法,服务提供者,广州中康数字科技有限公司,AI数字健管师(小程序),应用于对话生成场景，根据用户提出的问题，生成相应的文本回复，主要面向医疗健康领域。,2025-9,generative ai,境内深度合成服务算法备案清单（2025年9月）.docx
球吧大模型合成算法,服务技术支持者,连云港球吧网络科技有限公司,--,应用于文本生成场景，服务于企业端客户，根据用户输入的文本信息，生成相应的文本内容。,2025-9,generative ai,境内深度合成服务算法备案清单（2025年9月）.docx
砺进医疗影像多模态大模型算法,服务技术支持者,砺进（杭州）科技有限公司,--,应用于文本生成场景，服务于企业端客户，根据用户输入的医疗影像和患者信息，生成相应的影像报告。,2025-9,generative ai,境内深度合成服务算法备案清单（2025年9月）.docx
果不其然AI手语内容生成算法,服务提供者,果不其然无障碍科技（苏州）有限公司,果不其然开放平台(网站),应用于手语文本视频生成场景，根据用户输入的文本、音频、手语视频，生成相应的手语文本或三维建模手语视频。,2025-9,generative ai,境内深度合成服务算法备案清单（2025年9月）.docx
谱数包子文本合成算法,服务技术支持者,武汉谱数科技有限公司,--,应用于文本生成场景，服务于企业端客户，根据用户输入的文本，生成相关的文本信息。,2025-9,generative ai,境内深度合成服务算法备案清单（2025年9月）.docx
海云天英文手写体作文图像风格转换生成式算法,服务技术支持者,深圳市海云天科技股份有限公司,--,应用于文本图像生成场景，服务于企业端客户，根据输入的手写体作文图像，输出识别文本以及印刷体风格渲染图像。,2025-9,generative ai,境内深度合成服务算法备案清单（2025年9月）.docx
择尔裕智能陪练算法,服务提供者,杭州择尔裕信息技术有限公司,AI通关(小程序),应用于对话生成场景，根据用户输入的文本，生成相应的文本回复。,2025-9,generative ai,境内深度合成服务算法备案清单（2025年9月）.docx
智享百问文本生成算法,服务技术支持者,广州智韵轻扬信息技术有限公司,--,应用于文本生成场景，服务于企业端客户，根据用户输入的文本，生成相应的文本回复。,2025-9,generative ai,境内深度合成服务算法备案清单（2025年9月）.docx
语通无界智能文本对话算法,服务提供者,深圳市语通无界科技有限公司,本来(APP),应用于文本生成场景，根据用户输入的文本信息，生成符合用户需求的文本内容。,2025-9,generative ai,境内深度合成服务算法备案清单（2025年9月）.docx
Crush人脸融合算法,服务提供者,深圳市亚里亚科技有限公司,Crush(小程序)、Crush(APP),应用于图像视频生成场景，根据用户输入的图像或视频，生成人脸融合后的图像或视频。,2025-9,generative ai,境内深度合成服务算法备案清单（2025年9月）.docx
神算子文本生成算法,服务提供者,成都良远科技有限公司,神算子(其他)、神算子大模型官方(网站)、神算子大模型(小程序),应用于对话生成场景，根据用户输入的文本，生成相应的文本回复，主要面向于航空领域。,2025-9,generative ai,境内深度合成服务算法备案清单（2025年9月）.docx
绿联语音对话生成算法,服务提供者,深圳市绿联科技股份有限公司,绿联(APP),应用于对话生成场景，根据用户输入的音频，生成相应的文本、音频回复。,2025-9,generative ai,境内深度合成服务算法备案清单（2025年9月）.docx
医咖会纤维丛内容生成算法,服务提供者,北京医助科技有限公司,医咖会网站(网站)、医咖会(APP),应用于对话生成场景，根据用户输入的文本，生成相应的文本回复。,2025-9,generative ai,境内深度合成服务算法备案清单（2025年9月）.docx
新爱书智能助手算法,服务提供者,武汉新爱书科技有限公司,新爱书(APP),应用于对话生成场景，根据用户输入的文本，生成相应的文本回复。,2025-9,generative ai,境内深度合成服务算法备案清单（2025年9月）.docx
一教一学文本生成算法,服务提供者,上海合煦信息科技有限公司,闵智作业(网站)、一教一学(网站)、一教一学(APP)、闵智作业(APP),应用于对话生成场景，根据用户输入的文本，生成相应的文本回复，主要面向于智慧教育领域。,2025-9,generative ai,境内深度合成服务算法备案清单（2025年9月）.docx
行行查问答生成算法,服务提供者,无锡行动数据科技有限公司,行行查(网站)、行行查(小程序),应用于对话生成场景，根据用户输入的文本信息，生成符合用户需求的文本内容。,2025-9,generative ai,境内深度合成服务算法备案清单（2025年9月）.docx
宠有灵犀宠食小智内容生成算法,服务提供者,杭州绰优网络科技有限公司,宠有灵犀(小程序),应用于对话生成场景，根据用户输入的文本信息，生成符合用户需求的文本内容。,2025-9,generative ai,境内深度合成服务算法备案清单（2025年9月）.docx
惊人科技图像合成优化算法,服务提供者,深圳惊人科技有限公司,必豹(APP)、豹剧(APP)、豹剧(小程序)、豹文助手(APP)、必豹(小程序)、右豹(小程序)、豹文助手(小程序)、豹剪(小程序)、右豹(APP)、豹剪(APP),应用于图像生成场景，根据用户输入的文本、图像，生成相应的图像内容。,2025-9,generative ai,境内深度合成服务算法备案清单（2025年9月）.docx
FIU金融资讯智能生成算法-1,服务技术支持者,深圳市融聚汇信息科技有限公司,--,应用于文本生成场景，服务于企业端客户，根据用户输入的文本内容，生成金融资讯领域相关的文本内容。,2025-9,generative ai,境内深度合成服务算法备案清单（2025年9月）.docx
兔灵视频生成算法,服务技术支持者,深圳兔展智能科技有限公司,--,应用于视频生成场景，服务于企业端客户，根据用户输入的文本、图像，生成相应的视频内容。,2025-9,generative ai,境内深度合成服务算法备案清单（2025年9月）.docx
小甲鱼数字人生成算法,服务提供者,贵州猿创科技有限责任公司,小甲鱼数字人(网站),应用于数字人视频生成场景，根据用户输入的音频、图像，生成数字人视频。,2025-9,generative ai,境内深度合成服务算法备案清单（2025年9月）.docx
广鼎AIGC生成算法,服务技术支持者,蚌埠广鼎科技集团有限公司,--,应用于图像视频生成场景，服务于企业端客户，根据用户输入的文本、图像，生成广告营销或影视创作领域相关的图像、视频。,2025-9,generative ai,境内深度合成服务算法备案清单（2025年9月）.docx
移动云电脑AI秘书智能问答合成算法,服务提供者,中移（苏州）软件技术有限公司,移动云电脑AI秘书(APP),应用于对话生成场景，根据用户输入的文本，生成相应的回复文本。,2025-9,generative ai,境内深度合成服务算法备案清单（2025年9月）.docx
华云天图AI生成合成算法,服务提供者,深圳华云科技研发有限公司,华云天图AI平台(网站)、华云天图(小程序),应用于对话生成场景，根据用户输入的文本、图像、音频，生成相应的文本、图像。,2025-9,generative ai,境内深度合成服务算法备案清单（2025年9月）.docx
金榜智能AI对话生成算法,服务提供者,深圳奇点递归人工智能基础技术研究有限公司,金榜智能AI(小程序),应用于对话生成场景，根据用户输入的文本，生成教育咨询领域相关的文本回复。,2025-9,generative ai,境内深度合成服务算法备案清单（2025年9月）.docx
平安科技人脸融合算法,服务技术支持者,平安科技（深圳）有限公司,--,应用于图像生成场景，服务于企业端客户，根据用户输入的图像，生成相应的图像。,2025-9,generative ai,境内深度合成服务算法备案清单（2025年9月）.docx
平安科技语音合成算法,服务技术支持者,平安科技（深圳）有限公司,--,应用于语音生成场景，服务于企业端客户，根据用户输入的文本、语音，生成相应的语音。,2025-9,generative ai,境内深度合成服务算法备案清单（2025年9月）.docx
平安科技文生图算法,服务技术支持者,平安科技（深圳）有限公司,--,应用于图像生成场景，服务于企业端客户，根据用户输入的文本，生成相应的图像。,2025-9,generative ai,境内深度合成服务算法备案清单（2025年9月）.docx
平安科技数字人生成算法,服务技术支持者,平安科技（深圳）有限公司,--,应用于数字人生成场景，服务于企业端客户，根据用户输入的音频、视频，生成相应的数字人视频。,2025-9,generative ai,境内深度合成服务算法备案清单（2025年9月）.docx
天翼通信助理数字人DIY活照片算法,服务提供者,号百信息服务有限公司,天翼通信助理(小程序),应用于数字人生成场景，根据用户输入的音频、图像，生成相应的数字人视频。,2025-9,generative ai,境内深度合成服务算法备案清单（2025年9月）.docx
哇嘶嗒之3D内容生成算法,服务技术支持者,北京哇嘶嗒科技有限公司,--,应用于3D模型生成场景，服务于企业端客户，根据用户输入的文本描述、图像，生成对应的3D模型。,2025-9,generative ai,境内深度合成服务算法备案清单（2025年9月）.docx
孙悟空AI换脸换装算法,服务提供者,杭州悟空硅基科技有限公司,孙悟空AI(网站),应用于图像生成场景，根据用户上传的目标人脸照片和图片模板，生成换脸和换装后的图像内容。,2025-9,generative ai,境内深度合成服务算法备案清单（2025年9月）.docx
孙悟空AI图像生成算法,服务提供者,杭州悟空硅基科技有限公司,孙悟空AI(网站),应用于图像生成场景，根据用户输入的文本、图像，生成相应的图像内容。,2025-9,generative ai,境内深度合成服务算法备案清单（2025年9月）.docx
矩阵起源AI增强检索生成算法-1,服务提供者,矩阵起源（深圳）信息科技有限公司,矩阵起源AI搜索(网站),应用于对话生成场景，根据用户输入的文本、图像、文档，生成相应的文本回复。,2025-9,generative ai,境内深度合成服务算法备案清单（2025年9月）.docx
复保智酷对话生成算法,服务提供者,南京复保科技有限公司,智酷助手(公众账号),应用于对话生成场景，根据用户输入的文本，生成相应的文本回复。,2025-9,generative ai,境内深度合成服务算法备案清单（2025年9月）.docx
井星来虎智能对话大模型算法,服务技术支持者,上海井星信息科技有限公司,--,应用于对话生成场景，服务于企业端客户，根据用户输入的文本、音频，生成相应的文本、音频。,2025-9,generative ai,境内深度合成服务算法备案清单（2025年9月）.docx
盟算生产力智能体多模态内容生成算法,服务提供者,重庆企客巴巴信息科技有限公司,盟算(网站),应用于文本图像生成场景，根据用户输入的文本，生成相应的文本、图像。,2025-9,generative ai,境内深度合成服务算法备案清单（2025年9月）.docx
小微科普智能对话生成算法,服务提供者,中科华微大数据科技（广东）有限公司,小微科普智能对话(网站)、小微科普智能对话(小程序)、小微科普智能对话(APP),应用于对话生成场景，根据用户输入的文本、图像、音频，生成相应的文本回复。,2025-9,generative ai,境内深度合成服务算法备案清单（2025年9月）.docx
麒盛小舒AI睡眠服务深度合成算法,服务提供者,麒盛科技股份有限公司,舒服德智能床(APP),应用于对话生成场景，根据用户输入的文本、音频，生成相应的文本回复。,2025-9,generative ai,境内深度合成服务算法备案清单（2025年9月）.docx
微光幻方数字人口型生成算法,服务提供者,北京微光幻方科技有限责任公司,微光数字人(小程序)、微言实时数字人(网站),应用于数字人生成场景，根据用户输入的音频、视频，生成唇部动作与音频内容同步的数字人视频。,2025-9,generative ai,境内深度合成服务算法备案清单（2025年9月）.docx
小象AI素养智能算法,服务提供者,上海耕子教育科技有限公司,小象AI素养(网站)、小象AI素养(APP),应用于文本图像生成场景，根据用户输入的文本，生成青少年教育相关的文本、图像。,2025-9,generative ai,境内深度合成服务算法备案清单（2025年9月）.docx
万事皆问AI内容生成算法,服务提供者,万事皆问（广州）科技有限公司,红人聚AI(APP),应用于文本图像生成场景，根据用户输入的文本，生成相应的文本、图像内容。,2025-9,generative ai,境内深度合成服务算法备案清单（2025年9月）.docx
羽禾营销多模态生成算法,服务提供者,羽禾网络科技（上海）有限公司,兜礼甄选(公众账号),应用于多模态生成场景，根据用户输入的文本、图像、音频、视频数据，生成符合用户需求的文本、图像、视频内容。,2025-9,generative ai,境内深度合成服务算法备案清单（2025年9月）.docx
远方AI数字人大模型算法,服务提供者,广州蜂群互联网科技有限公司,远方好物(APP),应用于数字人生成场景，根据用户输入的文本、音频、视频，生成相应的数字人视频。,2025-9,generative ai,境内深度合成服务算法备案清单（2025年9月）.docx
中国移动农业自然语言交互算法,服务技术支持者,中移(成都)信息通信科技有限公司,--,应用于文本生成场景，服务于企业端客户，根据用户输入的文本，生成农业生产领域相关的文本内容。,2025-9,generative ai,境内深度合成服务算法备案清单（2025年9月）.docx
算能AI体验生成算法,服务提供者,北京算能科技有限公司,算能官网首页 AI 体验(网站)、算能官网 AI 体验厅(网站)、算能官网互动体验厅(网站),应用于多模态生成场景，根据用户输入的文本、图像，生成相应的文本、图像、音频内容。,2025-9,generative ai,境内深度合成服务算法备案清单（2025年9月）.docx
算能AI内容生成算法,服务技术支持者,北京算能科技有限公司,--,应用于多模态生成场景，服务于企业端客户，根据用户输入的文本、图像，生成相应的文本、图像、音频内容。,2025-9,generative ai,境内深度合成服务算法备案清单（2025年9月）.docx
蚂蚁云通多模态内容生成算法,服务提供者,蚂蚁云通（上海）信息技术有限公司,豌豆羊输入法(APP)、百宝箱(其他)、百宝箱(网站)、百宝箱(小程序),应用于多模态生成场景，根据用户输入的文本、音频、图像、视频，生成相应的音频、图像。,2025-9,generative ai,境内深度合成服务算法备案清单（2025年9月）.docx
一兜糖装修问答算法,服务提供者,广州壹糖网络科技有限公司,一兜糖(APP)、一兜糖APP(小程序),应用于对话生成场景，根据用户输入的装修相关问题文本、音频，生成相应的文本、音频回复。,2025-9,generative ai,境内深度合成服务算法备案清单（2025年9月）.docx
热浪问答合成算法,服务提供者,海南光年之旅科技有限公司,热浪(APP),应用于对话生成场景，根据用户输入的文本，生成相应的文本回复。,2025-9,generative ai,境内深度合成服务算法备案清单（2025年9月）.docx
医宗指南智能健康自测算法-2,服务提供者,福建医宗指南中医药健康科技有限公司,中医AI个性化康养系统(网站)、舌象智能辨证健康管理系统(小程序),应用于文本生成场景，根据用户输入的基础健康信息和舌像图像，生成相应的健康评估报告。,2025-9,generative ai,境内深度合成服务算法备案清单（2025年9月）.docx
医宗指南智能健康自测算法-1,服务技术支持者,福建医宗指南中医药健康科技有限公司,--,应用于文本生成场景，服务于企业端客户，根据用户输入的基础健康信息和舌像图像，生成相应的健康评估报告。,2025-9,generative ai,境内深度合成服务算法备案清单（2025年9月）.docx
沃德盛世文生文算法,服务提供者,深圳沃德盛世人工智能服务有限公司,沃言慧聚(网站),应用于文本生成场景，根据用户输入的文本，生成相应的文本内容。,2025-9,generative ai,境内深度合成服务算法备案清单（2025年9月）.docx
仕代智能园博士园艺问答算法-1,服务提供者,武汉仕代智能科技有限公司,园博士(APP),应用于对话生成场景，根据用户输入的文本、图像，生成相应的文本回复，主要面向于园艺领域。,2025-9,generative ai,境内深度合成服务算法备案清单（2025年9月）.docx
群山回响AI合成算法,服务提供者,北京群山回响科技有限责任公司,即问圈(APP)、即问圈(网站),应用于文本生成场景，根据用户输入的文本，生成相应的文本内容。,2025-9,generative ai,境内深度合成服务算法备案清单（2025年9月）.docx
默安日志威胁检测大模型算法,服务技术支持者,杭州默安科技有限公司,--,应用于文本生成场景，服务于企业端客户，根据用户输入的文本，生成安全检测相关的文本内容。,2025-9,generative ai,境内深度合成服务算法备案清单（2025年9月）.docx
康奈网络宣传评估生成算法,服务提供者,西安康奈网络科技有限公司,媒体矩阵传播分析系统(网站),应用于文本生成场景，根据用户输入的文本，生成相应的文本回复。,2025-9,generative ai,境内深度合成服务算法备案清单（2025年9月）.docx
新氧智能测肤生成服务算法,服务提供者,北京新氧科技有限公司,新氧医美(APP),应用于文本生成场景，根据用户输入的检测图像，生成医美领域相关的文本内容。,2025-9,generative ai,境内深度合成服务算法备案清单（2025年9月）.docx
百应科技AI会话语音生成算法,服务提供者,浙江百应科技有限公司,客户互动智能体平台(网站),应用于音频生成场景，根据用户输入的文本、人声音频，生成相应的音频内容。,2025-9,generative ai,境内深度合成服务算法备案清单（2025年9月）.docx
比特绿洲数字人合成驱动算法,服务提供者,北京比特绿洲科技有限公司,虚拟偶像(APP),应用于数字人生成场景，根据用户输入的文本、音频，生成相应的数字人视频。,2025-9,generative ai,境内深度合成服务算法备案清单（2025年9月）.docx
紫为云交互智能体算法,服务技术支持者,广州紫为云科技有限公司,--,应用于多模态生成场景，服务于企业端客户，根据用户输入的文本、音频，生成相应的文本、音频。,2025-9,generative ai,境内深度合成服务算法备案清单（2025年9月）.docx
翔天营养膳食生成算法,服务提供者,北京翔天时代科技有限公司,天天营养师(APP),应用于对话生成场景，根据用户输入的问题文本，生成相应的膳食建议与指导文本。,2025-9,generative ai,境内深度合成服务算法备案清单（2025年9月）.docx
小P问问大模型生成算法,服务提供者,北京网易有道计算机系统有限公司,小P问问(小程序)、Firevox(网站)、小P问问(APP)、小P问问(网站)、Firevox(APP)、Firevox(小程序),应用于对话生成场景，根据用户输入的文本，生成相应的文本回复。,2025-9,generative ai,境内深度合成服务算法备案清单（2025年9月）.docx
血透阶段小结生成算法,服务提供者,深圳云净之信息技术有限公司,云净血液透析管理软件(APP),应用于文本生成场景，根据用户输入的检验数据、透析治疗记录以及透后小结等信息，生成符合医生阅读习惯的阶段小结文本。,2025-9,generative ai,境内深度合成服务算法备案清单（2025年9月）.docx
太阳石矿山大模型深度合成对话服务算法,服务提供者,煤炭科学研究总院有限公司,矿山百通(APP)、太阳石矿山大模型官网(网站)、矿山百通(小程序)、矿山百通网站(网站),应用于对话生成场景，根据用户输入的文本，生成煤炭领域相关的文本内容。,2025-9,generative ai,境内深度合成服务算法备案清单（2025年9月）.docx
DreameGPT大模型算法,服务提供者,追觅创新科技（苏州）有限公司,DREAME(APP),应用于对话生成场景，根据用户输入的文本、语音问题描述或图片信息，生成扫地机操作指令或日常问题回复的文本。,2025-9,generative ai,境内深度合成服务算法备案清单（2025年9月）.docx
雪人儿智能生成合成算法,服务提供者,广西雪人儿智能科技有限公司,雪人儿AI创作助手(网站),应用于文本生成场景，根据用户输入的文本，生成相应的文本内容。,2025-9,generative ai,境内深度合成服务算法备案清单（2025年9月）.docx
博极思邈中医药大模型算法,服务提供者,湖南博极生命科技有限公司,博极生命(网站),应用于对话生成场景，根据用户输入的文本，生成中医药相关的文本内容。,2025-9,generative ai,境内深度合成服务算法备案清单（2025年9月）.docx
海云天数学计算题智能识别生成式算法,服务技术支持者,深圳市海云天科技股份有限公司,--,应用于图像识别场景，服务于企业端客户，根据用户输入的考生手写作答的数学计算题扫描图像，生成数学Latex格式识别文本、作答聚类结果及异常作答标记等文本。,2025-9,generative ai,境内深度合成服务算法备案清单（2025年9月）.docx
海云天雷同卷智能识别生成算法,服务技术支持者,深圳市海云天科技股份有限公司,--,应用于文本图像生成场景，服务于企业端客户，根据用户输入的作文试卷扫描图像，生成试卷雷同、范文雷同、两两雷同的相似度结果，以及标注具体雷同内容的标识图像。,2025-9,generative ai,境内深度合成服务算法备案清单（2025年9月）.docx
崇宇银河AI生成算法,服务提供者,杭州崇宇信息科技有限公司,崇宇银河AI(网站),应用于文本图像生成场景，根据用户输入的问题和需求文本，生成相应的文本、图像。,2025-9,generative ai,境内深度合成服务算法备案清单（2025年9月）.docx
儒问科技文本内容生成算法,服务提供者,深圳市儒问科技有限公司,速记卡(APP),应用于文本生成场景，根据用户输入的文本，生成教育相关的文本回复。,2025-9,generative ai,境内深度合成服务算法备案清单（2025年9月）.docx
问问看大模型合成算法,服务技术支持者,深圳市昊宏电子科技有限公司,--,应用于文本生成场景，服务于企业端客户，根据用户输入的文本，生成相关的文本内容。,2025-9,generative ai,境内深度合成服务算法备案清单（2025年9月）.docx
寻知AI深度合成算法,服务提供者,众数（厦门）信息科技有限公司,寻知AI(网站),应用于文本图像生成场景，根据用户输入的文本，生成相应的文本、图像内容。,2025-9,generative ai,境内深度合成服务算法备案清单（2025年9月）.docx
云圣低空大模型文本生成算法,服务提供者,江苏云圣智能科技有限责任公司,云圣智能(网站),应用于文本生成场景，根据用户输入的文本或无人机采集的低空行业场景图像、视频数据，生成相应的文本内容。,2025-9,generative ai,境内深度合成服务算法备案清单（2025年9月）.docx
优质采知识问答算法,服务提供者,安徽省优质采科技发展有限责任公司,知了数商(小程序)、优质采采购助手服务(网站)、优质采法律法规咨询服务(网站)、优质采智能问答机器人(网站)、优质采云采购平台(小程序),应用于对话生成场景，根据用户输入的问题文本，生成采购行业相关的文本内容。,2025-9,generative ai,境内深度合成服务算法备案清单（2025年9月）.docx
尚云环境智能评估生成合成算法,服务提供者,北京尚云环境有限公司,环评云助手(APP),应用于对话生成场景，根据用户输入的文本，生成环境科学领域相关的文本回复。,2025-9,generative ai,境内深度合成服务算法备案清单（2025年9月）.docx
天虹AI导购内容生成算法,服务提供者,天虹数科商业股份有限公司,天虹(小程序)、天虹(APP),应用于对话生成场景，根据用户输入的文本、音频，生成商场信息、店铺信息等文本回复。,2025-9,generative ai,境内深度合成服务算法备案清单（2025年9月）.docx
小糖罐er智能合成算法,服务提供者,菲利凯跨境电子商务(郑州)有限责任公司,小糖罐er(小程序),应用于文本视频生成场景，根据用户输入的文本、图像、视频，生成相应的文本、视频。,2025-9,generative ai,境内深度合成服务算法备案清单（2025年9月）.docx
观海云脑智核大模型算法,服务提供者,青岛日报报业集团（青岛日报社）,观海新闻(APP),应用于对话生成场景，根据用户输入的文本，生成相应的文本、图像。,2025-9,generative ai,境内深度合成服务算法备案清单（2025年9月）.docx
爱云集中医健康问答管家模型算法,服务提供者,爱云集（威海）网络技术有限公司,爱云集(APP),应用于对话生成场景，根据用户输入的文本，生成医疗健康领域相关的文本回复。,2025-9,generative ai,境内深度合成服务算法备案清单（2025年9月）.docx
密数万象大语言模型数据保护算法,服务提供者,江苏大道云隐科技有限公司,密数万象(APP),应用于文本生成场景，根据用户输入的文本、图像、音频、视频，生成相应的文本。,2025-9,generative ai,境内深度合成服务算法备案清单（2025年9月）.docx
工银智涌大模型算法,服务提供者,中国工商银行股份有限公司,中国工商银行个人手机银行(APP)、中国工商银行自助终端(其他),应用于对话生成场景，根据用户输入的文本信息，生成相应的资讯信息、活动解读、操作指引等文本内容。,2025-9,generative ai,境内深度合成服务算法备案清单（2025年9月）.docx
小鹅通智能结构化文本生成算法,服务提供者,深圳小鹅网络技术有限公司,小鹅通管理台(网站),应用于文本生成场景，根据用户输入的文本，生成相应的文本内容。,2025-9,generative ai,境内深度合成服务算法备案清单（2025年9月）.docx
漫想角色对话生成算法,服务提供者,广州漫图软件科技有限公司,漫想世界(APP),应用于对话生成场景，根据用户输入的文本信息和角色设定，生成符合语境和逻辑的文本回复。,2025-9,generative ai,境内深度合成服务算法备案清单（2025年9月）.docx
应途出行大模型算法,服务提供者,合肥应途科技有限公司,应途(APP),应用于文本图像生成场景，根据用户输入的文本或图像，生成旅游领域相关的文本、图像内容。,2025-9,generative ai,境内深度合成服务算法备案清单（2025年9月）.docx
情侣游戏闲聊合成算法,服务提供者,长沙同企汇网络科技有限公司,情侣游戏(APP),应用于对话生成场景，根据用户输入的文本，生成符合个性化情感表达的文本回复。,2025-9,generative ai,境内深度合成服务算法备案清单（2025年9月）.docx
瑞立视MR混合现实虚拟场景合成算法,服务技术支持者,深圳市瑞立视多媒体科技有限公司,--,应用于视频生成场景，服务于企业端客户，根据用户输入的视频数据、位置与姿态信息，生成现实与虚拟场景混合的视频。,2025-9,generative ai,境内深度合成服务算法备案清单（2025年9月）.docx
知著AI多模态智能生成算法,服务提供者,成都橙视传媒科技股份公司,度客(APP)、轻松会(小程序)、度客(网站),应用于多模态生成场景，根据用户输入的文本、图像、音频、视频，生成相应的文本、图像、音频、视频内容。,2025-9,generative ai,境内深度合成服务算法备案清单（2025年9月）.docx
45度认知科学动态兴趣图谱生成算法,服务提供者,杭州战旗网络科技有限公司,45度(APP)、45度-探索生活每一度(小程序),应用于对话生成场景，根据用户输入的文本，生成符合用户认知习惯且具有地方文化特色的旅行方案文本。,2025-9,generative ai,境内深度合成服务算法备案清单（2025年9月）.docx
睿法智行文本生成算法,服务提供者,北京睿法智行科技有限公司,婚姻宝(小程序),应用于对话生成场景，根据用户输入的文本，生成婚姻家庭纠纷法律领域相关的文本内容。,2025-9,generative ai,境内深度合成服务算法备案清单（2025年9月）.docx
探吉埃法Aifa创投领域智能算法,服务提供者,厦门埕探吉商务咨询有限公司,aifa(网站),应用于文本生成场景，根据用户输入的文本，生成创投领域相关的文本内容。,2025-9,generative ai,境内深度合成服务算法备案清单（2025年9月）.docx
知著AI多模态智能生成算法-1,服务技术支持者,成都橙视传媒科技股份公司,--,应用于多模态生成场景，服务于企业端客户，根据用户输入的文本、图像、音频、视频数据，生成符合用户需求的文本、图像、音频、视频内容。,2025-9,generative ai,境内深度合成服务算法备案清单（2025年9月）.docx
携程问道语音助手生成算法,服务提供者,上海敏程信息技术有限公司,携程旅行(APP),应用于文本生成场景，根据用户输入的文本或语音，生成相应的文本内容。,2025-9,generative ai,境内深度合成服务算法备案清单（2025年9月）.docx
中电金信源启大模型文本生成算法,服务提供者,中电金信软件有限公司,小鲸智能助手(网站)、源启大模型文档写作(网站),应用于对话生成场景，根据用户输入的文本，生成金融领域相关的文本回复。,2025-9,generative ai,境内深度合成服务算法备案清单（2025年9月）.docx
盈心智能客服生成算法,服务提供者,广州盈心网络科技有限公司,37网游移动端智能客服(其他)、37网游PC端智能客服(网站),应用于对话生成场景，根据用户输入的问题文本，生成游戏领域相关的文本回复。,2025-9,generative ai,境内深度合成服务算法备案清单（2025年9月）.docx
瑞立视面部表情捕捉识别生成算法,服务技术支持者,深圳市瑞立视多媒体科技有限公司,--,应用于视频生成场景，服务于企业端客户，根据用户输入的演员面部表情视频，生成相应的虚拟形象动态表情视频。,2025-9,generative ai,境内深度合成服务算法备案清单（2025年9月）.docx
河马数字税务师智能代理生成算法,服务技术支持者,浙江河马管家网络科技有限公司,--,应用于文本图像生成场景，服务于企业端客户，根据用户输入的文本，生成财税领域相关的文本、图像。,2025-9,generative ai,境内深度合成服务算法备案清单（2025年9月）.docx
河马智慧财税深度学习生成算法,服务技术支持者,浙江河马管家网络科技有限公司,--,应用于智能写作场景，服务于企业端客户，根据用户输入的文本，生成相应的文本，主要面向于财税咨询领域。,2025-9,generative ai,境内深度合成服务算法备案清单（2025年9月）.docx
奇点桌球AI台球教练文本生成大模型算法,服务提供者,奇点桌球（广州）有限公司,奇点桌球(小程序),应用于文本生成场景，根据相机实时上传桌球桌的画面，生成击球策略的建议文本。,2025-9,generative ai,境内深度合成服务算法备案清单（2025年9月）.docx
爱家健康自然语言交互生成算法,服务提供者,中移（杭州）信息技术有限公司,移动爱家(APP),应用于对话生成场景，根据用户输入的文本，生成相应的文本回复。,2025-9,generative ai,境内深度合成服务算法备案清单（2025年9月）.docx
值得买多模态图文生成算法,服务提供者,北京值得买科技股份有限公司,灵眸(网站)、灵识(网站),应用于文本图像生成场景，根据用户输入的文本、图像，生成相应的文本、图像内容。,2025-9,generative ai,境内深度合成服务算法备案清单（2025年9月）.docx
卡卡创意对话生成算法,服务提供者,卡掌柜（广州）互联网有限公司,卡卡创意对话模拟器(网站),应用于对话生成场景，根据用户输入的文本，生成视频脚本、营销文案创作相关的文本内容。,2025-9,generative ai,境内深度合成服务算法备案清单（2025年9月）.docx
万得征信生成合成类文本生成算法,服务提供者,上海万得征信服务有限公司,万得企业库(小程序),应用于对话生成场景，根据用户输入的文本、文档，生成相应的文本内容。,2025-9,generative ai,境内深度合成服务算法备案清单（2025年9月）.docx
惊人科技多模态内容生成算法,服务提供者,深圳惊人科技有限公司,必豹(APP)、豹剧(APP)、豹剧(小程序)、豹文助手(APP)、必豹(小程序)、右豹(小程序)、豹文助手(小程序)、豹剪(小程序)、右豹(APP)、豹剪(APP),应用于多模态生成场景，根据用户输入的文本、图像、音频、视频数据，生成符合用户需求的文本、图像、音频、视频内容。,2025-9,generative ai,境内深度合成服务算法备案清单（2025年9月）.docx
智绘光年AI深度生成合成服务算法-1,服务技术支持者,济南智绘光年数字科技有限公司,--,应用于文本图像生成场景，服务于企业端客户，根据用户输入的文本、图像，生成相应的文本、图像内容。,2025-9,generative ai,境内深度合成服务算法备案清单（2025年9月）.docx
播报大模型视频深度合成算法,服务提供者,苏州日报社,播报大模型(小程序),应用于视频生成场景，根据用户输入的文本、图像，生成相应的视频。,2025-9,generative ai,境内深度合成服务算法备案清单（2025年9月）.docx
元点AI数字人生成算法,服务提供者,元聚变（上海）科技股份有限公司,元点AI(小程序),应用于数字人视频生成场景，根据用户输入的文本、音频、视频，生成相应的数字人视频。,2025-9,generative ai,境内深度合成服务算法备案清单（2025年9月）.docx
暗物智能病历生成算法,服务提供者,暗物智能科技（广州）有限公司,电子病历助手(网站),应用于语音识别场景，根据医患对话语音，生成相应的门诊病历文本。,2025-9,generative ai,境内深度合成服务算法备案清单（2025年9月）.docx
智行合一智能合成多模态算法,服务提供者,浙江智行合一科技有限公司,主播宝(其他)、视频宝(网站)、AI百变宝(小程序)、爆品宝(小程序),应用于多模态生成场景，根据用户输入的文本、图像，生成相应的文本、图像、视频。,2025-9,generative ai,境内深度合成服务算法备案清单（2025年9月）.docx
暗物试卷结构化算法,服务提供者,暗物智能科技（广州）有限公司,智能教育助手(网站),应用于试卷解析场景，根据用户输入的pdf或者word格式的试卷，生成相应的结构化文本。,2025-9,generative ai,境内深度合成服务算法备案清单（2025年9月）.docx
优学派优学AI大模型算法,服务提供者,深圳市致远优学教育科技有限公司,小优问问(其他)、作文写作指导(其他)、AI精准学(其他),应用于教育领域的文本生成场景，根据用户输入的文本，生成相应的思考过程和文本答案。,2025-9,generative ai,境内深度合成服务算法备案清单（2025年9月）.docx
爱问法法律大模型算法,服务提供者,北京爱问法科技有限公司,爱问法AI法律顾问(小程序),应用于文本音频生成场景，根据用户输入的文本、音频，生成法律领域相关的文本、音频内容。,2025-9,generative ai,境内深度合成服务算法备案清单（2025年9月）.docx
妙塔AI制课内容生成算法,服务提供者,北京领带信息科技有限公司,AI制课(网站),应用于文本视频生成场景，根据用户输入的文本、音频，生成教学相关的文本、视频。,2025-9,generative ai,境内深度合成服务算法备案清单（2025年9月）.docx
硅基流动内容生成算法,服务技术支持者,北京硅基流动科技有限公司,--,应用于对话生成场景，服务于企业端客户，根据用户输入的文本，生成相应的文本内容。,2025-9,generative ai,境内深度合成服务算法备案清单（2025年9月）.docx
多面AI面试生成合成算法,服务提供者,多面（北京）科技有限公司,多面AI(小程序)、多面智能视频面试平台(网站),应用于对话生成场景，根据招聘方输入的面试题文本和选定的数字面试官的形象、音色生成数字人面试视频，同时根据求职者输入的音频，生成最终的面试报告。,2025-9,generative ai,境内深度合成服务算法备案清单（2025年9月）.docx
人人查找律师文本生成算法,服务提供者,海南人人查科技有限公司,人人查找律师(网站)、人人查找律师(小程序)、人人查找律师(公众账号),应用于对话生成场景，根据用户输入的文本，生成法律领域相关的文本回复。,2025-9,generative ai,境内深度合成服务算法备案清单（2025年9月）.docx
众森企服票据识别生成算法,服务技术支持者,杭州众森企服互联网科技有限公司,--,应用于图像识别场景，服务于企业端客户，根据用户输入的财税票据等图像，识别图像中的文本。,2025-9,generative ai,境内深度合成服务算法备案清单（2025年9月）.docx
博问智能助手生成合成算法,服务技术支持者,日照迅博电子科技有限公司,--,应用于对话生成场景，服务于企业端客户，根据用户输入的文本，生成相应的文本回复。,2025-9,generative ai,境内深度合成服务算法备案清单（2025年9月）.docx
中国移动农业种植与储粮自然语言交互算法,服务提供者,中移(成都)信息通信科技有限公司,农业大模型平台(网站)、新农人(小程序),应用于对话生成场景，根据用户输入的文本，生成相应的文本回复，主要面向于农业领域。,2025-9,generative ai,境内深度合成服务算法备案清单（2025年9月）.docx
百合网生成合成类大模型算法,服务提供者,百合佳缘网络集团股份有限公司,百合网(APP),应用于对话生成场景，根据用户输入的文本、音频，生成相应的文本回复，主要面向于择偶领域。,2025-9,generative ai,境内深度合成服务算法备案清单（2025年9月）.docx
易家智联AI交互内容生成算法,服务提供者,深圳市易家智联科技有限公司,美好易家(APP),应用于对话生成场景，根据用户输入的文本、音频，生成相应的文本回复。,2025-9,generative ai,境内深度合成服务算法备案清单（2025年9月）.docx
深度智联图像文本生成算法,服务提供者,上海深度智联科技有限公司,CRIC深度智联(网站),应用于对话生成场景，根据用户输入的文本、图像，生成相应的文本、图像，主要面向于房地产领域。,2025-9,generative ai,境内深度合成服务算法备案清单（2025年9月）.docx
腾讯云媒体处理AI智能擦除算法,服务技术支持者,腾讯云计算（北京）有限责任公司,--,应用于视频编辑场景，服务于企业端客户，根据用户输入的视频，生成去除字幕等指定对象后的视频。,2025-9,generative ai,境内深度合成服务算法备案清单（2025年9月）.docx
金元购深度合成数字人算法,服务提供者,中徽畅享科技有限公司,金元购(APP)、金元购(小程序),应用于数字人生成场景，根据用户输入的音频、视频，生成相应的数字人视频。,2025-9,generative ai,境内深度合成服务算法备案清单（2025年9月）.docx
横方健康旅程生成算法,服务提供者,上海横方健康科技有限公司,横方健康(小程序),应用于文本生成场景，根据用户输入的文本、图像，生成健康状况相关的文本报告。,2025-9,generative ai,境内深度合成服务算法备案清单（2025年9月）.docx
古村运营文本生成算法,服务提供者,广州古村运营管理有限公司,古村导游AI助手(网站),应用于文本生成场景，根据用户输入的旅游相关的文本问题，生成符合旅游行业特性的文本。,2025-9,generative ai,境内深度合成服务算法备案清单（2025年9月）.docx
岭南文化大模型文本生成算法,服务技术支持者,广东岭创数字科技有限公司,--,应用于文本生成场景，服务于企业端客户，根据用户输入的文本，生成特定知识领域的文本内容。,2025-9,generative ai,境内深度合成服务算法备案清单（2025年9月）.docx
紫为云3D场景生成算法,服务技术支持者,广州紫为云科技有限公司,--,应用于虚拟场景生成场景，服务于企业端客户，根据用户输入的图像、视频，生成相应的3D虚拟场景。,2025-9,generative ai,境内深度合成服务算法备案清单（2025年9月）.docx
瑞立视VR全身动作捕捉生成式算法,服务技术支持者,深圳市瑞立视多媒体科技有限公司,--,应用于视频生成场景，服务于企业端客户，根据用户输入的视频和参数文本，生成虚拟场景视频。,2025-9,generative ai,境内深度合成服务算法备案清单（2025年9月）.docx
新度政务公文写作内容生成算法,服务提供者,唐山新度科技发展有限公司,新度政务公文写作内容生成算法(网站),应用于文本生成场景，根据用户输入的文本，生成行政公文相关的文本内容。,2025-9,generative ai,境内深度合成服务算法备案清单（2025年9月）.docx
咔蜂旅拍人脸融合算法,服务技术支持者,咔蜂（北京）科技有限公司,--,应用于图像生成场景，服务于企业端客户，根据用户输入的图像，生成相应的图像内容。,2025-9,generative ai,境内深度合成服务算法备案清单（2025年9月）.docx
深蓝DeepalAI文本生成算法,服务提供者,深蓝汽车科技有限公司,Deepal AI(其他),应用于文本生成场景，根据用户输入的文本，生成相应的文本内容。,2025-9,generative ai,境内深度合成服务算法备案清单（2025年9月）.docx
混沌深度创新商业洞察生成算法,服务提供者,混沌时代（北京）教育科技有限公司,HD Deep Innovation （HDDI）(网站),应用于对话生成场景，根据用户输入的文本，生成商业决策相关的文本内容。,2025-9,generative ai,境内深度合成服务算法备案清单（2025年9月）.docx
人马座文本生成算法,服务提供者,北京霍因科技有限公司,人马座(网站),应用于对话生成场景，根据用户输入的文本，生成相应的文本内容。,2025-9,generative ai,境内深度合成服务算法备案清单（2025年9月）.docx
金和金川礼品定制多模态合成算法,服务提供者,广东金和金川定制科技有限公司,金和金川AI智能平台(网站),应用于多模态生成场景，根据用户输入的文本、图像，生成礼品定制相关的文本、图像。,2025-9,generative ai,境内深度合成服务算法备案清单（2025年9月）.docx
平安理财智能问答文本生成算法,服务提供者,平安理财有限责任公司,平安理财+(小程序),应用于对话生成场景，根据用户输入的文本，生成理财相关的文本内容。,2025-9,generative ai,境内深度合成服务算法备案清单（2025年9月）.docx
杭州红花朵朵网络技术有限公司绘本语音合成算法,服务提供者,杭州红花朵朵网络技术有限公司,KaDa阅读(APP),应用于音频生成场景，根据用户输入的文本、音频，生成与输入的音频音色一致的绘本音频。,2025-9,generative ai,境内深度合成服务算法备案清单（2025年9月）.docx
卓创资讯大宗商品小卓智能算法,服务提供者,山东卓创资讯股份有限公司,卓创资讯网站(网站),应用于文本生成场景，根据用户输入的文本，生成大宗商品行业相关的文本内容。,2025-9,generative ai,境内深度合成服务算法备案清单（2025年9月）.docx
华硕产品知识问答算法,服务提供者,华硕电脑（上海）有限公司,华硕AI智能助手（ASUS AI Advisor）(APP),应用于对话生成场景，根据用户输入的文本，生成相应的文本回复。,2025-9,generative ai,境内深度合成服务算法备案清单（2025年9月）.docx
天禧移动端文本生成算法,服务提供者,摩托罗拉移动通信科技（北京）有限公司,AI收藏(APP)、AI识屏(APP)、AI搜索(APP)、AI通话(APP),应用于对话生成场景，根据用户输入的文本、图像，生成相应的文本回复。,2025-9,generative ai,境内深度合成服务算法备案清单（2025年9月）.docx
天禧移动端图片生成算法,服务提供者,摩托罗拉移动通信科技（北京）有限公司,AI画师(APP),应用于图像生成场景，根据用户输入的文本，生成相应的图像。,2025-9,generative ai,境内深度合成服务算法备案清单（2025年9月）.docx
绮算法宠物健康管理算法,服务提供者,重庆绮算法科技有限公司,帕奇宠(APP),应用于对话生成场景，根据用户输入的文本，生成宠物健康领域相关的文本回复。,2025-9,generative ai,境内深度合成服务算法备案清单（2025年9月）.docx
优顶特多模态大模型算法,服务提供者,优顶特技术有限公司,全球优顶特网(网站),应用于多模态生成场景，根据用户输入的文本、图像，生成供应链、贸易等领域相关的文本、图像。,2025-9,generative ai,境内深度合成服务算法备案清单（2025年9月）.docx
唐米宝宝AI写真生成合成类算法,服务提供者,成都唐米科技有限公司,皮小乖(APP),应用于图像生成场景，根据用户输入的图像，生成个性化的宝宝图像。,2025-9,generative ai,境内深度合成服务算法备案清单（2025年9月）.docx
锐垚智能问答算法,服务提供者,上海锐垚科技有限公司,塑会(小程序)、塑晓(小程序)、塑舰(小程序),应用于对话生成场景，根据用户输入的文本、音频，生成塑料行业相关的文本、音频回复。,2025-9,generative ai,境内深度合成服务算法备案清单（2025年9月）.docx
MeowAI宠物写真图片生成算法,服务提供者,深圳市无界未来科技有限公司,Meow AI: art photo generator(其他),应用于图像生成场景，根据用户输入的图像，生成符合用户审美风格的宠物写真图像。,2025-9,generative ai,境内深度合成服务算法备案清单（2025年9月）.docx
笑翠鸟AI教育深度合成算法,服务提供者,广东笑翠鸟教育科技有限公司,笑翠鸟AI(网站),应用于对话生成场景，根据用户输入的文本，生成相应的文本回复。,2025-9,generative ai,境内深度合成服务算法备案清单（2025年9月）.docx
海艺AI生成合成算法,服务提供者,成都海艺互娱科技有限公司,海艺AI(网站),应用于多模态生成场景，根据用户输入的文本、图像、音频、视频数据，生成符合用户需求的文本、图像、音频、视频内容。,2025-9,generative ai,境内深度合成服务算法备案清单（2025年9月）.docx
八维通空间物理视觉语义大模型算法,服务提供者,八维通科技有限公司,八维通空间物理视觉语义大模型(网站),应用于文本生成场景，根据用户提供的文本或图像，生成相应的文本。,2025-9,generative ai,境内深度合成服务算法备案清单（2025年9月）.docx
文一科技应用智能体生成算法,服务提供者,广东文一科技有限公司,文一科技应用智能体(网站)、数智云协(小程序),应用于文本音频生成场景，根据用户输入的文本、图像、音频、视频，生成相应的文本、音频内容。,2025-9,generative ai,境内深度合成服务算法备案清单（2025年9月）.docx
解决之道智能法律助手生成合成算法,服务提供者,解决之道（北京）智能科技有限公司,【解决】AI法律助手(网站),应用于文本生成场景，根据用户输入的法律文本、合同文件等文本、图像，生成符合法律规范的文本内容。,2025-9,generative ai,境内深度合成服务算法备案清单（2025年9月）.docx
元技能图像生成算法,服务提供者,上海国匠建筑规划设计有限公司,元技能(网站),应用于图像生成场景，根据用户输入的文本、图像，生成建筑设计领域相关的图像内容。,2025-9,generative ai,境内深度合成服务算法备案清单（2025年9月）.docx
新氧青春智能测肤生成服务算法,服务提供者,尺颜医美(北京)咨询有限公司,新氧青春(APP),应用于文本生成场景，根据用户输入的人脸图像，生成面部检测结论解读、医美方案科普等相关的文本内容。,2025-9,generative ai,境内深度合成服务算法备案清单（2025年9月）.docx
容联七陌七言大模型生成算法,服务提供者,北京容联七陌科技有限公司,Xbot(网站),应用于文本生成场景，根据用户输入的文本，生成相应的文本内容。,2025-9,generative ai,境内深度合成服务算法备案清单（2025年9月）.docx
飞猪AI旅行助手生成合成类算法,服务提供者,杭州淘美航空服务有限公司,飞猪旅行(APP),应用于对话生成场景，根据用户输入的文本、音频，生成相应的文本回复，并展示商品图片或链接，主要面向于出行规划领域。,2025-9,generative ai,境内深度合成服务算法备案清单（2025年9月）.docx
黄小西旅游服务合成算法,服务提供者,贵州贵旅数网科技有限公司,多彩黄小西(小程序),应用于对话生成场景，根据用户输入的文本、音频，生成相应的文本，主要面向于旅行规划领域。,2025-9,generative ai,境内深度合成服务算法备案清单（2025年9月）.docx
播报大模型音频深度合成算法,服务提供者,苏州日报社,播报大模型(小程序),应用于音频生成场景，根据用户输入的文本、图像，生成相应的音频。,2025-9,generative ai,境内深度合成服务算法备案清单（2025年9月）.docx
ASL多模态大模型生成算法,服务提供者,藏格科技（西安）有限公司,ASL(APP)、ASL(网站)、ASL(其他)、ASL智能助手(小程序),应用于多模态生成场景，根据用户输入的文本、图像，生成相应的文本、图像。,2025-9,generative ai,境内深度合成服务算法备案清单（2025年9月）.docx
新游通智能文本生成算法,服务提供者,广东新游通信息科技有限公司,新游通智能文案生成器(网站),应用于文本生成场景，根据用户输入的文本，生成相应的文本内容。,2025-9,generative ai,境内深度合成服务算法备案清单（2025年9月）.docx
集智树教育AI辅助多模态算法,服务提供者,北京东方天澍科技有限公司,集智树教育AI辅助工具(网站),应用于多模态生成场景，根据用户输入的文本、图像、音频、视频，生成相应的文本、图像、音频内容。,2025-9,generative ai,境内深度合成服务算法备案清单（2025年9月）.docx
智赋岐黄中医大模型文本生成算法,服务提供者,天津智赋岐黄医疗科技有限公司,智赋岐黄(APP),应用于文本生成场景，根据用户输入的文本，生成相应的文本内容。,2025-9,generative ai,境内深度合成服务算法备案清单（2025年9月）.docx
咔蜂旅拍人脸融合算法-1,服务提供者,咔蜂（北京）科技有限公司,打卡蜂(小程序),应用于图像生成场景，根据用户输入的人脸图像和模板图像，生成融合了用户人脸特征和模板图像风格特点的图像。,2025-9,generative ai,境内深度合成服务算法备案清单（2025年9月）.docx
长轻营养食疗文本生成算法,服务提供者,北京科原健康科技有限公司,长轻健康智能体(网站)、长轻食疗(APP),应用于文本生成场景，根据用户输入的文本、图像、音频内容，生成相应的文本回复，主要面向食疗领域。,2025-9,generative ai,境内深度合成服务算法备案清单（2025年9月）.docx
中格智能政务合成算法,服务技术支持者,苏州中格软件有限公司,--,应用于文本生成场景，服务于企业端客户，根据用户输入的文本、图像、音频数据，生成相应的文本内容。,2025-9,generative ai,境内深度合成服务算法备案清单（2025年9月）.docx
玄华智脑多模态内容生成算法,服务提供者,北京织知玄华智能科技有限公司,玄华慧(网站),应用于多模态生成场景，根据用户输入的文本、音频、视频，生成教育领域相关的文本、视频。,2025-9,generative ai,境内深度合成服务算法备案清单（2025年9月）.docx
云果多模态对话生成算法,服务提供者,深圳市百麒晟科技有限公司,云果AI助手(APP)、云果助学(APP),应用于多模态生成场景，根据用户输入的音频，生成相应的文本、音频、图像内容。,2025-9,generative ai,境内深度合成服务算法备案清单（2025年9月）.docx
索拉智策深度合成算法,服务提供者,广州索拉智策信息科技有限公司,索拉智策(网站),应用于文本生成场景，根据用户输入的撰稿规则和参考文本，生成金融财经行业相关的文本稿件。,2025-9,generative ai,境内深度合成服务算法备案清单（2025年9月）.docx
玄华智脑多模态内容生成算法-1,服务技术支持者,北京织知玄华智能科技有限公司,--,应用于文本视频生成场景，服务于企业端客户，根据用户输入的文本、音频、视频，生成相应的数字人视频或文本回复。,2025-9,generative ai,境内深度合成服务算法备案清单（2025年9月）.docx
零点游戏智能助手生成合成算法,服务提供者,成都零点重构科技有限公司,零点游戏(小程序),应用于多模态内容生成场景，根据用户输入的文本内容，生成符合用户需求的文本、图像、视频内容。,2025-9,generative ai,境内深度合成服务算法备案清单（2025年9月）.docx
有道家长问问文本生成算法,服务提供者,有道（广州）计算机系统有限公司,家长问问(APP)、家长问问(小程序),应用于对话生成场景，根据用户输入的文本，生成相应的文本回复，主要面向于高考志愿填报领域。,2025-9,generative ai,境内深度合成服务算法备案清单（2025年9月）.docx
二零三三科技深度合成算法,服务提供者,二零三三科技（北京）有限公司,NYXverse(APP),应用于对话生成场景，根据用户输入的文本、图像、音频，生成相应的文本回复，主要面向于游戏领域。,2025-9,generative ai,境内深度合成服务算法备案清单（2025年9月）.docx
智标领航标书生成大模型算法,服务提供者,智标领航 (武汉) 信息技术有限公司,智标领航(网站),应用于文本生成场景，根据用户输入的文本，生成相应的文本回复，主要应用于招投标领域。,2025-9,generative ai,境内深度合成服务算法备案清单（2025年9月）.docx
寻鹿课程智能评价大模型算法,服务提供者,云南寻鹿科技有限公司,AI课程质量评价系统(网站),应用于文本生成场景，根据用户输入的文本文档，生成相应的课程评价文本。,2025-9,generative ai,境内深度合成服务算法备案清单（2025年9月）.docx
AI课程教案合成算法,服务提供者,深圳市广厦信息技术有限公司,广厦AI课程教案生成平台(网站),应用于对话生成场景，根据用户输入的文本，生成相应的文本回复。,2025-9,generative ai,境内深度合成服务算法备案清单（2025年9月）.docx
数康智联AI文本生成算法,服务提供者,深圳市数康智联科技有限公司,数康AI中医机器人(小程序),应用于文本生成场景，根据用户输入的文本、舌头图像内容，生成相应的文本健康报告。,2025-9,generative ai,境内深度合成服务算法备案清单（2025年9月）.docx
文基智能AI深度合成算法,服务提供者,广州文基智能科技有限公司,AI智能(网站),应用于对话生成场景，根据用户输入的文本，生成相应的文本回复。,2025-9,generative ai,境内深度合成服务算法备案清单（2025年9月）.docx
艾麒大语言模型算法,服务技术支持者,上海艾麒信息科技股份有限公司,--,应用于文本生成场景，服务于企业端客户，根据用户输入的文本，生成相应的文本内容。,2025-9,generative ai,境内深度合成服务算法备案清单（2025年9月）.docx
墨客知音多模态合成算法,服务提供者,内蒙古意启创电子科技有限公司,墨客知音(APP),应用于多模态生成场景，根据用户输入的文本，生成心理评估相关的文本、音频、视频内容。,2025-9,generative ai,境内深度合成服务算法备案清单（2025年9月）.docx
北信源同声传译翻译算法,服务提供者,北京北信源软件股份有限公司,信源密信(APP),应用于对话生成场景，根据用户输入的文本、音频，生成相应的文本、音频，主要面向同声传译领域。,2025-9,generative ai,境内深度合成服务算法备案清单（2025年9月）.docx
信诚配电房智能运维生成合成算法,服务提供者,广州信诚信息科技有限公司,信诚配电房智能运维助手(网站),应用于对话生成场景，根据用户输入的文本，生成相应的文本回复，主要应用于运维咨询领域。,2025-9,generative ai,境内深度合成服务算法备案清单（2025年9月）.docx
Billus图像生成算法,服务提供者,深圳市毕鲁斯人工智能科技有限公司,Billus Design(网站)、Billus AI(小程序),应用于图像生成场景，根据用户输入的文本、图像，生成建筑行业相关的图像。,2025-9,generative ai,境内深度合成服务算法备案清单（2025年9月）.docx
三星智能应用多模态输入文本生成算法,服务提供者,三星（中国）投资有限公司,Samsung Intelligence Voice Services（SIVS）(APP)、Bixby(APP),应用于文本生成场景，根据用户输入的文本、图像、音频、视频，生成相应的文本内容。,2025-9,generative ai,境内深度合成服务算法备案清单（2025年9月）.docx
邮乐直播文案生成算法,服务提供者,上海邮乐网络技术有限公司,邮乐直播文案生成(网站),应用于文本生成场景，根据用户输入的文本，生成直播营销文案。,2025-9,generative ai,境内深度合成服务算法备案清单（2025年9月）.docx
新飞翔图像生成算法,服务提供者,成都新飞翔网络信息咨询有限公司,claymore智能菜单(网站),应用于图像生成场景，根据用户输入的文本、图像，生成相应的图像内容。,2025-9,generative ai,境内深度合成服务算法备案清单（2025年9月）.docx
智云数和AI家庭医生健康管理生成合成算法,服务提供者,智云数和(天津)科技有限公司,一和健康(APP),应用于文本生成场景，根据用户输入的文本、图像内容，生成医疗健康相关的文本回复。,2025-9,generative ai,境内深度合成服务算法备案清单（2025年9月）.docx
飞语高校教育助手大模型算法,服务提供者,北京中科凡语科技有限公司,飞语高校教育助手(网站),应用于文本生成场景，根据用户输入的文本，生成招生政策解读相关的文本回复。,2025-9,generative ai,境内深度合成服务算法备案清单（2025年9月）.docx
光明易轩国学文字生成算法,服务提供者,山东辛明轩网络科技有限公司,光明易轩(APP),应用于对话生成场景，根据用户输入的文本，生成国学相关的文本回复。,2025-9,generative ai,境内深度合成服务算法备案清单（2025年9月）.docx
安芬洛文本生成算法,服务提供者,成都安芬洛科技发展有限公司,药说时话(公众账号),应用于文本生成场景，根据用户输入的文本，生成医疗健康领域相关的文本回复。,2025-9,generative ai,境内深度合成服务算法备案清单（2025年9月）.docx
飞语认知对抗策略大模型算法,服务提供者,北京中科凡语科技有限公司,飞语认知对抗模拟系统(网站),应用于文本生成场景，根据用户输入的文本，生成对抗推演领域相关的文本回复。,2025-9,generative ai,境内深度合成服务算法备案清单（2025年9月）.docx
六行人工智能数字人生成及驱动算法,服务提供者,三河六行人工智能科技有限公司,六行AI数字人(小程序)、六行混剪矩阵系统(网站)、六行实景直播系统(APP)、六行数字人直播系统(APP),应用于数字人生成场景，根据用户输入的文本、图像、音频、视频，生成相应的数字人视频。,2025-9,generative ai,境内深度合成服务算法备案清单（2025年9月）.docx
智策医疗大模型算法,服务提供者,中科凡语（武汉）科技有限公司,智策智慧医疗平台(网站),应用于对话生成场景，根据用户输入的问题文本，生成医疗相关的文本回复。,2025-9,generative ai,境内深度合成服务算法备案清单（2025年9月）.docx
国新益康医疗健康人工智能算法,服务提供者,国新益康数据（北京）有限公司,职工益康(小程序),应用于文本生成场景，根据用户输入的文本、图像、语音、视频等医疗数据，生成疾病智能诊断、用药指导、健康规划等文本内容。,2025-9,generative ai,境内深度合成服务算法备案清单（2025年9月）.docx
钉铛AI社会治理事件诱因分析生成算法,服务提供者,杭州钉铛科技有限公司,钉铛AI事件诱因分析(小程序)、钉铛AI事件诱因分析(网站),应用于对话生成场景，根据用户输入的文本，生成社会治理领域相关的文本回复。,2025-9,generative ai,境内深度合成服务算法备案清单（2025年9月）.docx
飞书智能客服算法,服务提供者,北京抖音信息服务有限公司,飞书(APP),应用于对话生成场景，根据用户输入的文本，生成相应的文本回复。,2025-9,generative ai,境内深度合成服务算法备案清单（2025年9月）.docx
优品悠然智投大模型算法,服务提供者,深圳市优品投资顾问有限公司,魔方云选股(小程序),应用于对话生成场景，根据用户输入的文本，生成股票市场领域相关的文本回复。,2025-9,generative ai,境内深度合成服务算法备案清单（2025年9月）.docx
incoPatLite文本生成合成算法,服务提供者,北京合享智慧科技有限公司,incoPat Lite(网站),应用于文本生成场景，根据用户输入的文本，生成相应的文本回复。,2025-9,generative ai,境内深度合成服务算法备案清单（2025年9月）.docx
众阳健康医疗领域MsunGPT生成合成算法,服务技术支持者,众阳健康科技集团有限公司,--,应用于文本生成场景，服务于企业端客户，根据用户输入的医疗健康咨询文本，生成相应的诊疗方案等文本。,2025-9,generative ai,境内深度合成服务算法备案清单（2025年9月）.docx
天路云图片合成算法,服务提供者,北京浩天国展文化传播发展有限公司,天路云(网站),应用于图像生成场景，根据用户输入的文本、图像，生成个性化的图像。,2025-9,generative ai,境内深度合成服务算法备案清单（2025年9月）.docx
城市雨洪水文水力和水质过程模拟文本生成算法,服务技术支持者,锐思数字智能实验室（深圳）有限公司,--,应用于文本生成场景，服务于企业端客户，根据用户输入的文本，生成城市治水领域相关的文本回复。,2025-9,generative ai,境内深度合成服务算法备案清单（2025年9月）.docx
各有所爱多模态生成算法,服务提供者,广东各有所爱信息科技有限公司,各有所爱AI(APP),应用于多模态内容生成场景，根据用户输入的文本，生成相应的文本、图像、视频。,2025-9,generative ai,境内深度合成服务算法备案清单（2025年9月）.docx
凡语图像文字检测生成算法,服务提供者,北京中科凡语科技有限公司,图像文档翻译系统(网站),应用于文本生成场景，根据用户输入的图片、文档扫描件或证件等图像，生成识别、分析或翻译后的文本。,2025-9,generative ai,境内深度合成服务算法备案清单（2025年9月）.docx
沃享大健康门店客户维护文本生成算法,服务提供者,山东沃享信息技术有限公司,百赋康AI(网站),应用于文本生成场景，根据用户输入的文本、图像、音频，生成中医养生相关的文本。,2025-9,generative ai,境内深度合成服务算法备案清单（2025年9月）.docx
AI创作助手多模态深度合成算法,服务提供者,无锡广睿网络传媒科技有限公司,AI创作助手平台(网站),应用于文本图像生成场景，根据用户输入的文本、图像，生成相应的文本、图像内容。,2025-9,generative ai,境内深度合成服务算法备案清单（2025年9月）.docx
瞬光WinkAI大模型生成算法,服务提供者,宁波魔法瞬光文化传媒有限公司,魔法瞬光(网站),应用于文本图像生成场景，根据用户输入的关键词或文本，生成相应的文本、图像内容。,2025-9,generative ai,境内深度合成服务算法备案清单（2025年9月）.docx
小禾企服AI深度合成算法,服务提供者,青海小禾科技服务有限公司,小禾企服(APP)、小禾企服(小程序)、小禾企服(网站),应用于文本生成场景，根据用户输入的文本，生成符合用户需求的文本回复。,2025-9,generative ai,境内深度合成服务算法备案清单（2025年9月）.docx
凡语文档版面理解生成算法,服务提供者,北京中科凡语科技有限公司,OCR系统(网站),应用于文本图像生成场景，根据用户输入的图像，生成相应的文本、图像内容。,2025-9,generative ai,境内深度合成服务算法备案清单（2025年9月）.docx
智能思创千页级长文档生成算法,服务技术支持者,深圳智能思创科技有限公司,--,应用于文本生成场景，服务于企业端客户，根据用户输入的文本，生成相应的文本内容。,2025-9,generative ai,境内深度合成服务算法备案清单（2025年9月）.docx
长投AI小助手大模型算法,服务提供者,上海昌投网络科技有限公司,长投AI小助手(小程序),应用于对话生成场景，根据用户输入的文本，生成金融领域相关的文本回复。,2025-9,generative ai,境内深度合成服务算法备案清单（2025年9月）.docx
一渔科技AI智能建站生成算法,服务技术支持者,一渔（杭州）数字科技有限公司,--,应用于多模态生成场景，服务于企业端客户，根据用户输入的文本，生成相应的文本、图像。,2025-9,generative ai,境内深度合成服务算法备案清单（2025年9月）.docx
观远ChatBI数据分析生成算法,服务提供者,杭州观远数据有限公司,观远数据ChatBI(其他),应用于对话生成场景，根据用户输入的文本，生成相应的文本回复。,2025-9,generative ai,境内深度合成服务算法备案清单（2025年9月）.docx
如愿文本生成算法,服务提供者,上海巨人网络科技有限公司,巨人网络如愿 AI 星座陪伴软件(网站)、巨人网络如愿 AI 星座陪伴软件(小程序)、巨人网络如愿 AI 星座陪伴软件(APP),应用于对话生成场景，根据用户输入的文本，生成相应的文本回复。,2025-9,generative ai,境内深度合成服务算法备案清单（2025年9月）.docx
九天文旅大模型合成算法,服务技术支持者,咪咕文化科技有限公司,--,应用于文本生成场景，服务于企业端客户，根据用户输入的文本，生成相应的文本回复。,2025-9,generative ai,境内深度合成服务算法备案清单（2025年9月）.docx
牛油果大模型生成算法,服务提供者,陕西牛油果电子科技有限公司,昭擎智能(网站),应用于多模态生成场景，根据用户输入的文本，生成相应的文本、图像、视频。,2025-9,generative ai,境内深度合成服务算法备案清单（2025年9月）.docx
元素科技智慧教育课堂教学分析系统生成合成类算法,服务提供者,成都元素科技有限公司,智慧教育课堂教学分析系统算法(网站),应用于对话生成场景，根据用户输入的视频，生成教学领域相关的文本回复。,2025-9,generative ai,境内深度合成服务算法备案清单（2025年9月）.docx
刻趣多模态大模型算法,服务提供者,杭州刻趣科技有限公司,kerqu(网站),应用于多模态内容生成场景，根据用户输入的文本、图像、音频、视频，生成相应的文本、图像、音频、视频。,2025-9,generative ai,境内深度合成服务算法备案清单（2025年9月）.docx
卷湃多模态文本生成算法,服务提供者,杭州卷湃科技有限公司,湃湃农场(其他),应用于文本生成场景，根据采集的图像和文本内容，生成包含用户行为标签、表情状态评分和环境舒适指数的分析文本。,2025-9,generative ai,境内深度合成服务算法备案清单（2025年9月）.docx
紫为云3D数字人人脸生成算法,服务技术支持者,广州紫为云科技有限公司,--,应用于3D数字人生成场景，服务于企业端客户，根据用户输入的人脸图像，生成相应的三维人脸模型。,2025-9,generative ai,境内深度合成服务算法备案清单（2025年9月）.docx
鹧应ai换脸深度合成算法,服务提供者,郑州市鹧应网络科技有限责任公司,在线证件照 鹧应(小程序),应用于图像生成场景，根据用户上传的照片，结合预设的模板，生成具有独特风格的照片。,2025-9,generative ai,境内深度合成服务算法备案清单（2025年9月）.docx
鹧应ai换脸深度合成服务算法,服务技术支持者,郑州市鹧应网络科技有限责任公司,--,应用于图像生成场景，服务于企业端客户，根据用户上传的照片，结合预设的模板，生成具有独特风格的照片。,2025-9,generative ai,境内深度合成服务算法备案清单（2025年9月）.docx
FIU融脉金融资讯智能生成算法,服务提供者,深圳市融聚汇信息科技有限公司,融脉(APP),应用于文本生成场景，根据用户输入的文本，生成各类金融资讯的文本内容。,2025-9,generative ai,境内深度合成服务算法备案清单（2025年9月）.docx
安博通鲁班安全大模型生成合成算法,服务技术支持者,北京安博通科技股份有限公司,--,应用于文本生成场景，服务于企业端客户，根据用户输入的文本，生成网络安全相关的文本内容。,2025-9,generative ai,境内深度合成服务算法备案清单（2025年9月）.docx
飞书知识问答智能生成算法,服务提供者,北京抖音信息服务有限公司,飞书(APP),应用于文本生成场景，根据用户输入的文本，生成相应的文本。,2025-9,generative ai,境内深度合成服务算法备案清单（2025年9月）.docx
牛小马内容相关性判别大模型算法,服务提供者,杭州创屿科技有限公司,牛小马(网站),应用于文本生成场景，根据用户输入的文本，生成相应的文本。,2025-9,generative ai,境内深度合成服务算法备案清单（2025年9月）.docx
实东智能AI对话生成算法,服务提供者,实东科技（深圳）有限公司,实东供需(小程序),应用于对话生成场景，根据用户输入的文本，生成相应的文本。,2025-9,generative ai,境内深度合成服务算法备案清单（2025年9月）.docx
沐云工业优化控制算法-1,服务技术支持者,江苏沐云物联科技有限公司,--,应用于工业领域文本生成场景，服务于企业端客户，根据用户输入的现场生产过程文本数据，生成相应的指导性文本内容。,2025-9,generative ai,境内深度合成服务算法备案清单（2025年9月）.docx
芯团ICchat知识库生成式算法,服务提供者,深圳市芯联天下网络科技有限公司,芯团(小程序)、芯团(APP)、芯团AI(网站),应用于对话生成场景，根据用户输入的文本，生成相应的文本回复。,2025-9,generative ai,境内深度合成服务算法备案清单（2025年9月）.docx
智启文思助手文本生成算法,服务提供者,聚北科技（北京）有限公司,智启文思助手(网站),应用于对话生成场景，根据用户输入的文本，生成相应的文本内容。,2025-9,generative ai,境内深度合成服务算法备案清单（2025年9月）.docx
沃尔沃小沃智能助手大模型算法,服务提供者,沃尔沃汽车销售（上海）有限公司,沃尔沃汽车沃世界+(小程序)、沃尔沃汽车(APP)、语音助理(APP),应用于对话生成场景，根据用户输入的文本，生成相应的文本回复。,2025-9,generative ai,境内深度合成服务算法备案清单（2025年9月）.docx
钉铛AI社会治理图片识别算法,服务提供者,杭州钉铛科技有限公司,钉铛AI我要爆料(小程序)、钉铛 AI 我要爆料(网站),应用于图像识别场景，根据用户输入的现场拍摄图像，生成识别的违规行为类型、位置等文本信息。,2025-9,generative ai,境内深度合成服务算法备案清单（2025年9月）.docx
咪咕视频智能助手生成算法,服务提供者,咪咕视讯科技有限公司,咪咕视频(APP),应用于对话生成场景，根据用户输入的文本、音频，生成相应的文本内容。,2025-9,generative ai,境内深度合成服务算法备案清单（2025年9月）.docx
美益添生成合成类算法,服务提供者,美益添生物医药（武汉）有限公司,肠菌助手(小程序),应用于文本生成场景，根据用户输入的文本、音频、图像，生成个性化健康管理方案文本。,2025-9,generative ai,境内深度合成服务算法备案清单（2025年9月）.docx
海滴文本生成大模型算法,服务提供者,广州星道智链人工智能科技有限公司,海滴(网站),应用于对话生成场景，根据用户输入的文本，生成国际物流行业相关的文本内容。,2025-9,generative ai,境内深度合成服务算法备案清单（2025年9月）.docx
来觅数据生成合成类文本生成算法,服务提供者,深圳来觅数据信息科技有限公司,百分企业(APP)、来觅PEVC(APP),应用于文本生成场景，根据用户输入的文本、报告信息，生成相应的分析文本。,2025-9,generative ai,境内深度合成服务算法备案清单（2025年9月）.docx
未来图像生成合成算法,服务提供者,未来电视有限公司,未来AI照相馆(小程序),应用于图像生成场景，根据用户输入的图像，生成图像修复、证件照制作、黑白彩绘等图像内容。,2025-9,generative ai,境内深度合成服务算法备案清单（2025年9月）.docx
Flai对话生成算法,服务提供者,上海往矣科技有限公司,Flai(APP),应用于文本音频生成场景，根据用户输入的文本，生成相应的文本、音频内容。,2025-9,generative ai,境内深度合成服务算法备案清单（2025年9月）.docx
比肩未来职业规划大模型算法,服务提供者,广州叮咚科技集团有限公司,比肩未来(小程序),应用于文本生成场景，根据用户输入的个人相关文本信息，生成职业生涯规划报告书、职业建议等文本内容。,2025-9,generative ai,境内深度合成服务算法备案清单（2025年9月）.docx
高原医学问答大语言模型检索增强生成算法,服务技术支持者,沣屹（北京）医疗科技有限公司,--,应用于文本生成场景，服务于企业端客户，根据用户输入的文本数据，生成相应的文本回复。,2025-9,generative ai,境内深度合成服务算法备案清单（2025年9月）.docx
燃动动AI健身指导算法,服务提供者,深圳创睐智能科技有限公司,燃动动(APP),应用于文本音频生成场景，根据用户输入的文本、图像、音频，生成健身指导相关的文本、音频内容。,2025-9,generative ai,境内深度合成服务算法备案清单（2025年9月）.docx
上海缘起生成合成类算法,服务提供者,上海缘起网络技术有限公司,EmoHug(APP),应用于对话生成场景，根据用户输入的文本、音频，生成相应的文本、图像。,2025-9,generative ai,境内深度合成服务算法备案清单（2025年9月）.docx
梦之都图像特效合成算法,服务技术支持者,深圳市梦之都文化传播有限公司,--,应用于图像处理场景，服务于企业端客户，根据用户输入的图像、视频，生成相应的图像、视频，主要面向人像美化与艺术效果领域。,2025-9,generative ai,境内深度合成服务算法备案清单（2025年9月）.docx
明杉学职星AI大学生精准就业大模型算法,服务技术支持者,深圳明杉科技有限公司,--,应用于文本生成场景，服务于企业端客户，根据用户输入的文本，生成相应的文本，主要面向于就业领域。,2025-9,generative ai,境内深度合成服务算法备案清单（2025年9月）.docx
唯安信掌静脉识别认证算法,服务技术支持者,唯安信（广州）科技有限公司,--,应用于图像识别场景，服务于企业端客户，根据用户手掌静脉图像，返回身份认证结果。,2025-9,generative ai,境内深度合成服务算法备案清单（2025年9月）.docx
绝影多模态大模型生成合成算法,服务技术支持者,上海临港绝影智能科技有限公司,--,应用于文本生成场景，服务于企业端客户，根据用户输入的图像、音频、视频，生成相应的文本，主要面向于智能车载领域。,2025-9,generative ai,境内深度合成服务算法备案清单（2025年9月）.docx
奇思大模型算法,服务提供者,上海奇思信息技术有限公司,Choice数据(APP)、妙想(网站)、妙想智能助手(小程序)、妙想(APP),应用于对话生成场景，根据用户输入的文本，生成相应的文本内容。,2025-9,generative ai,境内深度合成服务算法备案清单（2025年9月）.docx
百达屋酒店智能客服算法,服务提供者,百达屋酒店管理（深圳）有限公司,Ai智能座机(APP)、虫洞门店后台(网站)、Wormhole-Ai-Beta(网站)、Ai云电话Pad版(APP)、百达屋客房服务(小程序),应用于对话生成场景，根据用户输入的文本、音频，生成酒店服务相关的文本、音频。,2025-9,generative ai,境内深度合成服务算法备案清单（2025年9月）.docx
云启AI音频生成算法,服务提供者,广州云启智航人工智能科技有限公司,云启AI(网站),应用于音频生成场景，根据用户输入的文本、参考音频，生成与参考音频风格一致的音频。,2025-9,generative ai,境内深度合成服务算法备案清单（2025年9月）.docx
瑞立视培训课堂虚拟场景生成算法,服务技术支持者,深圳市瑞立视多媒体科技有限公司,--,应用于虚拟场景视频生成，服务于企业端客户，根据输入的参与者动作姿态数据及预设的结构化数据，生成相应的虚拟场景视频。,2025-9,generative ai,境内深度合成服务算法备案清单（2025年9月）.docx
豆绘多模态内容生成算法,服务提供者,南京豆绘科技有限公司,豆绘AI(网站),应用于多模态内容生成场景，根据用户输入的文本、图像、视频，生成相应的文本、图像、视频。,2025-9,generative ai,境内深度合成服务算法备案清单（2025年9月）.docx
DiffS蛋白质设计生成算法,服务提供者,图灵智算量子科技（无锡）有限公司,DiffS蛋白质设计生成算法(APP),应用于蛋白质序列设计场景，根据用户输入的蛋白质序列和编辑点位信息文本，生成优化后的蛋白质序列文本。,2025-9,generative ai,境内深度合成服务算法备案清单（2025年9月）.docx
元岳多模态大模型算法,服务提供者,元岳信息科技（济南）有限公司,元岳多模态(APP),应用于多模态生成场景，根据用户输入的文本、图像、视频，生成相应的文本、图像、视频。,2025-9,generative ai,境内深度合成服务算法备案清单（2025年9月）.docx
aiXcoder大模型算法,服务提供者,北京硅心科技有限公司,aiXcoder智能编程系统(其他),应用于对话生成场景，根据用户输入的文本，生成相应的文本，实现代码补全、函数生成、注释添加、测试代码生成、漏洞修复建议等功能。,2025-9,generative ai,境内深度合成服务算法备案清单（2025年9月）.docx
深圳颜域科技影像合成算法,服务提供者,深圳颜域科技有限公司,影像之匠(APP),应用于图像生成场景，根据用户输入的图像，生成美化处理后的图像。,2025-9,generative ai,境内深度合成服务算法备案清单（2025年9月）.docx
佳速通运动助手健康运动计划建议及运动数据评估与建议算法,服务提供者,成都联萌科技有限公司,佳速通运动助手(APP),应用于文本生成场景，根据用户输入的目标、个人偏好以及体能训练情况文本，生成量身定制的健身方案和评估建议文本。,2025-9,generative ai,境内深度合成服务算法备案清单（2025年9月）.docx
表答AI数据分析报告文本生成算法,服务提供者,上海梦数科技有限公司,表答AI(网站),应用于文本生成场景，根据用户输入的文本，生成多行业、多场景下的数据洞察报告。,2025-9,generative ai,境内深度合成服务算法备案清单（2025年9月）.docx
飞鑫直播数字人合成算法,服务提供者,广州市飞鑫信息科技有限公司,鑫元人(其他),应用于数字人生成场景，根据用户输入的文本、音频、视频，生成相应的数字人视频。,2025-9,generative ai,境内深度合成服务算法备案清单（2025年9月）.docx
众森企服大模型算法,服务提供者,杭州众森企服互联网科技有限公司,众森企服大模型(网站),应用于对话生成场景，根据用户输入的文本，生成政策条文依据、官方解读、风险提示及解决方案等文本回复。,2025-9,generative ai,境内深度合成服务算法备案清单（2025年9月）.docx
塔尘医疗内容生成算法,服务提供者,天津塔尘智能科技有限公司,塔尘智能(网站),应用于文本生成场景，根据用户输入的文本、图像，生成相应的文本内容。,2025-9,generative ai,境内深度合成服务算法备案清单（2025年9月）.docx
YourMusic音乐生成算法,服务提供者,青岛艾夫斯科技有限公司,YourMusic(网站),应用于音频生成场景，根据用户输入的文本描述，生成个性化音乐作品。,2025-9,generative ai,境内深度合成服务算法备案清单（2025年9月）.docx
有车科技汽车垂直深度合成模型算法,服务提供者,广东有车科技股份有限公司,车小蜂AI快剪(网站),应用于多模态生成场景，根据用户输入的文本、图像、音频、视频，生成有关汽车行业相关的文案以及广告短视频。,2025-9,generative ai,境内深度合成服务算法备案清单（2025年9月）.docx
高斯通文本合成算法,服务技术支持者,深圳市高斯通通信股份有限公司,--,应用于文本生成场景，服务于企业端客户，根据用户输入的文本，生成相应的验证短信文本。,2025-9,generative ai,境内深度合成服务算法备案清单（2025年9月）.docx
万维文本生成合成算法,服务提供者,杭州万维点石科技有限公司,【自然资源AI搜索】服务(网站),应用于文本生成场景，根据用户输入的文本，生成决议决定、汇报专报、工作方案、通告意见、调研报告、项目研判等文案。,2025-9,generative ai,境内深度合成服务算法备案清单（2025年9月）.docx
科智汇川环评智能生成合成算法,服务技术支持者,四川省科智汇川人工智能科技有限责任公司,--,应用于文本图像生成场景，服务于企业端客户，根据用户输入的文本，生成相应的文本、数据图表。,2025-9,generative ai,境内深度合成服务算法备案清单（2025年9月）.docx
中科世通灵境韬略大模型算法,服务技术支持者,中科世通亨奇（北京）科技有限公司,--,应用于文本生成场景，服务于企业端客户，根据用户输入的文本，生成相应的文本。,2025-9,generative ai,境内深度合成服务算法备案清单（2025年9月）.docx
AnyChatAI深度合成算法,服务技术支持者,广州佰锐网络科技有限公司,--,应用于多模态生成场景，服务于企业端客户，根据用户输入的图像、视频，生成相应的图像、视频。,2025-9,generative ai,境内深度合成服务算法备案清单（2025年9月）.docx
快手可灵大模型生成合成算法,服务提供者,北京快手科技有限公司,可灵AI(APP)、可灵AI(网站),应用于视频生成场景，根据用户输入的文本、图像，生成相应的创意视频。,2025-9,generative ai,境内深度合成服务算法备案清单（2025年9月）.docx
天猫养车车管家文本合成算法,服务提供者,杭州喵修科技有限公司,天猫养车(APP),应用于对话生成场景，根据用户输入的文本、图像，生成养车相关的文本。,2025-9,generative ai,境内深度合成服务算法备案清单（2025年9月）.docx
盈康大脑IncGPT大模型算法,服务提供者,海尔集团(青岛)金盈控股有限公司,盈康大脑IncGPT大模型(网站),应用于文本生成场景，根据用户输入的文本，生成科研相关的文本。,2025-9,generative ai,境内深度合成服务算法备案清单（2025年9月）.docx
国衡AI引擎多模态融合算法,服务提供者,国衡智慧城市科技研究院（北京）有限公司,国衡 AI(网站),应用于对话生成场景，根据用户输入的文本、音频，生成相应的文本、音频。,2025-9,generative ai,境内深度合成服务算法备案清单（2025年9月）.docx
脸谱多模态大模型算法,服务提供者,上海脸谱心智智能科技有限公司,饭饭工具集(APP),应用于文本图像生成场景，根据用户输入的文本、图像、视频，生成相应的文本、图像。,2025-9,generative ai,境内深度合成服务算法备案清单（2025年9月）.docx
智创AI图像生成算法,服务提供者,广州智创元素科技有限公司,智创AI(网站),应用于图像生成场景，根据用户输入的文本、图像，生成与参考图像和指引文本风格的一致图像。,2025-9,generative ai,境内深度合成服务算法备案清单（2025年9月）.docx
小迈智擎生成合成算法,服务提供者,西安智恒睿力科技有限公司,小迈智博(网站)、智恒睿力小迈智博(小程序),应用于对话生成场景，根据用户输入的文本，生成相应的文本回复。,2025-9,generative ai,境内深度合成服务算法备案清单（2025年9月）.docx
搜上行多模态大模型算法,服务提供者,重庆搜上行科技有限公司,极简主页(网站),应用于多模态内容生成场景，根据用户输入的文本、图像内容，生成满足用户需求的文本、图像、视频回复内容。,2025-9,generative ai,境内深度合成服务算法备案清单（2025年9月）.docx
鸿合教学大模型算法,服务技术支持者,南京鸿合人工智能科技研究院有限公司,--,应用于文本生成场景，服务于企业端客户，根据用户输入的文本、音频、视频，生成课堂教学评价与建议等分析报告。,2025-9,generative ai,境内深度合成服务算法备案清单（2025年9月）.docx
时代传媒多模态内容生成算法,服务提供者,广东时代传媒集团有限公司,小漾(APP),应用于多模态内容生成场景，根据用户输入的文本数据，生成符合用户需求的文本、图像、视频内容。,2025-9,generative ai,境内深度合成服务算法备案清单（2025年9月）.docx
数智员工JoygovAI文生文算法,服务提供者,四川乐政科技有限公司,JoygovAI(小程序),应用于文本生成场景，根据用户输入的文本内容，生成相应的文本内容。,2025-9,generative ai,境内深度合成服务算法备案清单（2025年9月）.docx
爱创文本合成算法,服务提供者,济南爱创人工智能科技有限责任公司,爱创业(APP),应用于对话生成场景，根据用户输入的文本，生成包含市场分析、商业模式、风险评估等模块的结构化创业文本方案。,2025-9,generative ai,境内深度合成服务算法备案清单（2025年9月）.docx
瑞承智语意图分类内容生成算法,服务提供者,瑞承家族信息咨询（北京）有限公司,AI瑞承(APP),应用于对话生成场景，根据用户输入的文本，生成相应的文本。,2025-9,generative ai,境内深度合成服务算法备案清单（2025年9月）.docx
信科智擎大模型算法,服务提供者,众安信科（深圳）股份有限公司,信科智擎大模型(网站),应用于文本生成场景，根据用户输入的文本，生成相应的文本内容。,2025-9,generative ai,境内深度合成服务算法备案清单（2025年9月）.docx
云图智脑AI算法,服务提供者,山东鼎夏智能科技有限公司,云图智脑数据中心(网站),应用于对话生成场景，根据用户输入的文本、图像，生成相应的文本、音频内容。,2025-9,generative ai,境内深度合成服务算法备案清单（2025年9月）.docx
媲美科技语音合成算法,服务提供者,深圳媲美科技有限公司,媲美科技创作平台(网站),应用于音频生成场景，根据用户输入的文本、音频，生成与参考音频音色特征一致的音频内容。,2025-9,generative ai,境内深度合成服务算法备案清单（2025年9月）.docx
51空间智能生成算法,服务提供者,北京五一视界数字孪生科技股份有限公司,CLONOVA空间智能交互平台(网站),应用于文本音频生成场景，根据用户输入的音频，生成相应的文本、音频回复。,2025-9,generative ai,境内深度合成服务算法备案清单（2025年9月）.docx
易车视频智能剪辑算法,服务提供者,北京易车互动广告有限公司,易慧智能(网站),应用于视频生成场景，根据用户输入的文本，生成相应的视频内容。,2025-9,generative ai,境内深度合成服务算法备案清单（2025年9月）.docx
中电信链多模态合成算法-1,服务提供者,中电信链信息技术南京有限公司,中电信链(APP),应用于多模态生成场景，根据用户输入的文本、图像、音频，生成相应的文本、图像。,2025-9,generative ai,境内深度合成服务算法备案清单（2025年9月）.docx
童泰多模态AI智能生成合成算法,服务提供者,上海童泰信息科技有限公司,童泰AI(APP),应用于多模态生成场景，根据用户输入的文本、图像、音频、视频数据，生成符合用户需求的文本、图像、视频内容。,2025-9,generative ai,境内深度合成服务算法备案清单（2025年9月）.docx
龙讯政务服务文本生成算法-1,服务技术支持者,安徽龙讯信息科技有限公司,--,应用于文本生成场景，服务于企业端客户，根据用户输入的文本，生成相应的文本内容。,2025-9,generative ai,境内深度合成服务算法备案清单（2025年9月）.docx
钓鱼佬智能分析算法-1,服务提供者,合肥萨沙科技有限公司,钓鱼天气预报(APP)、钓鱼佬(APP),应用于文本生成场景，根据用户输入的文本、图像，生成钓鱼相关的文本。,2025-9,generative ai,境内深度合成服务算法备案清单（2025年9月）.docx
MassAI光锥多模态生成算法,服务提供者,广东禧越网络科技有限公司,MassAI(小程序)、MassAI(APP),应用于多模态生成场景，根据用户输入的文本、音频、图像，生成相应的文本、图像、音频、视频。,2025-9,generative ai,境内深度合成服务算法备案清单（2025年9月）.docx
国家能源集团擎源大模型内容生成算法,服务提供者,国家能源投资集团有限责任公司,国家能源集团(网站),应用于对话生成场景，根据用户输入的文本，生成电力领域相关的文本回复。,2025-9,generative ai,境内深度合成服务算法备案清单（2025年9月）.docx
思诺内容生成合成算法,服务提供者,思诺网络科技（禄劝）有限责任公司,作业答案吖(小程序),应用于对话生成场景，根据用户输入的文本，生成教育培训领域相关的文本内容。,2025-9,generative ai,境内深度合成服务算法备案清单（2025年9月）.docx
云智影院经营问答生成合成算法,服务提供者,广东阿里影业云智软件有限公司,凤凰云智影院管理平台(网站),应用于文本生成场景，根据用户输入的文本，生成影院经营相关的文本内容。,2025-9,generative ai,境内深度合成服务算法备案清单（2025年9月）.docx
菁易科研培训文本生成算法,服务提供者,昇亿科技（北京）有限公司,菁易科研(小程序)、菁易科研(网站),应用于文本生成场景，根据用户输入的文本，生成医学教育领域相关的文本内容。,2025-9,generative ai,境内深度合成服务算法备案清单（2025年9月）.docx
造父智能知识库大模型算法,服务提供者,广州造父科技有限公司,智能知识库(网站),应用于文本生成场景，根据用户输入的文本，生成相应的文本内容。,2025-9,generative ai,境内深度合成服务算法备案清单（2025年9月）.docx
天翔睿翼旅拍换脸合成算法,服务提供者,北京天翔睿翼科技有限公司,咔哒鸭(小程序),应用于图像生成场景，根据用户输入的图像，生成符合用户人脸特征和底图风格的图像内容。,2025-9,generative ai,境内深度合成服务算法备案清单（2025年9月）.docx
闲赞人像宠物转绘人工智能算法,服务提供者,上海闲赞文化旅游发展有限公司,闲赞AI(小程序)、闪变SNAPPIRRO(其他),应用于图像生成场景，根据用户上传的人像或宠物图像，生成符合预设艺术风格的创意图像。,2025-9,generative ai,境内深度合成服务算法备案清单（2025年9月）.docx
元贝智能大模型算法,服务提供者,南京元贝信息技术有限公司,元贝驾考(APP)、元贝驾考无人机(APP),应用于文本生成场景，根据用户输入的文本、图像，生成相应的文本。,2025-9,generative ai,境内深度合成服务算法备案清单（2025年9月）.docx
我的家校AI文生图算法,服务提供者,湖南省我的家校教育科技有限公司,我的家校 AI(网站),应用于图像生成场景，根据用户输入的文本，生成相应的图像。,2025-9,generative ai,境内深度合成服务算法备案清单（2025年9月）.docx
超媒体集团文本生成算法,服务提供者,珠海超界科技有限公司,超媒体AI(APP)、shao.ai(小程序),应用于对话生成场景，根据用户输入的文本，生成相应的文本。,2025-9,generative ai,境内深度合成服务算法备案清单（2025年9月）.docx
仙库3D脊柱生成算法,服务技术支持者,深圳仙库智能有限公司,--,应用于图像检测场景，服务于企业端客户，根据输入的2D人体图像，生成相应的3D脊柱结构图像。,2025-9,generative ai,境内深度合成服务算法备案清单（2025年9月）.docx
千问语音合成算法,服务技术支持者,浙江千问科技有限公司,--,应用于音频生成场景，服务于企业端客户，根据用户输入的文本，转换为相应的音频。,2025-9,generative ai,境内深度合成服务算法备案清单（2025年9月）.docx
TigerAI生成合成算法,服务提供者,北京至简风宜信息技术有限公司,TigerAI-DeepSeek(网站),应用于智能对话场景，根据用户输入的文本，生成相应的文本。,2025-9,generative ai,境内深度合成服务算法备案清单（2025年9月）.docx
航天万源云文本生成算法,服务提供者,航天万源云数据河北有限公司,丰南营商(小程序),应用于文本生成场景，根据用户输入的文本，生成相应的文本。,2025-9,generative ai,境内深度合成服务算法备案清单（2025年9月）.docx
华为互动媒体多模态内容生成算法,服务提供者,华为软件技术有限公司,华为云空间(APP)、华为浏览器(APP)、华为阅读(APP)、华为主题(APP)、华为游戏中心(APP)、华为视频(APP)、华为云空间(网站)、华为音乐(APP)、华为天气(APP),应用于文本生成场景，根据用户输入的文本、图像、音频、视频，生成相应的文本内容。,2025-9,generative ai,境内深度合成服务算法备案清单（2025年9月）.docx
OmenAI内容生成算法,服务提供者,上海绎由信息科技有限公司,先兆OmenAI(小程序)、智堡(APP)、先兆Omen投研AGI系统(网站),应用于文本生成场景，根据用户输入的文本，生成相应的文本内容。,2025-9,generative ai,境内深度合成服务算法备案清单（2025年9月）.docx
谨启科技Ada心理咨询合成算法,服务提供者,深圳谨启科技有限公司,阁楼Glowe AI(APP),应用于文本图像生成场景，根据用户输入的文本，生成心理咨询相关的文本、图像。,2025-9,generative ai,境内深度合成服务算法备案清单（2025年9月）.docx
铁塔智能监测大模型生成算法,服务技术支持者,中国铁塔股份有限公司,--,应用于视频监测场景，服务于企业端客户，根据用户上传的视频，生成相应的文本。,2025-9,generative ai,境内深度合成服务算法备案清单（2025年9月）.docx
子牙大模型算法,服务提供者,东方微银科技股份有限公司,子牙(网站),应用于对话生成场景，根据用户输入的文本，生成相应的文本。,2025-9,generative ai,境内深度合成服务算法备案清单（2025年9月）.docx
银河驿站招聘文字生成算法,服务提供者,银河驿站（北京）科技有限责任公司,银河驿站公司AI人才(网站),应用于对话生成场景，根据用户输入的文本，生成简历优化建议、面试优化建议等文本。,2025-9,generative ai,境内深度合成服务算法备案清单（2025年9月）.docx
小卡源星AI智能多模态生成合成算法,服务提供者,成都小卡科技有限公司,小卡数字人app(其他),应用于多模态内容生成场景，根据用户输入的文本数据，生成符合用户需求的文本、图像、音频、视频内容。,2025-9,generative ai,境内深度合成服务算法备案清单（2025年9月）.docx
新腔科技智能问答生成算法,服务提供者,杭州新腔科技有限公司,吉小铺(APP)、吉小铺(小程序),应用于对话生成场景，根据用户输入的文本，生成符合用户要求的文本回复。,2025-9,generative ai,境内深度合成服务算法备案清单（2025年9月）.docx
飞书智能会议纪要生成算法,服务提供者,北京抖音信息服务有限公司,飞书(APP),应用于文本生成场景，根据用户输入的文本、音频，生成相应的文本内容。,2025-9,generative ai,境内深度合成服务算法备案清单（2025年9月）.docx
芝麻企业信用文本生成算法,服务提供者,芝麻信用管理有限公司,芝麻企业信用标讯助手(小程序),应用于对话生成场景，根据用户输入的文本、图像，生成相应的文本回复。,2025-9,generative ai,境内深度合成服务算法备案清单（2025年9月）.docx
联知数字人克隆算法,服务提供者,安徽联知软件开发有限公司,联知AIGC系统(APP),应用于数字人视频生成场景，根据用户输入的文本或音频、视频数据，生成唇形同步的数字人视频。,2025-9,generative ai,境内深度合成服务算法备案清单（2025年9月）.docx
讯海文生文算法,服务提供者,广州讯海软件有限公司,讯海文汇生成引擎(网站),应用于对话生成场景，根据用户输入的问题文本，生成相应的文本回复。,2025-9,generative ai,境内深度合成服务算法备案清单（2025年9月）.docx
童锐多模态AI智能生成合成算法,服务提供者,上海童锐网络科技有限公司,口袋故事(APP),应用于多模态内容生成场景，根据用户输入的文本、图像、音频、视频内容，生成符合用户需求的文本、图像、音频、视频回复。,2025-9,generative ai,境内深度合成服务算法备案清单（2025年9月）.docx
跨跃喧嚣AI文本生成算法,服务提供者,杭州跨跃喧嚣科技有限公司,“Godin法律助手”PC端(网站)、“Godin法律助手”微信小程序(小程序),应用于文本生成场景，根据用户输入的问题文本，生成法律相关文本内容回复。,2025-9,generative ai,境内深度合成服务算法备案清单（2025年9月）.docx
唐煦数畅AI营销智能生成算法,服务提供者,唐煦数畅（杭州）科技有限公司,唐煦数畅AI数字云店(小程序),应用于对话生成场景，根据用户输入的问题文本，生成相应的文本回复。,2025-9,generative ai,境内深度合成服务算法备案清单（2025年9月）.docx
筑而瑞CHCC建设大会AI生成算法,服务提供者,北京筑而瑞科技有限公司,CHCC全国医院建设大会(公众账号),应用于对话生成场景，根据用户输入的文本，生成相应的文本。,2025-9,generative ai,境内深度合成服务算法备案清单（2025年9月）.docx
汪喵灵灵宠物医疗多模态文本生成算法,服务提供者,深圳知见医疗科技有限公司,汪喵灵灵VetMew(小程序),应用于对话生成场景，根据用户输入的文本、图像、音频，生成相应的文本、音频，主要面向于宠物健康领域。,2025-9,generative ai,境内深度合成服务算法备案清单（2025年9月）.docx
思必驰声音转换算法,服务技术支持者,思必驰科技股份有限公司,--,应用于音频转换场景，服务于企业端客户，根据用户输入的音频，生成保留目标说话人音色与语调的音频。,2025-9,generative ai,境内深度合成服务算法备案清单（2025年9月）.docx
流量家园智能对话生成算法,服务提供者,广州流量家园软件有限公司,流量家园对话模拟器(网站),应用于对话生成场景，根据用户输入的文本，生成相应的文本。,2025-9,generative ai,境内深度合成服务算法备案清单（2025年9月）.docx
哈巴一下情绪陪伴对话合成算法,服务提供者,上海嘎巴健康科技有限公司,哈巴一下(APP),应用于对话生成场景，根据用户输入的文本，生成相应的文本，主要面向于心理咨询领域。,2025-9,generative ai,境内深度合成服务算法备案清单（2025年9月）.docx
众阳健康医疗领域MsunGPT生成合成算法-2,服务提供者,众阳健康科技集团有限公司,MsunGPT(网站),应用于文本生成场景，根据用户输入的文本，生成相应的文本，主要面向于医疗领域。,2025-9,generative ai,境内深度合成服务算法备案清单（2025年9月）.docx
玩吧多人推剧文本生成算法,服务提供者,北京默契破冰科技有限公司,玩吧(APP),应用于文本生成场景，根据用户输入的文本，生成个性化推理剧本。,2025-9,generative ai,境内深度合成服务算法备案清单（2025年9月）.docx
金颐康养文本生成算法,服务提供者,浙江金颐智慧康养有限公司,小Xi助理(小程序),应用于对话生成场景，根据用户输入的文本、音频，生成养老服务相关的文本内容。,2025-9,generative ai,境内深度合成服务算法备案清单（2025年9月）.docx
咪咕视听内容生成算法,服务提供者,咪咕文化科技有限公司,咪咕仝舟(网站),应用于视频生成场景，根据用户输入的文本、图像、音频、视频，生成相应的视频。,2025-9,generative ai,境内深度合成服务算法备案清单（2025年9月）.docx
坤安文本大语言模型算法,服务提供者,中铝数为（成都）科技有限责任公司,坤安大模型网站(网站),应用于对话生成场景，根据用户输入的文本，生成有色金属行业相关的文本内容。,2025-9,generative ai,境内深度合成服务算法备案清单（2025年9月）.docx
尔康医学报告解读深度融合算法,服务提供者,成都灵枢易诊健康科技有限公司,尔康易诊(小程序),应用于文本音频生成场景，根据用户输入的文本、图像、音频，生成健康建议相关的文本、音频。,2025-9,generative ai,境内深度合成服务算法备案清单（2025年9月）.docx
小魔推数字视频深度合成算法,服务提供者,河南餐赞网络科技有限公司,小魔推-数字分身(网站),应用于多模态内容生成场景，根据用户输入的文本、图像、音频、视频，生成数字内容创作相关的文本、音频、视频。,2025-9,generative ai,境内深度合成服务算法备案清单（2025年9月）.docx
科寻科汇大模型算法,服务提供者,科寻科汇(上海)科技服务有限公司,InnoMatch全球技术供需对接平台(网站),应用于对话生成场景，根据用户输入的文本，生成相应的文本回复。,2025-9,generative ai,境内深度合成服务算法备案清单（2025年9月）.docx
钉铛AI社会治理分析报告生成算法,服务提供者,杭州钉铛科技有限公司,钉铛AI报告(小程序)、钉铛AI报告(网站),应用于文本生成场景，根据用户输入的文本，生成社会治理领域相关的分析报告。,2025-9,generative ai,境内深度合成服务算法备案清单（2025年9月）.docx
钉铛AI社会治理事件预警生成算法,服务提供者,杭州钉铛科技有限公司,钉铛AI事件预警(小程序)、钉铛AI预警监测(网站),应用于文本生成场景，根据用户输入的文本，生成社会治理相关的预警报告。,2025-9,generative ai,境内深度合成服务算法备案清单（2025年9月）.docx
积星云文本生成算法,服务提供者,广东积星云计算有限公司,积星云快写创作(小程序),应用于对话生成场景，根据用户输入的问题文本，生成创作相关的文本回复。,2025-9,generative ai,境内深度合成服务算法备案清单（2025年9月）.docx
芯筑AI多模态生成算法,服务提供者,河南芯筑科技有限公司,慧建房(APP),应用于文本图像生成场景，根据用户输入的文本描述，生成房屋设计相关的文本、图像内容。,2025-9,generative ai,境内深度合成服务算法备案清单（2025年9月）.docx
家长糖教育咨询语言大模型算法,服务提供者,桂先教育科技（海南）有限公司,家长糖(APP),应用于对话生成场景，根据用户输入的育儿相关的问题或场景描述文本，生成育儿教育相关的文本回复。,2025-9,generative ai,境内深度合成服务算法备案清单（2025年9月）.docx
燃灵教育文生文算法-1,服务提供者,广州燃灵级数科技有限公司,DeepThink(小程序),应用于对话生成场景，根据用户输入的文本，生成教育领域相关的回复文本。,2025-9,generative ai,境内深度合成服务算法备案清单（2025年9月）.docx
知己智能体文本生成算法,服务提供者,平方创想教育科技（北京）有限公司,知己智能体(网站),应用于对话生成场景，根据用户输入的文本，生成教育领域相关的文本内容。,2025-9,generative ai,境内深度合成服务算法备案清单（2025年9月）.docx
海鹚医疗内容生成算法-1,服务提供者,广州海鹚网络科技有限公司,广州暨德济医疗演示患者端(小程序),应用于对话生成场景，根据用户输入的文本，生成医疗领域相关的文本回复。,2025-9,generative ai,境内深度合成服务算法备案清单（2025年9月）.docx
AI佐证材料生成合成算法,服务提供者,深圳市广厦信息技术有限公司,AI佐证材料生成合成平台(网站),应用于对话生成场景，根据用户输入的文本，生成相应的文本。,2025-9,generative ai,境内深度合成服务算法备案清单（2025年9月）.docx
中兴星云语言大模型算法,服务技术支持者,中兴通讯股份有限公司,--,应用于文本生成场景，服务于企业端客户，根据用户输入的文本，生成相应的文本。,2025-9,generative ai,境内深度合成服务算法备案清单（2025年9月）.docx
天磊卫士安全防护文本生成算法,服务提供者,天磊卫士（深圳）科技有限公司,安全防护咨询助手(网站),应用于对话生成场景，根据用户输入的文本，生成网络安全领域相关的文本。,2025-9,generative ai,境内深度合成服务算法备案清单（2025年9月）.docx
诚优图像生成算法,服务提供者,西安诚优网络科技有限责任公司,西安诚优网络科技有限责任公司(网站),应用于图像生成场景，根据用户输入的文本、图像，生成相应的图像。,2025-9,generative ai,境内深度合成服务算法备案清单（2025年9月）.docx
福宇科技未成年人安全守护深度合成算法,服务提供者,福建福宇智慧信息科技有限公司,春蕾卫士(网站),应用于文本生成场景，根据智能设备采集的语音与环境音频数据，生成心理健康评估相关的文本。,2025-9,generative ai,境内深度合成服务算法备案清单（2025年9月）.docx
影谱电影内容创作算法,服务提供者,西安电影制片厂有限公司,影谱汉语电影内容AI辅助创作平台(网站),应用于文本生成场景，根据用户输入的文本，生成电影剧本创作相关的文本。,2025-9,generative ai,境内深度合成服务算法备案清单（2025年9月）.docx
知桥多模态内容深度生成智能算法,服务提供者,深圳市知桥科技有限公司,AI小海龙(APP),应用于多模态生成场景，根据用户输入的文本、图像，生成相应的文本、图像。,2025-9,generative ai,境内深度合成服务算法备案清单（2025年9月）.docx
勤秘智能文本生成算法,服务提供者,贵州勤秘人工智能科技有限公司,勤秘AI(网站)、勤秘AI(APP)、勤秘AI(小程序),应用于文本生成场景，根据用户输入的文本，生成相应的文本内容。,2025-9,generative ai,境内深度合成服务算法备案清单（2025年9月）.docx
模态学小助智能AI助教算法,服务提供者,武汉模态跃迁科技有限公司,模态学小助(网站),应用于对话生成场景，根据用户输入的文本，生成教学相关的文本。,2025-9,generative ai,境内深度合成服务算法备案清单（2025年9月）.docx
甘之草轩岐问对生成合成算法,服务提供者,杭州甘之草科技有限公司,轩岐问对(网站),应用于对话生成场景，根据用户输入的文本，生成中医药相关的文本。,2025-9,generative ai,境内深度合成服务算法备案清单（2025年9月）.docx
深演智能大模型可控生成算法,服务提供者,北京深演智能科技股份有限公司,深演智能网站(网站),应用于对话生成场景，根据用户输入的文本内容，生成汽车相关领域的文本回复。,2025-9,generative ai,境内深度合成服务算法备案清单（2025年9月）.docx
超参数科技智能助手对话生成合成算法,服务技术支持者,超参数科技（深圳）有限公司,--,应用于多模态内容生成场景，服务于企业端客户，根据用户输入的文本、音频内容，生成相应的文本、音频、视频回复。,2025-9,generative ai,境内深度合成服务算法备案清单（2025年9月）.docx
小原子英语作文智能分析算法,服务提供者,上海埃通链信息科技有限公司,小原子英语作文(APP),应用于文本生成场景，根据用户输入英语作文的图像，生成相应的修改建议及参考文本内容。,2025-9,generative ai,境内深度合成服务算法备案清单（2025年9月）.docx
唐煦数畅智能销售客服文本生成算法,服务技术支持者,唐煦数畅（杭州）科技有限公司,--,应用于文本生成场景，服务于企业端客户，根据用户输入的文本，生成相应的文本内容。,2025-9,generative ai,境内深度合成服务算法备案清单（2025年9月）.docx
Lumi9AI陪伴文本生成算法,服务提供者,锤云科技（北京）有限公司,Lumi9AI(小程序),应用于对话生成场景，根据用户输入的文本，生成相应的文本。,2025-9,generative ai,境内深度合成服务算法备案清单（2025年9月）.docx
金炫文本创意生成算法,服务提供者,广州金炫信息科技有限公司,金炫创意金句助手(网站),应用于对话生成场景，根据用户输入的文本，生成相应的文本。,2025-9,generative ai,境内深度合成服务算法备案清单（2025年9月）.docx
智洋电语大模型算法,服务提供者,智洋创新科技股份有限公司,智洋创新大模型应用平台(网站),应用于对话生成场景，根据用户输入的文本，生成相应的文本。,2025-9,generative ai,境内深度合成服务算法备案清单（2025年9月）.docx
渊维科技私有知识检索生成算法,服务提供者,深圳市渊维科技有限公司,阡陌智标(网站),应用于多模态生成场景，根据用户输入的文本、图像，生成相应的文本、图像。,2025-9,generative ai,境内深度合成服务算法备案清单（2025年9月）.docx
孙悟空AI数字人合成算法,服务提供者,杭州悟空硅基科技有限公司,孙悟空AI平台(网站)、孙悟空AI(网站),应用于数字人生成场景，根据用户输入的文本、音频、视频，生成相应的数字人视频。,2025-9,generative ai,境内深度合成服务算法备案清单（2025年9月）.docx
百倍速AI虚拟角色生成算法,服务提供者,百倍速科技（深圳）有限公司,百倍速角色助手(小程序),应用于图像生成场景，根据用户输入的文本描述，生成相应虚拟角色形象的图像。,2025-9,generative ai,境内深度合成服务算法备案清单（2025年9月）.docx
青海移动智游文本生成算法,服务提供者,中国移动通信集团青海有限公司,智游青海(小程序),应用于对话生成场景，根据用户输入的问题文本，生成相应的文本回复。,2025-9,generative ai,境内深度合成服务算法备案清单（2025年9月）.docx
星途智科内容生成算法,服务技术支持者,北京星途智科生物技术有限公司,--,应用于文本生成场景，服务于企业端客户，根据用户输入的文本，生成相应的文本内容。,2025-9,generative ai,境内深度合成服务算法备案清单（2025年9月）.docx
智文通文本生成算法,服务提供者,广州靓模人工智能科技有限公司,智文通(APP),应用于文本生成场景，根据用户输入的问题文本，生成相应的文本回复。,2025-9,generative ai,境内深度合成服务算法备案清单（2025年9月）.docx
悦享智投股神AI生成合成算法,服务提供者,悦享智投（上海）科技有限公司,股神AI(网站),应用于对话生成场景，根据用户输入的文本，生成相应的文本回复。,2025-9,generative ai,境内深度合成服务算法备案清单（2025年9月）.docx
车轮互联多模态生成算法,服务提供者,车轮互联科技（上海）股份有限公司,车轮互联多模态(网站),应用于多模态生成场景，根据用户输入的文本、图像、视频，生成相应的文本、图像、视频。,2025-9,generative ai,境内深度合成服务算法备案清单（2025年9月）.docx
人民智媒大模型算法,服务提供者,人民网股份有限公司,写易智能创作引擎(网站)、人民智媒大模型(网站),应用于文本生成场景，根据用户输入的文本，生成符合主价值观偏好的文本内容。,2025-9,generative ai,境内深度合成服务算法备案清单（2025年9月）.docx
任度双网络大模型算法,服务提供者,语联网（武汉）信息技术有限公司,任度·素问中医大模型(网站)、云译客(网站),应用于文本生成场景，根据用户输入的文本，生成相应的文本内容。,2025-9,generative ai,境内深度合成服务算法备案清单（2025年9月）.docx
星语智能生成算法,服务技术支持者,杭州星语人工智能有限公司,--,应用于多模态内容生成场景，服务于企业端客户，根据用户输入的文本、图像、音频，生成符合用户需求的文本、图像、音频内容。,2025-9,generative ai,境内深度合成服务算法备案清单（2025年9月）.docx
元象语音合成算法,服务提供者,深圳元象信息科技有限公司,元象数字人日播平台服务(网站),应用于音频生成场景，根据用户输入的文本、音频，生成定制音色和风格的音频，主要用于数字人直播。,2025-9,generative ai,境内深度合成服务算法备案清单（2025年9月）.docx
广厦AI课题撰写合成算法,服务提供者,深圳市广厦信息技术有限公司,广厦AI课题撰写平台(网站),应用于文本生成场景，根据用户输入的文本，生成相应的文本。,2025-9,generative ai,境内深度合成服务算法备案清单（2025年9月）.docx
建广数字科技SAPGUI生成算法,服务提供者,深圳建广数字科技有限公司,SAPGUI自动化系统(网站),应用于多模态生成场景，根据用户输入的文本、图像，生成相应的文本、图像。,2025-9,generative ai,境内深度合成服务算法备案清单（2025年9月）.docx
异乡好居uhomesAI生成合成算法,服务提供者,北京异乡好居智能科技有限公司,异乡好居(小程序)、异乡好居网页端(网站)、异乡(APP)、异乡(小程序)、异乡好居(APP),应用于对话生成场景，根据用户输入的文本，生成相应的文本，主要面向于咨询房源领域。,2025-9,generative ai,境内深度合成服务算法备案清单（2025年9月）.docx
数港个性化健康指导方案生成算法,服务技术支持者,河北数港科技有限公司,--,应用于文本生成场景，服务于企业端客户，根据用户输入的文本数据，生成相应的健康管理方案文本回复。,2025-9,generative ai,境内深度合成服务算法备案清单（2025年9月）.docx
千克拉危化品与危险源安全管控大模型算法,服务技术支持者,宁波千克拉信息技术有限公司,--,应用于文本生成场景，服务于企业端客户，根据用户输入的文本、图像、视频数据，生成相应的文本回复。,2025-9,generative ai,境内深度合成服务算法备案清单（2025年9月）.docx
信捷建筑文本生成算法,服务提供者,广州信捷建筑技术有限公司,AI智慧劳务小助手(网站),应用于对话生成场景，根据用户输入的问题文本，生成相应的文本回复。,2025-9,generative ai,境内深度合成服务算法备案清单（2025年9月）.docx
宽仁慢病通医学循证检索增强生成算法,服务提供者,重庆医科大学附属第二医院,宽仁慢病通(APP),应用于对话生成场景，根据用户输入的文本、图像、音频，生成相应的文本，主要面向于医疗领域。,2025-9,generative ai,境内深度合成服务算法备案清单（2025年9月）.docx
觅讯多模态生成算法,服务提供者,杭州赋睿科技有限公司,觅讯(APP)、觅讯(小程序)、觅讯WEB(网站),应用于多模态生成场景，根据用户输入的文本、图像、音频，生成相应的文本、图像、音频。,2025-9,generative ai,境内深度合成服务算法备案清单（2025年9月）.docx
Dazzleview文本生成算法,服务提供者,广州未界智能科技有限公司,Dazzleview智能体平台(APP),应用于对话生成场景，根据用户输入的文本，生成相应的文本。,2025-9,generative ai,境内深度合成服务算法备案清单（2025年9月）.docx
智塔健康信息生成式问答算法,服务提供者,上海智塔信息科技有限公司,智塔AI(小程序),应用于对话生成场景，根据用户输入的文本、图像，生成相应的文本。,2025-9,generative ai,境内深度合成服务算法备案清单（2025年9月）.docx
小微集智内容生成算法,服务提供者,北京微瑞集智科技有限公司,微实智慧平台网站(网站),应用于多模态生成场景，根据用户输入的文本、图像、音频、视频，生成相应的文本、图像、音频、视频。,2025-9,generative ai,境内深度合成服务算法备案清单（2025年9月）.docx
云蝠智能大模型驱动的智能语音机器人算法,服务提供者,南京星蝠科技有限公司,云蝠智能AI客户联络中心(网站),应用于语音对话场景，根据用户输入的音频，生成相应的音频。,2025-9,generative ai,境内深度合成服务算法备案清单（2025年9月）.docx
海王星辰多模态健康问答算法,服务提供者,深圳市海王星辰科技有限公司,海王健康守护(公众账号),应用于对话生成场景，根据用户输入的文本、图像，生成健康服务相关的文本。,2025-9,generative ai,境内深度合成服务算法备案清单（2025年9月）.docx
轻舟心理支持多模态生成算法,服务提供者,云语智能科技（杭州）有限公司,轻舟Moor(APP),应用于多模态生成场景，根据用户输入的文本，生成情绪管理相关的文本、图像、视频。,2025-9,generative ai,境内深度合成服务算法备案清单（2025年9月）.docx
中经鑫建筑行业意图识别算法,服务提供者,中经鑫（北京）建筑科技有限公司,建企悦(小程序),应用于对话生成场景，根据用户输入的文本、音频，生成建筑行业相关的文本。,2025-9,generative ai,境内深度合成服务算法备案清单（2025年9月）.docx
鸿普森智能对话生成算法,服务技术支持者,深圳市鸿普森科技股份有限公司,--,应用于文本生成场景，服务于企业端客户，根据用户输入的文本，生成相应的文本内容。,2025-9,generative ai,境内深度合成服务算法备案清单（2025年9月）.docx
泠泺奇梦多模态深度合成算法,服务提供者,深圳泠泺智创科技有限公司,泠泺智创AI(网站),应用于多模态生成场景，根据用户输入的文本、图像，生成相应的文本、图像、音频、视频。,2025-9,generative ai,境内深度合成服务算法备案清单（2025年9月）.docx
开源探知OpenResearch多模态大模型算法,服务提供者,东莞市麻涌开源探知智能科技工作室（个体工商户）,Open Research(网站),应用于多模态生成场景，根据用户输入的文本、图像、视频，生成相应的文本、图像、视频内容。,2025-9,generative ai,境内深度合成服务算法备案清单（2025年9月）.docx
崇胜AI多模态合成算法,服务提供者,桂林崇胜网络科技有限公司,崇胜AI助手(APP)、崇胜AI助手(小程序)、崇胜AI(网站),应用于多模态生成场景，根据用户输入的文本，生成相应的文本、图像、视频。,2025-9,generative ai,境内深度合成服务算法备案清单（2025年9月）.docx
原象AI智能对话生成算法,服务提供者,广州市原象电子商务有限公司,原象AI(网站),应用于对话生成场景，根据用户输入的文本，生成相应的文本。,2025-9,generative ai,境内深度合成服务算法备案清单（2025年9月）.docx
祝余数据管家AI生成算法,服务提供者,麦瑞哲（杭州）低碳科技有限公司,祝余(APP),应用于对话生成场景，根据用户输入的文本、图像、音频、视频，生成相应的文本、音频。,2025-9,generative ai,境内深度合成服务算法备案清单（2025年9月）.docx
诉答律AI问答算法,服务提供者,上海源周律信息科技有限公司,诉答律(网站)、速答律(APP),应用于对话生成场景，根据用户输入的文本，生成相应的文本。,2025-9,generative ai,境内深度合成服务算法备案清单（2025年9月）.docx
AIBox智能交互算法,服务提供者,福州倍司网络科技有限公司,AI Box(APP),应用于文本生成场景，根据用户输入的文本，生成相应的文本内容。,2025-9,generative ai,境内深度合成服务算法备案清单（2025年9月）.docx
百目魔君宠物医疗多模态文本生成算法,服务技术支持者,深圳知见医疗科技有限公司,--,应用于文本生成场景，服务于企业端客户，根据用户输入的文本、图像，生成宠物医疗相关的文本。,2025-9,generative ai,境内深度合成服务算法备案清单（2025年9月）.docx
恒星AI多模态内容生成算法,服务提供者,爱伟达（南京）智能科技有限公司,恒星AI(APP),应用于多模态生成场景，根据用户输入的文本、图像、视频，生成相应的文本、图像、视频。,2025-9,generative ai,境内深度合成服务算法备案清单（2025年9月）.docx
鸿普森数字人口型驱动算法,服务技术支持者,深圳市鸿普森科技股份有限公司,--,应用于数字人视频生成场景，服务于企业端客户，根据用户输入的音频内容，生成相应数字人视频。,2025-9,generative ai,境内深度合成服务算法备案清单（2025年9月）.docx
鸿普森语音识别算法,服务技术支持者,深圳市鸿普森科技股份有限公司,--,应用于音频识别场景，服务于企业端客户，根据用户输入的语音，转换为相应文本内容。,2025-9,generative ai,境内深度合成服务算法备案清单（2025年9月）.docx
鸿普森声音克隆算法,服务技术支持者,深圳市鸿普森科技股份有限公司,--,应用于音频生成场景，服务于企业端客户，根据用户输入的文本和音频，生成个性化语音。,2025-9,generative ai,境内深度合成服务算法备案清单（2025年9月）.docx
一渔科技多语言自动翻译生成算法,服务技术支持者,一渔（杭州）数字科技有限公司,--,应用于文本生成场景，服务于企业端客户，根据用户输入的文本内容，生成相应翻译结果文本。,2025-9,generative ai,境内深度合成服务算法备案清单（2025年9月）.docx
塔塔启示录文字生成算法,服务提供者,海口龙华区柒时月信息咨询工作室,塔塔启示录(小程序),应用于对话生成场景，根据用户输入的文本，生成相应的文本内容。,2025-9,generative ai,境内深度合成服务算法备案清单（2025年9月）.docx
山东大学齐鲁医院医知立方多模态教学大模型算法,服务提供者,山东大学齐鲁医院,医知立方MediQube(小程序)、医知立方MediQube(网站),应用于对话生成场景，根据用户输入的文本、图像，生成医学知识、影像分析相关的文本。,2025-9,generative ai,境内深度合成服务算法备案清单（2025年9月）.docx
创翊观人才服务政策问答算法,服务提供者,苏州创翊观大数据科技有限公司,“圳好懂”政策机器人(小程序),应用于对话生成场景，根据用户输入的文本，生成政策咨询相关的文本。,2025-9,generative ai,境内深度合成服务算法备案清单（2025年9月）.docx
天聚地合Jenius内容生成算法,服务提供者,天聚地合（苏州）科技股份有限公司,天聚地合Jenius智能体(网站),应用于多模态生成场景，根据用户输入的文本，生成相应的文本、图像、视频。,2025-9,generative ai,境内深度合成服务算法备案清单（2025年9月）.docx
爱莫细粒度文本生成算法,服务技术支持者,深圳爱莫科技有限公司,--,应用于文本生成场景，服务于企业端客户，根据用户输入的文本、图像，结合企业内部知识库，生成相应的文本内容。,2025-9,generative ai,境内深度合成服务算法备案清单（2025年9月）.docx
一翎科技发型替换深度合成算法,服务提供者,北京一翎科技有限公司,AI奇妙发型 在线换发型(小程序),应用于图像生成场景，根据用户输入的人脸正面图像，生成改变发型和发色后的图像。,2025-9,generative ai,境内深度合成服务算法备案清单（2025年9月）.docx
星汉未来信息合成算法,服务提供者,北京星汉未来网络科技有限公司,星汉未来实时互动数字人(网站),应用于多模态生成场景，根据用户输入的文本、图像、音频，生成相应的文本、图像、音频内容。,2025-9,generative ai,境内深度合成服务算法备案清单（2025年9月）.docx
高斯通智能文本生成算法,服务技术支持者,深圳市高斯通通信股份有限公司,--,应用于文本生成场景，服务于企业端客户，根据用户输入的文本，生成相应的文本内容。,2025-9,generative ai,境内深度合成服务算法备案清单（2025年9月）.docx
超集智汇通内容生成算法,服务技术支持者,苏州超集信息科技有限公司,--,应用于多模态生成场景，服务于企业端客户，根据用户输入的文本，生成相应的文本、图像、音频、视频。,2025-9,generative ai,境内深度合成服务算法备案清单（2025年9月）.docx
硅宇星穹数字人生成算法,服务提供者,杭州硅宇智能科技有限公司,硅宇星穹网站(网站),应用于数字人生成场景，根据用户输入的文本，生成相应的数字人视频。,2025-9,generative ai,境内深度合成服务算法备案清单（2025年9月）.docx
秋果绿洲大模型算法,服务提供者,杭州秋果计划科技有限公司,秋果数字空间(APP)、秋果数字空间(小程序),应用于对话生成场景，根据用户输入的文本、音频，生成相应的文本、音频。,2025-9,generative ai,境内深度合成服务算法备案清单（2025年9月）.docx
城碳智能生成多模态算法,服务提供者,城碳（上海）数字科技有限公司,城碳科技(网站),应用于多模态生成场景，根据用户输入的文本、图像，生成相应的文本、图像。,2025-9,generative ai,境内深度合成服务算法备案清单（2025年9月）.docx
华福证券智能大模型算法,服务提供者,华福证券有限责任公司,华福小福牛(APP),应用于对话生成场景，根据用户输入的文本，生成相应的文本。,2025-9,generative ai,境内深度合成服务算法备案清单（2025年9月）.docx
六米儿童行为识别视频分析文本生成算法,服务提供者,广州六米网络科技有限公司,儿童行为识别视频分析文本生成算法平台(网站),应用于文本生成场景，根据用户上传的视频，生成关于儿童行为的文本描述。,2025-9,generative ai,境内深度合成服务算法备案清单（2025年9月）.docx
百通医学考试问答深度合成算法,服务提供者,北京百通世纪科技有限公司,百通医学(小程序),应用于对话生成场景，根据用户输入的问题文本，生成相应的文本回复。,2025-9,generative ai,境内深度合成服务算法备案清单（2025年9月）.docx
原象信息智能广告设计生成算法,服务提供者,广州市原象信息科技有限公司,原象AI(网站),应用于对话生成场景，根据用户输入的问题文本，生成相应的文本回复。,2025-9,generative ai,境内深度合成服务算法备案清单（2025年9月）.docx
沃橙信息多模态生成算法,服务提供者,上海沃橙信息技术有限公司,九州器灵(公众账号)、九州器灵(网站)、九州器灵(APP)、九州器灵(小程序),应用于多模态生成场景，根据用户输入的文本、图像数据，生成符合用户需求的文本、图像、音频、视频内容。,2025-9,generative ai,境内深度合成服务算法备案清单（2025年9月）.docx
天翼数字生活豆包融合大模型算法,服务提供者,天翼数字生活科技有限公司,天翼AI中屏(其他)、桌面机器人(其他)、小翼管家(APP)、天翼高清 （ 语音遥控器 ）(其他)、189邮箱(网站)、天翼数字乡村(网站)、翼家智话(APP)、天翼云盘(APP)、天翼云眼(网站)、天翼智慧社区(网站),应用于文本音频生成场景，根据用户直接输入的文本或语音转换的文本，生成相应的文本及语音内容。,2025-9,generative ai,境内深度合成服务算法备案清单（2025年9月）.docx
小哆睿问政务大模型算法,服务提供者,小哆智能科技（北京）有限公司,小哆睿问(网站),应用于对话生成场景，根据用户输入的文本，生成相应的文本。,2025-9,generative ai,境内深度合成服务算法备案清单（2025年9月）.docx
灵人多模态神经辐射场数字人克隆算法,服务提供者,深圳市灵人国际人工智能科技有限公司,灵人AI(其他)、灵人AI(APP)、灵人数字人(小程序)、灵人AI(小程序)、灵人AI(网站),应用于数字人生成场景，根据用户输入的图像、音频、视频，生成相应的数字人视频。,2025-9,generative ai,境内深度合成服务算法备案清单（2025年9月）.docx
鸿鹄智能文稿生成算法,服务提供者,安徽鸿鹄矩阵网络科技有限公司,AI写作宝(APP),应用于文本生成场景，根据用户输入的文本，生成相应的文本。,2025-9,generative ai,境内深度合成服务算法备案清单（2025年9月）.docx
奥云大模型算法,服务提供者,内蒙古奥云信息技术服务有限公司,奥云大模型(网站)、奥云大模型(小程序),应用于对话生成场景，根据用户输入的文本，生成蒙古语相关的文本。,2025-9,generative ai,境内深度合成服务算法备案清单（2025年9月）.docx
知训云文档总结与考题文本生成算法,服务提供者,武汉宇寒科技有限公司,知训云企业知识培训考核平台(网站),应用于文本生成场景，根据用户输入的文本，生成考题相关的文本。,2025-9,generative ai,境内深度合成服务算法备案清单（2025年9月）.docx
凯东源动态路径生成算法,服务提供者,深圳市凯东源现代物流股份有限公司,k56供应链管理云平台(网站),应用于路径生成场景，根据用户输入的文本，生成物流配送领域相关的路径文本。,2025-9,generative ai,境内深度合成服务算法备案清单（2025年9月）.docx
画心小猫生成文本算法,服务提供者,快来冒险（上海）科技有限公司,画心小猫(小程序),应用于文本生成场景，根据用户输入的文本，生成心理情绪引导相关的文本内容。,2025-9,generative ai,境内深度合成服务算法备案清单（2025年9月）.docx
国金证券AI意图识别大模型算法,服务提供者,国金证券股份有限公司,国金证券AI智能体(网站),应用于对话生成场景，根据用户输入的文本，生成金融证券行业相关的文本内容。,2025-9,generative ai,境内深度合成服务算法备案清单（2025年9月）.docx
志成文本生成算法,服务提供者,广州志成电子有限公司,智语云枢(网站),应用于对话生成场景，根据用户输入的文本，生成音响工程领域相关的文本内容。,2025-9,generative ai,境内深度合成服务算法备案清单（2025年9月）.docx
鹰眼巡检音频视觉生成算法,服务提供者,深圳市万物云科技有限公司,鹰眼巡检-视觉分析平台(网站),应用于目标检测和音频识别场景，根据摄像头采集视频中的异常目标物和收集用户输入的音频，生成相应的图像、音频。,2025-9,generative ai,境内深度合成服务算法备案清单（2025年9月）.docx
慧度至明至慧智能助手生成合成类算法,服务提供者,上海慧度至明信息科技有限公司,慧度至明至慧智能助手(小程序),应用于对话生成场景，根据用户输入的问题文本，生成相应的文本回复。,2025-9,generative ai,境内深度合成服务算法备案清单（2025年9月）.docx
伏羲智能数据洞察生成合成算法,服务提供者,广州伏羲智能科技有限公司,伏羲智能数据洞察平台(网站),应用于对话生成场景，根据用户输入的问题文本，生成相应的文本回复。,2025-9,generative ai,境内深度合成服务算法备案清单（2025年9月）.docx
猛犸AI数字人训练及合成算法,服务提供者,深圳市猛犸世纪科技有限公司,猛犸数字人(网站),应用于数字人生成场景，根据用户输入的文本、音频、视频数据，生成相应的数字人视频内容。,2025-9,generative ai,境内深度合成服务算法备案清单（2025年9月）.docx
泰山医疗健康文本生成模型算法,服务技术支持者,福州市福能健康科技有限公司,--,应用于文本生成场景，服务于企业端客户，根据用户输入的文本，生成相应的文本。,2025-9,generative ai,境内深度合成服务算法备案清单（2025年9月）.docx
微拍堂多模态智能文玩鉴定算法,服务提供者,杭州微拍堂文化创意有限公司,微拍堂(APP),应用于文本生成场景，根据用户输入的图像、文本，生成相应的文本回复，主要面向于文玩鉴定领域。,2025-9,generative ai,境内深度合成服务算法备案清单（2025年9月）.docx
鼐思AI文生文算法,服务提供者,广东三鼎科技集团有限公司,AI人才成长(APP)、AI人才成长(网站)、AI销售管理(APP)、鼎鼐(APP)、鼐思企管(APP)、茄子大数据(网站)、AI销售管理(网站)、鼐思人力资源(APP)、鼐思人力资源(网站)、鼎鼐(网站)、AI云商城(网站)、鼐思企管(网站)、茄子大数据(APP)、AI后勤管理(网站)、AI后勤管理(APP)、AI总裁(APP),应用于对话生成场景，根据用户输入的文本，生成相应的文本。,2025-9,generative ai,境内深度合成服务算法备案清单（2025年9月）.docx
皇石坊5A未来多模态生成算法,服务提供者,长春市醉石珠宝有限公司,皇石坊5A未来(APP),应用于多模态生成场景，根据用户输入的文本、图像，生成相应的文本、图像、视频。,2025-9,generative ai,境内深度合成服务算法备案清单（2025年9月）.docx
穗问农业大模型算法,服务提供者,中电科国海信通科技（海南）有限公司,穗问(小程序),应用于对话生成场景，根据用户输入的文本、图片，生成相应的文本，主要面向于农业领域。,2025-9,generative ai,境内深度合成服务算法备案清单（2025年9月）.docx
美趣柯斯MATRIX健康风险筛查应用算法-1,服务提供者,美趣柯斯人工智能科技(上海）有限公司,美趣柯斯AI(小程序),应用于文本生成场景，根据用户输入的基本信息、舌诊和面诊图像，生成相应的健康状态报告。,2025-9,generative ai,境内深度合成服务算法备案清单（2025年9月）.docx
浪潮智能会议纪要大模型生成算法,服务提供者,山东浪潮科学研究院有限公司,讯昔智能助理(APP),应用于文本生成场景，根据用户输入的文本，生成相应的文本内容。,2025-9,generative ai,境内深度合成服务算法备案清单（2025年9月）.docx
浪潮智能语音转录大模型生成算法,服务提供者,山东浪潮科学研究院有限公司,讯昔智能助理(APP),应用于语音识别场景，根据用户输入的音频，生成对应的文本内容。,2025-9,generative ai,境内深度合成服务算法备案清单（2025年9月）.docx
美拍达人AI换脸算法,服务提供者,北京智运知行科技有限公司,美拍达人(APP)、美拍达人(小程序),应用于图像视频生成场景，将用户上传的图像或视频与特定模板进行面部融合，生成相应的个人写真图像或视频。,2025-9,generative ai,境内深度合成服务算法备案清单（2025年9月）.docx
蛟云户荐生成合成类算法,服务提供者,蛟云户荐(厦门)科技有限公司,Loong(网站),应用于对话生成场景，根据用户输入文本内容，生成贴合需求的文本回复，为用户提供高效智能的对话服务。,2025-9,generative ai,境内深度合成服务算法备案清单（2025年9月）.docx
深灼文生图算法,服务提供者,广州深灼科技有限公司,创意画板(网站),应用于图像生成场景，根据用户输入的文本，生成相应的图像内容。,2025-9,generative ai,境内深度合成服务算法备案清单（2025年9月）.docx
我的家校AI文本生成算法,服务提供者,湖南省我的家校教育科技有限公司,我的家校 AI(网站),应用于文本生成场景，根据用户输入的文本，生成家校沟通相关的文本。,2025-9,generative ai,境内深度合成服务算法备案清单（2025年9月）.docx
开悦睡眠健康管家智能体内容生成算法,服务提供者,广州开悦睡眠智能科技有限公司,睡悦(APP),应用于文本生成场景，根据用户输入的文本，生成睡眠健康相关的文本内容。,2025-9,generative ai,境内深度合成服务算法备案清单（2025年9月）.docx
永恒时刻人脸融合算法,服务提供者,广州永恒时刻摄影有限公司,时刻融颜AI(网站),应用于图像生成场景，根据用户输入的人脸图像结合选择的预设模板，生成人脸图像与预设模板融合的图像。,2025-9,generative ai,境内深度合成服务算法备案清单（2025年9月）.docx
鲸迅数字人生成算法,服务提供者,安徽鲸迅信息科技有限公司,鲸迅科技（小程序）、鲸迅科技(APP),应用于数字人生成场景，根据用户输入的文本、人声音频、人脸视频，生成相应的数字人视频。,2025-9,generative ai,境内深度合成服务算法备案清单（2025年9月）.docx
梭方客户管理智能体内容生成算法,服务提供者,广州梭方智能科技有限公司,梭方AI获客智能体网站(网站),应用于对话生成场景，根据用户输入的文本，生成企业客户管理相关的文本。,2025-9,generative ai,境内深度合成服务算法备案清单（2025年9月）.docx
超马哥图片生成算法,服务提供者,广州超马哥科技有限公司,马哥智绘(小程序),应用于图像生成场景，根据用户输入的文本、图像，生成符合需求的新图像。,2025-9,generative ai,境内深度合成服务算法备案清单（2025年9月）.docx
普益智能理财助手算法,服务提供者,普益智慧云科技（成都）有限公司,普益理财助手(网站),应用于对话生成场景，根据用户输入的文本，生成金融、理财相关的文本内容。,2025-9,generative ai,境内深度合成服务算法备案清单（2025年9月）.docx
润宇图生文算法,服务提供者,广东润宇信息科技有限公司,水下结构智能检测机器人(网站)、水下结构智能检测机器人(其他),应用于文本生成场景，根据水下结构智能检测机器人拍摄的图片，生成水下检测与海洋工程技术领域相关的检测报告。,2025-9,generative ai,境内深度合成服务算法备案清单（2025年9月）.docx
吉利星睿AI精灵对话算法-1,服务提供者,吉利汽车研究院（宁波）有限公司,Ai银河精灵(公众账号)、Ai银河精灵(APP),应用于对话生成场景，根据用户输入的文本、音频，生成相应的文本内容。,2025-9,generative ai,境内深度合成服务算法备案清单（2025年9月）.docx
书链鲸咕噜大模型算法,服务提供者,成都鲸咕噜科技有限公司,鲸咕噜(APP)、鲸咕噜(小程序)、书链AI学伴(网站)、书链(APP),应用于文本音频生成场景，根据用户输入的文本、图像、音频，生成相应的文本、音频内容。,2025-9,generative ai,境内深度合成服务算法备案清单（2025年9月）.docx
小盒老师作文AI批改生成合成算法,服务提供者,北京知识印象科技有限公司,小盒老师(小程序),应用于文本生成场景，根据用户提交的作文内容图片，生成作文批改后的文本内容。,2025-9,generative ai,境内深度合成服务算法备案清单（2025年9月）.docx
鸿泰税务法律文本生成算法,服务提供者,成都鸿泰科技有限公司,法企查(APP)、法企查(小程序),应用于对话生成场景，根据用户输入的文本、音频，生成相应的文本，主要面向于税务法律领域。,2025-9,generative ai,境内深度合成服务算法备案清单（2025年9月）.docx
吉利星睿生成合成算法,服务提供者,吉利汽车研究院（宁波）有限公司,wow壁纸(APP)、AI律动(APP)、AI儿童乐园(APP),应用于图像生成场景，根据用户输入的文本、图像，生成相应的图像。,2025-9,generative ai,境内深度合成服务算法备案清单（2025年9月）.docx
恒创云厂房在线文本合成大模型算法,服务提供者,无锡恒创云科技发展有限公司,厂房在线(APP),应用于对话生成场景，根据用户输入的文本，生成相应的文本。,2025-9,generative ai,境内深度合成服务算法备案清单（2025年9月）.docx
全时兄弟图像生成算法,服务提供者,全时兄弟科技服务（上海）有限公司,图动AI(APP),应用于图像生成场景，根据用户输入的文本、图像，生成相应的漫画图像。,2025-9,generative ai,境内深度合成服务算法备案清单（2025年9月）.docx
今点智慧大脑大模型算法,服务提供者,上海今点软件有限公司,政务服务AI数字人(其他)、银行网点AI数字人(其他),应用于数字人生成场景，根据用户输入的文本、图像、音频、视频，生成相应的文本、图像、音频、视频。,2025-9,generative ai,境内深度合成服务算法备案清单（2025年9月）.docx
森炎图生图算法,服务提供者,森炎（厦门）智能科技有限公司,森炎AI(网站),应用于图像生成场景，根据用户输入的图像，生成相应的图像。,2025-9,generative ai,境内深度合成服务算法备案清单（2025年9月）.docx
森炎文生图算法,服务提供者,森炎（厦门）智能科技有限公司,森炎AI(网站),应用于图像生成场景，根据用户输入的文本，生成相应的图像。,2025-9,generative ai,境内深度合成服务算法备案清单（2025年9月）.docx
索尼智能客服生成合成算法,服务提供者,索尼（中国）有限公司,索尼中国在线商城(小程序)、索尼中国在线商城(APP)、索尼中国在线商城(网站),应用于对话生成场景，根据用户输入的文本，生成相应的文本内容。,2025-9,generative ai,境内深度合成服务算法备案清单（2025年9月）.docx
建广数字科技智能问数生成算法,服务提供者,深圳建广数字科技有限公司,智问SQL自动化平台(网站),应用于文本生成场景，根据用户输入的文本，生成符合业务需求的SQL语句。,2025-9,generative ai,境内深度合成服务算法备案清单（2025年9月）.docx
星罗棋布AI视觉大模型合成算法,服务提供者,福州星罗棋布文化传播有限公司,一键ai绘画生成神器(小程序),应用于图像生成场景，根据用户输入的文本，图像，生成个性化的图像或人脸融合图像。,2025-9,generative ai,境内深度合成服务算法备案清单（2025年9月）.docx
澎云图生文算法,服务提供者,广州澎云科技有限公司,看图说(网站),应用于文本生成场景，根据用户输入的图像内容，生成与图片内容相关的文字描述。,2025-9,generative ai,境内深度合成服务算法备案清单（2025年9月）.docx
埃梵视频人脸融合算法,服务提供者,埃梵科技（琼海）有限责任公司,人人代言(小程序),应用于视频生成场景，根据用户输入的图像、音频、视频内容，生成同时具备用户与特定形象外貌特征的视频。,2025-9,generative ai,境内深度合成服务算法备案清单（2025年9月）.docx
WBAI智能助手信息生成算法,服务提供者,广州威而比科技有限公司,WBAI智能助手H5端(网站)、WBAI智能助手(网站),应用于对话生成场景，根据用户输入文本内容，生成相应的文本回复。,2025-9,generative ai,境内深度合成服务算法备案清单（2025年9月）.docx
轴承产业大脑AI智能深度合成算法,服务提供者,山东东元轴联科技有限公司,山东省轴承产业大脑(网站),应用于对话生成场景，根据用户输入的文本，生成相应的文本。,2025-9,generative ai,境内深度合成服务算法备案清单（2025年9月）.docx
亿尔奇AI农害识别生成算法,服务技术支持者,苏州亿尔奇信息科技有限公司,--,应用于文本图像生成场景，服务于企业端客户，根据用户输入的文本、图像，生成病虫害诊断结果与防治建议的文本、图像。,2025-9,generative ai,境内深度合成服务算法备案清单（2025年9月）.docx
智海引擎文本生成算法,服务提供者,广州智海引擎科技有限公司,妙言智作(APP),应用于文本生成场景，根据用户输入的文本，生成相应的文本内容。,2025-9,generative ai,境内深度合成服务算法备案清单（2025年9月）.docx
OptimaTalk深锶数字人同步说话生成算法,服务技术支持者,深锶科技（北京）有限公司,--,应用于数字人内容生成场景，服务于企业端客户，根据用户输入的音频、视频，生成音画同步的数字人视频。,2025-9,generative ai,境内深度合成服务算法备案清单（2025年9月）.docx
海岱舆情大模型算法,服务提供者,山东大众信息产业有限公司,海岱舆情大模型 V1.0(网站),应用于文本生成场景，根据用户输入的文本，生成舆情分析相关的文本。,2025-9,generative ai,境内深度合成服务算法备案清单（2025年9月）.docx
蓝翼智能数据分析深度合成算法,服务提供者,苏州蓝翼智能数字科技有限公司,蓝翼智能(网站)、蓝翼智能小助手软件(APP),应用于对话生成场景，根据用户输入的文本，生成数据分析相关的文本内容。,2025-9,generative ai,境内深度合成服务算法备案清单（2025年9月）.docx
销售易智能NeoAgent生成算法,服务提供者,北京仁科互动网络技术有限公司,销售易CRM(网站),应用于对话生成场景，根据用户输入的文本，生成企业销售、营销、数据分析相关的文本。,2025-9,generative ai,境内深度合成服务算法备案清单（2025年9月）.docx
Rodin三维资产生成算法-1,服务技术支持者,影眸科技（上海）有限公司,--,应用于3D模型生成场景，服务于企业端客户，根据用户输入的文本、图像，生成相应的3D模型文件。,2025-9,generative ai,境内深度合成服务算法备案清单（2025年9月）.docx
深小言视频生成算法,服务提供者,广州深小言科技有限公司,言影AI(APP),应用于视频生成场景，根据用户输入的文本，生成符合用户需求的视频内容。,2025-9,generative ai,境内深度合成服务算法备案清单（2025年9月）.docx
首旅慧科盘道AI视频生成合成算法,服务技术支持者,北京首旅慧联科技有限责任公司,--,应用于视频生成场景，服务于企业端客户，根据用户输入的文本、图像，生成符合用户需求的视频内容。,2025-9,generative ai,境内深度合成服务算法备案清单（2025年9月）.docx
灵生生成合成算法,服务提供者,北京灵生科技有限公司,nova(网站),应用于音频生成场景，根据用户输入的音频数据，生成符合用户预期的音频内容。,2025-9,generative ai,境内深度合成服务算法备案清单（2025年9月）.docx
迥灵reranker大模型生成算法,服务技术支持者,深圳力维智联技术有限公司,--,应用于音频生成场景，服务于企业端客户，根据用户输入的音频数据，生成符合用户预期的音频内容。,2025-9,generative ai,境内深度合成服务算法备案清单（2025年9月）.docx
迥灵embedding大模型生成算法,服务技术支持者,深圳力维智联技术有限公司,--,应用于文本生成场景，服务于企业端客户，根据用户输入的问题文本，生成符合用户需求的文档文本内容。,2025-9,generative ai,境内深度合成服务算法备案清单（2025年9月）.docx
迥灵数据分析大模型生成算法,服务技术支持者,深圳力维智联技术有限公司,--,应用于文本生成场景，服务于企业端客户，根据用户输入结构化数据文本，生成符合用户需求的数据分析流程等文本内容。,2025-9,generative ai,境内深度合成服务算法备案清单（2025年9月）.docx
迥灵实体百科大模型生成算法,服务技术支持者,深圳力维智联技术有限公司,--,应用于文本生成场景，服务于企业端客户，根据用户输入文本，生成符合用户需求的百科词条文本内容。,2025-9,generative ai,境内深度合成服务算法备案清单（2025年9月）.docx
甲板语音对话算法,服务技术支持者,北京甲板智慧科技有限公司,--,应用于对话生成场景，服务于企业端客户，根据用户输入的文本、音频，生成相应的文本、音频。,2025-9,generative ai,境内深度合成服务算法备案清单（2025年9月）.docx
石头科技智能客服会话算法,服务提供者,北京石头世纪科技股份有限公司,Roborock(APP),应用于对话生成场景，根据用户输入的文本，生成相应的文本、图像。,2025-9,generative ai,境内深度合成服务算法备案清单（2025年9月）.docx
城市应急安全大模型算法,服务提供者,海纳云物联科技有限公司,城市应急安全大模型产品(网站),应用于对话生成场景，根据用户输入的文本，生成相应的文本回复。,2025-9,generative ai,境内深度合成服务算法备案清单（2025年9月）.docx
大象AI文本生成算法,服务提供者,河南广播电视台,大象新闻(APP),应用于对话生成场景，根据用户输入的文本，生成相应的文本。,2025-9,generative ai,境内深度合成服务算法备案清单（2025年9月）.docx
新锐互动中台内容生成算法,服务提供者,北京新锐天成网络科技有限公司,新锐互动中台(网站),应用于文本图像生成场景，根据用户输入的文本、图像，生成营销方案设计相关的文本、图像。,2025-9,generative ai,境内深度合成服务算法备案清单（2025年9月）.docx
武汉亲选智能学习生成算法,服务提供者,武汉亲选科技有限公司,伴鱼智学(APP)、同窗学堂(APP),应用于对话生成场景，根据用户输入的文本、音频，生成育儿相关的文本、音频。,2025-9,generative ai,境内深度合成服务算法备案清单（2025年9月）.docx
乐思迈文字生成算法,服务提供者,广州乐思迈智能科技有限公司,乐思迈法信通(小程序),应用于文本生成场景，根据用户输入的文本，生成法律领域相关的文本。,2025-9,generative ai,境内深度合成服务算法备案清单（2025年9月）.docx
驿路微行ETC内容生成算法,服务提供者,安徽驿路微行科技有限公司,E助手会员(小程序)、ETC助手(小程序),应用于对话生成场景，根据用户输入的文本、音频，生成相应的文本、音频。,2025-9,generative ai,境内深度合成服务算法备案清单（2025年9月）.docx
北京数惠文本生成算法,服务提供者,北京数惠科技有限公司,数惠助手(小程序),应用于对话生成场景，根据用户输入的文本、音频，生成优惠商品相关的文本信息。,2025-9,generative ai,境内深度合成服务算法备案清单（2025年9月）.docx
清研多模态生成大模型算法,服务提供者,清研智学（北京）科技有限公司,聆距离(APP),应用于对话生成场景，根据用户输入的文本，生成相应的文本、图像。,2025-9,generative ai,境内深度合成服务算法备案清单（2025年9月）.docx
高尔夫文本生成算法,服务提供者,陕西布林科信息科技有限公司,高尔夫宝(APP),应用于对话生成场景，根据用户输入的文本，生成高尔夫运动相关的文本内容。,2025-9,generative ai,境内深度合成服务算法备案清单（2025年9月）.docx
久瓴科技健康管理内容生成算法,服务技术支持者,久瓴（上海）智能科技有限公司,--,应用于文本音频生成场景，服务于企业端客户，根据用户输入的文本、图像、音频，生成健康关联相关的文本、音频。,2025-9,generative ai,境内深度合成服务算法备案清单（2025年9月）.docx
海云天数学填空题智能识别评分生成式算法,服务技术支持者,深圳市海云天科技股份有限公司,--,应用于文本生成场景，服务于企业端客户，根据用户输入的数学考题图像，生成评分相关的文本。,2025-9,generative ai,境内深度合成服务算法备案清单（2025年9月）.docx
高斯智创AI数字人面试生成算法,服务提供者,广州市高斯智创信息技术有限公司,高斯智创AI面试平台(网站),应用于数字人生成场景，根据用户输入的文本，音频，生成与用户面试交流的数字人。,2025-9,generative ai,境内深度合成服务算法备案清单（2025年9月）.docx
数速植绿图文生成算法,服务提供者,广州山水比德设计股份有限公司,数速植绿(网站),应用于文本图像生成场景，根据用户输入的文本、图像，生成绿化规划、园林景观设计相关的文本、图像。,2025-9,generative ai,境内深度合成服务算法备案清单（2025年9月）.docx
智媒云图WonderTatooine语音深度合成算法-1,服务技术支持者,广东智媒云图科技股份有限公司,--,应用于音频生成场景，服务于企业端客户，根据用户输入的文本，生成相应的音频内容。,2025-9,generative ai,境内深度合成服务算法备案清单（2025年9月）.docx
运优科技AI视觉生成合成算法,服务提供者,苏州运优科技有限公司,运优科技AI视觉生成(网站),应用于多模态生成场景，根据用户输入的文本、图像数据，生成符合用户需求的图像、音频、视频内容。,2025-9,generative ai,境内深度合成服务算法备案清单（2025年9月）.docx
魂域AI文生文算法,服务提供者,杭州魂域科技有限公司,魂域智能体(APP)、魂域智能体网页(网站),应用于对话生成场景，根据用户输入文本内容，生成相应的文本回复。,2025-9,generative ai,境内深度合成服务算法备案清单（2025年9月）.docx
大有医网文本内容生成算法,服务提供者,山东大有医网医疗科技有限公司,大有医网(小程序)、大有医网(APP),应用于对话生成场景，根据用户输入文本内容，生成相应的文本回复。,2025-9,generative ai,境内深度合成服务算法备案清单（2025年9月）.docx
光谱智研教育大模型算法,服务提供者,北京贝湾教育科技有限公司,光谱数字大学(网站),应用于对话生成场景，根据用户输入文本内容，生成贴合需求的文本数据回复。,2025-9,generative ai,境内深度合成服务算法备案清单（2025年9月）.docx
中科亿格智能问答算法,服务提供者,中科亿格（深圳）技术有限公司,ZKEagle(APP),应用于对话生成场景，根据用户输入的问题文本，生成相应的文本回复。,2025-9,generative ai,境内深度合成服务算法备案清单（2025年9月）.docx
海鹚医疗内容生成算法,服务技术支持者,广州海鹚网络科技有限公司,--,应用于文本生成场景，服务于企业端客户，根据用户输入的文本，生成医疗领域相关的文本回复。,2025-9,generative ai,境内深度合成服务算法备案清单（2025年9月）.docx
迎动科技文本生成算法,服务提供者,迎动科技发展（成都）有限公司,法佳帮(小程序)、法佳帮(APP),应用于文本生成场景，根据用户输入的文本，生成法律领域相关的文本内容。,2025-9,generative ai,境内深度合成服务算法备案清单（2025年9月）.docx
观象多模态生成式大模型算法,服务技术支持者,中译文娱科技（青岛）有限公司,--,应用于图像生成场景，服务于企业端客户，根据用户输入的文本描述、原始图像，生成符合文本描述的图像。,2025-9,generative ai,境内深度合成服务算法备案清单（2025年9月）.docx
哈啰光子视觉生成算法,服务提供者,上海哈啰普惠科技有限公司,光子AI商拍(网站),应用于图像视频生成场景，根据用户输入的文本、图像、视频，生成相应的图像、视频。,2025-9,generative ai,境内深度合成服务算法备案清单（2025年9月）.docx
小尘提示词调控文本生成算法,服务提供者,厦门尘信科技有限公司,小尘-智能助手(网站),应用于对话生成场景，根据用户输入的文本，生成符合业务需求的文本内容。,2025-9,generative ai,境内深度合成服务算法备案清单（2025年9月）.docx
黄小数AI文本生成合成算法,服务提供者,黄石市国投数字产业集团有限公司,黄小数(小程序),应用于文本生成场景，根据用户输入的文本，生成相应的文本内容。,2025-9,generative ai,境内深度合成服务算法备案清单（2025年9月）.docx
超群AI舌象分析生成合成类舌象特征分析生成文本算法,服务提供者,泉州市超群中医药发展有限公司,超群AI舌象分析(小程序),应用于文本生成场景，根据用户输入的舌象图像，生成饮食健康相关的文本。,2025-9,generative ai,境内深度合成服务算法备案清单（2025年9月）.docx
智海星河电商客服文本生成算法,服务提供者,智海星河（浙江）科技有限公司,智海AI(网站),应用于文本生成场景，根据用户输入的文本，生成相应的文本回复。,2025-9,generative ai,境内深度合成服务算法备案清单（2025年9月）.docx
青鸟AI智服生成合成算法,服务提供者,北京青鸟环宇消防系统软件服务有限公司,青鸟AI智服务(网站),应用于对话生成场景，根据用户输入的文本，生成相应的文本回复。,2025-9,generative ai,境内深度合成服务算法备案清单（2025年9月）.docx
易AI多模态内容生成算法,服务提供者,深圳市伊登软件有限公司,易AI企业智能助手(网站),应用于文本图像生成场景，根据用户输入的文本、图像，生成相应的文本、图像内容。,2025-9,generative ai,境内深度合成服务算法备案清单（2025年9月）.docx
国泰君安期货君宝内容生成算法,服务提供者,国泰君安期货有限公司,国泰君安期货(APP),应用于文本生成场景，根据用户输入的文本，生成相应的文本回复。,2025-9,generative ai,境内深度合成服务算法备案清单（2025年9月）.docx
天枢深度合成算法,服务提供者,北京安德医智科技有限公司,天枢神经系统疾病智能电子病历生成系统(其他),应用于多模态生成场景，根据用户输入的文本、音频、图像内容，生成影像分析结果和诊疗建议文本。,2025-9,generative ai,境内深度合成服务算法备案清单（2025年9月）.docx
竹云招商匹配生成算法,服务提供者,深圳竹云科技股份有限公司,i智联智能招商系统(网站),应用于文本生成场景，根据用户输入的文本，生成相应的文本内容。,2025-9,generative ai,境内深度合成服务算法备案清单（2025年9月）.docx
飞书多维表格AI字段捷径大模型算法,服务提供者,北京抖音信息服务有限公司,飞书(APP),应用于文本生成场景，根据用户表格中输入的文本，生成相应的文本内容。,2025-9,generative ai,境内深度合成服务算法备案清单（2025年9月）.docx
海南灵芯文本生成算法,服务提供者,海南灵芯科技有限公司,AIYAYA(APP),应用于对话生成场景，根据用户输入的文本，生成贴合用户需求的文本回复内容。,2025-9,generative ai,境内深度合成服务算法备案清单（2025年9月）.docx
钦泽健康数字人陪诊生成合成算法,服务提供者,山东钦泽软件有限公司,数字人云陪诊(小程序),应用于对话生成场景，根据用户输入的文本、图像、音频，生成相应的文本。,2025-9,generative ai,境内深度合成服务算法备案清单（2025年9月）.docx
可可修图AI绘画生成算法,服务提供者,广州萌动信息科技有限公司,可可修图(APP),应用于图像生成场景，根据用户输入的图像，生成相应风格要求高质量的图像内容。,2025-9,generative ai,境内深度合成服务算法备案清单（2025年9月）.docx
未来立体语音唤醒交互式算法,服务技术支持者,深圳未来立体教育科技有限公司,--,应用于语音交互场景，服务于企业端客户，根据用户输入的音频，生成相应的文本内容。,2025-9,generative ai,境内深度合成服务算法备案清单（2025年9月）.docx
大众语音识别算法,服务技术支持者,深圳市大众通信技术有限公司,--,应用于语音识别场景，服务于企业端客户，根据用户输入的音频，生成相应的识别文本。,2025-9,generative ai,境内深度合成服务算法备案清单（2025年9月）.docx
望康宝舌苔识别深度合成算法,服务提供者,杭州极眸智觉科技有限公司,望康宝(小程序),应用于文本生成场景，根据用户输入的舌苔图像内容，生成相应的诊断文本。,2025-9,generative ai,境内深度合成服务算法备案清单（2025年9月）.docx
卓越数字人语音合成算法,服务提供者,上海卓越睿新数码科技股份有限公司,数字人平台(网站),应用于数字人生成场景，根据用户输入的文本、音频，生成定制化的数字人音频。,2025-9,generative ai,境内深度合成服务算法备案清单（2025年9月）.docx
卓越数字人物形象生成算法,服务提供者,上海卓越睿新数码科技股份有限公司,数字人平台(网站),应用于数字人生成场景，根据用户输入的文本、图像、视频，生成相应的数字人图像、视频内容。,2025-9,generative ai,境内深度合成服务算法备案清单（2025年9月）.docx
舜网元泉大模型内容生成算法,服务提供者,山东舜网传媒股份有限公司,舜网元泉大模型“智慧泉”智能问答助手(网站),应用于文本生成场景，根据用户输入的文本内容，生成相应的文本回复内容。,2025-9,generative ai,境内深度合成服务算法备案清单（2025年9月）.docx
翼鸥AgentIn智能问答算法,服务提供者,北京翼鸥教育科技有限公司,ClassIn(APP),应用于对话生成场景，根据用户输入的文本，生成相应的文本回复内容。,2025-9,generative ai,境内深度合成服务算法备案清单（2025年9月）.docx
天信智能体多模态智能问答算法,服务提供者,北京中科星图维天信线上科技有限公司,天信气象智能体(网站),应用于文本生成场景，根据用户输入的文本、音频，生成气象领域相关的文本。,2025-9,generative ai,境内深度合成服务算法备案清单（2025年9月）.docx
天聚地合慧巢内容生成算法,服务技术支持者,天聚地合（苏州）科技股份有限公司,--,应用于多模态生成场景，服务于企业端客户，根据用户输入的文本、图像数据，生成符合用户需求的文本、图像、音频、视频内容。,2025-9,generative ai,境内深度合成服务算法备案清单（2025年9月）.docx
盈恩文生视频算法,服务提供者,广州盈恩科技有限公司,脚本成片(小程序),应用于视频生成场景，根据用户输入的文本，生成相应的视频。,2025-9,generative ai,境内深度合成服务算法备案清单（2025年9月）.docx
领睿数智教学内容生成算法,服务提供者,山东领睿数智科技创新有限公司,领睿大数据平台(网站),应用于文本生成场景，根据用户输入的文本，生成职业教育领域相关的文本内容。,2025-9,generative ai,境内深度合成服务算法备案清单（2025年9月）.docx
iMuse服装设计内容生成算法,服务提供者,上海抖忆科技有限公司,iMuse.AI(网站),应用于图像生成场景，根据用户输入的文本、图像，生成服装设计相关的图像。,2025-9,generative ai,境内深度合成服务算法备案清单（2025年9月）.docx
杭州宇信数科AI流水分析文本生成算法,服务技术支持者,杭州宇信数字科技有限公司,--,应用于对话生成场景，服务于企业端客户，用户输入的PDF文档内容，生成相应的标准化的文本数据。,2025-9,generative ai,境内深度合成服务算法备案清单（2025年9月）.docx
sviewai几何计算大模型内容生成算法,服务提供者,山东山大华天软件股份有限公司,SView看图纸(APP),应用于3D模型生成场景，根据用户输入的图像、3D模型，生成对应的3D模型文件。,2025-9,generative ai,境内深度合成服务算法备案清单（2025年9月）.docx
腾讯电子签生成合成算法,服务提供者,腾讯云计算（北京）有限责任公司,腾讯电子签(小程序)、腾讯电子签(网站),应用于文本生成场景，根据用户输入的合同文本，生成合同风险审查建议和合同摘要文本。,2025-9,generative ai,境内深度合成服务算法备案清单（2025年9月）.docx
同瓴具身智能生成式对话算法,服务提供者,杭州同瓴信息科技有限公司,同瓴AirCloneAl小程序（V1.0）(小程序)、同瓴智能数字人制作平台V1.0(网站)、同瓴智能无人直播软件系统V1.0(APP)、同瓴魔伴(小程序)、同瓴数字人TUC内容管理系统（V1.0）(网站)、同瓴AI视频通话VoLTE软件（V1.0）(小程序)、同瓴数字人TUF形象克隆系统（V1.0）(网站)、同瓴AirClone直播助手APP软件（V1.0）(APP)、同瓴数字人运营系统V1.0(网站)、同瓴宝贝变变变(小程序)、同瓴数字人TUV声音克隆系统（V1.0）(网站)、同瓴AirClone视频处理播放软件（V1.0）(APP),应用于音频生成场景，根据用户输入的文本、音频，生成相应的音频内容。,2025-9,generative ai,境内深度合成服务算法备案清单（2025年9月）.docx
智安矩阵危化品混合智能生成算法,服务技术支持者,厦门智安天工科技有限公司,--,应用于文本生成场景，服务于企业端客户，根据用户输入的文本，生成相应的文本，主要面向于危化品预警领域。,2025-9,generative ai,境内深度合成服务算法备案清单（2025年9月）.docx
CICI飞越智能客服内容生成算法,服务提供者,苏州世纪飞越网络信息有限公司,CICI飞越智能客服(网站),应用于对话生成场景，根据用户输入的文本，生成相应的文本，主要面向于景区咨询领域。,2025-9,generative ai,境内深度合成服务算法备案清单（2025年9月）.docx
饿了么AI找药算法,服务提供者,上海拉扎斯信息科技有限公司,饿了么(APP),应用于对话生成场景，根据用户输入的文本，生成相应的文本回复，主要面向于医学咨询领域。,2025-9,generative ai,境内深度合成服务算法备案清单（2025年9月）.docx
smart大模型算法,服务提供者,智马达(浙江)软件科技有限公司,smart大模型语音助手(其他),应用于对话生成场景，根据用户输入的音频，生成车载环境交互的文本、音频。,2025-9,generative ai,境内深度合成服务算法备案清单（2025年9月）.docx
UU跑腿调度决策算法,调度决策类,郑州时空隧道信息技术有限公司,UU跑腿(APP)、UU跑腿跑男端(APP),应用于同城即时配送订单分配场景，将用户的订单信息与骑手进行匹配，最终将订单分配给最合适的骑手。,2024-6,algorithmic service,境内互联网信息服务算法备案清单（2024年6月）.docx
汉中网约车信息科技有限公司网约车分单算法,调度决策类,汉中网约车信息科技有限公司,E定行车主(APP),应用于网约车派单场景，将待找车订单与可派单司机进行最优匹配，最终为网约车订单匹配司机。,2024-6,algorithmic service,境内互联网信息服务算法备案清单（2024年6月）.docx
松鼠AI智适应推荐算法,个性化推送类,上海松鼠云上人工智能技术有限公司,松鼠AI智能学习机(其他),应用于个性化学习内容推荐场景，根据用户的学习行为和学习特征，结合学习资源的属性，向用户提供可能感兴趣的学习资源内容。,2024-6,algorithmic service,境内互联网信息服务算法备案清单（2024年6月）.docx
泸州好约车汽车服务有限公司网约车分单算法,调度决策类,泸州好约车汽车服务有限公司,嗒个滴(APP),应用于网约车派单场景，将待找车订单与可派单司机进行最优匹配，最终为网约车订单匹配司机。,2024-6,algorithmic service,境内互联网信息服务算法备案清单（2024年6月）.docx
博特富媒体内容安全审核算法,内容过滤类,北京信工博特智能科技有限公司,博特智能审核服务(网站),应用于内容过滤场景，根据用户发布或上传的文本、图片、音频、视频等信息，进行内容安全风险识别，发现和处置违法违规信息内容。,2024-6,algorithmic service,境内互联网信息服务算法备案清单（2024年6月）.docx
添猫出行网约车分单算法,调度决策类,添猫科技（浙江）有限公司,添猫司机(APP),应用于打车派单场景，根据时间、距离等客观限制条件，实现乘客打车成功率和平台司机接单收入最优的订单匹配结果。,2024-6,algorithmic service,境内互联网信息服务算法备案清单（2024年6月）.docx
纷享出行网约车分单算法,调度决策类,广州纷享出行网络科技有限公司,纷享出行司机端(APP),应用于网约车派单场景，将待找车订单与可派单司机进行最优匹配，最终为网约车订单匹配司机。,2024-6,algorithmic service,境内互联网信息服务算法备案清单（2024年6月）.docx
个人图书馆个性化推荐算法,个性化推送类,北京六智信息技术股份有限公司,个人图书馆(APP)、个人图书馆(网站)、个人图书馆(小程序),应用于内容推荐场景，根据用户历史行为等信息，针对用户兴趣模型，推送符合用户喜好的内容。,2024-6,algorithmic service,境内互联网信息服务算法备案清单（2024年6月）.docx
羊小咩商城商品个性化推送算法,个性化推送类,北京量化派科技有限公司,羊小咩(APP),应用于商品推荐场景，根据用户浏览、点击、下单行为，向用户展示可能感兴趣的商品。,2024-6,algorithmic service,境内互联网信息服务算法备案清单（2024年6月）.docx
首旅如家自然语言酒店搜索算法,信息检索类,和美酒店管理（上海）有限公司,首旅如家(APP),应用于信息检索场景，根据用户输入的文本信息，识别用户的酒店搜索意图，为用户查找出符合用户意图的酒店。,2024-6,algorithmic service,境内互联网信息服务算法备案清单（2024年6月）.docx
知丘个性化推送算法,个性化推送类,上海携宁计算机科技股份有限公司,知丘(网站),应用于个性化内容推荐服务，根据内容数据和用户阅读历史数据，向用户推荐其可能感兴趣的内容。,2024-6,algorithmic service,境内互联网信息服务算法备案清单（2024年6月）.docx
敦煌点睛个性化推荐算法,个性化推送类,数贸科技（北京）有限公司,敦煌网(网站),应用于商品推荐场景，根据用户的兴趣和行为，向用户推荐符合其需求的商品链接。,2024-6,algorithmic service,境内互联网信息服务算法备案清单（2024年6月）.docx
中储智运车货智能配对算法,调度决策类,中储智运科技股份有限公司,中储智运货主(APP)、中储智运(APP),应用于货物配送场景，根据货主发货、司机行为、行车路线等数据，匹配货物与司机，优化车辆调度和货物配送解决方案。,2024-6,algorithmic service,境内互联网信息服务算法备案清单（2024年6月）.docx
趣拿内容安全算法,内容过滤类,上海趣致网络科技有限公司,趣拿(APP),应用于文本内容过滤场景，根据用户输入的商品评论内容，进行内容检索与过滤，输出合法合规的评论文本。,2024-6,algorithmic service,境内互联网信息服务算法备案清单（2024年6月）.docx
阳光出行网约车派单调度算法,调度决策类,北京假日阳光环球旅行社有限公司,阳光出行(小程序)、阳光出行(APP)、阳光车主(小程序)、阳光车主(APP),应用于网约车派单场景，根据路程、等待时间和最大化收益等多重因素，生成最优的司机与乘客匹配派单策略。,2024-6,algorithmic service,境内互联网信息服务算法备案清单（2024年6月）.docx
福佑卡车货源大厅订单排序算法,排序精选类,北京福佑多多信息技术有限公司,福佑卡车司机(APP),应用于货源订单排序场景，根据司机的过往点击、浏览、成交记录，预测司机的喜好程度，对订货单进行显示排序。,2024-6,algorithmic service,境内互联网信息服务算法备案清单（2024年6月）.docx
福佑卡车调度智能报价算法,调度决策类,北京福佑多多信息技术有限公司,福佑卡车司机(APP),应用于报价决策场景，根据运货订单中始发地、目的地、距离、车型、车长等信息和过往成交订单信息，预测运输线路成交价格，供货主下单和司机抢单参考。,2024-6,algorithmic service,境内互联网信息服务算法备案清单（2024年6月）.docx
金蝶云社区内容检索算法,信息检索类,金蝶软件（中国）有限公司,金蝶云社区(网站),应用于内容检索场景，根据用户输入的查询词，将相应的检索结果排序后展示给用户。,2024-6,algorithmic service,境内互联网信息服务算法备案清单（2024年6月）.docx
新氧个性化推荐算法,个性化推送类,北京新氧科技有限公司,新氧医美(APP)、新氧画屏(网站),应用于内容推荐场景，根据用户浏览点击行为、用户画像、统计特征等，构建商品排序模型。,2024-6,algorithmic service,境内互联网信息服务算法备案清单（2024年6月）.docx
云从内容安全风控算法,内容过滤类,云从科技集团股份有限公司,云从从容大模型官网(网站),应用于内容过滤场景，针对生成式大模型生产过程中的输入和生成的文本内容，发现和识别违法违规信息内容。,2024-6,algorithmic service,境内互联网信息服务算法备案清单（2024年6月）.docx
AI志选大模型推送算法,个性化推送类,福建中科星泰数据科技有限公司,AI志选(小程序),应用于个性化内容推荐服务，根据用户的基本信息、兴趣偏好和填报要求，以及学校和专业的信息，向用户推荐匹配度较高的院校及专业。,2024-6,algorithmic service,境内互联网信息服务算法备案清单（2024年6月）.docx
搜狐视频搜索算法,信息检索类,北京搜狐互联网信息服务有限公司,搜狐视频(APP),应用于视频搜索场景，根据用户输入的搜索词以及视频标题、系列名等，结合视频特征，向用户展示更契合检索意图的视听内容或服务信息。,2024-6,algorithmic service,境内互联网信息服务算法备案清单（2024年6月）.docx
滴滴车型推荐算法,个性化推送类,滴滴出行科技有限公司,滴滴出行(APP)、滴滴出行(小程序),应用于网约车型推荐场景，根据用户的车型偏好和当前的供需情况，推荐用户可能使用的车型。,2024-6,algorithmic service,境内互联网信息服务算法备案清单（2024年6月）.docx
重庆呼我出行网络科技有限公司网约车分单算法,调度决策类,重庆呼我出行网络科技有限公司,呼我司机市内版(APP),应用于网约车派单场景，将待找车订单与可派单司机进行最优匹配，最终为网约车订单匹配司机。,2024-6,algorithmic service,境内互联网信息服务算法备案清单（2024年6月）.docx
知丘信息检索类算法,信息检索类,上海携宁计算机科技股份有限公司,知丘(网站),应用于信息检索场景，根据用户输入的查询文本，搜索相关的金融领域研究报告数据、公开交易所数据、公开舆情资讯数据以及知丘自加工数据等文档。,2024-6,algorithmic service,境内互联网信息服务算法备案清单（2024年6月）.docx
敦煌榜单算法,排序精选类,数贸科技（北京）有限公司,敦煌网(网站),应用于商品榜单排序场景，根据用户行为、商品属性和市场环境等多维度数据，输出排序后的商品列表和更新后的榜单排名。,2024-6,algorithmic service,境内互联网信息服务算法备案清单（2024年6月）.docx
BOSS直聘搜索算法,信息检索类,北京华品博睿网络技术有限公司,BOSS直聘(APP)、店长直聘(APP),应用于内容搜索场景，根据用户输入的搜索词和交互行为，输出与搜索词匹配的求职者、职位、公司、店铺等相关内容。,2024-6,algorithmic service,境内互联网信息服务算法备案清单（2024年6月）.docx
猿会议推荐算法,个性化推送类,北京矩猿科技有限公司,猿会议(小程序)、猿会议(网站),应用于内容推荐场景，根据用户提交的信息，为用户推荐适合的会议策划流程、素材及物料。,2024-6,algorithmic service,境内互联网信息服务算法备案清单（2024年6月）.docx
敦煌极速智能搜索算法,信息检索类,数贸科技（北京）有限公司,敦煌网(网站),应用于信息检索场景，根据用户输入的搜索关键词和可能的筛选条件，结合用户的历史查询对象、基本属性数据和行为数据，搜索出更符合用户需求的商品。,2024-6,algorithmic service,境内互联网信息服务算法备案清单（2024年6月）.docx
讯飞医疗智医助理诊断推荐精选算法,排序精选类,讯飞医疗科技股份有限公司,智医助理辅助诊疗系统(APP),应用于内容排序场景，根据用户录入的患者病例，提供多个置信度从高到底排序的诊断建议。,2024-6,algorithmic service,境内互联网信息服务算法备案清单（2024年6月）.docx
中储智运运价预测算法,个性化推送类,中储智运科技股份有限公司,物流指数(网站),应用于货物运价预测场景，根据货主和承运商的历史行为和偏好，预测货物运输的市场需求和运价变化，提供个性化的预测信息。,2024-6,algorithmic service,境内互联网信息服务算法备案清单（2024年6月）.docx
存心个性化推送算法,个性化推送类,泉州市存心网络科技有限公司,存心空间(APP),应用于内容推荐场景，根据用户行为数据，结合内容或商品特征，向用户推荐感兴趣的内容动态与电商商品。,2025-9,algorithmic service,境内互联网信息服务算法备案清单（2025年9月）.docx
万粮个性化推送算法,个性化推送类,广东万粮农业科技有限公司,万粮商城(小程序),应用于商品推荐场景，根据用户行为和商品属性数据从而预测出得分，对商品进行排序，实现个性化的商品推荐。,2025-9,algorithmic service,境内互联网信息服务算法备案清单（2025年9月）.docx
锐垚个性化推送算法,个性化推送类,上海锐垚科技有限公司,塑舰(小程序),应用于商品个性化推荐场景，根据用户的基本属性、行为数据等，实现个性化的商品推送。,2025-9,algorithmic service,境内互联网信息服务算法备案清单（2025年9月）.docx
叮咚买菜履约算法,调度决策类,上海壹佰米网络科技有限公司,前置仓中台系统(网站)、前置仓前台系统(网站),应用于订单调度场景，根据实时订单、骑手等数据，预估配送时间，将订单分配给适合的骑手。,2025-9,algorithmic service,境内互联网信息服务算法备案清单（2025年9月）.docx
CastleVisiGuard视觉内容鉴识算法,内容过滤类,潍坊华创信息技术有限公司,CastleCms内容管理平台(网站)、Castle知识库管理系统(网站),应用于内容鉴识场景，根据输入的图片或视频，输出内容类别及置信度评分。,2025-9,algorithmic service,境内互联网信息服务算法备案清单（2025年9月）.docx
崽崽个性化推荐算法,个性化推送类,上海崽崽娱乐有限公司,崽崽ZEPETO(APP),应用于内容推荐场景，根据用户基本属性和行为数据，向用户推荐个性化的虚拟角色穿搭或感兴趣的社区内容。,2025-9,algorithmic service,境内互联网信息服务算法备案清单（2025年9月）.docx
高端制造智能管控平台刀具调度决策算法,调度决策类,厦门嵘拓物联科技有限公司,高端制造智能管控平台(网站),应用于制造业刀具管理与调度业务，根据刀具台账中的编码、名称、寿命等数据，以及点检单编号、计划名称、故障描述、点检日期等信息，输出刀具寿命趋势图表和刀具异常分析图表，为刀具管理提供可视化决策依据。,2025-9,algorithmic service,境内互联网信息服务算法备案清单（2025年9月）.docx
高端制造智能管控平台模具调度决策算法,调度决策类,厦门嵘拓物联科技有限公司,高端制造智能管控平台(网站),应用于制造业模具管理业务，根据模具台账中模具编码、模具名称、品牌、规格型号、所属车间、模具寿命数据等信息，转化为数学变量，最终输出模具寿命分析图表、模具分布统计图表、综合指标分析图表，为模具管理提供可视化决策依据。,2025-9,algorithmic service,境内互联网信息服务算法备案清单（2025年9月）.docx
淘数科技企业金融检索算法,信息检索类,淘数科技（北京）有限公司,AI小金(网站),应用于文本检索场景，根据用户输入的关键词或条件，通过倒排索引和关键词匹配检索出所需的信息。,2025-9,algorithmic service,境内互联网信息服务算法备案清单（2025年9月）.docx
袋鼠妈妈品牌商城个性化推送算法,个性化推送类,广州蔚蓝生物科技有限公司,袋鼠妈妈品牌商城(小程序),应用于商品个性化推荐服务，根据用户对话历史，进行意图识别、标签槽位提取、购买意图变更判断、商品名称提取、模型回复内容润色等业务处理，从而为用户进行商品推荐。,2025-9,algorithmic service,境内互联网信息服务算法备案清单（2025年9月）.docx
悦到信息车盈网招呼站调度决策支持算法,调度决策类,广州市悦到信息科技有限公司,车盈网(网站),应用于车辆调度场景，根据历史客流数据、天气、节假日属性及周边环境特征，预测节假日期间热门招呼站的乘车人数变化趋势，结合预测结果输出车辆调度优化建议。,2025-9,algorithmic service,境内互联网信息服务算法备案清单（2025年9月）.docx
大众点评搜索算法,信息检索类,上海汉涛信息咨询有限公司,大众点评(APP),应用于内容检索场景，根据用户输入的关键词或条件，检索并输出相关性高、质量度好、距离近的商户和笔记排序结果。,2025-9,algorithmic service,境内互联网信息服务算法备案清单（2025年9月）.docx
锐垚排序精选类算法,排序精选类,上海锐垚科技有限公司,塑晓(小程序),应用于视频排序场景，根据用户上传视频的浏览量、点赞、收藏等指标，对视频进行排序。,2025-9,algorithmic service,境内互联网信息服务算法备案清单（2025年9月）.docx
柴门小童推荐算法,个性化推送类,上海声声曼网络科技有限公司,柴门小童(APP),应用于个性化推荐服务，根据推荐对象数据、用户基本属性数据、用户行为数据、关系数据，输出个性化的视频、图文列表。,2025-9,algorithmic service,境内互联网信息服务算法备案清单（2025年9月）.docx
开心果商品信息检索算法,信息检索类,浙江开心果数智科技有限公司,开心巡店助手(网站),应用于文本检索场景，根据用户输入的商品名称，输出包含商品四级分类、七级分类、所属品牌以及对应的标准编码、名称、结构化标准商品信息。,2025-9,algorithmic service,境内互联网信息服务算法备案清单（2025年9月）.docx
多点商品搜索结果分词算法,信息检索类,多点新鲜（北京）电子商务有限公司,多点(APP),应用于商品检索场景，根据用户输入的关键词，进行商品相关性的匹配，输出对应的商品内容。,2025-9,algorithmic service,境内互联网信息服务算法备案清单（2025年9月）.docx
哈啰信息检索算法,信息检索类,上海哈啰普惠科技有限公司,哈啰(APP),应用于信息检索场景，根据用户输入的查询词，从数据中检索出与用户需求相关的信息。,2025-9,algorithmic service,境内互联网信息服务算法备案清单（2025年9月）.docx
哈啰个性化推荐算法,个性化推送类,上海哈啰普惠科技有限公司,哈啰(APP),应用于内容推荐场景，根据用户标签和行为等数据，实现个性化内容推荐。,2025-9,algorithmic service,境内互联网信息服务算法备案清单（2025年9月）.docx
腾讯新闻个性化推荐算法,个性化推送类,深圳市腾讯计算机系统有限公司,腾讯新闻(APP),应用于内容推荐场景，根据用户基本属性数据、用户行为数据、关系数据，选取并展示用户可能感兴趣的新闻内容。,2025-9,algorithmic service,境内互联网信息服务算法备案清单（2025年9月）.docx
嘀嗒路径规划算法,调度决策类,北京畅行信息技术有限公司,嘀嗒车主(APP)、嘀嗒出租车(小程序)、嘀嗒出行(小程序)、嘀嗒出租车司机(APP)、嘀嗒顺风车车主(小程序)、嘀嗒出行(APP),应用于路径规划场景，基于道路属性或历史通行能力以及乘客及车主提供的起终点，生成若干路线并计算双方的顺路度。,2025-9,algorithmic service,境内互联网信息服务算法备案清单（2025年9月）.docx
嘀嗒订单分配算法,调度决策类,北京畅行信息技术有限公司,嘀嗒车主(APP)、嘀嗒出行(APP),应用于网约车派单场景，根据路线的起终点、出发时间、导航路径规划信息，将待找车订单与可派单司机进行匹配。,2025-9,algorithmic service,境内互联网信息服务算法备案清单（2025年9月）.docx
嘀嗒供需折扣算法,调度决策类,北京畅行信息技术有限公司,嘀嗒车主(APP)、嘀嗒出行(小程序)、嘀嗒出行(APP),应用于顺风车折扣匹配场景，系统结合行程起点、终点、出行时段的供需情况，在用户下单时计算出订单价格折扣系数。,2025-9,algorithmic service,境内互联网信息服务算法备案清单（2025年9月）.docx
海艺AI个性化推荐算法,个性化推送类,成都海艺互娱科技有限公司,海艺AI(网站),应用于内容推荐场景，根据用户属性信息和历史操作行为等，推荐其可能感兴趣的图片、模板等内容。,2025-9,algorithmic service,境内互联网信息服务算法备案清单（2025年9月）.docx
哈啰排序精选算法,排序精选类,上海哈啰普惠科技有限公司,哈啰(APP),应用于推荐列表排序场景，根据用户标签、行为数据和候选物品数据，生成相应的物品推荐榜单。,2025-9,algorithmic service,境内互联网信息服务算法备案清单（2025年9月）.docx
一际慧语知识信息检索算法,信息检索类,苏州一际智能科技有限公司,一际慧语(网站),应用于文本检索场景，根据用户提出的问题，从知识库中检索相关的政策文件和文件中的知识片段，为智能问答提供参考资料。,2025-9,algorithmic service,境内互联网信息服务算法备案清单（2025年9月）.docx
云梦泽智慧平台热度计算算法,排序精选类,云梦泽（北京）电子商务有限公司,云梦泽(网站)、云梦泽好客(APP)、云梦泽(APP)、云梦泽好客(小程序)、云梦泽物通(小程序),应用于内容排序场景，根据商品价格、商品销量等历史数据，得到商城排名前十的商品。,2025-9,algorithmic service,境内互联网信息服务算法备案清单（2025年9月）.docx
云梦泽智慧平台智能推荐算法,个性化推送类,云梦泽（北京）电子商务有限公司,云梦泽(网站)、云梦泽好客(APP)、云梦泽(APP)、云梦泽好客(小程序)、云梦泽物通(小程序),应用于商品推荐场景，根据用户历史行为数据结合商品特征，为用户生成个性化商品推荐列表。,2025-9,algorithmic service,境内互联网信息服务算法备案清单（2025年9月）.docx
星童伴个性化推送算法,个性化推送类,广州帆星网络科技有限公司,星童伴(网站)、星童伴(小程序),应用于内容推荐场景，根据用户基础信息和行为数据，为用户推荐个性化的亲子活动列表。,2025-9,algorithmic service,境内互联网信息服务算法备案清单（2025年9月）.docx
华之道智能体调度算法,调度决策类,广州华之道信息科技有限公司,AI企管工作台(网站),应用于智能体工作流调度场景，根据提交的任务数据分配协同的智能体，实现多任务、多智能体资源的最优匹配。,2025-9,algorithmic service,境内互联网信息服务算法备案清单（2025年9月）.docx
灵生操作规划算法,调度决策类,北京灵生科技有限公司,nova(网站),应用于路径决策场景，根据机器人传感器接收的数据，结合障碍物距离、碰撞传感器的碰撞信息、摄像头拍摄周围环境图像等，规划出一条无碰撞运动的路径。,2025-9,algorithmic service,境内互联网信息服务算法备案清单（2025年9月）.docx
路路盈就近派单算法,调度决策类,河北多拉拉物流有限公司,路路盈司机端(APP)、路路盈货运(小程序),应用于派单场景，根据货物类型、运输需求和司机资源，为司机推送匹配度高的货源集合。,2025-9,algorithmic service,境内互联网信息服务算法备案清单（2025年9月）.docx
房产超市小程序新房楼盘信息检索算法,信息检索类,房超科技有限公司,房产超市(小程序),应用于楼盘信息检索场景，根据用户输入的城市、预算、房型等信息，输出相关楼盘结果。,2025-9,algorithmic service,境内互联网信息服务算法备案清单（2025年9月）.docx
链友融人工智能调度决策类算法,调度决策类,厦门链友融人工智能应用科技有限公司,Taskbot企业AI智能服务平台(网站),应用于智能采购场景，根据市场价格、供应商信息、企业库存及生产计划等数据，分析出供应商的优化方案。,2025-9,algorithmic service,境内互联网信息服务算法备案清单（2025年9月）.docx
云梦泽智慧平台内容过滤算法,内容过滤类,云梦泽（北京）电子商务有限公司,云梦泽(网站)、云梦泽好客(APP)、云梦泽(APP)、云梦泽好客(小程序)、云梦泽物通(小程序),应用于内容过滤场景，对各行业及业务场景下的图片、视频、文本、语音等对象进行检测过滤，识别内容中涉黄、涉恐、涉爆和不文明内容等。,2025-9,algorithmic service,境内互联网信息服务算法备案清单（2025年9月）.docx
观薇个性化方案推荐算法,个性化推送类,观薇智能科技（北京）有限公司,阅睦家(小程序),应用于商品推荐场景，根据用户行为与商品属性数据，向用户推荐符合其兴趣偏好的商品。,2025-9,algorithmic service,境内互联网信息服务算法备案清单（2025年9月）.docx
新灵犀AI智能体全资源调度决策算法,调度决策类,北京新灵犀科技有限公司,AI 中台(网站),应用于资源调度场景，根据任务需求和资源能力，规划人员、设备、系统等资源调度路径和方案。,2025-9,algorithmic service,境内互联网信息服务算法备案清单（2025年9月）.docx
医为智能客服患者身份识别与个性化服务算法,个性化推送类,东华医为科技有限公司,AI智能助手(网站),应用于服务推荐场景，根据用户历史就诊记录和交互数据，生成个性化的医疗服务内容。,2025-9,algorithmic service,境内互联网信息服务算法备案清单（2025年9月）.docx
安托未来个性化智能推荐算法,个性化推送类,杭州安托未来科技有限公司,安墨客(APP),应用于内容推荐服务，根据用户行为数据、内容特性以及上下文信息，提供定制化的内容推荐服务。,2025-9,algorithmic service,境内互联网信息服务算法备案清单（2025年9月）.docx
四维智联生态融合个性化智能推荐算法,个性化推送类,北京四维智联科技有限公司,周边位置服务个性化推荐(其他),应用于内容推荐场景，根据浏览、点击、购买、评分等数据，向用户推荐可能感兴趣的内容。,2025-9,algorithmic service,境内互联网信息服务算法备案清单（2025年9月）.docx
冬冬出行网约车分单算法,调度决策类,中嘉科技（张家口）有限公司,冬冬出行司机端(APP)、冬冬出行(APP),应用于网约车派单场景，根据上车地点、平台是否配置区域围栏等数据，将待找车订单与可派单司机进行最优匹配。,2025-9,algorithmic service,境内互联网信息服务算法备案清单（2025年9月）.docx
易掌钱个性化推荐算法,个性化推送类,海南微民科技有限公司,易掌钱(APP),应用于商品推荐场景，根据用户行为数据、用户基本信息及消费偏好数据，为用户推荐个性化的商品内容。,2025-9,algorithmic service,境内互联网信息服务算法备案清单（2025年9月）.docx
金诚AI大模型攻击过滤算法,内容过滤类,杭州金诚信息安全科技有限公司,goodwaf(网站),应用于文本过滤场景，通过提取网络流量特征、制定过滤规则或构建分类模型预测分类，精准识别和过滤网络攻击。,2025-9,algorithmic service,境内互联网信息服务算法备案清单（2025年9月）.docx
大掌柜搜索算法,信息检索类,宁波大掌柜物流科技有限公司,环世小智(其他),应用于内容检索场景，根据用户输入的咨询文本，从客服知识库中检索相关回复，实现订单信息、物流状态等数据的实时查询。,2025-9,algorithmic service,境内互联网信息服务算法备案清单（2025年9月）.docx
恒星AI平台个性化内容推荐算法,个性化推送类,爱伟达（南京）智能科技有限公司,恒星AI(APP),应用于内容推荐场景，根据用户行为数据和基本属性数据，向用户推送契合其兴趣的视频素材。,2025-9,algorithmic service,境内互联网信息服务算法备案清单（2025年9月）.docx
Dings餐厅榜单排序算法,排序精选类,深圳市旅图灵舟科技有限公司,Dings omni(APP),应用于餐厅榜单排序场景，根据用户与餐厅的历史交互数据如浏览和点赞等，向用户推荐餐厅榜单结果。,2025-9,algorithmic service,境内互联网信息服务算法备案清单（2025年9月）.docx
北京数惠推荐算法,个性化推送类,北京数惠科技有限公司,数惠助手(小程序),应用于内容推荐场景，根据用户行为数据和内容的动态属性，推荐用户感兴趣的优惠商品及优质内容。,2025-9,algorithmic service,境内互联网信息服务算法备案清单（2025年9月）.docx
快看个性化推送算法,个性化推送类,快看世界（北京）科技有限公司,快看漫画(APP),应用于内容个性化推荐服务，根据用户自然属性和历史行为，向用户推荐感兴趣的漫画、用户、帖子。,2025-9,algorithmic service,境内互联网信息服务算法备案清单（2025年9月）.docx
图迅丰达AI智能伙伴目的地推荐功能算法,个性化推送类,北京图迅丰达信息技术有限公司,eLexusClub-目的地推荐(APP),应用于内容个性化推荐场景，根据用户属性数据、行为数据和相关数据，向用户推荐符合用户需求的目的地。,2025-9,algorithmic service,境内互联网信息服务算法备案清单（2025年9月）.docx
黄山旅游场景基于语义理解的动态标签推荐算法,个性化推送类,安徽途马科技有限公司,黄山官方AI旅行助手(小程序),应用于商品个性化推荐服务，根据用户输入的问题和画像等数据，返回相应的推荐商品。,2025-9,algorithmic service,境内互联网信息服务算法备案清单（2025年9月）.docx
恒星AI排序精选类算法,排序精选类,爱伟达（南京）智能科技有限公司,恒星AI(APP),应用于视频榜单排序场景，根据用户播放量、点赞评论等信息，对用户上传的短视频内容进行排序，生成热门视频榜单。,2025-9,algorithmic service,境内互联网信息服务算法备案清单（2025年9月）.docx
甘霖工程企业画像驱动的个性化金融产品推荐算法,个性化推送类,深圳深度国际数据科技有限公司,甘霖工程(网站),应用于金融产品推荐场景，根据企业画像特征，向其推荐适配的金融产品。,2025-9,algorithmic service,境内互联网信息服务算法备案清单（2025年9月）.docx
无锡数城公司智算平台消防调度决策系统烟雾火焰识别算法,调度决策类,无锡数字城市建设发展有限公司,视觉智算平台(网站),应用于应急资源调度场景，根据监控场景中实时识别的烟雾与火焰，提供火灾定位与风险等级判定依据。,2025-9,algorithmic service,境内互联网信息服务算法备案清单（2025年9月）.docx
昆明盛智易联科技有限公司网约车分单算法,调度决策类,昆明盛智易联科技有限公司,盛智易联车主(APP),应用于网约车派单场景，根据收到的乘客发布的用车需求，匹配符合派单条件的网约车。,2025-9,algorithmic service,境内互联网信息服务算法备案清单（2025年9月）.docx
以咏今朝游戏UGC副本排序精选算法,排序精选类,以咏今朝（杭州）信息科技有限责任公司,量子跃迁：米乐光年(APP),应用于榜单排序场景，根据游戏中玩家行为数据和副本信息，筛选优质内容形成副本热度榜单。,2025-9,algorithmic service,境内互联网信息服务算法备案清单（2025年9月）.docx
小蜜蜂信息流推荐算法,个性化推送类,上海滨和网络科技有限公司,网易小蜜蜂（APP）,应用于内容推荐场景，根据用户群体对内容的交互行为记录数据，为用户推荐个性化的社区内容。,2025-9,algorithmic service,境内互联网信息服务算法备案清单（2025年9月）.docx
上海钢联资讯推荐算法,个性化推送类,上海钢联电子商务股份有限公司,我的钢铁(APP),应用于资讯内容推荐场景，根据用户特征信息、文章特征信息和热度信息，为用户推荐大宗商品行业资讯。,2024-10,algorithmic service,境内互联网信息服务算法备案清单（2024年10月）.docx
滴滴青桔点位折扣算法,调度决策类,杭州小木吉软件科技有限公司,滴滴出行(APP)、滴滴出行(小程序)、滴滴青桔(小程序),应用于购卡费用定价场景，根据点位共享单车的历史供需信息，预测不同折扣下的订单增减数量，计算出骑行卡的不同折扣价格。,2024-10,algorithmic service,境内互联网信息服务算法备案清单（2024年10月）.docx
滴滴青桔骑行卡推荐算法,个性化推送类,杭州小木吉软件科技有限公司,滴滴出行(APP)、滴滴出行(小程序)、滴滴青桔(小程序),应用于骑行卡推荐场景，根据用户的历史骑行数据、购卡数据、行为数据，结合骑行卡本身的价格信息，推荐符合用户需求的骑行卡。,2024-10,algorithmic service,境内互联网信息服务算法备案清单（2024年10月）.docx
乐刻课程派单算法,调度决策类,杭州乐刻网络技术有限公司,乐刻运动(APP),应用于健身课程分配场景，根据用户输入的运动目标、教练偏好、课程偏好、门店偏好、教练的基础信息及服务数据，为用户匹配适合的教练和课程，将订单分配给教练进行后续履约。,2024-10,algorithmic service,境内互联网信息服务算法备案清单（2024年10月）.docx
无终街个性化信息推荐算法,个性化推送类,无终街（天津）科技有限公司,无终街(APP),应用于内容推荐场景，根据用户行为、属性及内容特征数据，对特定用户进行个性化内容的推荐。,2024-10,algorithmic service,境内互联网信息服务算法备案清单（2024年10月）.docx
顺丰智能供应链调度决策算法,调度决策类,顺丰科技有限公司,ROS线路规划系统(网站),应用于物流配送场景，根据用户输入的运输需求、车辆清单、地址清单等结构化数据，生成运输方案，实现车辆行驶距离最短、运输成本最低的目标。,2024-10,algorithmic service,境内互联网信息服务算法备案清单（2024年10月）.docx
星星充电场站推荐算法,个性化推送类,万帮星星充电科技有限公司,星星充电(小程序)、星星充电(APP),应用于充电场站推荐服务，根据用户历史需求功率、场站偏好等信息，向用户推荐周边的场站，实现用户需求和周边场站的精准匹配。,2024-10,algorithmic service,境内互联网信息服务算法备案清单（2024年10月）.docx
T3出行上车点推荐算法,调度决策类,南京领行科技股份有限公司,T3出行(小程序)、T3出行(APP)、T3打车(小程序),应用于网约车上车点选择场景，根据用户当前的位置和周围环境，结合用户的操作行为、历史偏好、上车点历史使用情况等特征，为用户匹配上车位置点。,2024-10,algorithmic service,境内互联网信息服务算法备案清单（2024年10月）.docx
愈卓出行调度算法,调度决策类,广州愈卓科技有限公司,愈卓出行(APP),应用于网约车派单场景，根据乘客与司机的信息，为网约车订单匹配司机。,2024-10,algorithmic service,境内互联网信息服务算法备案清单（2024年10月）.docx
鱼泡网AI个性化推荐算法,个性化推送类,成都鱼泡科技有限公司,鱼泡网(APP)、鱼泡网(网站)、鱼泡网(小程序),应用于职位推荐场景，根据求职者的行为模式、技能偏好、历史求职记录以及职位的详细信息，向用户推荐符合其需求的职位。,2024-10,algorithmic service,境内互联网信息服务算法备案清单（2024年10月）.docx
乐刻个性化内容推荐算法,个性化推送类,杭州乐刻网络技术有限公司,乐刻运动(APP),应用于内容推荐场景，根据用户历史行为、兴趣标签和社交关系等数据，向用户推荐个性化内容。,2024-10,algorithmic service,境内互联网信息服务算法备案清单（2024年10月）.docx
乐信图像内容AI筛选算法,内容过滤类,北京乐信圣文科技有限责任公司,乐信图像内容AI筛选算法服务系统(网站),应用于图片过滤场景，通过提取图像的特征，结合图像内容理解，构建图像的多维属性信息，筛选出符合产品需求的图像。,2024-10,algorithmic service,境内互联网信息服务算法备案清单（2024年10月）.docx
虎扑信息检索算法,信息检索类,上海匡慧网络科技有限公司,虎扑(APP),应用于信息检索场景，根据用户提供的关键词数据，筛选出符合用户预期的内容。,2024-10,algorithmic service,境内互联网信息服务算法备案清单（2024年10月）.docx
虎扑排序精选算法,排序精选类,上海匡慧网络科技有限公司,虎扑(APP),应用于热榜榜单排序场景，通过用户搜索、发帖量、点亮数等数据，形成实时热点内容榜单。,2024-10,algorithmic service,境内互联网信息服务算法备案清单（2024年10月）.docx
在问优选智评模型榜单构造算法,排序精选类,北京在问科技有限公司,在问大语言模型集成平台(网站),应用于模型榜单排序场景，根据用户对模型的偏好，生成模型榜单。,2024-10,algorithmic service,境内互联网信息服务算法备案清单（2024年10月）.docx
大智慧资讯推荐算法,个性化推送类,上海大智慧信息科技有限公司,大智慧(APP),应用于资讯推荐场景，根据用户的浏览行为，为用户提供个性化的资讯推荐服务。,2024-10,algorithmic service,境内互联网信息服务算法备案清单（2024年10月）.docx
金融搜一搜信息检索算法,信息检索类,深圳市新财富数字科技有限责任公司,新财富-金融搜一搜(网站),应用于金融信息检索场景，根据用户输入的金融领域相关问题，分析用户问题的意图，匹配并输出数据库中满足用户搜索需求的数据。,2024-10,algorithmic service,境内互联网信息服务算法备案清单（2024年10月）.docx
中科金财大模型多轮对话搜索算法,信息检索类,北京中科金财科技股份有限公司,中科金财大模型AI Agent开发运行平台(网站),应用于信息检索场景，根据用户输入的文本信息，识别用户的搜索意图，筛选出符合用户需求的航班信息。,2024-10,algorithmic service,境内互联网信息服务算法备案清单（2024年10月）.docx
创新大脑语义检索算法,信息检索类,北京八月瓜科技有限公司,创新大脑(网站),应用于专利检索场景，根据用户输入的文本内容，筛选出符合用户需求的专利。,2024-10,algorithmic service,境内互联网信息服务算法备案清单（2024年10月）.docx
小竹财税AI检索过滤类算法,信息检索类,安徽小竹信息技术有限公司,小竹财税AI(APP),应用于信息检索场景，根据用户输入的检索词，筛选出符合用户预期的内容。,2024-10,algorithmic service,境内互联网信息服务算法备案清单（2024年10月）.docx
中旭未来游戏活动个性化推荐算法,个性化推送类,广州中旭未来科技有限公司,中旭私域流量管理后台(网站),应用于内容推荐场景，根据玩家在游戏内的行为数据，构建详细的用户画像，向用户推送可能感兴趣的游戏营销活动。,2024-10,algorithmic service,境内互联网信息服务算法备案清单（2024年10月）.docx
五八驾考个性化推荐类算法,个性化推送类,天津五八驾考信息技术有限公司,驾校一点通(APP),应用于内容推荐场景，根据设备信息、服务日志信息、其他用户授权信息，向用户推送个性化的试题信息、会员权益信息。,2024-10,algorithmic service,境内互联网信息服务算法备案清单（2024年10月）.docx
短剧个性化推荐算法,个性化推送类,广东鑫锘影视文化传播有限公司,可乐短剧(APP),应用于短剧推荐场景，根据用户的历史播放记录和短剧信息，向用户推荐可能感兴趣的短剧内容。,2024-10,algorithmic service,境内互联网信息服务算法备案清单（2024年10月）.docx
深演智能个性化推荐算法,个性化推送类,北京深演智能科技股份有限公司,深演智能(网站),应用于内容推荐服务，根据使用的用户、商品、文章等数据，为用户推荐可能感兴趣的商品和文章等信息。,2024-10,algorithmic service,境内互联网信息服务算法备案清单（2024年10月）.docx
防务AI助理信息检索算法,信息检索类,中科雨辰科技有限公司,防务AI助理(小程序),应用于信息检索场景，根据自动化采集和归类安全公开的新闻资讯信息，为用户提供精准有效的信息搜索结果。,2024-10,algorithmic service,境内互联网信息服务算法备案清单（2024年10月）.docx
小红书排序精选类算法,排序精选类,行吟信息科技（上海）有限公司,小红书(APP),应用于榜单排序场景，根据用户在平台上的实时搜索行为和由用户互动形成的话题热度，综合判断事件热度形成小红书热点实时榜单。,2024-10,algorithmic service,境内互联网信息服务算法备案清单（2024年10月）.docx
宝宝云母婴平台用户推荐算法,个性化推送类,贵州康思田科技发展有限公司,宝宝云(APP),应用于个性化推送场景，根据用户的购买历史和浏览行为及偏好，推送个性化的商品、活动、宝宝生日礼品推荐；根据用户的观看历史和兴趣偏好，推送符合用户喜好的视频内容。,2024-10,algorithmic service,境内互联网信息服务算法备案清单（2024年10月）.docx
集致科技蓝领招聘个性化推送算法,个性化推送类,成都集致生活科技有限公司,吉工家(APP),应用于蓝领招聘个性化推送场景，根据用户的属性信息、行为信息，以及招工岗位信息库中的内容和属性，向蓝领人群提供个性化招工信息排序展示和推送服务。,2024-10,algorithmic service,境内互联网信息服务算法备案清单（2024年10月）.docx
天启黑马智能搜索大模型算法,信息检索类,天启黑马信息科技（北京）有限公司,HimmR&D(网站)、HimmPat(网站),应用于专利搜索场景，根据用户输入的搜索文本，输出专利信息和分析报告。,2024-10,algorithmic service,境内互联网信息服务算法备案清单（2024年10月）.docx
能迪调度决策算法,调度决策类,广州能迪云服务科技有限公司,能迪天罡(APP)、能迪天罡(网站)、能迪天罡(小程序),应用于运维指令分发场景，根据用户输入的文本数据，生成操作指令并分发执行，形成运维数据报告、状态指标等。,2024-10,algorithmic service,境内互联网信息服务算法备案清单（2024年10月）.docx
淘宝图搜算法,信息检索类,浙江淘宝网络有限公司,手机淘宝(APP),应用于图片检索场景，根据用户输入的图片，筛选出图片内容同款商品。,2024-10,algorithmic service,境内互联网信息服务算法备案清单（2024年10月）.docx
UE世界首页推荐算法,个性化推送类,青岛盛家星空调服务有限公司,UE世界(APP),应用于视频推荐场景，根据用户的兴趣和历史行为数据，为用户推荐个性化的视频列表。,2024-8,algorithmic service,境内互联网信息服务算法备案清单（2024年8月）.docx
锅圈榜单排序算法,排序精选类,锅圈食品(上海)股份有限公司,锅圈食汇支付宝(小程序)、锅圈商城微信(小程序)、锅圈(APP),应用于商品榜单排序场景，根据各省份火锅、烧烤类商品销量数据，输出热销商品排行榜单。,2024-8,algorithmic service,境内互联网信息服务算法备案清单（2024年8月）.docx
西藏佳斯特信息技术有限公司网约车分单算法,调度决策类,西藏佳斯特信息技术有限公司,牦牛约车司机端(APP),应用于网约车派单场景，根据距离、司机服务评分等因素，生成订单和司机的匹配结果。,2024-8,algorithmic service,境内互联网信息服务算法备案清单（2024年8月）.docx
锅圈商品推荐算法,个性化推送类,锅圈食品(上海)股份有限公司,锅圈食汇支付宝(小程序)、锅圈商城微信(小程序)、锅圈(APP),应用于商品推荐场景，结合用户历史购买数据与行为数据，向用户推荐展示可能感兴趣的商品。,2024-8,algorithmic service,境内互联网信息服务算法备案清单（2024年8月）.docx
釜固科技个人信息助手个性化推送算法,个性化推送类,釜固科技（深圳）有限公司,釜固科技(公众账号),应用于内容推荐场景，根据用户的个人偏好和订阅信息，为用户筛选出感兴趣的内容。,2024-8,algorithmic service,境内互联网信息服务算法备案清单（2024年8月）.docx
讯飞医疗智医助理医学知识检索算法,信息检索类,讯飞医疗科技股份有限公司,智医助理辅助诊疗系统(APP),应用于信息检索场景，根据用户输入的文本，从医学知识库中检索出最相关的数据结果。,2024-8,algorithmic service,境内互联网信息服务算法备案清单（2024年8月）.docx
他趣个性化推荐算法,个性化推送类,厦门她趣信息技术有限公司,他趣(APP),应用于物品推荐场景，根据用户的行为、偏好和互动历史，为用户推荐感兴趣的物品。,2024-8,algorithmic service,境内互联网信息服务算法备案清单（2024年8月）.docx
智慧企服政策智能推荐算法,个性化推送类,菁菱谷（深圳）技术有限公司,智慧企业服务平台(小程序)、菁菱谷(小程序)、智慧企服(网站),应用于内容推荐场景，根据企业画像和政策特性，为企业推荐匹配需求的政府政策、补贴、税收优惠、项目申报等信息。,2024-8,algorithmic service,境内互联网信息服务算法备案清单（2024年8月）.docx
中储智运精准推荐算法,个性化推送类,中储智运科技股份有限公司,中储智运货主(APP)、中储智运(APP),应用于个性化推荐服务，根据用户的偏好和历史行为，为用户提供最相关的货物、订单、运输服务和承运商等内容。,2024-8,algorithmic service,境内互联网信息服务算法备案清单（2024年8月）.docx
多剧视频猜你喜欢个性化推送类算法,个性化推送类,重庆剧迷网络科技有限公司,多剧视频(APP),应用于视频推荐场景，根据用户观看历史内容，为用户推荐可能感兴趣的剧集内容。,2024-8,algorithmic service,境内互联网信息服务算法备案清单（2024年8月）.docx
彼岸心智情绪识别模型算法,调度决策类,深圳市彼岸心智科技有限公司,彼岸心智情绪识别模型服务(其他),应用于情绪识别场景，根据心率间隙数据，对个体的情绪、压力、精力、专注力、抑郁水平以及当前的情绪状态进行定量和定性判断。,2024-8,algorithmic service,境内互联网信息服务算法备案清单（2024年8月）.docx
医院医生信息的推荐展示算法,排序精选类,福建健康之路信息技术有限公司,健康之路(APP),应用于挂号医生排序展示场景，根据用户的地理位置、挂号科室，向患者展示挂号量靠前、符合疾病诉求的医生信息。,2024-8,algorithmic service,境内互联网信息服务算法备案清单（2024年8月）.docx
易车个性化推荐算法,个性化推送类,北京易车互动广告有限公司,易车(小程序)、易车汽车报价(APP)、易车(APP),应用于个性化内容推荐服务，根据用户的浏览、点击、时长、互动等行为，从候选集中筛选用户可能感兴趣的内容。,2024-8,algorithmic service,境内互联网信息服务算法备案清单（2024年8月）.docx
易车资讯内容搜索算法,信息检索类,北京易车互动广告有限公司,易车(小程序)、易车汽车报价(APP)、易车(APP),应用于信息检索场景，根据用户输入的检索词，筛选出符合用户预期的内容。,2024-8,algorithmic service,境内互联网信息服务算法备案清单（2024年8月）.docx
保险产品个性化推荐算法,个性化推送类,元保科创（北京）科技有限公司,元保优选(小程序)、元保自营H5页面(网站)、元保优选自营H5页面(网站)、元保(小程序),应用于保险产品推荐场景，根据用户历史行为数据和用户画像，为用户推荐可能感兴趣的保险产品。,2024-8,algorithmic service,境内互联网信息服务算法备案清单（2024年8月）.docx
日迎科技短视频推荐算法,个性化推送类,北京日迎科技有限公司,锦鲤跃吉祥(小程序)、锦鲤跃寿(小程序)、打开迎好运(小程序)、锦鲤跃福年(小程序)、祝福幸福满(小程序)、乐享生活窝(小程序)、天天欢笑坊(小程序)、日迎鸿运(小程序)、福星赐福(小程序)、福气盈门(小程序)、好运如诗(小程序)、转好运来福气(小程序)、好运来福(小程序)、吉祥如意福连绵(小程序)、福泽满人间(小程序)、生活好瞬间(小程序)、舒心欢乐圈(小程序)、锦鲤送禧(小程序)、锦鲤送吉(小程序)、天天快乐行(小程序)、锦鲤送福满(小程序)、锦鲤跃瑞(小程序)、娱乐温馨窝(小程序)、福气满满送(小程序)、乐享天下行(小程序)、鸿运降临门(小程序),应用于视频推荐场景，根据用户历史观看记录、互动行为以及视频内容特征，向用户推送可能感兴趣的短视频。,2024-8,algorithmic service,境内互联网信息服务算法备案清单（2024年8月）.docx
关爱通商城商品信息推送算法,个性化推送类,中智关爱通（上海）科技股份有限公司,给到关爱商城(网站),应用于商品推荐场景，根据用户基本信息、浏览和历史消费行为数据，向用户推送可能感兴趣的商品。,2024-8,algorithmic service,境内互联网信息服务算法备案清单（2024年8月）.docx
森空岛个性化推荐算法,个性化推送类,上海鹰角探索者网络科技有限公司,森空岛(网站)、森空岛(APP),应用于个性化内容推荐服务，根据用户特征和推荐内容特征，向用户推荐户可能感兴趣的内容。,2024-8,algorithmic service,境内互联网信息服务算法备案清单（2024年8月）.docx
润桐专利个性化推送算法,个性化推送类,江苏润桐数据服务有限公司,润桐RainPat专利检索(网站),应用于个性化专利推荐服务，根据用户的搜索历史、浏览记录、兴趣偏好等信息，为用户推荐与其兴趣相关的专利信息。,2024-8,algorithmic service,境内互联网信息服务算法备案清单（2024年8月）.docx
拼便宜智能搜索大模型算法,信息检索类,杭州拼便宜网络科技有限公司,拼便宜(APP),应用于商品检索场景，通过用户提供的文本内容，筛选出符合用户预期的商品内容。,2024-8,algorithmic service,境内互联网信息服务算法备案清单（2024年8月）.docx
果胜内容安全过滤算法,内容过滤类,佛山果胜铁肩科技有限公司,果胜铁肩问政(小程序)、果胜铁肩问政(APP)、果胜铁肩问政(公众账号)、果胜问政(网站)、果胜问政搜索(小程序)、铁肩问政(小程序),应用于内容过滤场景，根据用户输入的文本、图片、音频、视频等信息，进行内容安全风险识别，发现和处置违法、违规及侵权信息。,2024-8,algorithmic service,境内互联网信息服务算法备案清单（2024年8月）.docx
赶集直招信息检索类算法,信息检索类,北京五八赶集优才信息技术有限公司,赶集直招(APP),应用于信息检索场景，根据用户输入的检索词，筛选出符合用户需求的招聘职位和招聘企业。,2024-8,algorithmic service,境内互联网信息服务算法备案清单（2024年8月）.docx
赶集直招个性化推荐类算法,个性化推送类,北京五八赶集优才信息技术有限公司,赶集直招(APP),应用于个性化职位推荐服务，根据推荐对象（物料）数据、用户基本属性数据、用户行为数据等信息，向用户推荐符合其需求和兴趣的职位。,2024-8,algorithmic service,境内互联网信息服务算法备案清单（2024年8月）.docx
香侬慧语信息检索算法,信息检索类,浙江香侬慧语科技有限责任公司,藏经阁(网站),应用于信息检索场景，根据用户输入的搜索关键词，检索出匹配用户搜索需求的结果内容。,2024-8,algorithmic service,境内互联网信息服务算法备案清单（2024年8月）.docx
东方甄选商品榜单算法,排序精选类,北京新东方迅程网络科技有限公司,东方甄选(APP),应用于商品榜单，根据平台商品的销售数据、用户行为、商品质量等数据，形成商品热销榜单。,2024-8,algorithmic service,境内互联网信息服务算法备案清单（2024年8月）.docx
阳光出行网约车智能调价算法,调度决策类,北京假日阳光环球旅行社有限公司,阳光出行(小程序)、阳光出行(APP)、阳光车主(小程序)、阳光车主(APP),用于网约车智能调价场景，根据车型、出行时间、里程等订单基础数据，通过供需关系输出当前订单价格的动调系数。,2024-8,algorithmic service,境内互联网信息服务算法备案清单（2024年8月）.docx
小猿题目批改检索过滤算法,信息检索类,广州九举科技有限公司,小猿搜题(APP)、小猿口算(APP),应用于信息检索场景，根据用户输入的习题图片，提取题目的文本信息，与题库数据库进行检索匹配。,2024-8,algorithmic service,境内互联网信息服务算法备案清单（2024年8月）.docx
淘宝排序精选算法,排序精选类,浙江淘宝网络有限公司,手机淘宝(APP),应用于榜单排序场景，根据用户对热点词的搜索规模、点击率和互动率等，对商品信息进行排序。,2024-8,algorithmic service,境内互联网信息服务算法备案清单（2024年8月）.docx
收钱吧B端广告推荐算法,个性化推送类,上海收钱吧互联网科技股份有限公司,收钱吧(APP),应用于广告推送场景，根据商户的交易记录、消费能力、用户行为等数据，为商户推送其可能感兴趣的生意周转、积分活动、游戏等广告。,2024-8,algorithmic service,境内互联网信息服务算法备案清单（2024年8月）.docx
大智慧排序精选算法,排序精选类,上海大智慧信息科技有限公司,大智慧(APP),应用于榜单排序场景，根据用户行为数据，为用户提供个性化的热门榜单信息。,2024-8,algorithmic service,境内互联网信息服务算法备案清单（2024年8月）.docx
厦门财跃个性化内容推送算法,个性化推送类,厦门财跃科技有限公司,GPT浏览器(APP),应用于个性化内容推荐服务，根据用户的访问内容和行为，为用户推荐感兴趣的图文内容。,2024-8,algorithmic service,境内互联网信息服务算法备案清单（2024年8月）.docx
深圳国信数据多边商机信息检索算法,信息检索类,深圳国信数据服务有限公司,商恋(APP),应用于信息检索场景，根据用户输入的文本，生成相应的搜索关键词，在企业工商数据中检索出匹配度较高的企业信息。,2024-8,algorithmic service,境内互联网信息服务算法备案清单（2024年8月）.docx
云上守望意图分类调度及内容检索优化算法,信息检索类,贵州云上守望科技有限公司,云上守望城市级多行业AI算力及数据服务平台(其他)、邻里守望(小程序),应用于信息检索场景，根据用户输入的诉求、需求或者任务等，检索最合适的服务内容答复给用户。,2024-8,algorithmic service,境内互联网信息服务算法备案清单（2024年8月）.docx
道奇乐网约车分单算法,调度决策类,四川道奇乐科技有限公司,飞马出行司机端(APP)、飞马出行(小程序)、飞马出行(APP),应用于网约车派单场景，根据GPS定位、乘客订单信息及司机数据信息等，实现最优的司机与乘客匹配结果。,2024-8,algorithmic service,境内互联网信息服务算法备案清单（2024年8月）.docx
讯飞医疗诊疗助理医学知识检索算法,信息检索类,讯飞医疗科技股份有限公司,诊疗助理临床辅助决策系统(APP),应用于医学知识检索场景，基于用户输入内容，提供医学知识库的检索结果。,2024-8,algorithmic service,境内互联网信息服务算法备案清单（2024年8月）.docx
三维家个性化推荐算法,个性化推送类,广东三维家信息科技有限公司,素材广场(网站),应用于个性化内容推荐服务，根据用户在使用产品时的行为信息，从信息候选池中筛选出用户可能感兴趣的内容进行推送。,2024-8,algorithmic service,境内互联网信息服务算法备案清单（2024年8月）.docx
小对象个性化推送算法,个性化推送类,深圳市乐唯科技开发有限公司,小对象(APP),应用于内容推荐场景，根据用户的性别、年龄、星座、所在地、交友宣言、心仪对象、个性标签，以及用户操作偏好等数据，向用户推荐可能喜欢的其他异性用户。,2024-8,algorithmic service,境内互联网信息服务算法备案清单（2024年8月）.docx
震坤行官网商品个性化推荐算法,个性化推送类,震坤行工业超市（上海）有限公司,震坤行官网(网站),应用于个性化商品推荐服务，根据用户历史行为数据，推荐给用户与其浏览或购买历史相似的商品。,2024-8,algorithmic service,境内互联网信息服务算法备案清单（2024年8月）.docx
工业卸船机多模态联合训练算法,调度决策类,杭州坤时自动化系统有限公司,工业卸船机多模态联合训练算法(其他),应用于货物运输领域，根据货物的性质、重量、体积和紧急程度、运输距离等因素，为货物转运过程寻找最优路径。,2024-8,algorithmic service,境内互联网信息服务算法备案清单（2024年8月）.docx
智子引擎搜帧videoS算法,信息检索类,南京智子引擎信息科技有限公司,智子·搜帧(网站),应用于视频检索场景，根据用户输入的文本内容，筛选出符合用户需求的视频。,2024-8,algorithmic service,境内互联网信息服务算法备案清单（2024年8月）.docx
Keep传媒信息推荐算法,个性化推送类,北京卡路里科技有限公司,Keep(APP),应用于个性化内容推荐服务，根据用户的历史行为和候选集内容特征，向用户推荐可能感兴趣的内容。,2024-8,algorithmic service,境内互联网信息服务算法备案清单（2024年8月）.docx
老板云千人千面个性化推荐算法,个性化推送类,天九共享网络科技集团有限公司,老板云(APP),应用于内容推荐场景，根据用户的兴趣和行为，推荐符合需求的内容链接。,2024-8,algorithmic service,境内互联网信息服务算法备案清单（2024年8月）.docx
上海钢联大宗商品价格智能预测算法,调度决策类,上海钢联电子商务股份有限公司,上海钢联EBC平台(其他),应用于价格预测场景，根据每天更新的上海钢联独有的大宗商品价格相关数据，为用户预测大宗商品价格。,2024-8,algorithmic service,境内互联网信息服务算法备案清单（2024年8月）.docx
扫描全能王AI算法,服务提供者,上海临冠数据科技有限公司,扫描全能王(APP),应用于文本生成场景，根据用户输入的图像或者文档，生成文档内容语义识别后相关问题的解答文本。,2024-2,generative ai,境内深度合成服务算法备案清单（2024年2月）.docx
元象AI虚拟试衣算法,服务提供者,深圳元象信息科技有限公司,XSellerShow(网站),应用于图像生成场景，根据用户上传的衣服平铺图，生成模特试穿效果图，实现虚拟试穿功能。,2024-2,generative ai,境内深度合成服务算法备案清单（2024年2月）.docx
Hobby智能创作生成算法,服务提供者,上海微烽科技有限公司,Hobby(APP),应用于视频编辑场景，根据用户输入的文本或视频链接，实现视频分割、视频字幕擦除、视频内容概况等功能。,2024-2,generative ai,境内深度合成服务算法备案清单（2024年2月）.docx
极简智能生成合成算法,服务提供者,定州市轻云网络科技工作室,极简智能王(网站),应用于对话生成场景，根据用户输入的文本数据，结合上下文信息，实现文本写作、问答生成功能。,2024-2,generative ai,境内深度合成服务算法备案清单（2024年2月）.docx
vivoAI绘画算法,服务提供者,维沃移动通信有限公司,vivo Flip机型外屏应用：灵感空间(APP),应用于图像生成场景，根据用户输入文本，基于文生图跨模态图像生成技术，生成符合用户文字描述的图像。,2024-2,generative ai,境内深度合成服务算法备案清单（2024年2月）.docx
TCL智能问答内容生成算法,服务提供者,深圳TCL新技术有限公司,TCL+ (APP),应用于对话生成场景，根据用户输入的文本内容，提取相关产品特征信息，生成产品说明和功能使用指导文本内容。,2024-2,generative ai,境内深度合成服务算法备案清单（2024年2月）.docx
网易元气生成合成算法,服务提供者,杭州网易元气科技有限公司,网易LOFTER(APP),应用于对话生成场景，根据用户输入的文本信息与角色人设信息，生成符合用户需求的文本回复。,2024-2,generative ai,境内深度合成服务算法备案清单（2024年2月）.docx
红棉小冰文本生成算法,服务技术支持者,北京红棉小冰科技有限公司,--,应用于文本生成场景，服务于企业端客户，根据用户输入的文本提取用户意图，查询知识库或规则库，提供文本生成、问答对话生成、文本摘要生成、评论生成、诗歌生成等功能。,2024-2,generative ai,境内深度合成服务算法备案清单（2024年2月）.docx
vivo蓝心大模型算法,服务提供者,维沃移动通信有限公司,小v助手(APP)、千询(APP),应用于智能对话场景，根据用户输入的文本指令，识别用户意图，输出相应文本内容，为用户提供文本生成、信息抽取、文本改写、阅读理解、文本摘要、翻译、写作能力、代码编写等功能。,2024-2,generative ai,境内深度合成服务算法备案清单（2024年2月）.docx
什么值得买文本生成算法,服务提供者,北京值得买科技股份有限公司,什么值得买(APP),应用于文本生成场景，根据用户输入的文本和商品信息，输出推荐商品和购买建议。,2024-2,generative ai,境内深度合成服务算法备案清单（2024年2月）.docx
好未来神秀智能虚拟人视频生成应用算法,服务提供者,好未来学而思教育科技（北京）有限公司,神秀虚拟人(网站),应用于虚拟人视频生成场景，基于用户提供的图像、音频、视频等信息，为用户提供个性化定制的 3D虚拟人，生成具有嘴唇同步效果的口播短视频。,2024-2,generative ai,境内深度合成服务算法备案清单（2024年2月）.docx
唯品会虚拟试衣算法,服务提供者,广州唯品会电子商务有限公司,唯品会(APP),应用于图像合成场景，根据用户输入的图像或模特二维数据，结合用户选择的服装图像，生成二维模特着装效果图，提供用户在线上实时选装、换装和查看试衣效果的功能。,2024-2,generative ai,境内深度合成服务算法备案清单（2024年2月）.docx
AiUU文本生成算法,服务提供者,成都管家婆云科技有限公司,AiUU聊天机器人软件(网站)、AiUU聊天机器人软件(APP),应用于文本生成场景，根据用户输入的文本数据，结合上下文，输出文本回复，实现文本生成、摘要、翻译、问答等功能。,2024-2,generative ai,境内深度合成服务算法备案清单（2024年2月）.docx
同花顺HithinkGPT大模型算法,服务提供者,浙江同花顺网络科技有限公司,同花顺i问财(APP)、快查(APP)、同花顺期货通(APP)、同花顺问财(网站)、同花顺期货通PC版(APP)、同花顺股票开户(APP)、同花顺iFinD(APP)、快查应用(小程序)、同花顺证券宝(APP)、法智(网站)、i问财至尊版(APP)、法智(APP)、接听宝电话助理(APP)、同花顺模拟炒股(APP),应用于文本生成场景，根据用户输入的文本信息，生成符合用户需求的文本内容。,2024-2,generative ai,境内深度合成服务算法备案清单（2024年2月）.docx
合同解读生成算法,服务提供者,杭州尚尚签网络科技有限公司,上上签电子签约云平台智能签约助手Hubble（哈勃）(网站),应用于对话生成场景，根据用户上传的合同文档和输入的提问文本，输出对应的合同文本回复。,2024-2,generative ai,境内深度合成服务算法备案清单（2024年2月）.docx
幻颜AI视频合成算法,服务提供者,上海易互网络科技有限公司,幻颜(APP),应用于人脸融合视频生成场景，根据用户上传的照片，结合预设视频模板，生成用户外貌特征与指定模板融合的视频。,2024-2,generative ai,境内深度合成服务算法备案清单（2024年2月）.docx
量子探险-长文合成算法,服务提供者,南京海豚元沣大数据科技有限公司,量子探险(APP),应用于文本生成场景，根据用户输入的文章主题，生成符合主题的长文本内容，实现小说创作、教材编写、论文撰写、商业分析报告或市场调查报告等长文本生成功能。,2024-2,generative ai,境内深度合成服务算法备案清单（2024年2月）.docx
星环无涯金融大模型算法,服务技术支持者,星环信息科技（上海）股份有限公司,--,应用于对话生成场景，服务于企业端客户，根据用户输入的文本内容，输出金融领域相关文本回复，实现财报资讯分析、金融政策法律分析等功能。,2024-2,generative ai,境内深度合成服务算法备案清单（2024年2月）.docx
iGen用户图像生成算法,服务提供者,二木教育科技（深圳）有限公司,iGen(APP),应用于图像生成场景，根据用户输入的图像或文本描述，生成与用户选择的风格和应用场景相对应的图像。,2024-2,generative ai,境内深度合成服务算法备案清单（2024年2月）.docx
扫描全能王文字识别算法,服务提供者,上海临冠数据科技有限公司,扫描全能王(APP),应用于文本生成场景，根据用户扫描上传的文档图像，提取图像中的文本内容，输出txt/word/excel等格式文档。,2024-2,generative ai,境内深度合成服务算法备案清单（2024年2月）.docx
名片全能王文字识别算法,服务提供者,上海合合信息科技股份有限公司,名片全能王(APP),应用于文本生成场景，根据用户拍摄上传的名片图像，提取图像中的文本信息，并以电子文档的形式转存到手机上。,2024-2,generative ai,境内深度合成服务算法备案清单（2024年2月）.docx
片羽图像生成算法,服务提供者,北京奇点星宇科技有限公司,哩布哩布AI网站(网站)、哩布哩布AI设计工具(网站),应用于图像生成场景，根据用户输入的图像或文本描述，生成与输入语义信息一致的图像。,2024-2,generative ai,境内深度合成服务算法备案清单（2024年2月）.docx
Lensung-LM文本生成算法,服务技术支持者,杭州邻商网络科技股份有限公司,--,应用于文本生成场景，服务于企业端客户，根据调用方输入的文本和用户的业务选择，自动生成符合用户需求的文本内容。,2024-2,generative ai,境内深度合成服务算法备案清单（2024年2月）.docx
月光语言模型合成算法,服务提供者,杭州城里月光科技有限公司,月光懂你(APP),应用于文本生成场景，根据用户输入的短视频主题、类型和文本描述，生成短视频脚本。,2024-2,generative ai,境内深度合成服务算法备案清单（2024年2月）.docx
月光图片合成算法,服务提供者,杭州城里月光科技有限公司,月光懂你(APP),应用于图像生成场景，根据用户输入的文本描述，生成与用户意愿相近的图像。,2024-2,generative ai,境内深度合成服务算法备案清单（2024年2月）.docx
月光音频合成算法,服务提供者,杭州城里月光科技有限公司,月光懂你(APP),应用于音频生成场景，根据用户音乐或音效的文本描述内容，生成相应的音乐或声音，为短视频制作过程提供音乐或音效素材。,2024-2,generative ai,境内深度合成服务算法备案清单（2024年2月）.docx
摩尔线程多摩态大模型算法,服务技术支持者,北京摩笔生成科技有限公司,--,应用于对话生成场景，服务于企业端客户，根据用户输入的文本描述或图像，生成文本回复，提供文案写作、内容创作、报告生成、翻译等功能。,2024-2,generative ai,境内深度合成服务算法备案清单（2024年2月）.docx
摩尔线程图像生成算法,服务技术支持者,北京摩笔生成科技有限公司,--,应用于图像生成场景，服务于企业端客户，根据用户输入的文本或图像，生成相应的图像，提供图像生成、图像编辑、风格转换等功能。,2024-2,generative ai,境内深度合成服务算法备案清单（2024年2月）.docx
39健康医疗内容生成算法,服务提供者,贵阳朗玛信息技术股份有限公司,39AI全科医生(小程序)、39AI全科医生(APP)、39AI全科医生(网站),应用于对话生成场景，根据用户输入的问题文本，生成医学相关文本答案，为用户提供医学咨询、疾病解释、治疗建议等信息。,2024-2,generative ai,境内深度合成服务算法备案清单（2024年2月）.docx
顺网灵悉文本生成算法,服务提供者,杭州顺网科技股份有限公司,顺网灵悉SAGA客户端(APP),应用于文本生成场景，根据用户输入的文本信息，结合虚拟人人设信息，生成符合用户要求且符合虚拟人人设的文本回答。,2024-2,generative ai,境内深度合成服务算法备案清单（2024年2月）.docx
摩笔马良图像生成算法,服务提供者,北京摩笔生成科技有限公司,摩笔马良(小程序)、摩笔马良(网站),应用于图像生成场景，根据用户输入的文本或图像，生成相应的图像，提供图像生成、图像编辑、风格转换等功能。,2024-2,generative ai,境内深度合成服务算法备案清单（2024年2月）.docx
AI恋人文本信息合成算法,服务提供者,深圳市果酱时代科技有限公司,AI恋人(APP),应用于对话生成场景，根据用户输入的文本指令，结合用户历史对话数据，生成符合用户指令要求的文本回复。,2024-2,generative ai,境内深度合成服务算法备案清单（2024年2月）.docx
原子回声原子大模型算法,服务提供者,北京原子回声智能科技有限公司,原子回声(网站)、原子派(网站),应用于对话生成场景，根据用户输入的文本，生成文本答案，提供文本生成、文本对话、知识问答等功能。,2024-2,generative ai,境内深度合成服务算法备案清单（2024年2月）.docx
图普AI图像生成合成算法,服务提供者,图普科技（广州）有限公司,图普口播数字人(小程序)、悦目相机(小程序)、漫转推文(小程序),应用于图像、视频生成场景，根据用户输入的文本或图像，生成匹配输入文本或具有输入图像生物特征的图像或视频。,2024-2,generative ai,境内深度合成服务算法备案清单（2024年2月）.docx
美图数字人驱动算法2,服务技术支持者,厦门鸿天创视科技有限公司,--,应用于数字人视频生成场景，服务于企业端客户，根据输入的文本及人像图像或视频，生成数字人形象的视频。,2024-2,generative ai,境内深度合成服务算法备案清单（2024年2月）.docx
快音音色提取和歌声合成算法,服务提供者,成都开心音符科技有限公司,快音AI写歌(小程序)、快音(APP),应用于音频生成场景，根据用户录音数据，提取用户音色特征，生成与用户音色一致的歌声，制作歌曲。,2024-2,generative ai,境内深度合成服务算法备案清单（2024年2月）.docx
京东文生图模型算法,服务技术支持者,京东科技信息技术有限公司,--,应用于文生图场景，服务于企业端客户，根据用户输入的文本、图像，生成符合用户需求的图像。,2024-2,generative ai,境内深度合成服务算法备案清单（2024年2月）.docx
万兴虚拟播报生成算法,服务提供者,万兴科技（湖南）有限公司,万兴播爆(APP)、万兴播爆(网站),应用于虚拟数字人场景，根据用户输入的音频内容，生成符合用户需求的数字人视频。,2024-2,generative ai,境内深度合成服务算法备案清单（2024年2月）.docx
快音歌曲生成算法,服务提供者,成都开心音符科技有限公司,快音AI写歌(小程序)、快音(APP),应用于音频生成场景，根据用户输入的歌曲主题、关键词等文本信息，生成歌曲旋律、伴奏和歌词，用于制作歌曲。,2024-2,generative ai,境内深度合成服务算法备案清单（2024年2月）.docx
倩言对话生成算法,服务提供者,上海倩言网络科技有限公司,西语助手(APP)、欧路词典(APP)、德语助手(APP)、法语助手(APP),应用于智能对话场景，在用户选定的对话场景，根据用户输入的文本内容，生成符合用户需求的回答。,2024-2,generative ai,境内深度合成服务算法备案清单（2024年2月）.docx
欧路机器翻译生成算法,服务提供者,上海倩言网络科技有限公司,欧路词典(网站)、德语助手(网站)、西语助手(网站)、法语助手(网站),应用于机器翻译场景，根据用户输入的待翻译文本，生成指定目标语种（中文、英语、德语、法语、西班牙语）的翻译内容。,2024-2,generative ai,境内深度合成服务算法备案清单（2024年2月）.docx
倩言文本生成算法,服务提供者,上海倩言网络科技有限公司,西语助手(APP)、欧路词典(APP)、德语助手(APP)、法语助手(APP),应用于文本生成场景，对用户输入的文本进行改写，在保持与原文本语义一致的情况下，进行同语种（英语、德语、法语、西班牙语）单词替换及句子结构修改。,2024-2,generative ai,境内深度合成服务算法备案清单（2024年2月）.docx
倩言助记短文生成算法,服务提供者,上海倩言网络科技有限公司,西语助手(APP)、欧路词典(APP)、德语助手(APP)、法语助手(APP),应用于文本生成场景，根据输入的单词，生成包含单词的对应语种（英语、德语、法语、西班牙语）的故事。,2024-2,generative ai,境内深度合成服务算法备案清单（2024年2月）.docx
格子互动大饼语音合成类算法,服务技术支持者,上海格子互动信息技术有限公司,--,应用于音频生成场景，服务于企业端客户，基于用户输入的音频数据，生成具有指定音色特征的音频。,2024-2,generative ai,境内深度合成服务算法备案清单（2024年2月）.docx
博看大型语言模型问答算法,服务提供者,武汉鼎森电子科技有限公司,博看LLM智能参考咨询应用(网站),应用于智能对话场景，根据用户输入的文本信息，生成符合用户需求的文本回复。,2024-2,generative ai,境内深度合成服务算法备案清单（2024年2月）.docx
同程旅行程心深度合成算法,服务提供者,同程网络科技股份有限公司,同程旅行(APP),应用于智能对话场景，根据用户输入的文本信息，生成符合用户需求的文本回复。,2024-2,generative ai,境内深度合成服务算法备案清单（2024年2月）.docx
大智慧生成合成算法,服务提供者,上海大智慧信息科技有限公司,大智慧(APP),应用于文本生成场景，基于用户输入的文本数据，实现文本的自动摘要、问答对话生成等功能。,2024-2,generative ai,境内深度合成服务算法备案清单（2024年2月）.docx
蛋挞AI图像生成算法,服务提供者,广州咪爪网络科技有限公司,蛋挞AI(网站),应用于图像生成场景，根据用户输入的文本、图像信息，生成符合用户需求的图像。,2024-2,generative ai,境内深度合成服务算法备案清单（2024年2月）.docx
小鱼AI文案生成算法,服务提供者,广州万之禾科技有限公司,小鱼AI写作(网站),应用于文本生成场景，基于用户选择的预设模板和输入的文本数据，生成符合用户需求的文本内容。,2024-2,generative ai,境内深度合成服务算法备案清单（2024年2月）.docx
右脑多模态图像视频合成算法,服务提供者,北京右脑科技有限公司,Vega AI 创作平台(网站)、Vega AI 创作平台(小程序),应用于图像、视频生成场景，根据用户输入的文本、图像、视频，生成符合用户需求的图像、视频内容，实现图像生成、图像编辑、视频风格转换等功能。,2024-2,generative ai,境内深度合成服务算法备案清单（2024年2月）.docx
TCL智能助手算法,服务提供者,深圳TCL新技术有限公司,TCL+(APP),应用于智能对话场景，根据用户输入的文本信息，生成符合用户需求的文本回复，提供家电产品说明和功能使用指导。,2024-2,generative ai,境内深度合成服务算法备案清单（2024年2月）.docx
逗逗AI伙伴攻略合成算法,服务提供者,北京心影随形科技有限公司,逗逗游戏伙伴(APP),应用于对话生成场景，根据用户输入的文本或声音指令，结合用户正在玩的游戏，生成语音回复。,2024-2,generative ai,境内深度合成服务算法备案清单（2024年2月）.docx
智谱多模态通用文生图算法,服务提供者,北京智谱华章科技有限公司,智谱清言(APP)、智谱清言(网站)、智谱清言(小程序),应用于图像生成场景，根据用户输入的文本，或输入的图像与文本描述，生成与用户指令相符的图像。,2024-2,generative ai,境内深度合成服务算法备案清单（2024年2月）.docx
网幂科技语音合成类算法,服务提供者,武汉网幂科技有限公司,视频裁剪大师(APP)、变声器软件(APP)、音频剪辑(APP)、视频剪辑工厂(APP)、视频剪辑(APP)、变声器大师(APP)、视频剪辑编辑(APP)、音频音乐剪辑(APP)、音频裁剪大师(APP)、变声器(APP),应用于语音生成场景，基于百度云、腾讯云、阿里云语音技术平台提供的语音识别、语音合成算法，根据用户输入的文字或音频文件，生成相应的音频文件。,2024-2,generative ai,境内深度合成服务算法备案清单（2024年2月）.docx
网幂科技图像内容生成算法,服务提供者,武汉网幂科技有限公司,AI艺术家(APP)、AI 作画画家(APP)、AI 绘画画家(APP)、AI 绘画(APP),应用于图像生成场景，基于百度文生图内容生成算法，根据用户输入的文本或图像，生成与输入文本语义一致的图像。,2024-2,generative ai,境内深度合成服务算法备案清单（2024年2月）.docx
超星大模型文本生成算法,服务技术支持者,北京世纪超星信息技术发展有限责任公司,--,应用于文本生成场景，服务于企业端客户，根据用户输入的文本内容，结合历史对话数据，生成符合要求的文本结果。,2024-2,generative ai,境内深度合成服务算法备案清单（2024年2月）.docx
超星大模型文本生成算法-1,服务提供者,北京世纪超星信息技术发展有限责任公司,超星AI网站(网站)、学习通(APP),应用于文本生成场景，根据用户输入的文本内容，结合历史对话数据，生成符合要求的文本结果。,2024-2,generative ai,境内深度合成服务算法备案清单（2024年2月）.docx
晓多智能客服文本生成算法,服务提供者,成都晓多科技有限公司,晓多智能客服2.0系统(网站),应用于智能客服场景，根据用户输入的文本，识别用户问题和意图，生成回复话术。,2024-2,generative ai,境内深度合成服务算法备案清单（2024年2月）.docx
聆心CharacterChat生成算法,服务提供者,北京聆心智能科技有限公司,AiU(APP),应用于对话生成场景，根据用户输入的文本，生成回复文本。,2024-2,generative ai,境内深度合成服务算法备案清单（2024年2月）.docx
觅云图像生成算法,服务提供者,苏州觅云网络科技有限公司,AI魔法头像(APP),应用于图像生成场景，根据用户输入的文字描述和引导图像，生成满足用户需求的具有特定属性或风格的图像。,2024-2,generative ai,境内深度合成服务算法备案清单（2024年2月）.docx
运满满智能助理生成合成算法,服务提供者,江苏满运软件科技有限公司,运满满货主(APP)、运满满司机(APP),应用于对话生成场景，根据司机用户输入的文本，基于货主预先录入的货源信息生成回复文本。,2024-2,generative ai,境内深度合成服务算法备案清单（2024年2月）.docx
李未可大模型算法,服务提供者,杭州李未可科技有限公司,李未可AI(APP)、李未可AI(小程序)、李未可GO(APP),应用于对话生成场景，根据用户输入的问题描述，生成相关的回答和解决方案。,2024-2,generative ai,境内深度合成服务算法备案清单（2024年2月）.docx
群核AI图像生成算法,服务提供者,杭州群核信息技术有限公司,酷家乐AI小程序(小程序)、酷家乐AI网站(网站),应用于图像生成场景，根据用户输入的参考图像和文本标签，生成与文本、参考图一致的图像。,2024-2,generative ai,境内深度合成服务算法备案清单（2024年2月）.docx
海艺AI绘画合成算法,服务技术支持者,成都海艺互娱科技有限公司,--,应用于图像生成场景，服务于企业端客户，根据用户输入的文本和图像，生成相关的图像，提供图像生成、风格转换功能。,2024-2,generative ai,境内深度合成服务算法备案清单（2024年2月）.docx
海艺AI图像合成算法,服务提供者,成都海艺互娱科技有限公司,海艺AI图像(网站),应用于图像生成场景，根据用户输入的文本和图像，生成相关的图像，提供图像生成、风格转换功能。,2024-2,generative ai,境内深度合成服务算法备案清单（2024年2月）.docx
WeShop电商商拍图片生成合成算法,服务提供者,杭州时趣信息技术有限公司,weshop(网站),应用于图像生成场景，根据用户输入的原始商品图像和生成效果需求，生成符合客户需求的商品图像。,2024-2,generative ai,境内深度合成服务算法备案清单（2024年2月）.docx
AIQ事事通文本生成算法,服务提供者,广州十八号信息科技有限公司,AIQ报告生成助手(网站)、AIQ报告生成助手(APP)、智能AIQ(小程序)、AIQ报告生成助手(小程序),应用于文本生成场景，根据用户输入的文本数据，生成符合用户需求的文本内容。,2024-2,generative ai,境内深度合成服务算法备案清单（2024年2月）.docx
创作猫文本生成合成算法,服务提供者,北京主语空间文化发展有限公司,创作猫(APP),应用于文本生成场景，根据用户输入的文本数据，生成符合用户需求的文本内容。,2024-2,generative ai,境内深度合成服务算法备案清单（2024年2月）.docx
乐知合成图片算法,服务提供者,南京市乐知信息技术有限公司,图趣AI(APP),应用于图像和文本生成场景，根据用户输入的文本数据，生成符合文本描述的图像内容；根据用户输入的图像数据，生成图像对应的文字描述。,2024-2,generative ai,境内深度合成服务算法备案清单（2024年2月）.docx
ChatbotAI生成合成算法,服务提供者,广州玛塔网络有限公司,Chatbot AI(APP)、Chatbot AI(网站),应用于文本生成场景，根据用户输入的文本数据，生成符合用户需求的文本内容。,2024-2,generative ai,境内深度合成服务算法备案清单（2024年2月）.docx
语鲸大模型文本生成算法,服务提供者,北京深言科技有限责任公司,DeepChat(网站),应用于文本生成场景，根据用户输入的文本数据，生成符合用户需求的文本内容。,2024-2,generative ai,境内深度合成服务算法备案清单（2024年2月）.docx
网易伏羲三维场景重建算法,服务技术支持者,网易（杭州）网络有限公司,--,应用于三维场景重建场景，服务于企业端客户，根据用户输入的图像或视频，生成对应的三维网格模型。,2024-2,generative ai,境内深度合成服务算法备案清单（2024年2月）.docx
靠谱大模型算法,服务提供者,北京靠谱前程智能科技有限公司,靠谱AI(APP)、靠谱AI(网站),应用于文本和图像生成场景，根据用户输入的文本数据，生成符合用户需求的文本或图像内容。,2024-2,generative ai,境内深度合成服务算法备案清单（2024年2月）.docx
呼波特生成式大语言模型算法,服务提供者,厦门呼波特人工智能科技有限公司,AI智能聊天(网站),应用于文本生成场景，根据用户输入的文本数据，生成符合用户需求的文本内容。,2024-2,generative ai,境内深度合成服务算法备案清单（2024年2月）.docx
领航者智能资源位生成算法,服务技术支持者,京东科技信息技术有限公司,--,应用于图像生成场景，服务于企业端客户，根据用户输入的文本和图像数据，生成符合用户需求营销资源位图像。,2024-2,generative ai,境内深度合成服务算法备案清单（2024年2月）.docx
查几生成合成算法,服务提供者,深圳万物语灵科技有限公司,火灵(APP)、领主世界(APP)、Harsanyi(APP)、查几（APP）(APP)、小灵光(APP)、领主(APP)、小灵(APP)、查几AI(APP)、零族(APP)、翻猪(APP)、元光体(APP),应用于对话生成场景，根据用户提供的问题描述，生成相应的文本或图像。,2024-2,generative ai,境内深度合成服务算法备案清单（2024年2月）.docx
语鲸大模型文本生成服务算法,服务技术支持者,北京深言科技有限责任公司,--,应用于文本生成场景，服务于企业端客户，根据用户输入的文本内容，生成相应文本，提供问答对话、摘要生成、机器翻译和代码编写等功能。,2024-2,generative ai,境内深度合成服务算法备案清单（2024年2月）.docx
况客Agent生成合成算法,服务提供者,况客科技（北京）有限公司,FOF Pro(网站)、FOF Pro(小程序)、FOF Pro(APP),应用于对话生成场景，根据用户输入的问题描述，生成有关基金及其行业和概念等方面的答案。,2024-2,generative ai,境内深度合成服务算法备案清单（2024年2月）.docx
点真AI智能对话算法,服务提供者,点真互联网科技（上海）有限公司,点真星球(APP),应用于对话生成场景，根据用户输入的文本，生成相应的文本回复。,2024-2,generative ai,境内深度合成服务算法备案清单（2024年2月）.docx
高顿智能答疑算法,服务提供者,上海高顿教育科技有限公司,高顿(APP),应用于对话生成场景，根据用户输入的问题描述，生成相关的回答。,2024-2,generative ai,境内深度合成服务算法备案清单（2024年2月）.docx
火龙果写作生成合成算法,服务提供者,北京香侬慧语科技有限责任公司,火龙果写作(APP),应用于文本生成场景，根据用户输入的文字描述，生成相应文本，实现文章写作、改写、翻译等功能。,2024-2,generative ai,境内深度合成服务算法备案清单（2024年2月）.docx
小in大模型算法,服务提供者,上海星云爱店科技有限公司,万能小in(APP)、万能小in(网站),应用于对话生成场景，根据用户输入的问题和需求，生成相应的回答和建议。,2024-2,generative ai,境内深度合成服务算法备案清单（2024年2月）.docx
开面者生成合成算法,服务提供者,上海开面科技有限公司,开面(小程序),应用于对话生成场景，根据用户输入的文本，生成相应的回复文本。,2024-2,generative ai,境内深度合成服务算法备案清单（2024年2月）.docx
启信宝企业信息查询合成算法,服务提供者,上海生腾数据科技有限公司,启信宝(APP),应用于对话生成场景，根据用户输入的问题，从企业信息数据中提取相关联的内容，生成相应的文本回复。,2024-2,generative ai,境内深度合成服务算法备案清单（2024年2月）.docx
妙语生画文生图算法,服务提供者,深圳市光波跃动智能科技有限公司,妙语生画(网站)、天鹅相机(小程序),应用于图像生成场景，根据用户输入的文本描述，生成符合要求的人物海报图像。,2024-2,generative ai,境内深度合成服务算法备案清单（2024年2月）.docx
妙语生画图片处理算法,服务提供者,深圳市光波跃动智能科技有限公司,妙语生画(网站)、天鹅相机(小程序),应用于图像生成场景，根据用户输入的图像，生成相似图像或局部调整处理的图像。,2024-2,generative ai,境内深度合成服务算法备案清单（2024年2月）.docx
猫猴子变声器变声算法,服务提供者,固始县猫猴子科技有限责任公司,一秒语音包变声器(APP),应用于变声场景，将用户录制的原始语音转化合成为特征不同的语音，从而实现变声效果。,2024-2,generative ai,境内深度合成服务算法备案清单（2024年2月）.docx
漫城视觉合成算法,服务技术支持者,深圳市漫城科技开发有限公司,--,应用于图像或视频生成场景，服务于企业端客户，根据用户输入的图像，生成相应的图像或视频，实现图像生成、风格转化和面部替换等功能。,2024-2,generative ai,境内深度合成服务算法备案清单（2024年2月）.docx
星檬巧变AI生成合成算法,服务提供者,广州星檬网络科技有限公司,巧变AI(APP)、巧变AI(网站),应用于对话生成场景，根据用户输入的文字描述，生成绘画图像或文字回复。,2024-2,generative ai,境内深度合成服务算法备案清单（2024年2月）.docx
心元大模型文本生成算法,服务提供者,北京力拓飞远科技有限公司,测测(APP),应用于文本生成场景，根据用户输入的文本内容，生成符合用户需求的文本内容。,2024-2,generative ai,境内深度合成服务算法备案清单（2024年2月）.docx
好赞AI换脸生成合成算法,服务提供者,徐州市好赞网络科技有限公司,魅脸(小程序)、魅脸(APP),应用于视频生成场景，根据用户上传的人脸图像，替换系统预设视频素材模板中的人脸，生成新的视频。,2024-2,generative ai,境内深度合成服务算法备案清单（2024年2月）.docx
掌上远景人脸融合算法,服务提供者,深圳市掌上远景科技有限公司,视频换脸秀(APP),应用于图像生成场景，根据用户上传的照片和选择预设人脸融合模板，生成人脸面貌特征融合的图像。,2024-2,generative ai,境内深度合成服务算法备案清单（2024年2月）.docx
一横Qai智能助手生成合成算法,服务提供者,广州加预算网络科技有限公司,DeepAI智能助手(网站)、DeepAI智能助手(APP),应用于文本和图像生成场景，根据用户输入的文本数据，生成符合用户需求的文本或图像内容。,2024-2,generative ai,境内深度合成服务算法备案清单（2024年2月）.docx
相芯人像美化与特效算法,服务技术支持者,杭州相芯科技有限公司,--,应用于图像和视频生成场景，服务于企业端客户，根据用户输入的图像或视频数据，生成美化后的图像或视频内容。,2024-2,generative ai,境内深度合成服务算法备案清单（2024年2月）.docx
锐尼科-基于大模型的知识库问答算法,服务技术支持者,北京杰谱特智能科技有限公司,--,应用于文本生成场景，服务于企业端客户，根据用户输入的文本数据，生成符合用户需求的文本内容。,2024-2,generative ai,境内深度合成服务算法备案清单（2024年2月）.docx
快秘书生成合成算法,服务提供者,深圳波特时空科技有限公司,快秘书(APP),应用于对话生成场景，根据用户提供的问题描述，生成相应的文本或图像。,2024-2,generative ai,境内深度合成服务算法备案清单（2024年2月）.docx
乐知视频人脸融合算法,服务提供者,南京市乐知信息技术有限公司,照片时光机(APP),应用于视频生成场景，根据用户上传的人脸图像，将输入的人脸图像的特征转移到模板视频中的特定角色上。,2024-2,generative ai,境内深度合成服务算法备案清单（2024年2月）.docx
捏Ta图像漫画生成算法,服务提供者,看见概念（上海）智能科技有限公司,捏Ta(网站)、捏Ta(小程序),应用于图像生成场景，根据用户的文字描述，生成漫画图像。,2024-2,generative ai,境内深度合成服务算法备案清单（2024年2月）.docx
创作猫文案成片合成视频算法,服务提供者,北京主语空间文化发展有限公司,创作猫(APP),应用于视频生成场景，将用户输入的文案与相应的视频素材进行融合，生成符合用户需求的视频。,2024-2,generative ai,境内深度合成服务算法备案清单（2024年2月）.docx
全民秀场视频换脸算法,服务提供者,深圳有元人文化科技有限责任公司,全民秀场(APP),应用于视频生成场景，根据用户上传的照片和选择的视频模板，提取照片中的人脸特征替换视频模板中的人脸后合成视频。,2024-2,generative ai,境内深度合成服务算法备案清单（2024年2月）.docx
全民秀场视频生成合成算法,服务提供者,深圳有元人文化科技有限责任公司,全民秀场(APP),应用于视频生成场景，根据用户输入的视频，将目标视频的风格特征应用到原始视频上，生成具有特定风格的合成视频。,2024-2,generative ai,境内深度合成服务算法备案清单（2024年2月）.docx
全民秀场绘图生成合成算法,服务提供者,深圳有元人文化科技有限责任公司,全民秀场(APP),应用于图像生成场景，根据用户输入的描述词，生成对应风格的图像。,2024-2,generative ai,境内深度合成服务算法备案清单（2024年2月）.docx
群星闪耀面试场景合成算法,服务提供者,北京群星闪耀科技有限公司,AI智面(小程序),应用于视频生成场景，根据用户输入的视频和语音，与虚拟 3D 场景融合，生成虚拟面试情景视频。,2024-2,generative ai,境内深度合成服务算法备案清单（2024年2月）.docx
华为云MetaStudio数字人视觉驱动算法,服务技术支持者,华为云计算技术有限公司,--,应用于数字人合成场景，服务于企业端客户，根据用户输入的单人表演视频，生成数字人视频。,2024-2,generative ai,境内深度合成服务算法备案清单（2024年2月）.docx
左医医疗大模型算法,服务提供者,北京左医科技有限公司,左医GPT(网站),应用于对话生成场景，根据用户输入的问题描述，生成有关医学知识领域的答复。,2024-2,generative ai,境内深度合成服务算法备案清单（2024年2月）.docx
开拓寰宇虚拟世界人物生成合成算法,服务提供者,上海开拓寰宇技术开发有限公司,虚拟世界(APP),应用于虚拟人生成场景，根据用户输入的人物照片，输出与其面部特征对应的虚拟人物。,2024-2,generative ai,境内深度合成服务算法备案清单（2024年2月）.docx
Tiamat跨模态映射文字生成图片算法,服务提供者,榷识数字科技（上海）有限公司,Tiamat(网站),应用于图像生成场景，根据用户输入的文字描述或提示词和底图，生成相应的图像。,2024-2,generative ai,境内深度合成服务算法备案清单（2024年2月）.docx
香香AI照相馆合成算法,服务提供者,广州华数云计算有限公司,Chat中文(网站),应用于图片、视频生成场景，根据用户上传的照片，将人脸特征与系统内置图片、视频模板融合，生成用户定制化的照片或视频。,2024-2,generative ai,境内深度合成服务算法备案清单（2024年2月）.docx
青藤之恋智能客服算法,服务提供者,武汉荟友网络科技有限公司,青藤之恋(APP),应用于对话生成场景，根据用户输入的文本内容，生成对话文本回复。,2024-2,generative ai,境内深度合成服务算法备案清单（2024年2月）.docx
智谱代码生成算法,服务技术支持者,北京智谱华章科技有限公司,--,应用于代码生成场景，服务于企业端客户，根据用户在编辑界面输入的代码上文和下文，生成建议补充的代码。,2024-2,generative ai,境内深度合成服务算法备案清单（2024年2月）.docx
创作猫视频生成合成算法,服务提供者,北京主语空间文化发展有限公司,创作猫(APP),应用于视频生成场景，根据用户上传含有人脸的视频或照片，将提取到的人脸特征与目标人脸特征进行融合，生成符合用户需求的视频。,2024-2,generative ai,境内深度合成服务算法备案清单（2024年2月）.docx
创作猫绘图生成合成算法,服务提供者,北京主语空间文化发展有限公司,创作猫(APP),应用于图像生成场景，根据用户输入的文本描述、参数设置或上传的参考图像，生成符合用户需求的图像。,2024-2,generative ai,境内深度合成服务算法备案清单（2024年2月）.docx
漫城人脸融合算法,服务提供者,深圳市漫城科技开发有限公司,开心拍(APP)、乐影(APP)、趣拍(APP)、微糖相机(APP),应用于人脸图像、视频生成场景，将用户上传的照片与特定模板进行面部融合，生成融合后的人脸图像、视频。,2024-2,generative ai,境内深度合成服务算法备案清单（2024年2月）.docx
华为云MetaStudio分身数字人驱动算法,服务技术支持者,华为云计算技术有限公司,--,应用于虚拟人物视频生成场景，服务于企业端客户，根据输入的真人视频和音频，生成数字人形象的播报视频。,2024-2,generative ai,境内深度合成服务算法备案清单（2024年2月）.docx
全民秀场图片合成算法,服务提供者,深圳有元人文化科技有限责任公司,全民秀场(APP),应用于图像生成场景，根据用户上传的图像及选择的风格图像模板，生成具有所选风格的新图像。,2024-2,generative ai,境内深度合成服务算法备案清单（2024年2月）.docx
开拓寰宇虚拟世界虚拟场景生成合成算法,服务提供者,上海开拓寰宇技术开发有限公司,虚拟世界(APP),应用于生成虚拟场景，根据输入的文本、图像、音频数据，生成虚拟场景。,2024-2,generative ai,境内深度合成服务算法备案清单（2024年2月）.docx
网易光启文本生成算法,服务技术支持者,广州博冠信息科技有限公司,--,应用于游戏垂直领域的文本生成场景，服务于企业端客户，根据用户输入的文本数据，生成符合用户需求的文本内容。,2024-2,generative ai,境内深度合成服务算法备案清单（2024年2月）.docx
小冰数字人合成算法,服务提供者,北京红棉小冰科技有限公司,数字人直播(网站)、数字员工企业版(网站)、数字互动名片(小程序)、数字员工(APP),应用于虚拟人生成场景，根据用户输入的文本、指令、语音，生成虚拟人视频。,2024-2,generative ai,境内深度合成服务算法备案清单（2024年2月）.docx
小冰歌声合成服务算法,服务技术支持者,北京红棉小冰科技有限公司,--,应用于音乐生成场景，服务于企业端客户，根据用户输入的音符和歌词，生成相应的歌声音频数据。,2024-2,generative ai,境内深度合成服务算法备案清单（2024年2月）.docx
完美世界智能角色对话算法,服务技术支持者,完美世界（北京）软件科技发展有限公司,--,应用于智能对话场景，服务于企业端客户，根据用户输入的文本数据，生成符合用户需求的文本内容。,2024-2,generative ai,境内深度合成服务算法备案清单（2024年2月）.docx
愈苹生成合成算法,服务提供者,广州愈苹科技有限公司,愈苹(APP)、愈苹AI(网站),应用于文本、图片生成场景，根据用户输入的文本数据，生成符合用户需求的文本或图像内容。,2024-2,generative ai,境内深度合成服务算法备案清单（2024年2月）.docx
虚拟世界智能对话及文本生成算法,服务提供者,上海开拓寰宇技术开发有限公司,虚拟世界(APP),应用于智能对话场景，根据用户输入的文本数据，生成符合用户需求的文本内容。,2024-2,generative ai,境内深度合成服务算法备案清单（2024年2月）.docx
SoulX智能对话生成算法,服务提供者,上海任意门科技有限公司,Soul(APP)、梦核乐园(APP)、异世界回响(APP),应用于智能对话场景，根据用户输入的文本数据，生成符合用户需求的文本内容。,2024-2,generative ai,境内深度合成服务算法备案清单（2024年2月）.docx
趣闯高自然度虚拟人生成算法,服务技术支持者,广州趣闯网络科技有限公司,--,应用于虚拟人生成场景，服务于企业端客户，根据用户输入的图像或视频数据，生成3D虚拟人形象；根据用户输入的语音或视频数据，生成3D虚拟人图像或视频。,2024-2,generative ai,境内深度合成服务算法备案清单（2024年2月）.docx
趣闯定制化图像生成算法,服务技术支持者,广州趣闯网络科技有限公司,--,应用于图像生成场景，服务于企业端客户，根据用户上传的多张图像，得到特定风格的模型；根据用户输入的文本和特定风格模型，生成符合用户需求的图像内容。,2024-2,generative ai,境内深度合成服务算法备案清单（2024年2月）.docx
风窕生成合成算法,服务提供者,广州风窕科技有限公司,风窕小秘书(网站)、风窕小秘书(APP),应用于文本生成场景，根据用户输入的文本信息，生成符合用户需求的文本内容。,2024-2,generative ai,境内深度合成服务算法备案清单（2024年2月）.docx
好未来MathGPT大模型算法,服务技术支持者,北京世纪好未来教育科技有限公司,--,应用于智能对话场景，服务于企业端客户，根据用户输入的文本数据，生成符合用户需求的回答，主要用于解答各种数学问题。,2024-2,generative ai,境内深度合成服务算法备案清单（2024年2月）.docx
网易外贸生成合成算法,服务提供者,广州网易计算机系统有限公司,网易跨境AI助手(网站),应用于文本生成场景，根据用户输入的关键词，生成符合用户需求的文本内容。,2024-2,generative ai,境内深度合成服务算法备案清单（2024年2月）.docx
快联图像合成算法,服务提供者,北京快联科技有限公司,Follow相机(APP),应用于图像生成场景，根据用户输入的图像或文字，生成不同艺术风格的图像。,2024-2,generative ai,境内深度合成服务算法备案清单（2024年2月）.docx
岩芯数智大模型算法,服务提供者,上海岩芯数智人工智能科技有限公司,RockSQL：基于自然语言的数据库查询系统(网站)、RockKB：企业级知识库问答系统(网站),应用于对话生成场景，根据用户输入的文本问题，生成相应的文本回复。,2024-2,generative ai,境内深度合成服务算法备案清单（2024年2月）.docx
风平智能唇形语音同步算法,服务技术支持者,北京风平智能科技有限公司,--,应用于视频生成场景，服务于企业端客户，根据用户输入的语音或视频，与人物视频素材结合，生成人物嘴唇动作与语音内容相匹配的视频。,2024-2,generative ai,境内深度合成服务算法备案清单（2024年2月）.docx
飞兔超拟人内容生成算法,服务技术支持者,合肥飞兔科技有限公司,--,应用于对话生成场景，服务于企业端客户，根据用户输入的文本内容和选择的预设角色，生成文本回复，实现对话功能。,2024-2,generative ai,境内深度合成服务算法备案清单（2024年2月）.docx
灵创AI图像生成算法,服务提供者,深圳市乾元空间科技有限公司,灵创AI(小程序),应用于图像生成场景，根据用户输入的文本或图像，生成具有特定主题或风格的图像。,2024-2,generative ai,境内深度合成服务算法备案清单（2024年2月）.docx
小冰嘴形驱动服务算法,服务技术支持者,北京红棉小冰科技有限公司,--,应用于视频生成场景，服务于企业端客户，根据用户输入的图像、音频、视频信息，生成人物嘴部动作与音频内容同步的视频。,2024-2,generative ai,境内深度合成服务算法备案清单（2024年2月）.docx
得物AIGC球鞋图片生成算法,服务提供者,上海得物信息集团有限公司,得物(APP),应用于图像生成场景，根据用户上传的图像和选择的创作方式，生成不同风格的球鞋图像。,2024-2,generative ai,境内深度合成服务算法备案清单（2024年2月）.docx
创客贴平面设计图文内容生成服务算法,服务技术支持者,北京艺源酷科技有限公司,--,应用于图文生成场景，服务于企业端客户，根据用户输入的文本请求和参考图像，生成用户所需的图像、文本。,2024-2,generative ai,境内深度合成服务算法备案清单（2024年2月）.docx
商汤秒画内容生成算法-1,服务技术支持者,上海商汤智能科技有限公司,--,应用于图像生成场景，服务于企业端客户，根据用户输入的文本和图像，生成对应语义的图像。,2024-2,generative ai,境内深度合成服务算法备案清单（2024年2月）.docx
云道文本关键词提取生成算法,服务提供者,石家庄云道科技有限公司,Ai智剪(小程序),应用于文本提取场景，根据用户上传的小说文本，提取出对应的人物角色、场景等描述性文本关键词。,2024-2,generative ai,境内深度合成服务算法备案清单（2024年2月）.docx
竹海大模型算法,服务技术支持者,竹间智能科技（上海）有限公司,--,应用于对话生成场景，服务于企业端客户，根据用户输入的文本，生成符合场景的对话和回复内容。,2024-2,generative ai,境内深度合成服务算法备案清单（2024年2月）.docx
商汤AI代码生成算法-1,服务技术支持者,上海商汤智能科技有限公司,--,应用于代码生成场景，服务于企业端客户，根据用户输入的文本内容，为开发人员提供代码生成、代码错误修正、代码复杂度分析、代码翻译等功能。,2024-2,generative ai,境内深度合成服务算法备案清单（2024年2月）.docx
众智AI广告创意生成算法,服务提供者,上海分泽时代软件技术有限公司,众智AI(网站),应用于文本生成场景，根据用户输入的广告产品信息和广告需求，生成广告创意文案。,2024-2,generative ai,境内深度合成服务算法备案清单（2024年2月）.docx
佳医康健康咨询算法,服务提供者,国盛君安（杭州）医疗科技有限公司,医疗咨询实体机器人(APP)、网页版医疗科研助手(网站)、佳医康健康咨询小程序(小程序),应用于对话生成场景，根据用户输入的问题文本，生成医学相关文本答案，为用户提供健康咨询、报告解读、用药指导等功能。,2024-2,generative ai,境内深度合成服务算法备案清单（2024年2月）.docx
爱推文文本生成视频算法,服务提供者,杭州思代尔阿特科技有限公司,爱推文(APP),应用于视频生成场景，根据用户输入的文本数据，生成符合用户需求的视频内容。,2024-2,generative ai,境内深度合成服务算法备案清单（2024年2月）.docx
七麦文本生成算法,服务提供者,北京七麦科技股份有限公司,万能写作大师(APP),应用于文本生成场景，根据用户输入的文本数据，生成符合用户需求的文本内容。,2024-2,generative ai,境内深度合成服务算法备案清单（2024年2月）.docx
抹香鲸对话文本生成算法,服务提供者,北京海港城科技有限公司,抹香鲸(APP),应用于智能对话场景，根据用户输入的文本数据，生成符合用户需求的文本内容。,2024-2,generative ai,境内深度合成服务算法备案清单（2024年2月）.docx
象信AI文本生成模型算法,服务技术支持者,北京象信智能科技有限公司,--,应用于文本生成场景，服务于企业端客户，根据用户输入的文本数据，生成符合用户需求的文本内容。,2024-2,generative ai,境内深度合成服务算法备案清单（2024年2月）.docx
iSlide-PPT合成算法,服务提供者,成都艾斯莱德网络科技有限公司,iSlide(APP),应用于PPT生成场景，根据用户输入的PPT主题，生成符合用户需求的PPT文件。,2024-2,generative ai,境内深度合成服务算法备案清单（2024年2月）.docx
名派文本关键词提取生成算法,服务提供者,河北名派科技有限公司,Ai智剪（抖音）(小程序)、Ai智剪（快手）(小程序)、Ai智剪（网页版）(网站),应用于文本生成场景，根据用户输入的文本数据，对文本进行分析，生成画面描述性关键词。,2024-2,generative ai,境内深度合成服务算法备案清单（2024年2月）.docx
焦点文本内容生成算法,服务提供者,焦点科技股份有限公司,中国制造网(APP)、中国制造网(网站),应用于文本生成场景，根据用户输入的文本数据，生成符合用户需求的文本内容。,2024-2,generative ai,境内深度合成服务算法备案清单（2024年2月）.docx
君弘灵犀内容生成算法,服务提供者,国泰海通证券股份有限公司,AI投教服务助手(网站)、国泰海通君弘(APP)、国泰海通君弘(网站)、国泰海通君弘(小程序)、国泰海通证券富易(APP),应用于文本生成场景，根据用户输入的文本数据，生成符合用户需求的文本内容。,2024-2,generative ai,境内深度合成服务算法备案清单（2024年2月）.docx
美的美言大模型算法,服务提供者,美的集团股份有限公司,美的家电人机交互服务(其他)、美的美居(APP),应用于文本生成场景，根据用户输入的文本数据，生成符合用户需求的文本内容。,2024-2,generative ai,境内深度合成服务算法备案清单（2024年2月）.docx
美的美声语音文本转换算法,服务提供者,美的集团股份有限公司,美的家电人机交互服务(其他),应用于语音和文本的互相转换场景，将用户输入的语音音频转换为文本文字，将用户输入的文本文字转换为语音音频。,2024-2,generative ai,境内深度合成服务算法备案清单（2024年2月）.docx
慧辰大模型内容生成算法,服务技术支持者,北京慧辰资道资讯股份有限公司,--,应用于文本生成场景，服务于企业端客户，根据用户输入的文本数据，生成符合用户需求的文本内容。,2024-2,generative ai,境内深度合成服务算法备案清单（2024年2月）.docx
智增增智能客服算法,服务技术支持者,北京思码创特科技有限公司,--,应用于在线智能客服场景，服务于企业端客户，根据用户咨询内容，生成文本或语音智能回答。,2024-2,generative ai,境内深度合成服务算法备案清单（2024年2月）.docx
虎牙图像融合算法,服务提供者,广州虎牙信息科技有限公司,虎牙直播(APP),应用于图像、视频生成场景，根据输入的文本数据或人脸图像、视频，生成融合了人脸的风格化图像、视频。,2024-2,generative ai,境内深度合成服务算法备案清单（2024年2月）.docx
旻浦数字人生成算法,服务技术支持者,上海旻浦科技有限公司,--,应用于数字人视频生成场景，服务于企业端客户，根据输入的文本，及人像图像或视频，生成数字人形象的视频。,2024-2,generative ai,境内深度合成服务算法备案清单（2024年2月）.docx
乐活宇宙智能生成合成算法,服务提供者,乐活派（北京）科技有限公司,乐活宇宙(APP),应用于文本生成场景，根据用户输入的文本数据，生成符合用户需求的文本内容。,2024-2,generative ai,境内深度合成服务算法备案清单（2024年2月）.docx
给麦音乐歌声合成算法,服务提供者,武汉盛游互娱网络科技有限公司,给麦(APP),应用于音频合成场景，根据用户录制的朗读或唱歌音频，提取用户的音色特征后与指定歌曲合成，生成以用户声音演唱的歌曲音频。,2024-2,generative ai,境内深度合成服务算法备案清单（2024年2月）.docx
海尔智慧家分布式耦合引导交互算法,服务提供者,青岛海尔科技有限公司,海尔智家(APP),应用于对话生成场景，根据用户输入的上下文信息，生成相应的文本回复。,2024-2,generative ai,境内深度合成服务算法备案清单（2024年2月）.docx
云从数字人驱动算法,服务技术支持者,云从科技集团股份有限公司,--,应用于数字人生成算法，服务于企业端客户，根据用户输入的语音信息，驱动数字人生成与之相匹配的口型和动作，得到数字人音视频内容。,2024-2,generative ai,境内深度合成服务算法备案清单（2024年2月）.docx
小冰语音合成服务算法,服务技术支持者,北京红棉小冰科技有限公司,--,应用于语音合成场景，服务于企业端客户，根据输入的文本信息，生成相对应的语音回复，实现文本转语音功能。,2024-2,generative ai,境内深度合成服务算法备案清单（2024年2月）.docx
贪婪宇宙大模型算法,服务技术支持者,深圳贪婪宇宙科技有限公司,--,应用于对话生成场景，服务于企业端客户，根据用户输入的文本，生成相应的文本回复内容。,2024-2,generative ai,境内深度合成服务算法备案清单（2024年2月）.docx
TCL智慧语音助手智能聊天内容生成算法,服务提供者,深圳TCL新技术有限公司,TCL智慧语音助手(APP),应用于对话生成场景，根据用户输入的文本内容，生成回复文本。,2024-2,generative ai,境内深度合成服务算法备案清单（2024年2月）.docx
茅茅虫文本生成算法,服务提供者,湖南茅茅虫科技有限公司,茅茅虫写作助手(网站),应用于文本生成场景，根据用户输入的标题和关键词，生成相应的写作文本。,2024-2,generative ai,境内深度合成服务算法备案清单（2024年2月）.docx
夸克图像智能擦除算法,服务提供者,广州市动悦信息技术有限公司,夸克(APP),应用于图像编辑场景，对用户上传的图像进行擦除操作和背景填充，实现对图像中手写、水印或指定区域的内容擦除功能。,2024-2,generative ai,境内深度合成服务算法备案清单（2024年2月）.docx
汉王天地大模型算法,服务提供者,汉王科技股份有限公司,汉王天地(APP)、AI口语陪练(APP)、AI绘画(APP)、汉王天地大模型(网站)、AI助手(APP)、作文批改(APP),应用于对话生成场景，根据用户输入的语音或文字，结合场景需求和上下文信息，最终生成符合用户意图的回答。,2024-2,generative ai,境内深度合成服务算法备案清单（2024年2月）.docx
桃喜AI视频生成合成算法,服务提供者,广东开心桃科技有限公司,桃喜AI(公众账号)、桃喜AI(小程序),应用于视频合成场景，根据用户上传的图像或视频，结合音频信息，通过风格迁移和音画同步，转化为风格化的动态视频。,2024-2,generative ai,境内深度合成服务算法备案清单（2024年2月）.docx
心智无限AI图像生成算法,服务提供者,北京心智无限科技有限公司,奇思妙影(APP)、奇思秒影(小程序),应用于图像生成场景，根据用户输入的文本数据，生成与输入相关的图像；或根据用户输入的图像和所选择的预设模板，生成符合用户需求的图像。,2024-2,generative ai,境内深度合成服务算法备案清单（2024年2月）.docx
数智人脸融合算法,服务提供者,祯茂数智（杭州）科技有限公司,微美惠(小程序),应用于图像生成场景，将用户上传的照片与特定模板进行面部融合，生成融合后的人脸图像。,2024-2,generative ai,境内深度合成服务算法备案清单（2024年2月）.docx
微美惠人脸融合算法,服务提供者,祯茂科技（杭州）有限公司,微美惠AI发型体验馆(小程序)、微美惠商家端(APP),应用于图像生成场景，将用户上传的照片与特定模板进行面部融合，生成融合后的人脸图像。,2024-2,generative ai,境内深度合成服务算法备案清单（2024年2月）.docx
创作猫图片AI处理算法,服务提供者,北京主语空间文化发展有限公司,创作猫(APP),应用于图像生成场景，根据用户输入的图像数据，实现图像高清、裁剪、上色等功能。,2024-2,generative ai,境内深度合成服务算法备案清单（2024年2月）.docx
用友YonGPT生成算法,服务技术支持者,用友网络科技股份有限公司,--,应用于文本生成场景，服务于企业端客户，根据用户输入的文本数据，生成符合用户需求的文本内容。,2024-2,generative ai,境内深度合成服务算法备案清单（2024年2月）.docx
华藏通用大模型算法-2,服务技术支持者,上海智臻智能网络科技股份有限公司,--,应用于文本和图像生成场景，服务于企业端客户，根据用户输入的文本或图像数据，生成符合用户需求的文本或图像。,2024-2,generative ai,境内深度合成服务算法备案清单（2024年2月）.docx
马知AI应用模型生成算法,服务提供者,上海央讯信息科技有限公司,马知AI(网站),应用于文本生成场景，根据用户输入的文本数据，生成符合用户需求的文本内容。,2024-2,generative ai,境内深度合成服务算法备案清单（2024年2月）.docx
央讯知识库AI机器人生成算法,服务提供者,上海央讯信息科技有限公司,马知AI(网站),应用于文本生成场景，根据用户输入的文本数据，结合用户上传的知识库和文档等数据，生成符合用户需求的文本内容。,2024-2,generative ai,境内深度合成服务算法备案清单（2024年2月）.docx
KOMOYO图像合成算法-1,服务技术支持者,骏斯（广州）信息科技服务有限公司,--,应用于图像生成场景，服务于企业端客户，根据用户输入的文本数据，生成符合用户需求的漫画角色形象。,2024-2,generative ai,境内深度合成服务算法备案清单（2024年2月）.docx
助梦空间writingpal生成合成算法,服务提供者,助梦空间（北京）科技有限公司,WritingPal(网站)、墨宝(APP)、prodream(网站)、prodream(APP)、WritingPal墨宝(小程序)、prodream(小程序),应用于文本生成场景，根据用户输入的文本数据，生成符合用户需求的文本内容。,2024-2,generative ai,境内深度合成服务算法备案清单（2024年2月）.docx
妙影图像生成合成算法,服务提供者,广州和裕网络科技有限公司,AI妙影相机(APP),应用于图像生成场景，根据用户输入的图像数据和选择的风格模板，生成符合用户需求的图像。,2024-2,generative ai,境内深度合成服务算法备案清单（2024年2月）.docx
小米大语言模型算法,服务提供者,小米科技有限责任公司,小爱同学(APP),应用于智能对话场景，根据用户输入的文本信息，生成符合用户需求的文本回复。,2024-2,generative ai,境内深度合成服务算法备案清单（2024年2月）.docx
才历HRTPS智能人事大模型算法,服务提供者,上海才历网络有限公司,AI Chat(其他),应用于智能对话场景，根据用户输入的文本信息，生成符合用户需求的文本回复。,2024-2,generative ai,境内深度合成服务算法备案清单（2024年2月）.docx
米啫喱AI图像生成算法,服务提供者,湖南神笔画网络科技有限公司,米啫喱-AI绘画(网站),应用于图像生成场景，根据用户输入的文本、图像信息，生成与输出符合用户预期的图像。,2024-2,generative ai,境内深度合成服务算法备案清单（2024年2月）.docx
桃喜AI人脸融合算法,服务提供者,广东开心桃科技有限公司,桃喜AI(公众账号)、桃喜AI(小程序),应用于图像和视频生成场景，提取用户上传的图像或视频中的人脸特征，生成融合双方特征的图像或视频。,2024-2,generative ai,境内深度合成服务算法备案清单（2024年2月）.docx
透察图像生成算法,服务提供者,重庆市透察科技有限公司,可奈相机(APP),应用于图像生成场景，根据用户上传的人脸图像，融合模板风格，生成个性化的新图像。,2024-2,generative ai,境内深度合成服务算法备案清单（2024年2月）.docx
墨刀内容生成算法,服务提供者,北京磨刀刻石科技有限公司,墨刀(APP)、墨刀(网站),应用于文本生成场景，根据用户输入的文本内容，生成格式化文本数据。,2024-2,generative ai,境内深度合成服务算法备案清单（2024年2月）.docx
启真大模型生成算法,服务提供者,南京有零科技有限公司,我在AI(APP),应用于对话生成场景，根据用户提出的文本问题，生成相关的回答和解决方案。,2024-2,generative ai,境内深度合成服务算法备案清单（2024年2月）.docx
中农饲元配方生成算法,服务提供者,北京万界数据科技有限责任公司,中农饲元(小程序),应用于对话生成场景，根据用户输入的文本或语音咨询问题，生成饲料配比方案。,2024-2,generative ai,境内深度合成服务算法备案清单（2024年2月）.docx
皮皮动画图像合成算法,服务提供者,铅笔头（深圳）科技有限公司,piece动画(APP)、皮皮动画(APP),应用于图像生成场景，根据输入的文本信息，生成与输入文字相匹配的图像。,2024-2,generative ai,境内深度合成服务算法备案清单（2024年2月）.docx
皮皮动画图像生成视频算法,服务提供者,铅笔头（深圳）科技有限公司,piece动画(APP),应用于视频生成场景，根据输入的图像，生成与图像信息对应的动画视频。,2024-2,generative ai,境内深度合成服务算法备案清单（2024年2月）.docx
九天自然语言交互算法,服务技术支持者,中国移动通信有限公司研究院,--,应用于文本生成场景，服务于企业端客户，根据用户输入的文本问题，生成对应的文本结果。,2024-2,generative ai,境内深度合成服务算法备案清单（2024年2月）.docx
形象宝图片生成算法,服务提供者,北京顺势兄弟科技有限公司,每拍美画(小程序)、形象宝(小程序),应用于图像生成场景，根据用户上传的人脸照片和文本提示词，生成符合用户要求的个性化形象照。,2024-2,generative ai,境内深度合成服务算法备案清单（2024年2月）.docx
影趣智能图生图生成算法,服务提供者,杭州影趣互联网科技有限公司,A加相机(小程序)、A+相机(APP),应用于图像编辑场景，对用户输入的照片进行风格特效重绘，输出对应风格的作品图。,2024-2,generative ai,境内深度合成服务算法备案清单（2024年2月）.docx
华为云MetaStudio数字人语音驱动算法,服务技术支持者,华为云计算技术有限公司,--,应用于数字人生成算法，服务于企业端客户，根据用户输入的音频，生成驱动数字人匹配表情和口型动作的驱动数据。,2024-2,generative ai,境内深度合成服务算法备案清单（2024年2月）.docx
小布语音助手文本生成算法,服务提供者,深圳市欢太科技有限公司,小布助手(APP),应用于对话生成场景，根据用户输入的文本信息，生成符合用户预期的回答文本。,2024-2,generative ai,境内深度合成服务算法备案清单（2024年2月）.docx
桃喜AI数字人合成算法,服务提供者,广东开心桃科技有限公司,桃喜AI(公众账号)、桃喜AI(小程序),应用于数字人生成算法，根据用户上传的图像或选择的预设数字人形象，结合其提供的音频或文本内容和所选择的声音设定，生成数字人视频。,2024-2,generative ai,境内深度合成服务算法备案清单（2024年2月）.docx
网易有道文档问答算法,服务技术支持者,网易有道信息技术（北京）有限公司,--,应用于对话生成场景，服务于企业端客户，根据用户输入的信息识别用户意图，并生成回复文本。,2024-2,generative ai,境内深度合成服务算法备案清单（2024年2月）.docx
乐玩幻镜图像生成合成算法-1,服务提供者,乐玩（上海）企业发展有限公司,乐玩幻镜（抖音、快手、支付宝）(小程序)、乐玩幻镜(网站)、乐玩零境(小程序)、乐玩零境(APP)、乐玩幻镜(小程序)、乐玩零境(网站)、乐玩幻镜(APP),应用于图像生成场景，根据用户上传的10张人脸照片和用户选择的预设关键词描述，生成特定风格的图像。,2024-2,generative ai,境内深度合成服务算法备案清单（2024年2月）.docx
乐玩零境图像生成合成算法,服务提供者,乐玩（上海）企业发展有限公司,乐玩幻镜（抖音、快手、支付宝）(小程序)、乐玩幻镜(网站)、乐玩零境(小程序)、乐玩零境(APP)、乐玩幻镜(小程序)、乐玩零境(网站)、乐玩幻镜(APP),应用于图像生成场景，根据用户上传的人脸照片和风格模板图片，生成风格一致人脸图像。,2024-2,generative ai,境内深度合成服务算法备案清单（2024年2月）.docx
多优乐内容生成智能算法,服务提供者,南宁多优乐网络科技有限公司,Chat Ace(APP),应用于对话生成场景，根据用户输入的问题，生成问题答案或文章。,2024-2,generative ai,境内深度合成服务算法备案清单（2024年2月）.docx
智聊思远合成算法,服务提供者,杭州智聊思远互联网科技有限公司,ChatMindAI(网站)、星梦旅(网站),应用于对话生成场景，根据用户输入的文本，生成相应的文本回复。,2024-2,generative ai,境内深度合成服务算法备案清单（2024年2月）.docx
MBA智库自然语言处理算法,服务提供者,厦门众智创库企业管理咨询有限公司,MBA智库(APP),应用于对话生成场景，根据用户输入的文本，生成相应的文本回复。,2024-2,generative ai,境内深度合成服务算法备案清单（2024年2月）.docx
妙语生画图片换脸算法,服务提供者,深圳市光波跃动智能科技有限公司,妙语生画(网站)、AI妙坊(小程序)、天鹅相机(小程序),应用于图像生成场景，根据用户上传的人脸图片和所选模板图片，进行面部特征融合后生成新图片。,2024-2,generative ai,境内深度合成服务算法备案清单（2024年2月）.docx
百度人脸融合及属性编辑算法,服务技术支持者,北京百度网讯科技有限公司,--,应用于图像生成场景，服务于企业端客户，根据用户输入的图像或视频数据，生成符合用户需求的图像内容，实现人脸融合、属性编辑等功能。,2024-2,generative ai,境内深度合成服务算法备案清单（2024年2月）.docx
爱诗科技多模态生成算法,服务技术支持者,北京爱诗科技有限公司,--,应用于图像、视频生成场景，服务于企业端客户，根据用户输入的文本、图像、视频数据，生成符合用户需求的图像、视频内容，实现文生图、文生视频、图生视频、视频生视频等功能。,2024-2,generative ai,境内深度合成服务算法备案清单（2024年2月）.docx
千循零样本AI平台文本生成算法,服务提供者,北京睿科伦智能科技有限公司,千循零样本AI平台(网站),应用于文本生成场景，根据用户输入的文本数据，生成符合用户需求的文本内容。,2024-2,generative ai,境内深度合成服务算法备案清单（2024年2月）.docx
猎户星空大模型算法,服务技术支持者,北京猎户星空科技有限公司,--,应用于智能对话场景，服务于企业端客户，根据用户输入的文本信息，生成符合用户需求的文本回复。,2024-2,generative ai,境内深度合成服务算法备案清单（2024年2月）.docx
AI部落对话生成算法,服务提供者,安徽百讯网络科技有限责任公司,AI部落(网站),应用于智能对话场景，根据用户输入的文本信息，生成符合用户需求的文本回复。,2024-2,generative ai,境内深度合成服务算法备案清单（2024年2月）.docx
白泽跨模态大模型算法,服务技术支持者,人民中科（北京）智能技术有限公司,--,应用于文本生成场景，服务于企业端客户，根据用户输入的文本、图像、视频信息，生成符合用户需求的文本内容。,2024-2,generative ai,境内深度合成服务算法备案清单（2024年2月）.docx
瑞泊VIDYA大模型算法,服务技术支持者,瑞泊（北京）人工智能科技有限公司,--,应用于文本生成场景，服务于企业端客户，根据用户输入的文本信息，生成符合用户需求的文本内容。,2024-2,generative ai,境内深度合成服务算法备案清单（2024年2月）.docx
EC-CRM智能助手算法,服务提供者,深圳市六度人和科技有限公司,EC(APP),应用于文本生成场景，根据用户输入的文本、音频信息，进行归纳总结，生成符合用户需求的文本内容。,2024-2,generative ai,境内深度合成服务算法备案清单（2024年2月）.docx
爱诗科技多模态生成算法-1,服务提供者,北京爱诗科技有限公司,星河画语(网站)、星河画语(小程序)、星河画语(APP),应用于图像、视频生成场景，根据用户输入的文本、图像、视频数据，生成符合用户需求的图像、视频内容，实现文生图、文生视频、图生视频、视频生视频等功能。,2024-2,generative ai,境内深度合成服务算法备案清单（2024年2月）.docx
智慧芽文本生成大模型算法,服务提供者,智慧芽信息科技（苏州）有限公司,Eureka(网站),应用于文本生成场景，根据用户输入的文本信息，生成符合用户需求的文本内容。,2024-2,generative ai,境内深度合成服务算法备案清单（2024年2月）.docx
宇视视频剪辑算法,服务技术支持者,浙江宇视科技有限公司,--,应用于视频生成场景，服务于企业端客户，根据用户输入的视频数据，和景区宣传空镜视频，生成游客纪念视频。,2024-2,generative ai,境内深度合成服务算法备案清单（2024年2月）.docx
河川大模型算法,服务提供者,北京河川智源科技有限公司,超级面试(其他),应用于智能对话场景，根据用户输入的文本信息，生成符合用户需求的文本回复。,2024-2,generative ai,境内深度合成服务算法备案清单（2024年2月）.docx
悬河对话文本生成算法,服务提供者,北京舟济信息科技有限公司,悬河(APP),应用于智能对话场景，根据用户输入的文本信息，生成符合用户需求的文本回复。,2024-2,generative ai,境内深度合成服务算法备案清单（2024年2月）.docx
意适深度合成算法,服务提供者,上海意适信息技术有限公司,趣味抠图(APP)、AI艺术画廊(小程序),应用于图像、视频生成场景，根据用户输入的图像数据，生成符合用户需求的图像、视频，实现人像抠图、人物属性编辑、风格转换等功能。,2024-2,generative ai,境内深度合成服务算法备案清单（2024年2月）.docx
天云数据智能文本生成算法,服务技术支持者,天云融创数据科技（北京）有限公司,--,应用于文本生成场景，服务于企业端客户，根据用户输入的文本数据，生成符合用户需求的文本内容。,2024-2,generative ai,境内深度合成服务算法备案清单（2024年2月）.docx
歌歌文字生成音乐算法,服务提供者,杭州音律闪动人工智能科技有限公司,歌歌AI写歌(小程序),应用于音乐生成场景，根据用户输入的文本生成歌词，根据用户输入的音频生成相应人物的歌声音频。,2024-2,generative ai,境内深度合成服务算法备案清单（2024年2月）.docx
文渊爱范文文本生成算法,服务提供者,海南文渊科技有限公司,爱范文AI智能写作助手(网站),应用于文本生成场景，根据用户输入的文本数据，生成符合用户需求的文本内容。,2024-2,generative ai,境内深度合成服务算法备案清单（2024年2月）.docx
微步安全内容生成算法,服务提供者,北京步刻科技有限公司,微步情报社区(APP)、X情报社区(网站),应用于文本生成场景，根据用户输入的文本数据，生成符合用户需求的文本内容。,2024-2,generative ai,境内深度合成服务算法备案清单（2024年2月）.docx
心境数字世界虚拟人脸生成算法,服务提供者,湖北心境网络科技有限公司,数字世界(APP),应用于虚拟人生成场景，根据用户上传的照片和选择的个性化参数，生成虚拟人脸角色图像。,2024-2,generative ai,境内深度合成服务算法备案清单（2024年2月）.docx
中国电信TeleChat语义大模型生成算法,服务提供者,中电信人工智能科技（北京）有限公司,星辰(小程序)、星辰(APP)、星辰大模型平台(网站),应用于对话生成场景，根据用户输入的问题描述，生成回答文本，实现知识问答、文章写作、英文翻译等功能。,2024-2,generative ai,境内深度合成服务算法备案清单（2024年2月）.docx
中国电信视觉生成算法,服务提供者,中电信人工智能科技（北京）有限公司,TeleImage(网站)、天翼智慧设计(APP)、AI贺卡(小程序),应用于图像或视频生成场景，根据用户输入的文本或图像或视频，并选择不同的风格模板，生成相应的图像或视频。,2024-2,generative ai,境内深度合成服务算法备案清单（2024年2月）.docx
中国电信语音生成算法,服务提供者,中电信人工智能科技（北京）有限公司,数字人客服(网站)、天翼智能助理(网站)、天翼智能助理(APP)、天翼智能助理(小程序)、数字人客服(APP)、数字人客服(小程序),应用于语音生成场景，根据用户输入的文本或音频，转化为具有特定声音风格的音频。,2024-2,generative ai,境内深度合成服务算法备案清单（2024年2月）.docx
灯塔影视观点生成算法,服务提供者,上海淘票票影视文化有限公司,灯塔专业版(APP),应用于文本生成场景，根据用户选择的影片，生成对筛选后影视观点内容的文本总结。,2024-2,generative ai,境内深度合成服务算法备案清单（2024年2月）.docx
宝宝树母婴家庭领域大模型生成合成算法,服务提供者,北京众鸣世纪科技有限公司,宝宝树孕育(APP),应用于文本生成场景，根据用户提出的备孕育儿问题，生成备孕育儿等相关知识内容，输出文本内容回复。,2024-2,generative ai,境内深度合成服务算法备案清单（2024年2月）.docx
轻向生活服务领域对话生成算法,服务提供者,北京人生旷野科技有限公司,轻向(网站)、轻向(小程序)、轻向(APP),应用于对话生成场景，根据用户输入的餐饮相关问题，生成相关的餐饮话题内容回复。,2024-2,generative ai,境内深度合成服务算法备案清单（2024年2月）.docx
智象视觉多模态生成大模型算法,服务提供者,北京智象未来科技有限公司,千象(网站),应用于图像、视频生成场景，根据用户输入的文本、图像数据，生成符合用户需求的图像、视频内容，实现文生图、图生图、文生视频、图生视频等功能。,2024-2,generative ai,境内深度合成服务算法备案清单（2024年2月）.docx
小冰嘴形驱动算法,服务提供者,北京红棉小冰科技有限公司,X Eva(APP),应用于视频生成场景，通过提取音频或语音特征，生成与音频内容相匹配的嘴部动画。,2024-2,generative ai,境内深度合成服务算法备案清单（2024年2月）.docx
云知声2D数字人生成算法,服务技术支持者,云知声智能科技股份有限公司,--,应用于数字人视频生成场景，服务于企业端客户，基于用户指定的形象数据，根据输入的音频，生成数字人视频。,2024-2,generative ai,境内深度合成服务算法备案清单（2024年2月）.docx
天壤小白开放平台大语言生成模型算法,服务提供者,上海天壤智能科技有限公司,小白(网站),应用于对话生成场景，根据用户输入的文本内容，生成相应的回复文本。,2024-2,generative ai,境内深度合成服务算法备案清单（2024年2月）.docx
轻松怡康在线智能客服算法,服务提供者,北京轻松怡康信息技术有限公司,在线客服(其他),应用于对话生成场景，根据用户输入的问题文本，生成相应的回复文本。,2024-2,generative ai,境内深度合成服务算法备案清单（2024年2月）.docx
乐骐图像生成算法-2,服务技术支持者,无锡乐骐科技股份有限公司,--,应用于图像生成场景，服务于企业端客户，根据用户输入的文本和图像，生成具备用户人脸 ID 身份信息和用户选定形象外形信息的图像。,2024-2,generative ai,境内深度合成服务算法备案清单（2024年2月）.docx
萌配音语音合成算法,服务提供者,重庆萌我科技有限公司,萌配音(APP),应用于语音合成场景，根据用户输入的文本内容和选择的条件参数，合成具有不同声音特征的语音。,2024-2,generative ai,境内深度合成服务算法备案清单（2024年2月）.docx
小竹安全文本生成算法,服务提供者,南京弘竹泰信息技术有限公司,小竹安全(APP),应用于文本生成场景，根据用户输入的文本描述，生成相应的回复或文章。,2024-2,generative ai,境内深度合成服务算法备案清单（2024年2月）.docx
珠海本影AI图像生成模型算法,服务提供者,珠海本影人工智能科技有限公司,卓尧AI(网站),应用于图像或视频生成场景，根据用户输入的文本、图像或视频信息，生成相应的图像或视频。,2024-2,generative ai,境内深度合成服务算法备案清单（2024年2月）.docx
欣智悦财税大模型算法,服务提供者,方欣科技有限公司,欣智（TaxGPTs）(小程序),应用于对话生成场景，根据用户输入的咨询文字或语音问题，生成文本、图像、音频、视频等形式的回答。,2024-2,generative ai,境内深度合成服务算法备案清单（2024年2月）.docx
布噜AI写真馆图像生成算法,服务提供者,沈阳轻舟开卷信息科技有限公司,布噜AI写真馆(小程序),应用于图像生成场景，根据用户上传的人脸图像，结合用户选择的图像模板，生成具有用户面部特征的图像。,2024-2,generative ai,境内深度合成服务算法备案清单（2024年2月）.docx
虚拟世界图片生成算法,服务提供者,上海开拓寰宇技术开发有限公司,虚拟世界(APP),应用于图像生成场景，根据用户输入的描述词和上传参考图像，生成特定风格的数字分身形象及背景图像。,2024-2,generative ai,境内深度合成服务算法备案清单（2024年2月）.docx
达摩院服饰上身合成算法,服务技术支持者,阿里巴巴达摩院(杭州)科技有限公司,--,应用于图像生成场景，服务于企业端客户，根据用户上传的服饰参考图和模特图，将服饰图里的服饰融合到模特身上，生成对应服饰商品的广告图。,2024-2,generative ai,境内深度合成服务算法备案清单（2024年2月）.docx
明途工作内容生成合成算法,服务提供者,成都明途科技有限公司,工作数字人(网站)、工作数字人(APP),应用于对话生成场景，根据用户输入的文本问题，生成文本回复内容。,2024-2,generative ai,境内深度合成服务算法备案清单（2024年2月）.docx
神策数据智能数据问答算法,服务提供者,神策网络科技（北京）有限公司,神策分析(网站),应用于对话生成场景，根据用户输入的数据查询问题，生成对应的数据或分析结果。,2024-2,generative ai,境内深度合成服务算法备案清单（2024年2月）.docx
波特时空Fantasy智能销售生成合成算法,服务提供者,深圳波特时空科技有限公司,Fantasy客服插件(其他),应用于对话生成场景，根据用户输入的问题，生成适配的问题解答、消费品建议和商品推荐。,2024-2,generative ai,境内深度合成服务算法备案清单（2024年2月）.docx
OPPO安第斯大模型文本生成算法,服务技术支持者,深圳市欢太科技有限公司,--,应用于对话生成场景，服务于企业端客户，根据用户输入的文本信息，生成文本回复。,2024-2,generative ai,境内深度合成服务算法备案清单（2024年2月）.docx
某人生成合成算法,服务提供者,四川安陌网络科技有限公司,某人(APP),应用于对话生成场景，根据用户输入的文本，生成符合用户需求的回答。,2024-2,generative ai,境内深度合成服务算法备案清单（2024年2月）.docx
Hajimi宠物图像生成合成算法,服务提供者,哈叽米网络科技（上海）有限公司,哈叽米造相馆(小程序),应用于图像生成场景，根据用户上传的宠物图像，生成符合用户预期的图像。,2024-2,generative ai,境内深度合成服务算法备案清单（2024年2月）.docx
吐司生成图片算法,服务提供者,上海必有回响智能科技有限公司,吐司(其他),应用于图像生成场景，根据用户输入的文本或图像数据，生成符合用户需求的图像。,2024-2,generative ai,境内深度合成服务算法备案清单（2024年2月）.docx
医渡开心健康大模型算法,服务提供者,北京医二科技有限公司,开心健康-健康咨询(小程序),应用于智能对话场景，根据用户输入的文本信息，生成符合用户需求的文本回复。,2024-2,generative ai,境内深度合成服务算法备案清单（2024年2月）.docx
医渡开心健康大模型服务算法,服务技术支持者,北京医二科技有限公司,--,应用于智能对话场景，服务于企业端客户，根据用户输入的文本信息，生成符合用户需求的文本回复。,2024-2,generative ai,境内深度合成服务算法备案清单（2024年2月）.docx
学小伴学习助手算法,服务提供者,深圳冥古宙数字科技有限公司,九章随时问(APP)、学小伴(APP),应用于智能对话场景，根据用户输入的文本数据，生成符合用户需求的回答，主要用于解答各种数学问题。,2024-2,generative ai,境内深度合成服务算法备案清单（2024年2月）.docx
好未来MathGPT数学大模型算法,服务提供者,好未来学而思教育科技（北京）有限公司,MathGPT智能问答平台(网站),应用于智能对话场景，根据用户输入的文本数据，生成符合用户需求的回答，主要用于解答各种数学问题。,2024-2,generative ai,境内深度合成服务算法备案清单（2024年2月）.docx
好未来MathGPT大模型学习助手算法,服务提供者,好未来学而思教育科技（北京）有限公司,学小伴(APP),应用于智能对话场景，根据用户输入的文本数据，生成符合用户需求的回答，主要用于解答各种数学问题。,2024-2,generative ai,境内深度合成服务算法备案清单（2024年2月）.docx
云知声山海认知大模型算法-1,服务提供者,云知声智能科技股份有限公司,云知声山海认知大模型算法-1(网站),应用于文本生成场景，根据用户输入的文本数据，生成符合用户需求的文本内容。,2024-2,generative ai,境内深度合成服务算法备案清单（2024年2月）.docx
意间图像生成算法-2,服务技术支持者,上海亘聪信息科技有限公司,--,应用于图像生成场景，服务于企业端客户，根据用户输入的文本、图像数据，生成符合用户需求的图像，实现文生图、图生图等功能。,2024-2,generative ai,境内深度合成服务算法备案清单（2024年2月）.docx
QQ智能影像模型算法,服务提供者,深圳市腾讯计算机系统有限公司,QQ(APP)、QQ-小世界(APP),应用于图像、视频生成场景，根据用户输入的文本、图像数据，生成符合用户需求的风格图像、视频。,2024-2,generative ai,境内深度合成服务算法备案清单（2024年2月）.docx
腾讯会议智能对话算法,服务提供者,深圳市腾讯计算机系统有限公司,腾讯会议(APP),应用于智能对话场景，根据用户输入的文本信息，生成符合用户需求的文本回复。,2024-2,generative ai,境内深度合成服务算法备案清单（2024年2月）.docx
印象AI生成算法,服务提供者,北京印象笔记科技有限公司,Verse App(APP)、印象笔记(APP)、Verse(网站)、扫描宝(APP),应用于文本生成场景，根据用户输入的文本数据，生成符合用户需求的文本内容。,2024-2,generative ai,境内深度合成服务算法备案清单（2024年2月）.docx
RAYS数字人智能会话算法,服务提供者,武汉理工数字传播工程有限公司,RAYS智能阅读助手(公众账号),应用于智能对话场景，根据用户输入的文本、语音、图像数据，生成符合用户需求的文本、语音、图像、视频内容回复。,2024-2,generative ai,境内深度合成服务算法备案清单（2024年2月）.docx
紫东太初大模型算法,服务提供者,中国科学院自动化研究所,紫东太初APP(APP)、紫东太初大模型开放平台(网站),应用于多模态生成场景，根据用户输入的文本、图像、音频、视频数据，生成符合用户需求的文本、图像、音频、视频内容。,2024-2,generative ai,境内深度合成服务算法备案清单（2024年2月）.docx
天天P图人脸变换算法,服务提供者,深圳市腾讯计算机系统有限公司,天天P图(APP),应用于人脸图像生成场景，将用户上传的照片与素材图像进行面部融合，生成融合后的人脸图像。,2024-2,generative ai,境内深度合成服务算法备案清单（2024年2月）.docx
腾讯智影绘画生成算法,服务技术支持者,深圳市腾讯计算机系统有限公司,--,应用于图像生成场景，服务于企业端客户，根据用户输入的文本、图像，生成符合用户需求的图像内容。,2024-2,generative ai,境内深度合成服务算法备案清单（2024年2月）.docx
腾讯数字人视频合成算法,服务技术支持者,深圳市腾讯计算机系统有限公司,--,应用于数字人视频生成场景，服务于企业端客户，根据输入的文本、音频，及人像图像、视频，生成数字人形象的视频。,2024-2,generative ai,境内深度合成服务算法备案清单（2024年2月）.docx
腾讯云智绘图片背景替换算法,服务技术支持者,腾讯云计算（北京）有限责任公司,--,应用于图像生成场景，服务于企业端客户，对用户输入的图像数据进行背景替换，生成符合用户需求的图像内容。,2024-2,generative ai,境内深度合成服务算法备案清单（2024年2月）.docx
云知声语音合成类算法-1,服务提供者,云知声智能科技股份有限公司,云知声AI开放平台(网站),应用于语音合成场景，根据用户输入文本数据及选定的声音风格，生成对应音频内容。,2024-2,generative ai,境内深度合成服务算法备案清单（2024年2月）.docx
应用宝图像融合算法,服务提供者,深圳市腾讯计算机系统有限公司,应用宝(APP),应用于图像、视频生成场景，根据用户输入的文本、图像、视频数据，生成符合用户需求的图像、视频内容。,2024-2,generative ai,境内深度合成服务算法备案清单（2024年2月）.docx
意间图像生成算法-1,服务提供者,上海亘聪信息科技有限公司,意间ai(小程序)、意间ai(APP)、意间ai(网站),应用于图像生成场景，根据用户输入的文本、图像数据，生成符合用户需求的图像，实现文生图、图生图等功能。,2024-2,generative ai,境内深度合成服务算法备案清单（2024年2月）.docx
DraftAi绘图生成合成算法-1,服务提供者,图形起源（北京）科技有限公司,Draft（网站）,应用于图像生成场景，使用文本条件图像生成模型，生成与输入文本语义一致的图像。,2023-6,generative ai,境内深度合成服务算法备案清单（2023年6月）.docx
智谱ChatGLM生成算法,服务提供者,北京智谱华章科技有限公司,写作蛙（网站）、ChatGLM（网站）、写作蛙（小程序）,应用于对话生成场景，根据用户输入的文本内容，应用对话模型，生成对话文本回复。,2023-6,generative ai,境内深度合成服务算法备案清单（2023年6月）.docx
美团电话智能客服算法,服务提供者,北京三快科技有限公司,美团（APP）,应用于电话智能客服场景，生成用户问题的语音智能回答。,2023-6,generative ai,境内深度合成服务算法备案清单（2023年6月）.docx
美团在线智能客服算法,服务提供者,北京三快科技有限公司,美团（APP）,应用于电话智能客服场景，生成用户问题的文本智能回答。,2023-6,generative ai,境内深度合成服务算法备案清单（2023年6月）.docx
快手短视频生成合成算法,服务提供者,北京快手科技有限公司,快手（APP）,应用于短视频制作场景，利用生成模型对用户上传图片、视频进行属性编辑或风格转换，生成图片、视频。,2023-6,generative ai,境内深度合成服务算法备案清单（2023年6月）.docx
百度文生图内容生成算法,服务提供者,北京百度网讯科技有限公司,文心一言（APP）、文心一格（网站）、文心一言（网站）,应用于图像生成场景，使用图文匹配神经网络模型和扩散生成模型，实现生成与输入文本语义一致的图像。,2023-6,generative ai,境内深度合成服务算法备案清单（2023年6月）.docx
百度PLATO大模型算法,服务提供者,北京百度网讯科技有限公司,小侃星球（APP）,应用于对话生成场景，基于飞桨深度学习框架和对话语料训练的对话模型，生成开放域的文本回答。,2023-6,generative ai,境内深度合成服务算法备案清单（2023年6月）.docx
剪映特效算法,服务提供者,北京抖音信息服务有限公司,西瓜视频（APP）、轻颜（APP）、剪映（APP）、抖音短视频（APP）等,应用于图像、视频生成场景，基于人像理解技术和视频剪辑技术实现对用户上传图片或视频的渲染处理与格式转换，生成编辑处理后图像或视频。,2023-6,generative ai,境内深度合成服务算法备案清单（2023年6月）.docx
火山引擎智能美化特效算法,服务技术支持者,北京抖音信息服务有限公司,--,应用于图像生成场景，服务于图像编辑类的企业端客户，通过API提供人脸图像美颜功能。,2023-6,generative ai,境内深度合成服务算法备案清单（2023年6月）.docx
出门问问语音合成类算法-2,服务技术支持者,出门问问信息科技有限公司,--,应用于音频生成场景，服务于音频、视频制作类的企业端客户，通过API提供文本转语音功能。,2023-6,generative ai,境内深度合成服务算法备案清单（2023年6月）.docx
淘票票小蜜智能客服算法,服务提供者,上海淘票票影视文化有限公司,淘票票（APP）,应用于在线智能客服场景，根据用户咨询内容，生成文本或语音智能回答。,2023-6,generative ai,境内深度合成服务算法备案清单（2023年6月）.docx
1688阿牛智能客服算法,服务提供者,杭州阿里巴巴广告有限公司,1688工业品（APP）、阿里巴巴（APP、网站）,应用于在线智能客服场景，根据用户咨询内容，结合智能客服知识库，生成文本、图像、音频、视频等形式的回答。,2023-6,generative ai,境内深度合成服务算法备案清单（2023年6月）.docx
天猫小蜜智能客服算法,服务提供者,浙江天猫网络有限公司,手机天猫（APP）,应用于在线智能客服场景，识别文字或语音问题，结合智能客服知识库，生成文本、图像、音频、视频等形式的回答。,2023-6,generative ai,境内深度合成服务算法备案清单（2023年6月）.docx
钉钉语音识别算法,服务提供者,钉钉科技有限公司,钉钉（APP）,应用于即时通讯场景，识别语音消息，生成识别后的文本信息。,2023-6,generative ai,境内深度合成服务算法备案清单（2023年6月）.docx
钉钉翻译算法,服务提供者,钉钉科技有限公司,钉钉（APP）,应用于即时通讯场景，实现对特定语种的翻译服务，生成翻译后文本信息。,2023-6,generative ai,境内深度合成服务算法备案清单（2023年6月）.docx
钉钉图像识别文字算法,服务提供者,钉钉科技有限公司,钉钉（APP）,应用于即时通讯场景，提取识别图片中文字，生成提取后的文本信息。,2023-6,generative ai,境内深度合成服务算法备案清单（2023年6月）.docx
钉钉智能客服算法,服务提供者,钉钉科技有限公司,钉钉（APP）,应用于在线智能客服场景，根据用户咨询内容，结合智能客服知识库，生成文本、图像、音频、视频等形式的回答。,2023-6,generative ai,境内深度合成服务算法备案清单（2023年6月）.docx
达摩院开放域自然对话合成算法,服务技术支持者,阿里巴巴达摩院（杭州）科技有限公司,--,应用于对话生成场景，服务于智能对话类的企业端客户，利用对话意图理解、对话内容生成等技术，通过API提供对话生成功能。,2023-6,generative ai,境内深度合成服务算法备案清单（2023年6月）.docx
达摩院图像合成算法,服务技术支持者,阿里巴巴达摩院（杭州）科技有限公司,--,应用于图像生成场景，服务于图像合成类的企业端客户，通过API提供文字信息转化为图像信息的功能。,2023-6,generative ai,境内深度合成服务算法备案清单（2023年6月）.docx
达摩院交互式多能型合成算法,服务技术支持者,阿里巴巴达摩院（杭州）科技有限公司,--,应用于开放域多模态内容生成场景，服务于问答、咨询类的企业端客户，通过API提供根据用户输入生成多模态信息的功能。,2023-6,generative ai,境内深度合成服务算法备案清单（2023年6月）.docx
淘特小蜜智能客服算法,服务提供者,杭州拣值了电子商务有限公司,淘特（APP）,应用于智能客服场景，根据用户咨询内容，结合智能客服知识库，生成文本、图像、音频、视频等形式的回答。,2023-6,generative ai,境内深度合成服务算法备案清单（2023年6月）.docx
淘宝人生表情动作复刻算法,服务提供者,浙江淘宝网络有限公司,手机淘宝（APP）,应用于形象图片制作场景，识别照片中人物表情动作，生成淘宝人生形象图片。,2023-6,generative ai,境内深度合成服务算法备案清单（2023年6月）.docx
菜鸟物流智能客服算法,服务提供者,杭州菜鸟物流信息科技有限公司,菜鸟（APP、小程序）,应用于智能客服场景，根据用户提问分析用户诉求，生成文本智能回答。,2023-6,generative ai,境内深度合成服务算法备案清单（2023年6月）.docx
讯飞语音识别算法,服务提供者,科大讯飞股份有限公司,讯飞输入法（APP）,应用于文本生成场景，提取语音中声学特征，结合语言模型，识别短音频，生成文本信息。,2023-6,generative ai,境内深度合成服务算法备案清单（2023年6月）.docx
讯飞星火认知大模型算法,服务技术支持者,科大讯飞股份有限公司,--,应用于开放域对话生成场景，利用文本、代码、prompt数据及用户反馈数据训练AI大模型，服务于问答、咨询类的企业端客户，通过API提供文本生成服务。,2023-6,generative ai,境内深度合成服务算法备案清单（2023年6月）.docx
美图图像深度合成类算法,服务提供者,厦门美图网科技有限公司,美图设计室（APP）、美图秀秀（APP）、美颜相机（APP）等,应用于图像生成场景，基于图像内容理解结果，实现对用户上传照片的艺术化重新生成。,2023-6,generative ai,境内深度合成服务算法备案清单（2023年6月）.docx
UC小蜜智能客服算法,服务提供者,广州市动景计算机科技有限公司,UC浏览器（APP）,应用于在线智能客服场景，利用自然语言技术定位用户需求，生成文本、图像、音频、视频等形式的回答。,2023-6,generative ai,境内深度合成服务算法备案清单（2023年6月）.docx
易次元生成合成算法,服务提供者,广州网易计算机系统有限公司,易次元（APP）,应用于对话生成场景，根据用户输入内容，应用对话模型，生成对话文本回复。,2023-6,generative ai,境内深度合成服务算法备案清单（2023年6月）.docx
酷狗音乐语音克隆算法,服务提供者,广州酷狗计算机科技有限公司,酷狗音乐（APP）,应用于音频生成场景，基于用户录音数据，提取用户音色特征，生成与用户音色一致的音频信息。,2023-6,generative ai,境内深度合成服务算法备案清单（2023年6月）.docx
酷狗音乐歌声合成算法,服务提供者,广州酷狗计算机科技有限公司,酷狗概念版(APP)、酷狗音乐(APP),应用于音频生成场景，基于用户歌唱录音数据，提取用户音色特征，制作歌曲。,2023-6,generative ai,境内深度合成服务算法备案清单（2023年6月）.docx
音书语音识别算法,服务提供者,广州音书科技有限公司,音书（APP）,应用于语音转文字场景，识别实时录音数据，生成识别后的文本信息。,2023-6,generative ai,境内深度合成服务算法备案清单（2023年6月）.docx
秀脸FacePlay人脸融合算法,服务提供者,深圳市鹏中科技有限公司,秀脸FacePlay（APP）,应用于人脸图像、视频生成场景，将用户上传的照片与特定形象进行面部融合，生成融合后的人脸图像、视频。,2023-6,generative ai,境内深度合成服务算法备案清单（2023年6月）.docx
腾讯云人脸融合算法,服务技术支持者,深圳市腾讯计算机系统有限公司,--,应用于人脸图像、视频生成场景，服务于图像、视频编辑类的企业端客户，通过API提供用户面部特征融合功能。,2023-6,generative ai,境内深度合成服务算法备案清单（2023年6月）.docx
腾讯会议虚拟背景算法,服务提供者,深圳市腾讯计算机系统有限公司,腾讯会议（APP）,应用于视频会议场景，利用人像分割得到像素级背景区域，实现对视频背景区域的模糊或替换，生成背景虚化或背景替换后的视频。,2023-6,generative ai,境内深度合成服务算法备案清单（2023年6月）.docx
腾讯云语音合成算法,服务技术支持者,深圳市腾讯计算机系统有限公司,--,应用于文本转语音场景，服务于音频、视频合成类企业端客户，使用已授权的声优声纹信息，通过API提供文本转语音功能。,2023-6,generative ai,境内深度合成服务算法备案清单（2023年6月）.docx
腾讯音乐语音合成算法,服务提供者,腾讯音乐娱乐（深圳）有限公司,QQ音乐（APP）、全民K歌（APP）,应用于文本转语音场景，利用语音合成技术，将文本内容转化为有声读物。,2023-6,generative ai,境内深度合成服务算法备案清单（2023年6月）.docx
逗拍风格迁移算法,服务提供者,深圳市闪剪智能科技有限公司,逗拍（APP）,应用于视频制作场景，根据用户选择的模板，修改用户上传图片的风格，生成风格化视频。,2023-6,generative ai,境内深度合成服务算法备案清单（2023年6月）.docx
逗拍动作驱动算法,服务提供者,深圳市闪剪智能科技有限公司,逗拍（APP）,应用于人脸视频生成场景，将用户上传的照片与模板视频进行面部融合，生成与模板视频的人像表情和动作一致的人脸视频。,2023-6,generative ai,境内深度合成服务算法备案清单（2023年6月）.docx
逗拍人脸融合算法,服务提供者,深圳市闪剪智能科技有限公司,逗拍（APP）,应用于人脸图像、视频生成场景，将用户上传的照片与特定形象进行面部融合，生成融合用户面部特征的人脸图像、视频。,2023-6,generative ai,境内深度合成服务算法备案清单（2023年6月）.docx
逗拍人脸属性编辑算法,服务提供者,深圳市闪剪智能科技有限公司,逗拍（APP）,应用于人脸图像编辑场景，通过修改用户上传照片中人脸属性信息，改变照片人物的外貌特征。,2023-6,generative ai,境内深度合成服务算法备案清单（2023年6月）.docx
闪光灯深度合成算法,服务提供者,上海炎也智能科技有限公司,闪光灯IP助手(网站),应用于视频生成场景，根据用户输入的音频、视频内容，生成相应的视频。,2025-7,generative ai,境内深度合成服务算法备案清单（2025年7月）.docx
小安智护智能医学问答算法,服务提供者,凝动万生医疗科技（武汉）有限公司,小安智护(小程序)、小帕智护(网站)、小妍智护(其他)、小百(网站)、小安智护(其他)、小妍智护(网站),应用于对话生成场景，根据用户输入的文本、语音内容，生成相应医学领域的文本、音频回复。,2025-7,generative ai,境内深度合成服务算法备案清单（2025年7月）.docx
饿了么智能客服算法,服务提供者,上海拉扎斯信息科技有限公司,蜂鸟众包(APP)、饿了么(APP)、饿了么商家版(APP),应用于对话生成场景，根据用户输入的文本，生成生活服务相关领域的文本回复。,2025-7,generative ai,境内深度合成服务算法备案清单（2025年7月）.docx
简单拍多模态大模型算法,服务提供者,上海聚身智能科技有限公司,简单拍AI短视频(小程序)、简单拍AI短视频(APP),应用于文本视频生成场景，根据用户输入的文本、视频信息，生成相应短视频领域的文本、视频内容。,2025-7,generative ai,境内深度合成服务算法备案清单（2025年7月）.docx
深擎天机镜深度合成算法,服务提供者,上海深擎信息科技有限公司,AIGC投顾助手(网站),应用于对话生成场景，根据用户输入的文本，生成金融领域相关的文本回复。,2025-7,generative ai,境内深度合成服务算法备案清单（2025年7月）.docx
灵动视界AI生成合成算法,服务提供者,灵动视界（杭州）网络科技有限公司,媒小象(小程序),应用于视频生成场景，根据用户输入的文本、图像，生成相应的视频内容。,2025-7,generative ai,境内深度合成服务算法备案清单（2025年7月）.docx
橙度科技语音深度合成算法,服务提供者,四川橙度科技有限公司,Barmak维语输入法(网站),应用于音频生成场景，根据用户输入的中文文本信息，生成翻译后的语音播报。,2025-7,generative ai,境内深度合成服务算法备案清单（2025年7月）.docx
基于大语言模型的SGS客服机器人对话算法,服务提供者,通标标准技术服务有限公司,SGS智能客服(网站),应用于对话生成场景，根据用户输入的文本，生成相应的文本回复。,2025-7,generative ai,境内深度合成服务算法备案清单（2025年7月）.docx
妙回输入法文生文内容生成算法,服务提供者,北京冲云破雾科技有限公司,妙回输入法(APP),应用于文本生成场景，根据用户输入的文本内容，生成相应的文本内容。,2025-7,generative ai,境内深度合成服务算法备案清单（2025年7月）.docx
国烽文字生成算法,服务提供者,广州国烽智能科技有限公司,言成通(网站),应用于文本生成场景，根据用户输入的文本内容，生成相应的文本内容。,2025-7,generative ai,境内深度合成服务算法备案清单（2025年7月）.docx
昊舜跟踪检测算法,服务提供者,杭州昊舜视讯科技有限公司,无人机智能管控系统平台(网站),应用于图像目标检测和识别场景，根据用户输入的图像内容，检测并标注出图像中用户感兴趣的目标兴趣框与对应类别文本。,2025-7,generative ai,境内深度合成服务算法备案清单（2025年7月）.docx
亿渡科技天工智通生成合成算法,服务提供者,杭州亿渡网络科技有限公司,天工智通(APP),应用于文本生成场景，根据用户输入的文本，生成相应的文本内容。,2025-7,generative ai,境内深度合成服务算法备案清单（2025年7月）.docx
同瓴语音合成算法,服务提供者,杭州同瓴信息科技有限公司,同瓴AirCloneAl小程序（V1.0）(小程序)、同瓴智能数字人制作平台V1.0(网站)、同瓴智能无人直播软件系统V1.0(APP)、同瓴魔伴(小程序)、同瓴数字人TUC内容管理系统（V1.0）(网站)、同瓴AI视频通话VoLTE软件（V1.0）(小程序)、同瓴数字人TUF形象克隆系统（V1.0）(网站)、同瓴数字人运营系统V1.0(网站)、同瓴宝贝变变变(小程序)、同瓴数字人TUV声音克隆系统（V1.0）(网站),应用于音频生成场景，根据用户输入的文本、音频信息，生成相应的音频内容。,2025-7,generative ai,境内深度合成服务算法备案清单（2025年7月）.docx
广厦AI数字人合成算法,服务提供者,深圳市广厦人工智能技术有限公司,广厦AI数字人视频生成平台(网站),应用于数字人视频生成场景，根据用户输入的文本、音频内容，生成相应文本和数字人形象的视频。,2025-7,generative ai,境内深度合成服务算法备案清单（2025年7月）.docx
西舟鲤视频转文字生成式算法,服务技术支持者,西舟鲤（深圳）科技有限公司,--,应用于文本生成场景，服务于企业端客户，根据用户输入的视频，生成相应的文本内容。,2025-7,generative ai,境内深度合成服务算法备案清单（2025年7月）.docx
西舟鲤高级智能问答生成式算法,服务技术支持者,西舟鲤（深圳）科技有限公司,--,应用于文本生成场景，服务于企业端客户，根据用户输入的简历文本信息，生成相应简历筛选文本报告。,2025-7,generative ai,境内深度合成服务算法备案清单（2025年7月）.docx
比特星船务问答技术算法,服务技术支持者,比特星数字科技（大连）有限公司,--,应用于文本生成场景，服务于企业端客户，根据用户输入文本，生成船舶维修知识解答与方案建议文本。,2025-7,generative ai,境内深度合成服务算法备案清单（2025年7月）.docx
浪潮智稷农业大模型算法,服务提供者,浪潮（山东）农业互联网有限公司,浪潮智稷农业大模型(网站),应用于文本生成场景，根据用户输入的文本、图像内容，生成农业生产管理和调度领域相关的文本回复。,2025-7,generative ai,境内深度合成服务算法备案清单（2025年7月）.docx
句馆内容生成算法,服务提供者,湖北鲸浪网络科技有限公司,句馆(APP),应用于文本生成场景，根据用户输入的文本内容，生成相应的文本回复。,2025-7,generative ai,境内深度合成服务算法备案清单（2025年7月）.docx
视觉世界AI文本生成算法,服务提供者,北京视觉世界科技有限公司,306智慧生活(APP)、墨鱼助理(APP)、摄像机智能硬件(其他),应用于对话生成或内容创作场景，根据用户输入的文本、图片、音频信息，生成相应的文本回复或调用相关接口获取的内容。,2025-7,generative ai,境内深度合成服务算法备案清单（2025年7月）.docx
泽成小问深度合成算法,服务提供者,泽成维特教育科技（厦门）有限公司,兽课网(APP),应用于对话生成场景，根据用户输入的文本信息，生成兽医领域相关的文本回复。,2025-7,generative ai,境内深度合成服务算法备案清单（2025年7月）.docx
畅游客服文本生成算法,服务提供者,北京畅游时代数码技术有限公司,美职篮：绝对巨星(APP),应用于对话生成场景，根据用户输入的文本信息，生成相应的文本回复。,2025-7,generative ai,境内深度合成服务算法备案清单（2025年7月）.docx
人人咖数字人合成算法,服务提供者,洛阳云播网络科技有限公司,人人咖数字人(APP)、人人咖数智人(网站)、人人咖数字人(小程序)、人人咖数字人互动屏(网站)、人人咖数字人直播(APP)、人人咖数字人(网站)、人人咖数智人(小程序)、人人咖数智人(APP)、人人咖数字人互动屏(APP)、人人咖数字人直播(网站),应用于数字人视频生成场景，根据用户输入的文本、图像、音频、视频，生成相应的数字人视频。,2025-7,generative ai,境内深度合成服务算法备案清单（2025年7月）.docx
宜享花智鉴识别内容生成合成算法,服务提供者,海南宜信普惠小额贷款有限公司,宜享花(APP),应用于文本生成场景，根据用户输入的文本、图像信息，生成相应的文本回复。,2025-7,generative ai,境内深度合成服务算法备案清单（2025年7月）.docx
网易天音歌词生成算法,服务提供者,杭州乐读科技有限公司,网易天音(网站),应用于文本生成场景，根据用户输入的文本信息，生成相应的歌词文本内容。,2025-7,generative ai,境内深度合成服务算法备案清单（2025年7月）.docx
中科同昌民生大模型算法,服务提供者,中科同昌万锦信息技术有限公司,智慧柏林(APP),应用于对话生成场景，根据用户输入的文本，生成相应的文本回复。,2025-7,generative ai,境内深度合成服务算法备案清单（2025年7月）.docx
美康医药智核交互式多能型合成算法,服务提供者,四川美康医药软件研究开发股份有限公司,美康疾病诊疗支持系统(网站)、医知云(小程序)、疾病诊疗(APP)、MCDEX移动版(APP)、MCDEX(网站),应用于多模态内容生成场景，根据用户输入的文本、图片、音频、视频信息，生成医疗领域相关的文字、图片、音频和视频内容。,2025-7,generative ai,境内深度合成服务算法备案清单（2025年7月）.docx
矢量云图图像处理大模型算法,服务提供者,北京矢量云图智能科技有限公司,果壳相机(APP),应用于图像生成场景，根据用户输入的文本、图像信息，生成换装、换背景等图片内容。,2025-7,generative ai,境内深度合成服务算法备案清单（2025年7月）.docx
小聚多模态音视频生成算法,服务提供者,安徽猿创家智能科技有限公司,AI小聚(网站)、AI小聚(APP)、AI小聚(小程序),应用于多模态内容生成场景，根据用户输入文本、图像信息，生成相应的音频、视频内容。,2025-7,generative ai,境内深度合成服务算法备案清单（2025年7月）.docx
轻牛个性化营养内容生成算法,服务提供者,深圳市轻牛软件有限公司,轻牛健康(APP),应用于对话生成场景，根据用户输入的图像和文本，生成健康管理领域相关的文本回复。,2025-7,generative ai,境内深度合成服务算法备案清单（2025年7月）.docx
翊天律师智能助手文本生成算法,服务提供者,南京微雀信息技术有限公司,法思AI律师助手(网站)、法思-数字分身（小程序）,应用于对话生成场景，根据用户输入的文本，生成相应的文本回复。,2025-7,generative ai,境内深度合成服务算法备案清单（2025年7月）.docx
恒扬数据敏感数据文本生成算法,服务技术支持者,深圳市恒扬数据股份有限公司,--,应用于文本生成场景，服务于企业端客户，根据用户输入的文本、音频，生成相应的文本内容。,2025-7,generative ai,境内深度合成服务算法备案清单（2025年7月）.docx
新彩AI助理文本生成大模型算法,服务提供者,北京新彩华章网络科技有限公司,新彩AI助理(网站),应用于对话生成场景，根据用户输入的文本，生成相应的文本回复。,2025-7,generative ai,境内深度合成服务算法备案清单（2025年7月）.docx
康桥AI智能对话算法,服务提供者,重庆康桥传媒有限公司,康桥智能对话(网站)、康桥(APP),应用于对话生成场景，根据用户输入的文本，生成相应的文本回复。,2025-7,generative ai,境内深度合成服务算法备案清单（2025年7月）.docx
火柴人行为识别算法,服务技术支持者,奥瞳人工智能（深圳）有限公司,--,应用于行为识别场景，服务于企业端客户，根据用户上传的视频，生成行为识别的文本结果，主要面向养老领域。,2025-7,generative ai,境内深度合成服务算法备案清单（2025年7月）.docx
瓦拉星球智能生成算法,服务提供者,深圳美奇创想科技有限公司,瓦拉星球(APP),应用于对话生成场景，根据用户输入的语音，生成相应的文本回复，主要面向口语练习。,2025-7,generative ai,境内深度合成服务算法备案清单（2025年7月）.docx
金叶天成医学生成合成算法-1,服务提供者,金叶天成（北京）科技有限公司,无痛AI小助手(小程序)、MedliveGPT(APP),应用于对话生成场景，根据用户输入的文本信息，生成医学领域相关的文本回复。,2025-7,generative ai,境内深度合成服务算法备案清单（2025年7月）.docx
神州医疗DHC大模型科研助手算法,服务提供者,神州医疗科技股份有限公司,神州医疗多模态大模型专科助手(网站),应用于对话生成场景，根据用户输入的文本，生成医学领域相关的文本回复。,2025-7,generative ai,境内深度合成服务算法备案清单（2025年7月）.docx
瑞庭智能问答算法,服务提供者,瑞庭网络技术（上海）有限公司,移动经纪人(APP),应用于对话生成场景，根据用户输入的文本，生成相应房产业务的文本回复。,2025-7,generative ai,境内深度合成服务算法备案清单（2025年7月）.docx
瑞庭智能写作算法,服务提供者,瑞庭网络技术（上海）有限公司,移动经纪人(APP),应用于文本生成场景，根据用户输入的文本，生成房产行业相关的文本文案及报告。,2025-7,generative ai,境内深度合成服务算法备案清单（2025年7月）.docx
同瓴人脸融合算法,服务技术支持者,杭州同瓴信息科技有限公司,--,应用于人脸融合场景，服务于企业端客户，根据用户输入的人脸图像、视频，生成融合相应人脸特征的图片、视频内容。,2025-7,generative ai,境内深度合成服务算法备案清单（2025年7月）.docx
艾铂特多模态生成算法,服务提供者,艾铂特（珠海）人工智能科技有限公司,艾小铂智能人工助手(其他)、艾小铂智能人工助手(APP)、艾小铂智能人工助手(小程序),应用于多模态内容生成场景，根据用户输入的文本、语音、图像内容，生成相应的文字和图像。,2025-7,generative ai,境内深度合成服务算法备案清单（2025年7月）.docx
集换社卡牌文本生成算法,服务提供者,上海灵摆科技有限公司,集换社(APP)、集换社(小程序),应用于对话生成场景，根据用户输入的文本、图片，生成相应的文本。,2025-7,generative ai,境内深度合成服务算法备案清单（2025年7月）.docx
AcWing编程智伴大模型算法,服务提供者,北京睿新奇知科技有限公司,AcWing(APP),应用于文本生成场景，根据用户输入的文本，生成编程学习相关的文本内容。,2025-7,generative ai,境内深度合成服务算法备案清单（2025年7月）.docx
Vchoo多模态内容生成算法,服务提供者,武汉橡皮膜网络科技有限公司,Vchoo.ai(网站),应用于多模态内容生成场景，根据用户输入的文本，生成相应的故事创作文本、图像、视频内容。,2025-7,generative ai,境内深度合成服务算法备案清单（2025年7月）.docx
老板电器语音生成算法,服务提供者,杭州老板电器股份有限公司,ROKI智能烹饪(APP)、老板电器AI(网站)、老板电器(小程序)、老板电器(其他),应用于语音对话生成场景，根据用户输入的音频内容，生成相应的音频回复。,2025-7,generative ai,境内深度合成服务算法备案清单（2025年7月）.docx
火花思维智能助手深度合成算法,服务提供者,北京心更远科技发展有限公司,火花思维(APP),应用于对话生成场景，根据用户输入的文本，生成教育领域相关的文本内容。,2025-7,generative ai,境内深度合成服务算法备案清单（2025年7月）.docx
太翼数字鹊哥医疗多模态大模型算法,服务技术支持者,上海太翼数字健康管理有限公司,--,应用于文本生成场景，服务于企业端或医院端客户，根据用户输入的文本、图片，生成医疗领域相关的文本内容。,2025-7,generative ai,境内深度合成服务算法备案清单（2025年7月）.docx
太翼睿景鹊哥医疗多模态大模型算法,服务技术支持者,上海太翼睿景计算机科技有限公司,--,应用于文本生成场景，服务于企业端或医院端客户，根据用户输入的文本、图片，生成医疗领域相关的文本内容。,2025-7,generative ai,境内深度合成服务算法备案清单（2025年7月）.docx
Hugme抱抱窝亲密关系生成合成算法,服务提供者,南京抱抱屋科技有限公司,Hugme抱抱窝(APP),应用于对话生成场景，根据用户输入的文本、音频、图片，生成情感领域相关的文本回复。,2025-7,generative ai,境内深度合成服务算法备案清单（2025年7月）.docx
沃尔登多模态生成算法,服务提供者,沃尔登（深圳）信息科技咨询有限公司,艾一千(小程序)、艾一千(APP)、艾一千(其他)、艾一千(网站),应用于多模态内容生成场景，根据用户输入的文本信息，生成相应的文本、图像、视频内容。,2025-7,generative ai,境内深度合成服务算法备案清单（2025年7月）.docx
松果AI图像生成算法,服务提供者,福州白松果网络科技有限公司,倍客AI电商服务平台(网站)、萌趣相机(小程序)、BAKE AI(小程序)、Pet agic(APP)、BAKE AI(小程序),应用于图像生成场景，根据用户输入的文本、图像，生成相应的图像内容。,2025-7,generative ai,境内深度合成服务算法备案清单（2025年7月）.docx
金数据生成合成算法,服务提供者,西安数据如金信息科技有限公司,金数据(网站)、金数据(小程序)、快出题(网站),应用于文本生成场景，根据用户输入的文本、图像，生成表单试卷相关的文本内容。,2025-7,generative ai,境内深度合成服务算法备案清单（2025年7月）.docx
撸宠宠物智能内容及图像视频生成算法,服务提供者,广州噜宠网络科技有限公司,撸宠(APP)、撸宠宠物管家(小程序)、撸宠(网站)、撸宠(小程序),应用于多模态内容生成场景，根据用户输入的文本、图像、音频、视频，生成宠物相关的文本、图像、视频内容。,2025-7,generative ai,境内深度合成服务算法备案清单（2025年7月）.docx
西舟鲤人脸动漫化合成生成式算法,服务技术支持者,西舟鲤（深圳）科技有限公司,--,应用于图像生成场景，服务于企业端客户，根据用户输入的人脸图像，生成相应的动漫风格图像。,2025-7,generative ai,境内深度合成服务算法备案清单（2025年7月）.docx
科瑞泰科小豚大语言算法,服务提供者,科瑞泰医疗信息技术（天津）有限公司,科瑞泰 Q 医(APP),应用于对话生成场景，根据用户输入的文本，生成医疗领域相关的文本内容。,2025-7,generative ai,境内深度合成服务算法备案清单（2025年7月）.docx
西舟鲤虚拟场景生成式算法,服务技术支持者,西舟鲤（深圳）科技有限公司,--,应用于图像生成场景，服务于企业端客户，根据用户输入的文本，生成相应的图像。,2025-7,generative ai,境内深度合成服务算法备案清单（2025年7月）.docx
他她它大模型算法,服务提供者,宿迁伴心智能科技有限公司,他她它(APP),应用于对话生成场景，根据用户输入的文本，生成相应的文本。,2025-7,generative ai,境内深度合成服务算法备案清单（2025年7月）.docx
云起未来文本生成算法,服务提供者,云起未来（广东）网络科技有限公司,客服GPT(APP),应用于智能对话场景，根据用户输入的文本，生成相应的文本内容。,2025-7,generative ai,境内深度合成服务算法备案清单（2025年7月）.docx
金耀阳交互式内容生成算法,服务提供者,深圳市金耀阳科技有限公司,声吧(APP),应用于对话生成场景，根据用户输入的文本，生成相应的文本内容。,2025-7,generative ai,境内深度合成服务算法备案清单（2025年7月）.docx
九界多模态大模型算法,服务提供者,苏州九界文化传媒有限公司,九界(APP),应用于多模态内容生成场景，根据用户输入的文本、图像，生成相应的文本、图像、视频。,2025-7,generative ai,境内深度合成服务算法备案清单（2025年7月）.docx
联通沃音乐视频彩铃2D数字人生成算法,服务提供者,联通沃音乐文化有限公司,联通视频彩铃(小程序),应用于数字人生成场景，根据用户输入的文字、图片、音频、视频，生成相应的数字人视频、图像。,2025-7,generative ai,境内深度合成服务算法备案清单（2025年7月）.docx
飞鑫生成式数据分析算法,服务提供者,广州市飞鑫信息科技有限公司,诚企易(APP),应用于文本生成场景，根据用户输入的文本信息，生成相应的文本回复。,2025-7,generative ai,境内深度合成服务算法备案清单（2025年7月）.docx
嗨小兔对话生成算法,服务提供者,上海一嗨信息技术服务有限公司,一嗨租车(APP),应用于对话生成场景，根据用户输入的文本信息，生成汽车租赁领域相应的文本回复。,2025-7,generative ai,境内深度合成服务算法备案清单（2025年7月）.docx
HIANNE文本生成算法,服务提供者,上海厂赞科技有限公司,HIANNE智能体平台(网站),应用于对话生成场景，根据用户输入的文本信息，生成相应的文本回复。,2025-7,generative ai,境内深度合成服务算法备案清单（2025年7月）.docx
数域灵创智能深度图像合成算法,服务提供者,深圳市数域灵创科技有限公司,绘灵魔方AI(小程序),应用于图像生成场景，根据用户输入的图片，生成具有艺术风格或特定效果的图片结果。,2025-7,generative ai,境内深度合成服务算法备案清单（2025年7月）.docx
光影魔术手图片合成算法,服务提供者,武汉光影魔术手科技有限公司,光影魔术手(APP),应用于图像生成场景，根据用户输入的图像，生成消除或美化服务后的图像内容。,2025-7,generative ai,境内深度合成服务算法备案清单（2025年7月）.docx
极客搜索内容生成算法,服务提供者,极客邦控股（北京）有限公司,极客搜索(网站),应用于对话生成场景，根据用户输入的文本信息，生成相应的文本回复。,2025-7,generative ai,境内深度合成服务算法备案清单（2025年7月）.docx
星临文本生成算法,服务提供者,杭州星临科技有限责任公司,MOYO(APP),应用于对话生成场景，根据用户输入的文本信息，生成相应的文本回复。,2025-7,generative ai,境内深度合成服务算法备案清单（2025年7月）.docx
正造图像深度合成算法-1,服务提供者,上海正造科技有限公司,谷米造相馆(小程序),应用于图像生成场景，根据用户输入的人脸图像，生成相应风格化的图像内容。,2025-7,generative ai,境内深度合成服务算法备案清单（2025年7月）.docx
翊城科技ChatBao数字人格心理咨询生成合成类算法,服务提供者,湖北深度求解科技发展有限公司,翊城心理(小程序),应用于对话生成场景，根据用户输入的文本信息，生成心理健康领域相关的文本回复。,2025-7,generative ai,境内深度合成服务算法备案清单（2025年7月）.docx
自在工场智能数据问答算法,服务提供者,自在工场（天津）网络技术有限公司,自在招聘(网站)、自在招聘(小程序)、自在求职助手(小程序),应用于对话生成场景，根据用户输入的文本、音频，生成求职招聘领域相关的文本回复。,2025-7,generative ai,境内深度合成服务算法备案清单（2025年7月）.docx
逗娱文本生成合成算法,服务提供者,深圳市逗娱科技有限公司,虚拟恋人(APP),应用于对话生成场景，根据用户输入的文本信息，生成相应的文本回复。,2025-7,generative ai,境内深度合成服务算法备案清单（2025年7月）.docx
联通元景语音识别大模型算法,服务技术支持者,联通数据智能有限公司,--,应用于语音识别场景，服务于企业端客户，根据用户输入的音频，生成相应的文本内容。,2025-7,generative ai,境内深度合成服务算法备案清单（2025年7月）.docx
GPTCoder代码生成大模型算法,服务提供者,深圳市法本信息技术股份有限公司,GPTCoder(APP),应用于文本生成场景，根据用户输入的文本，生成技术开发领域相关的代码文本。,2025-7,generative ai,境内深度合成服务算法备案清单（2025年7月）.docx
他她它语音识别模型算法,服务提供者,宿迁伴心智能科技有限公司,他她它(APP),应用于语音识别场景，根据用户输入的音频，生成相应的文本。,2025-7,generative ai,境内深度合成服务算法备案清单（2025年7月）.docx
他她它语音合成大模型算法,服务提供者,宿迁伴心智能科技有限公司,他她它(APP),应用于语音合成场景，根据用户输入的文本，生成相应的音频。,2025-7,generative ai,境内深度合成服务算法备案清单（2025年7月）.docx
杭州研趣智能对话生成算法,服务提供者,杭州研趣信息技术有限公司,科学指南针(网站),应用于对话生成场景，根据用户输入的文本信息，生成相应的文本回复。,2025-7,generative ai,境内深度合成服务算法备案清单（2025年7月）.docx
江苏叁拾叁信息技术有限公司农业AI智能问答算法,服务技术支持者,江苏叁拾叁智慧农业有限公司,--,应用于对话生成场景，服务于企业端客户，根据用户输入的文本信息，生成农业领域相关的文本内容。,2025-7,generative ai,境内深度合成服务算法备案清单（2025年7月）.docx
鹅几AI图像生成算法,服务提供者,广州深图网络有限公司,鹅几AI(网站),应用于图像生成场景，根据用户输入的文本、图像，生成游戏领域相关的图像内容。,2025-7,generative ai,境内深度合成服务算法备案清单（2025年7月）.docx
联通元景语音交互大模型算法,服务技术支持者,联通数据智能有限公司,--,应用于对话生成场景，服务于企业端客户，根据用户输入的语音，生成相应的语音回复。,2025-7,generative ai,境内深度合成服务算法备案清单（2025年7月）.docx
平安健康医博通数字人智能生成算法,服务提供者,平安健康互联网股份有限公司,平安健康(小程序)、平安健康(APP),应用于数字人生成场景，根据用户输入的文本、音频，生成相应的数字人视频、文本，实现医疗健康问答功能。,2025-7,generative ai,境内深度合成服务算法备案清单（2025年7月）.docx
Writehelp文本生成算法,服务提供者,湖南写邦科技有限公司,Writehelp文本生成算法(网站),应用于文本生成场景，根据用户输入的标题与关键词，生成调研报告、教案、工作总结等结构化文本。,2025-7,generative ai,境内深度合成服务算法备案清单（2025年7月）.docx
太阳石矿山大模型深度合成技术支持算法,服务技术支持者,煤炭科学研究总院有限公司,--,应用于文本生成场景，服务于企业端客户，根据用户输入的文本，生成煤炭领域相关的文本。,2025-7,generative ai,境内深度合成服务算法备案清单（2025年7月）.docx
闪咔智拍图像生成算法,服务提供者,深圳市元企秀科技有限公司,闪咔智拍(APP),应用于图像生成场景，根据用户上传的照片，与特定模板进行面部融合并进行风格处理，生成融合后的定制化图像。,2025-7,generative ai,境内深度合成服务算法备案清单（2025年7月）.docx
iDOCK修船问答服务算法,服务提供者,比特星数字科技（大连）有限公司,iDOCK(APP),应用于文本生成场景，根据用户输入的文本，生成船舶维修知识解答与方案建议文本。,2025-7,generative ai,境内深度合成服务算法备案清单（2025年7月）.docx
锡韵文商旅大模型算法,服务技术支持者,无锡千帆竞桨科技有限公司,--,应用于文本生成场景，服务于企业端客户，根据用户输入的文本信息，生成文旅领域相关的文本内容。,2025-7,generative ai,境内深度合成服务算法备案清单（2025年7月）.docx
曲速心理AI对话文本生成算法,服务提供者,上海曲速超为技术有限公司,曲速心理聊天机器人(网站),应用于文本生成场景，根据用户输入的文本信息，生成心理领域相关的文本内容。,2025-7,generative ai,境内深度合成服务算法备案清单（2025年7月）.docx
智算力多模态内容生成算法,服务提供者,深圳市智算力数字科技有限公司,BajoSeek(APP),应用于多模态内容生成场景，根据用户输入的文本信息，生成相应的文本、图像、视频内容。,2025-7,generative ai,境内深度合成服务算法备案清单（2025年7月）.docx
潮流网络AI变声生成式算法,服务技术支持者,深圳市潮流网络技术有限公司,--,应用于音频生成场景，服务于企业端客户，根据用户输入的音频，生成相应变声后的音频内容。,2025-7,generative ai,境内深度合成服务算法备案清单（2025年7月）.docx
天立启鸣AI学伴文本生成算法,服务提供者,四川启鸣达人科技有限公司,天立启鸣AI学伴(网站),应用于对话生成场景，根据用户输入的文本，生成教育领域相关的文本、音频内容。,2025-7,generative ai,境内深度合成服务算法备案清单（2025年7月）.docx
他她它形象合成算法,服务提供者,宿迁伴心智能科技有限公司,他她它(APP),应用于数字人视频生成场景，根据用户输入的语音和动作指令，生成相应的数字人视频。,2025-7,generative ai,境内深度合成服务算法备案清单（2025年7月）.docx
蚂小财智能理财助理内容生成算法,服务技术支持者,蚂蚁财富（上海）科技有限公司,--,应用于文本生成场景，服务于企业端客户，根据用户输入的文本，生成相应的文本回复。,2025-7,generative ai,境内深度合成服务算法备案清单（2025年7月）.docx
老虎创想多模态内容生成算法,服务提供者,北京老虎创想科技有限公司,天天配音(APP)、智影工坊(APP)、宠迹(APP)、醉东风(APP)、笔杆写作(APP),应用于多模态内容生成场景，根据用户输入的文本、图像信息，生成相应的文本、图片、音频、视频内容。,2025-7,generative ai,境内深度合成服务算法备案清单（2025年7月）.docx
源世界数字人算法,服务提供者,深圳源世界科技有限公司,锐影(APP)、锐影(网站),应用于数字人生成场景，根据用户输入的文本、视频、音频信息，生成声音与唇形一致数字人形象的视频。,2025-7,generative ai,境内深度合成服务算法备案清单（2025年7月）.docx
DelphAI大语言模型管理算法,服务提供者,德勤管理咨询（上海）有限公司,DelphAI(网站),应用于文本生成场景，根据用户输入的文本或上传的文件，生成相应的文本回复。,2025-7,generative ai,境内深度合成服务算法备案清单（2025年7月）.docx
傲天科技人像识别生成算法,服务技术支持者,深圳市傲天科技股份有限公司,--,应用于图像识别场景，服务于企业端客户，根据用户上传的图像信息，生成图像识别结果或者附加信息等文本、图像。,2025-7,generative ai,境内深度合成服务算法备案清单（2025年7月）.docx
万得投顾生成合成算法,服务提供者,南京万得资讯科技有限公司,万得投顾终端(APP),应用于对话生成场景，根据用户输入的文本信息，生成符合用户需求的文本内容。,2025-7,generative ai,境内深度合成服务算法备案清单（2025年7月）.docx
当贝办公场景文本内容生成式算法,服务提供者,杭州当贝网络科技有限公司,当贝AI(网站),应用于文本生成场景，根据用户输入的文本信息，生成相应的文本回复。,2025-7,generative ai,境内深度合成服务算法备案清单（2025年7月）.docx
来画数字人视频生成算法,服务提供者,深圳市前海手绘科技文化有限公司,来画数字人(网站),应用于数字人生成场景，根据用户输入的视频模板和音频，生成唇形同步的数字人口播视频。,2025-7,generative ai,境内深度合成服务算法备案清单（2025年7月）.docx
中报河图国际传播大模型生成合成算法,服务提供者,中国日报社,AI-agents in China Daily(网站),应用于多模态内容生成场景，根据用户输入的文本、图片信息，生成相应文本、图片内容。,2025-7,generative ai,境内深度合成服务算法备案清单（2025年7月）.docx
术木智能合成算法-1,服务提供者,术木智能科技发展(青岛)有限公司,标标准(小程序)、标标准(APP),应用于文本生成场景，根据用户输入的咨询文本，生成楼宇详情、推荐及销售策略等文本回复。,2025-7,generative ai,境内深度合成服务算法备案清单（2025年7月）.docx
小鲤速记文本生成合成算法,服务提供者,南京微鲤科技有限公司,中华万年历(APP),应用于文本生成场景，根据用户输入的文本、音频、图像等记录信息，生成相应的事项文本。,2025-7,generative ai,境内深度合成服务算法备案清单（2025年7月）.docx
跃云科技EasyFake模型多模态算法,服务提供者,北京跃云科技有限公司,EasyFake(网站),应用于多模态内容生成场景，根据用户输入的文本、图像、音频、视频，生成广告、影视、社交媒体等领域相关的文本、图像、音频、视频内容。,2025-7,generative ai,境内深度合成服务算法备案清单（2025年7月）.docx
未见科技视频生成算法,服务提供者,未见科技贸易（深圳）有限公司,WEGEN未见科技(小程序),应用于视频生成场景，根据用户输入的文本、图像、视频，生成相应的视频内容，实现人脸属性编辑、人脸动作迁移、人体动作迁移、人体服装迁移等功能。,2025-7,generative ai,境内深度合成服务算法备案清单（2025年7月）.docx
人生引擎梦笔生花大模型算法,服务提供者,四川人生引擎科技有限公司,梦笔生花(APP),应用于文本生成场景，根据用户输入的文本信息、选择关键词，生成写作文本内容。,2025-7,generative ai,境内深度合成服务算法备案清单（2025年7月）.docx
乾极数字人训练及合成算法,服务提供者,乾极（深圳）科技有限公司,乾极数字人(网站)、乾极数字人(小程序),应用于数字人生成场景，根据用户输入的文本、视频信息，生成唇形同步、形象定制的数字人视频。,2025-7,generative ai,境内深度合成服务算法备案清单（2025年7月）.docx
思友物联网平台人脸识别生成式算法,服务技术支持者,深圳市思友科技有限公司,--,应用于文本生成场景，服务于企业端客户，根据用户输入的实时视频帧或静态图像，生成相应访客记录文本信息。,2025-7,generative ai,境内深度合成服务算法备案清单（2025年7月）.docx
小奇文本内容生成算法,服务提供者,福州奇富网络小额贷款有限公司,奇富借条(APP)、360借条(APP),应用于对话生成场景，根据用户输入的文本，生成相应的文本回复。,2025-7,generative ai,境内深度合成服务算法备案清单（2025年7月）.docx
豆猫引擎多模态大模型算法,服务提供者,上海豆猫引擎科技服务有限公司,豆猫AI(APP),应用于多模态内容生成场景，根据用户输入的文本、图像，生成相应的文本、语音、图像内容。,2025-7,generative ai,境内深度合成服务算法备案清单（2025年7月）.docx
车车AI文本信息合成算法,服务提供者,广州市乐无边教育科技有限公司,车车填报助手(小程序)、高考直通车(APP),应用于文本生成场景，根据用户输入的文本内容，生成相应的文本回复。,2025-7,generative ai,境内深度合成服务算法备案清单（2025年7月）.docx
瀚天智能多模态内容生成算法,服务技术支持者,江苏瀚天智能科技股份有限公司,--,应用于多模态内容生成场景，服务于企业端客户，根据用户输入的文本、音频、图像，生成相应的文本、图像内容。,2025-7,generative ai,境内深度合成服务算法备案清单（2025年7月）.docx
花生互动IP类生成算法,服务技术支持者,花生互动(广州)科技有限公司,--,应用于图像生成场景，服务于企业端客户，根据用户输入的文本、图像信息，生成相应的图像内容。,2025-7,generative ai,境内深度合成服务算法备案清单（2025年7月）.docx
衡泰信可视化挥杆虚拟数字人算法,服务技术支持者,深圳市衡泰信科技有限公司,--,应用于3D数字人视频生成场景，服务于企业端客户，根据用户输入的实时挥杆动作视频，生成相应的3D数字人视频。,2025-7,generative ai,境内深度合成服务算法备案清单（2025年7月）.docx
思友智慧园区平台内容生成算法,服务技术支持者,深圳市思友科技有限公司,--,应用于多模态内容生成场景，服务于企业端客户，根据用户输入的文本信息，生成相应的文本内容。,2025-7,generative ai,境内深度合成服务算法备案清单（2025年7月）.docx
惊人科技数字人视频合成算法,服务提供者,深圳惊人科技有限公司,必豹(APP)、豹剧(APP)、豹剧(小程序)、豹文助手(APP)、必豹(小程序)、右豹(小程序)、豹文助手(小程序)、豹剪(小程序)、右豹(APP)、豹剪(APP),应用于数字人视频生成场景，根据输入的文本、音频、视频，生成相应的数字人视频。,2025-7,generative ai,境内深度合成服务算法备案清单（2025年7月）.docx
思友视频智能分析报告生成算法,服务技术支持者,深圳市思友科技有限公司,--,应用于文本生成场景，服务于企业端客户，根据用户输入的视频信息，生成包含问题描述、故障定位和改善建议的文本报告。,2025-7,generative ai,境内深度合成服务算法备案清单（2025年7月）.docx
衡泰信智能APP语音识别算法,服务技术支持者,深圳市衡泰信科技有限公司,--,应用于文本生成场景，服务于企业端客户，根据用户输入的音频，生成相应的文本指令。,2025-7,generative ai,境内深度合成服务算法备案清单（2025年7月）.docx
思友智慧园区平台车辆识别生成式算法,服务技术支持者,深圳市思友科技有限公司,--,应用于多模态内容生成场景，服务于企业端客户，根据用户输入的交通车辆视频内容，生成包含车牌、位置、时间、违停类型的文本、图像。,2025-7,generative ai,境内深度合成服务算法备案清单（2025年7月）.docx
ZY智能导览小程序智能问答算法,服务提供者,智源探索人工智能科技（福州）有限公司,ZY智能导览(小程序),应用于对话生成场景，根据用户输入的问题或查询文本内容，生成景区浏览相关的文本、音频回复。,2025-7,generative ai,境内深度合成服务算法备案清单（2025年7月）.docx
壹生医学内容生成算法,服务提供者,中国医学论坛报社,壹生(网站)、壹生(APP)、壹生(小程序),应用于文本生成场景，根据用户输入的文本、图像，生成医学领域相关的文本内容。,2025-7,generative ai,境内深度合成服务算法备案清单（2025年7月）.docx
恒扬数据视频检索匹配子片段生成算法,服务技术支持者,深圳市恒扬数据股份有限公司,--,应用于视频生成场景，服务于企业端客户，根据输入的视频片段，生成内容匹配的视频内容。,2025-7,generative ai,境内深度合成服务算法备案清单（2025年7月）.docx
恒扬数据视频摘要子视频生成算法,服务技术支持者,深圳市恒扬数据股份有限公司,--,应用于视频生成场景，服务于企业端客户，根据输入的视频，生成内容紧凑的摘要视频。,2025-7,generative ai,境内深度合成服务算法备案清单（2025年7月）.docx
恒扬数据图生视频生成算法,服务技术支持者,深圳市恒扬数据股份有限公司,--,应用于视频生成场景，服务于企业端客户，根据输入的静态图片，生成相应的动态视频。,2025-7,generative ai,境内深度合成服务算法备案清单（2025年7月）.docx
恒扬数据AI图像风格迁移生成算法,服务技术支持者,深圳市恒扬数据股份有限公司,--,应用于图像生成场景，服务于企业端客户，根据用户输入的图像数据和关键参数，生成不同艺术风格的图像。,2025-7,generative ai,境内深度合成服务算法备案清单（2025年7月）.docx
悟声语音合成算法,服务提供者,广州烁谷科技有限公司,悟声(网站),应用于音频生成场景，根据用户输入的文本、音频，生成相应的音频。,2025-7,generative ai,境内深度合成服务算法备案清单（2025年7月）.docx
约苗AI智能问答内容生成算法,服务提供者,四川马太科技有限公司,约苗(APP),应用于对话生成场景，根据用户输入的文本内容，生成疫苗预防接种相关的文本回复。,2025-7,generative ai,境内深度合成服务算法备案清单（2025年7月）.docx
AI爱好课多模态生成算法,服务提供者,长沙扬硕科技有限公司,AI爱好课(APP)、AI爱好课(网站),应用于多模态内容生成场景，根据用户输入的文本、图像信息，生成教学领域相关的文本、图像、音频内容。,2025-7,generative ai,境内深度合成服务算法备案清单（2025年7月）.docx
大众智能语音外呼算法,服务技术支持者,深圳市大众通信技术有限公司,--,应用于语音生成场景，服务于企业端客户，根据用户输入的文本信息，生成信息通知、营销推广相关的语音内容。,2025-7,generative ai,境内深度合成服务算法备案清单（2025年7月）.docx
码上医文本生成算法,服务提供者,广州码上医云诊所有限公司,码上医(网站)、码上医(小程序),应用于文本生成场景，根据用户输入的文本、图片、视频，生成健康数据报告解读、运动康复方案等文本内容。,2025-7,generative ai,境内深度合成服务算法备案清单（2025年7月）.docx
长江日报大语言模型智能问答算法,服务提供者,武汉长江日报全媒体有限公司,长江日报极目云(网站),应用于对话生成场景，根据用户输入的文本内容，生成相应的文本回复。,2025-7,generative ai,境内深度合成服务算法备案清单（2025年7月）.docx
财税通大模型算法,服务提供者,山东省技术管理学会,财税通大模型(网站),应用于对话生成场景，根据用户输入的文本内容，生成税务领域相关的文本回复。,2025-7,generative ai,境内深度合成服务算法备案清单（2025年7月）.docx
企享云财税大模型算法,服务技术支持者,企享云（广州）信息技术有限公司,--,应用于文本生成场景，服务于企业端客户，根据用户输入的发票、税务等业务信息，生成相应的文本回复。,2025-7,generative ai,境内深度合成服务算法备案清单（2025年7月）.docx
时间维度基于全局语音感知的视频数字人生成算法,服务提供者,时间维度技术（北京）有限公司,时间维度数字人生(小程序),应用于数字人生成场景，根据用户输入的文本、图像、音频，生成相应的数字人文本、音频、视频内容。,2025-7,generative ai,境内深度合成服务算法备案清单（2025年7月）.docx
高山智作大模型算法,服务提供者,安徽高山科技有限公司,软件智能生成系统(其他),应用于文本生成场景，根据用户输入的文本信息，生成相应的代码片段、技术文档、回答文本等。,2025-7,generative ai,境内深度合成服务算法备案清单（2025年7月）.docx
大众AI语音机器人对话生成算法,服务技术支持者,深圳市大众通信技术有限公司,--,应用于语音生成场景，服务于企业端客户，根据用户输入的音频信息，生成相应语音内容。,2025-7,generative ai,境内深度合成服务算法备案清单（2025年7月）.docx
华西公用医疗大模型算法,服务技术支持者,成都华西公用医疗信息服务有限公司,--,应用于文本生成场景，服务于企业端客户，根据用户输入的医疗领域文本和图像，生成相应的文本内容。,2025-7,generative ai,境内深度合成服务算法备案清单（2025年7月）.docx
优顶特产业大语言模型算法,服务提供者,优顶特产业有限公司,优顶特(APP)、优顶特(小程序),应用于文本生成场景，根据用户输入的文本、图片，生成相应的文本。,2025-7,generative ai,境内深度合成服务算法备案清单（2025年7月）.docx
思友大纲文本生成式算法,服务技术支持者,深圳市思友科技有限公司,--,应用于文本生成场景，服务于企业端客户，根据用户输入的文本，生成符合用户需求的PPT内容。,2025-7,generative ai,境内深度合成服务算法备案清单（2025年7月）.docx
丰石YOLO道路病害检测生成合成类算法,服务技术支持者,广州丰石科技有限公司,--,应用于图像识别场景，服务于企业端客户，根据用户输入的道路图像，生成相应的文本、图像道路病害检测结果。,2025-7,generative ai,境内深度合成服务算法备案清单（2025年7月）.docx
大众闪信文本生成算法,服务技术支持者,深圳市大众通信技术有限公司,--,应用于文本生成场景，服务于企业端客户，根据用户输入的文本，生成相应的文本内容。,2025-7,generative ai,境内深度合成服务算法备案清单（2025年7月）.docx
潮流网络基于深度学习的视频会议降噪算法,服务提供者,深圳市潮流网络技术有限公司,IPVideoTalk 会议(网站),应用于音频降噪场景，根据用户输入的会议音频，生成降噪后的音频。,2025-7,generative ai,境内深度合成服务算法备案清单（2025年7月）.docx
大宇宙智能客服问答生成算法,服务技术支持者,上海特朗思大宇宙信息技术服务有限公司,--,应用于文本生成场景，服务于企业端客户，根据用户输入的文本信息，生成相应文本内容。,2025-7,generative ai,境内深度合成服务算法备案清单（2025年7月）.docx
中科蓝吧e企AI企服文本生成算法,服务提供者,中科蓝吧数字科技（苏州）有限公司,e企AI(网站),应用于对话生成场景，根据用户输入的文本信息，生成相应的文本回复。,2025-7,generative ai,境内深度合成服务算法备案清单（2025年7月）.docx
博研文本生成算法,服务提供者,广州市博研教育科技有限公司,博研智算引擎(网站),应用于文本生成场景，根据用户输入的文本指令，生成相应的文本回复。,2025-7,generative ai,境内深度合成服务算法备案清单（2025年7月）.docx
新球体育AI数据分析比赛结果预测生成算法,服务提供者,肇庆市华盈体育科技有限公司,新球体育(APP)、新球体育(网站),应用于文本生成场景，根据用户输入的足球赛事相关查询内容，生成赛事结果预测及分析内容。,2025-7,generative ai,境内深度合成服务算法备案清单（2025年7月）.docx
卓易文生图算法,服务提供者,上海卓易科技股份有限公司,FreemeLite(APP),应用于图像生成场景，根据用户输入的文本或语音描述，生成相应的图像。,2025-7,generative ai,境内深度合成服务算法备案清单（2025年7月）.docx
安心舍AI玄学对话生成算法,服务提供者,深圳安谛科技有限公司,安心舍(APP),应用于对话生成场景，根据用户输入的文本信息，生成相应的文本回复。,2025-7,generative ai,境内深度合成服务算法备案清单（2025年7月）.docx
国金证券AI问答大模型算法,服务提供者,国金证券股份有限公司,谈指间(APP)、佣金宝(APP),应用于对话生成场景，根据用户输入的文本，生成证券行业相关的文本回复。,2025-7,generative ai,境内深度合成服务算法备案清单（2025年7月）.docx
维观深度合成算法,服务提供者,重庆回形针信息技术有限公司,维观(APP),应用于对话生成场景，根据企业输入的设备数据、财务数据、问题数据等，生成相应的文本和统计图表。,2025-7,generative ai,境内深度合成服务算法备案清单（2025年7月）.docx
大众语音生成算法,服务技术支持者,深圳市大众通信技术有限公司,--,应用于语音生成场景，服务于企业端客户，根据用户输入的语音信息，生成相应的语音回复。,2025-7,generative ai,境内深度合成服务算法备案清单（2025年7月）.docx
星联大模型生成式对话算法,服务技术支持者,厦门偕行星联管理咨询有限公司,--,应用于对话生成场景，服务于企业端客户，根据用户输入的文本信息，生成相应的文本内容。,2025-7,generative ai,境内深度合成服务算法备案清单（2025年7月）.docx
潮流网络图像增强生成式算法,服务技术支持者,深圳市潮流网络技术有限公司,--,应用于图像生成场景，服务于企业端客户，根据用户输入的图像信息，生成分辨率更高的图像内容。,2025-7,generative ai,境内深度合成服务算法备案清单（2025年7月）.docx
创孵猫AI生成合成算法,服务提供者,广州华人咨询有限公司,创孵猫AI(网站),应用于图像生成场景，根据用户输入的文本内容，生成设计领域相关的图像内容。,2025-7,generative ai,境内深度合成服务算法备案清单（2025年7月）.docx
浪潮灵睿大模型文本生成合成算法,服务提供者,浪潮智慧供应链科技（山东）有限公司,浪潮灵睿大模型(网站),应用于对话生成场景，根据用户输入的文本信息，生成相应的文本回复。,2025-7,generative ai,境内深度合成服务算法备案清单（2025年7月）.docx
极豆语音识别算法,服务技术支持者,上海极豆科技有限公司,--,应用于语音识别场景，服务于企业端客户，根据用户输入的语音，生成相应的文本内容。,2025-7,generative ai,境内深度合成服务算法备案清单（2025年7月）.docx
蚂蚁云创数字人视频生成算法,服务提供者,蚂蚁云创数字科技（北京）有限公司,蚂蚁灵境数字人平台(网站),应用于数字人生成场景，根据用户输入的文本、视频内容，生成相应的数字人视频。,2025-7,generative ai,境内深度合成服务算法备案清单（2025年7月）.docx
慧衣橱知识库强化学习文本生成算法,服务提供者,上海慧衣橱信息科技有限公司,我的慧衣橱(小程序),应用于对话生成场景，根据用户输入的文本信息，生成服装搭配、个人风格塑造等相关的文本回复。,2025-7,generative ai,境内深度合成服务算法备案清单（2025年7月）.docx
阳光保险正言文本生成算法-1,服务技术支持者,阳光数智科技有限责任公司,--,应用于文本生成场景，服务于企业端客户，根据用户输入的文本内容，结合给定的上下文提示，生成保险销售、服务相关的文本。,2025-7,generative ai,境内深度合成服务算法备案清单（2025年7月）.docx
云趣白泽多模态大模型算法,服务技术支持者,广州云趣信息科技有限公司,--,应用于对话生成场景，服务于企业端客户，根据用户输入的文本、图像、音频内容，生成相应的文本、音频回复。,2025-7,generative ai,境内深度合成服务算法备案清单（2025年7月）.docx
语鹦企服私域大模型算法,服务提供者,广州字言智语科技有限公司,语鹦企服私域管家(网站),应用于文本生成场景，根据用户输入的文本，生成相应的市场营销文案。,2025-7,generative ai,境内深度合成服务算法备案清单（2025年7月）.docx
天跃AI文本生成算法,服务提供者,上海天跃科技股份有限公司,安安(APP),应用于对话生成场景，根据用户输入的文本，生成相应的文本内容。,2025-7,generative ai,境内深度合成服务算法备案清单（2025年7月）.docx
未来立体语音合成算法,服务技术支持者,深圳未来立体教育科技有限公司,--,应用于语音生成场景，服务于企业端客户，根据用户输入的文本，生成教育领域相关的语音内容。,2025-7,generative ai,境内深度合成服务算法备案清单（2025年7月）.docx
南京文渊阁科技有限公司泛坊商云生成合成类算法,服务提供者,南京文渊阁科技有限公司,泛坊商云(APP),应用于对话生成场景，根据用户输入的问题文本，生成建筑领域相关的文本回复。,2025-7,generative ai,境内深度合成服务算法备案清单（2025年7月）.docx
智宠健康文本生成算法,服务提供者,广州智宠信息技术有限公司,智宠健康(网站)、智宠健康(小程序),应用于对话生成场景，根据用户输入的咨询文本，生成宠物健康领域相关的文本内容。,2025-7,generative ai,境内深度合成服务算法备案清单（2025年7月）.docx
阔跃AI大语言模型算法,服务提供者,广州阔跃生物科技有限公司,阔跃AI(网站),应用于文本生成场景，根据用户输入的文本信息，生成生物医药领域的科研文本内容。,2025-7,generative ai,境内深度合成服务算法备案清单（2025年7月）.docx
潮流网络文本转语音生成式算法,服务技术支持者,深圳市潮流网络技术有限公司,--,应用于语音生成场景，服务于企业端客户，根据用户输入的文本信息，生成相应的语音内容。,2025-7,generative ai,境内深度合成服务算法备案清单（2025年7月）.docx
Rokid问鼎语音大模型实时翻译算法,服务提供者,杭州灵伴科技有限公司,Rokid Glasses(APP),应用于文本生成场景，根据用户输入的文本、语音，生成相应的翻译文本。,2025-7,generative ai,境内深度合成服务算法备案清单（2025年7月）.docx
医宗指南舌象智能辨证算法-2,服务提供者,福建医宗指南中医药健康科技有限公司,舌象智能辨证健康管理系统(小程序),应用于图像识别场景，根据用户输入的舌头图像，生成中医诊断相关的文本内容。,2025-7,generative ai,境内深度合成服务算法备案清单（2025年7月）.docx
医宗指南舌象智能辨证算法-1,服务技术支持者,福建医宗指南中医药健康科技有限公司,--,应用于图像识别场景，服务于企业端客户，根据用户输入的舌头图像，生成中医诊断相关的文本内容。,2025-7,generative ai,境内深度合成服务算法备案清单（2025年7月）.docx
闻途科技图像生成算法,服务提供者,黑龙江闻途教育科技有限公司,闻途科技(小程序),应用于图像生成场景，根据用户输入的文本、图像信息，生成符合设计标准和质量要求的图像。,2025-7,generative ai,境内深度合成服务算法备案清单（2025年7月）.docx
星辰政务大模型算法,服务技术支持者,上海理想信息产业（集团）有限公司,--,应用于文本音频生成场景，服务于企业端客户，根据用户输入的文本、音频，生成相应的文本、音频内容。,2025-7,generative ai,境内深度合成服务算法备案清单（2025年7月）.docx
同瓴数字人合成算法,服务提供者,杭州同瓴信息科技有限公司,同瓴AirCloneAl小程序（V1.0）(小程序)、同瓴智能数字人制作平台V1.0(网站)、同瓴智能无人直播软件系统V1.0(APP)、同瓴魔伴(小程序)、同瓴数字人TUC内容管理系统（V1.0）(网站)、同瓴AI视频通话VoLTE软件（V1.0）(小程序)、同瓴智能机器人交互终端系统（V1.0）(其他)、同瓴数字人TUF形象克隆系统（V1.0）(网站)、同瓴AirClone直播助手APP软件（V1.0）(APP)、同瓴数字人运营系统V1.0(网站)、同瓴宝贝变变变(小程序)、同瓴AirClone视频处理播放软件（V1.0）(APP),应用于数字人生成场景，根据用户输入的视频和音频，生成唇形与声音一致的数字人视频。,2025-7,generative ai,境内深度合成服务算法备案清单（2025年7月）.docx
联通元景通用文字识别算法,服务技术支持者,联通数据智能有限公司,--,应用于文本生成场景，服务于企业端客户，根据用户输入的图像、文本和坐标等信息，生成符合用户需求的文本内容。,2025-7,generative ai,境内深度合成服务算法备案清单（2025年7月）.docx
契约锁合同信息抽取和风险审查算法,服务技术支持者,上海亘岩网络科技有限公司,--,应用于文本生成场景，服务于企业端客户，根据用户输入的合同文档，生成相应的合同内容文本。,2025-7,generative ai,境内深度合成服务算法备案清单（2025年7月）.docx
智慧蛋鸡文本生成合成算法,服务提供者,北京沃德博创信息科技有限公司,智慧蛋鸡(APP),应用于文本生成场景，根据用户输入的文本、图像信息，生成蛋鸡养殖相关的文本内容。,2025-7,generative ai,境内深度合成服务算法备案清单（2025年7月）.docx
清科创业文本生成大模型算法,服务提供者,北京清科创业信息咨询有限公司,私募通(小程序)、私募通网站(网站)、私募通MAX(APP),应用于文本生成场景，根据用户输入的文本信息，生成股权投资领域相关的文本回复。,2025-7,generative ai,境内深度合成服务算法备案清单（2025年7月）.docx
IEAgent工艺管理智能体算法,服务技术支持者,厦门真智求索科技有限公司,--,应用于文本生成场景，服务于企业端客户，根据用户输入的文本，生成工业生产领域相关的工艺信息文本。,2025-7,generative ai,境内深度合成服务算法备案清单（2025年7月）.docx
指尖可控制文本生成算法,服务提供者,广州指尖信息技术有限公司,触点AI(网站),应用于文本生成场景，根据用户输入的文本，生成物业相关的文本内容。,2025-7,generative ai,境内深度合成服务算法备案清单（2025年7月）.docx
首旅慧科盘道AI文字生成合成算法,服务技术支持者,北京首旅慧联科技有限责任公司,--,应用于文本生成场景，服务于企业端客户，根据用户输入的文本，生成文旅电商领域相关的文本。,2025-7,generative ai,境内深度合成服务算法备案清单（2025年7月）.docx
启点文本生成算法,服务提供者,广州市启点创意科技有限公司,启点 AI 管理平台(网站),应用于文本生成场景，根据用户输入的文本，生成相应的文本内容。,2025-7,generative ai,境内深度合成服务算法备案清单（2025年7月）.docx
荔枝AI读书合成算法,服务提供者,广州荔支网络技术有限公司,荔枝(APP),应用于音频生成场景，根据用户录入的声音，生成相同音色、指定文本的音频内容。,2025-7,generative ai,境内深度合成服务算法备案清单（2025年7月）.docx
边城PaperDeep文本生成检测算法,服务提供者,无锡边城网络科技有限公司,PaperDeep(APP),应用于文本生成场景，根据用户输入的文本信息，生成相应的文本内容。,2025-7,generative ai,境内深度合成服务算法备案清单（2025年7月）.docx
科创星云高可信代码生成算法,服务提供者,科大国创软件股份有限公司,科创星云大模型(网站),应用于文本生成场景，根据用户输入的文本问题及程序代码，生成代码相关的文本内容，实现代码生成、代码解释、代码检测与Bug修复、代码分析与优化功能。,2025-7,generative ai,境内深度合成服务算法备案清单（2025年7月）.docx
爱加密智能合规知识库算法,服务提供者,北京智游网安科技有限公司,爱加密移动应用个人信息安全检测平台(网站),应用于对话生成场景，根据用户输入的问题文本，生成相应的文本回复。,2025-7,generative ai,境内深度合成服务算法备案清单（2025年7月）.docx
AI智能审方辅助生成合成算法,服务技术支持者,成都双流阿如拉互联网医院有限公司,--,应用于文本生成场景，服务于企业端客户，根据用户输入的问诊内容，生成药品信息、用法用量、药品功效、患者的信息和诊断等文本内容。,2025-7,generative ai,境内深度合成服务算法备案清单（2025年7月）.docx
万行一言深度合成算法-1,服务技术支持者,上海万行道和人工智能科技有限公司,--,应用于文本生成场景，服务于企业端客户，根据用户输入的财经类问题文本，生成金融咨询分析、财报研读等文本内容。,2025-7,generative ai,境内深度合成服务算法备案清单（2025年7月）.docx
热浪健康互动算法,服务提供者,广州北极兔网络有限公司,热浪健康(APP),应用于对话生成场景，根据用户输入的健康咨询文本，生成饮食建议、运动指导等文本。,2025-7,generative ai,境内深度合成服务算法备案清单（2025年7月）.docx
快批文本生成算法,服务提供者,广州快批信息科技有限公司,快批(APP),应用于文本生成场景，根据用户输入的文本，生成电商营销相关的文本。,2025-7,generative ai,境内深度合成服务算法备案清单（2025年7月）.docx
思必驰声音复刻算法,服务技术支持者,思必驰科技股份有限公司,--,应用于音频生成场景，服务于企业端客户，根据用户输入的录音，生成音色和发音风格相同的音频。,2025-7,generative ai,境内深度合成服务算法备案清单（2025年7月）.docx
益普索消费者数字孪生智能图生文算法,服务提供者,益普索（中国）咨询有限公司,益普索洞察云平台(网站),应用于文本生成场景，根据用户输入的图片内容，生成相应的文本。,2025-7,generative ai,境内深度合成服务算法备案清单（2025年7月）.docx
牛小影对口型视频生成算法,服务提供者,深圳牛学长科技有限公司,牛小影(APP),应用于数字人生成场景，根据用户输入的文本、图像、音频，生成相应的数字人视频。,2025-7,generative ai,境内深度合成服务算法备案清单（2025年7月）.docx
浪潮灵睿大模型图生文合成算法,服务提供者,浪潮智慧供应链科技（山东）有限公司,浪潮灵睿大模型(网站),应用于文本生成场景，根据用户上传的图片，生成相应的文本描述。,2025-7,generative ai,境内深度合成服务算法备案清单（2025年7月）.docx
傲天科技离睡岗检测生成算法,服务技术支持者,深圳市傲天科技股份有限公司,--,应用于图像识别场景，服务于企业端客户，根据用户输入的图像，识别离岗、睡岗、玩手机岗等行为，生成带有标注信息的图像和文本警告信息。,2025-7,generative ai,境内深度合成服务算法备案清单（2025年7月）.docx
傲天科技智慧运营中心超线摆卖识别生成算法,服务技术支持者,深圳市傲天科技股份有限公司,--,应用于图像识别场景，服务于企业端客户，根据用户输入的视频，识别超线摆摊等行为，生成相应的文本描述和图像预警信息。,2025-7,generative ai,境内深度合成服务算法备案清单（2025年7月）.docx
爱宾果大模型多模态生成算法,服务提供者,北京爱宾果科技有限公司,爱宾果(小程序)、宾果(其他),应用于文本图像生成场景，根据用户输入的文本信息，生成相应的文本、图像内容。,2025-7,generative ai,境内深度合成服务算法备案清单（2025年7月）.docx
体重小本生成合成算法,服务提供者,深圳新蝶科技有限公司,体重小本(小程序)、体重小本(APP)、体重小本(公众账号),应用于文本生成场景，根据用户输入的文本，生成相应的文本内容。,2025-7,generative ai,境内深度合成服务算法备案清单（2025年7月）.docx
音活变声语音合成算法,服务提供者,深圳市卓联软件有限公司,音活(网站)、音活(APP),应用于音频生成场景，根据用户输入的文本、音频信息，结合选择的模板音色风格，生成相应的音频内容。,2025-7,generative ai,境内深度合成服务算法备案清单（2025年7月）.docx
瑞立视数字人虚拟偶像生成算法,服务技术支持者,深圳市瑞立视多媒体科技有限公司,--,应用于数字人视频生成场景，服务于企业端客户，根据用户输入的视频和虚拟偶像外貌特征等设置信息，生成相应的数字人视频。,2025-7,generative ai,境内深度合成服务算法备案清单（2025年7月）.docx
星知岛深度AI合成算法,服务提供者,深圳市亿万引擎科技有限公司,星知岛(APP),应用于文本生成场景，根据用户输入的文本、音频，生成相应的文本内容。,2025-7,generative ai,境内深度合成服务算法备案清单（2025年7月）.docx
浪潮教育文本生成算法,服务技术支持者,浪潮软件股份有限公司,--,应用于文本生成场景，服务于企业端客户，根据用户输入的文本、图像、音频、视频，生成相应的文本内容。,2025-7,generative ai,境内深度合成服务算法备案清单（2025年7月）.docx
小桥智能导诊生成算法,服务提供者,重庆凯桥信息技术有限公司,小桥智能导诊(其他),应用于对话生成场景，根据用户输入的文本，生成医学及健康领域相关的文本内容。,2025-7,generative ai,境内深度合成服务算法备案清单（2025年7月）.docx
致衣须鱼图像生成大模型算法,服务提供者,广州致衣科技有限公司,须鱼定制(小程序),应用于图片生成场景，根据用户输入的文本、图像、音频，生成相应的图片内容。,2025-7,generative ai,境内深度合成服务算法备案清单（2025年7月）.docx
CoffeeAgent大模型算法,服务提供者,长城汽车股份有限公司,Coffee Agent(其他),应用于智能对话场景，根据用户输入的用车场景需求文本，生成相应的车控执行命令文本内容。,2025-7,generative ai,境内深度合成服务算法备案清单（2025年7月）.docx
卓易文本生成算法,服务提供者,上海卓易科技股份有限公司,FreemeLite(APP),应用于对话生成场景，根据用户输入的文本或语音，生成相应的文本内容。,2025-7,generative ai,境内深度合成服务算法备案清单（2025年7月）.docx
稠州银行智能交互助手算法,服务提供者,浙江稠州商业银行股份有限公司,稠州银行(APP),应用于对话生成场景，根据用户输入的文本、音频信息，生成相应的文本、音频回复。,2025-7,generative ai,境内深度合成服务算法备案清单（2025年7月）.docx
秘法Glossa大模型算法,服务技术支持者,上海米哈游秘法科技有限公司,--,应用于文本生成场景，服务于企业端客户，根据游戏玩家输入的文本，生成游戏领域相关的文本回复。,2025-7,generative ai,境内深度合成服务算法备案清单（2025年7月）.docx
云希谷语音生成算法,服务提供者,深圳市云希谷科技有限公司,口语对练(其他),应用于语音生成场景，根据用户输入的语音，生成英语口语学习相关的语音回复。,2025-7,generative ai,境内深度合成服务算法备案清单（2025年7月）.docx
北京万展星联新述生成合成类算法,服务提供者,北京万展星联科技有限公司,新述口语(APP),应用于对话生成场景，根据用户输入的文本、音频内容，生成英语口语学习相关的文本、音频回复。,2025-7,generative ai,境内深度合成服务算法备案清单（2025年7月）.docx
OfficeAI助手内容生成和智能问答算法,服务提供者,珠海海鹦安全科技有限公司,OfficeAI助手(APP),应用于对话生成场景，根据用户输入的文本，生成日常办公相关的文本回复。,2025-7,generative ai,境内深度合成服务算法备案清单（2025年7月）.docx
钉铛社会治理人工智能生成算法,服务提供者,杭州钉铛科技有限公司,钉铛AI辅助研判(网站)、钉铛AI社工(小程序)、钉铛AI预警监测(网站)、钉铛AI报告(网站),应用于对话生成场景，根据用户输入的文本，生成社会治理领域相关的文本。,2025-7,generative ai,境内深度合成服务算法备案清单（2025年7月）.docx
闪灵很酷灵动AI视频生成合成算法,服务技术支持者,北京闪灵很酷智能科技有限公司,--,应用于视频生成场景，服务于企业端客户，根据用户输入的文本、图像，生成相应的视频内容。,2025-7,generative ai,境内深度合成服务算法备案清单（2025年7月）.docx
少多健康管理多模态算法,服务提供者,北京少多科技有限公司,少多健康助手(网站),应用于多模态内容生成场景，根据用户输入的文本信息，生成健康管理相关的文本、图像、视频内容。,2025-7,generative ai,境内深度合成服务算法备案清单（2025年7月）.docx
虹安悟能多模态生成算法,服务提供者,武汉虹安信息有限公司,虹安海外社媒矩阵系统(网站),应用于多模态内容生成场景，根据用户输入的文本描述，生成相应的文本、图像、视频内容。,2025-7,generative ai,境内深度合成服务算法备案清单（2025年7月）.docx
花源多模态大模型算法,服务提供者,北京中盈花源科技有限公司,我是我(网站),应用于文本图像生成场景，根据用户输入的文本信息，生成心理学、职业发展、人生规划等领域相关的文本、图像内容。,2025-7,generative ai,境内深度合成服务算法备案清单（2025年7月）.docx
决策师545企业策略大模型算法,服务提供者,北京中盈花源科技有限公司,决策师545(网站),应用于文本生成场景，根据用户输入的文本信息，生成企业决策相关的文本内容。,2025-7,generative ai,境内深度合成服务算法备案清单（2025年7月）.docx
智陪口语练习自适应内容生成算法,服务提供者,智陪（北京）科技有限公司,智陪语伴(APP),应用于对话生成场景，根据用户输入的文本、音频，生成个性化的数字人口语陪练视频。,2025-7,generative ai,境内深度合成服务算法备案清单（2025年7月）.docx
乐达心屿心理咨询对话文本生成算法,服务提供者,广州乐达健康科学有限公司,乐达心屿(APP),应用于文本生成场景，根据用户输入的心理健康咨询文本，生成相应的文本回复。,2025-7,generative ai,境内深度合成服务算法备案清单（2025年7月）.docx
一起一起深度合成算法,服务提供者,上海尚潮电子商务有限公司,一起一起(APP),应用于对话生成场景，根据用户输入的文本，生成相应的文本回复。,2025-7,generative ai,境内深度合成服务算法备案清单（2025年7月）.docx
FoloToyAI陪伴对话合成算法,服务提供者,上海喜梨信息科技有限公司,FoloToyAI陪伴智能硬件(其他),应用于对话生成场景，根据用户输入的音频，生成儿童陪伴教育相关的音频回复内容。,2025-7,generative ai,境内深度合成服务算法备案清单（2025年7月）.docx
深小至文字生成大模型算法,服务提供者,上海深至信息科技有限公司,SENZ 深至科技(公众账号),应用于对话生成场景，根据用户输入的文本，生成政务、企业、教育等领域相关的文本回复。,2025-7,generative ai,境内深度合成服务算法备案清单（2025年7月）.docx
阳光保险正言内容生成算法-2,服务提供者,阳光数智科技有限责任公司,车险线上销售机器人(其他)、95510智能客服机器人服务(网站),应用于文本音频生成场景，根据用户输入的文本、语音内容，结合给定的上下文提示，生成汽车保险领域相关的文本、音频内容。,2025-7,generative ai,境内深度合成服务算法备案清单（2025年7月）.docx
潮效大模型生成算法,服务提供者,潮效引擎（广州）信息技术有限公司,梦启(APP)、智面友(APP)、即绘(APP)、灵绘(APP)、闪绘(APP)、星启(APP)、智绘(APP)、职通宝(APP)、面精灵(APP)、简职(APP)、万物生(APP)、灵火(APP),应用于文本生成场景，根据用户输入的文本，生成相应的文本回复。,2025-7,generative ai,境内深度合成服务算法备案清单（2025年7月）.docx
IDA高研院课程训练助教算法-1,服务提供者,广州保销资讯科技有限公司,IDA高研院(APP),应用于对话生成场景，根据用户输入的问题文本，生成教育领域相关的文本回复。,2025-7,generative ai,境内深度合成服务算法备案清单（2025年7月）.docx
哔哩时光万象多模态生成算法,服务提供者,广西哔哩时光网络科技有限公司,美姿构图相机(APP)、像素Ai修图(APP),应用于多模态内容生成场景，根据用户输入的文本、图像、视频，输出相应文本、图像、视频内容，实现广告文案、海报及短视频生成等功能。,2025-7,generative ai,境内深度合成服务算法备案清单（2025年7月）.docx
弘思文本生成算法-1,服务提供者,天弘基金管理有限公司,弘思大模型(网站),应用于对话生成场景，根据用户输入的问题文本，生成热点分析、宏观经济研究、行业洞察及市场行情解读相关的文本回复。,2025-7,generative ai,境内深度合成服务算法备案清单（2025年7月）.docx
赛彼思文本智能生成算法,服务提供者,北京赛彼思智能科技有限公司,模数智播(APP),应用于文本生成场景，根据用户输入的商品基础信息文本，输出商品详情页、直播带货话术相关的文本内容。,2025-7,generative ai,境内深度合成服务算法备案清单（2025年7月）.docx
海尔电视知源大模型内容生成算法,服务提供者,青岛海尔多媒体有限公司,海尔电视语音(APP),应用于对话生成场景，根据用户输入的文本、音频、图片，生成相应的文本、音频。,2025-7,generative ai,境内深度合成服务算法备案清单（2025年7月）.docx
XKA营养师智能对话大模型算法,服务提供者,湖南传递幸福科技有限公司,XKA轻奢(小程序)、XKA轻奢好物(公众账号),应用于对话生成场景，根据用户输入的文本，生成相应的文本回复，主要面向营养健康领域。,2025-7,generative ai,境内深度合成服务算法备案清单（2025年7月）.docx
车好多AI对话生成算法,服务提供者,车好多旧机动车经纪（北京）有限公司,瓜子二手车(APP),应用于对话生成场景，根据用户输入的文本，生成相应的文本回复，主要面向汽车知识问答领域。,2025-7,generative ai,境内深度合成服务算法备案清单（2025年7月）.docx
清明网生成合成算法,服务提供者,清明网（杭州）数智科技有限公司,风水大师(小程序)、风水大师(APP),应用于多模态内容生成场景，根据用户输入的文本、图像，生成相应的文本、图像、视频，主要面向殡葬领域。,2025-7,generative ai,境内深度合成服务算法备案清单（2025年7月）.docx
优必选陪伴机器人多模态交互智能体算法,服务提供者,深圳市优必选科技股份有限公司,萌友友(其他)、新一代悟空机器人(其他),应用于对话生成场景，根据用户输入的文本、图像、音频，生成相应的文本、音频，主要面向机器人智能对话领域。,2025-7,generative ai,境内深度合成服务算法备案清单（2025年7月）.docx
潮流网络视频会议虚拟背景生成算法,服务技术支持者,深圳市潮流网络技术有限公司,--,应用于视频生成场景，服务于企业端客户，根据用户上传的视频，生成背景虚化后的新视频。,2025-7,generative ai,境内深度合成服务算法备案清单（2025年7月）.docx
中热多模态大模型算法,服务提供者,江苏中热机械设备有限公司,中热AI(APP),应用于多模态内容生成场景，根据用户输入的文本、图像，生成相应的文本、图像、视频。,2025-7,generative ai,境内深度合成服务算法备案清单（2025年7月）.docx
一稿过志设AI图像生成算法,服务提供者,一稿过（温州）网络科技有限公司,志设(网站),应用于图像生成场景，根据用户输入的文本、关键词，生成贴合用户描述的创意图像。,2025-7,generative ai,境内深度合成服务算法备案清单（2025年7月）.docx
佰仕万脉内容生成算法,服务提供者,上海佰仕万脉数字科技有限公司,佰仕问问(小程序),应用于文本生成场景，根据用户输入的文本，生成相应的文本内容。,2025-7,generative ai,境内深度合成服务算法备案清单（2025年7月）.docx
中国法研法律服务大模型算法,服务技术支持者,中国司法大数据研究院有限公司,--,应用于对话生成场景，服务于企业端客户，根据用户输入的法律问题，生成相应的法律知识答案或建议。,2025-7,generative ai,境内深度合成服务算法备案清单（2025年7月）.docx
玩剧AI聊天生成合成算法,服务提供者,深圳小牛动漫科技有限公司,玩剧乐园(APP),应用于对话生成场景，根据用户输入的聊天文本，生成相应的聊天文本回复。,2025-7,generative ai,境内深度合成服务算法备案清单（2025年7月）.docx
魔方塔生成合成算法,服务提供者,四川底城科技有限公司,魔方塔(APP),应用于多模态内容生成场景，根据用户输入的文本、图片、语音内容，生成电商领域相关的文本、语音、图片、视频内容。,2025-7,generative ai,境内深度合成服务算法备案清单（2025年7月）.docx
奕兆智能生成合成算法-1,服务技术支持者,奕兆科技（深圳）有限公司,--,应用于多模态内容生成场景，服务于企业端客户，根据用户输入的文本、图像、视频信息，生成教育行业相关的⽂本、图像、视频内容。,2025-7,generative ai,境内深度合成服务算法备案清单（2025年7月）.docx
北极星STAR大模型算法,服务提供者,潍坊北极星软件科技有限公司,北极星STAR(网站),应用于文本生成场景，根据用户选择或输入的文本内容，生成符合用户需求的文本内容。,2025-7,generative ai,境内深度合成服务算法备案清单（2025年7月）.docx
中移动通用审计行业大模型算法,服务技术支持者,中移动信息技术有限公司,--,应用于文本生成场景，服务于企业端客户，根据用户输入的文本，生成审计案例、数据分析结果、审计知识问答、审计文稿等文本内容。,2025-7,generative ai,境内深度合成服务算法备案清单（2025年7月）.docx
国联股份智慧工厂视觉算法,服务技术支持者,北京国联视讯信息技术股份有限公司,--,应用于图像识别场景，服务于企业端客户，根据输入的工厂生产图像，生成带有人员、安全帽、反光衣、指针表盘读数及工厂跑液、漏气、滴液等情况信息标注的图像。,2025-7,generative ai,境内深度合成服务算法备案清单（2025年7月）.docx
作文说文本内容生成算法,服务提供者,哉亚（深圳）科技有限责任公司,作文说(APP),应用于文本生成场景，根据用户输入的作文内容和批改模板文本信息，生成教学批改相关的文本。,2025-7,generative ai,境内深度合成服务算法备案清单（2025年7月）.docx
素灵AI智能辅助诊疗算法,服务提供者,海南榕树家信息科技有限公司,素灵AI智能辅助诊疗系统(网站),应用于对话生成场景，根据用户输入的患者病历信息，生成中医领域相关的治疗方案。,2025-7,generative ai,境内深度合成服务算法备案清单（2025年7月）.docx
极乐鸟AI生成合成算法,服务提供者,北京创辛科技有限公司,极乐鸟AI(小程序),应用于图像视频生成场景，根据用户输入的文本、图片信息，生成符合用户需求的图像、视频内容。,2025-7,generative ai,境内深度合成服务算法备案清单（2025年7月）.docx
星联大模型多模态算法,服务技术支持者,厦门偕行星联管理咨询有限公司,--,应用于多模态内容生成场景，服务于企业端客户，根据用户输入的文本、图像、音频，生成相应的文字、图片、语音、视频内容。,2025-7,generative ai,境内深度合成服务算法备案清单（2025年7月）.docx
AI医生辅助诊疗生成合成算法,服务技术支持者,成都双流阿如拉互联网医院有限公司,--,应用于文本生成场景，服务于企业端客户，根据用户输入的病症或药品信息咨询文本，生成相应的文本回复。,2025-7,generative ai,境内深度合成服务算法备案清单（2025年7月）.docx
南方智媒云大模型生成合成算法,服务提供者,广东南方智媒科技有限公司,智能创作小助手(网站),应用于对话生成场景，根据用户输入的文本，生成相应的文本回复。,2025-7,generative ai,境内深度合成服务算法备案清单（2025年7月）.docx
词灵智能批改算法,服务技术支持者,上海词灵科技有限公司,--,应用于文本生成场景，服务于企业端客户，根据用户输入的文本，生成相应智能批改文本内容。,2025-7,generative ai,境内深度合成服务算法备案清单（2025年7月）.docx
智媒云盾文本校对生成合成算法,服务提供者,广东南方智媒科技有限公司,【智媒云盾】服务(网站),应用于对话生成场景，根据用户输入的文本，生成相应的文本回复，主要面向文本校对领域。,2025-7,generative ai,境内深度合成服务算法备案清单（2025年7月）.docx
北森SenGPT文本生成算法,服务提供者,北京北森云计算股份有限公司,北森italent(网站),应用于文本生成场景，根据用户输入的文本、音频、视频，生成人才测评相关的文本。,2025-7,generative ai,境内深度合成服务算法备案清单（2025年7月）.docx
知煤大师在线推理算法,服务提供者,天津美腾科技股份有限公司,知煤大师web端(网站)、美智物联(APP)、知煤大师(小程序),应用于文本生成场景，根据用户输入的文本、图像、视频，生成煤炭相关的分析推理文本。,2025-7,generative ai,境内深度合成服务算法备案清单（2025年7月）.docx
信犀高精度快速3D人脸重建算法,服务提供者,杭州全犀科技有限公司,信犀(APP),应用于3D数字人形象生成场景，根据用户输入的人脸图像，生成对应的3D模型文件。,2025-7,generative ai,境内深度合成服务算法备案清单（2025年7月）.docx
玩美虚拟试妆试戴合成算法,服务技术支持者,玩美商贸（上海）有限公司,--,应用于图像生成场景，服务于企业端客户，根据用户输入的图像和选择的虚拟妆容、配饰，结合实时3D图形渲染技术，生成对应的虚拟图像。,2025-7,generative ai,境内深度合成服务算法备案清单（2025年7月）.docx
博众投资AI问答大模型算法,服务提供者,广东博众智能科技投资有限公司,大阳智投(APP),应用于对话生成场景，根据用户输入的文本，生成金融投资相关的文本回复。,2025-7,generative ai,境内深度合成服务算法备案清单（2025年7月）.docx
如意蛋糕图像合成算法,服务技术支持者,东诚鸿晓(上海)智能科技有限公司,--,应用于图像生成场景，服务于企业端客户，根据用户输入的文本，生成蛋糕设计相关的图像。,2025-7,generative ai,境内深度合成服务算法备案清单（2025年7月）.docx
妙音音乐生成算法,服务提供者,广州日报新媒体有限公司,妙音AI(网站),应用于文本音频生成场景，根据用户输入的文本描述内容，生成符合用户要求的旋律、和声和歌词内容。,2025-7,generative ai,境内深度合成服务算法备案清单（2025年7月）.docx
笔果题库智能客服算法,服务提供者,深圳市笔果教育科技有限公司,自考笔果题库(APP),应用于对话生成场景，根据用户输入的文本，生成相应的文本回复。,2025-7,generative ai,境内深度合成服务算法备案清单（2025年7月）.docx
国新健康疾病智能分组算法,服务技术支持者,国新健康保障服务有限公司,--,应用于文本生成场景，服务于企业端客户，根据用户输入的医疗记录、诊断资料等文本，生成相应的疾病预测结果与医疗建议文本。,2025-7,generative ai,境内深度合成服务算法备案清单（2025年7月）.docx
国新健康医保规则推理算法,服务技术支持者,国新健康保障服务有限公司,--,应用于文本生成场景，服务于企业端客户，根据用户输入的医疗记录、诊断资料等文本，生成相应的审核理由和审核结果文本。,2025-7,generative ai,境内深度合成服务算法备案清单（2025年7月）.docx
tripAI全球旅游定制多模态大模型算法,服务提供者,深圳搜旅智慧科技有限公司,tripAI(APP)、tripAI小奇旅行(小程序),应用于对话生成场景，根据用户输入的文本、音频，生成旅行相关的文本、图像内容。,2025-7,generative ai,境内深度合成服务算法备案清单（2025年7月）.docx
豆包企业版3D模型算法,服务技术支持者,北京抖音信息服务有限公司,--,应用于3D模型生成场景，服务于企业端客户，根据用户输入的文本、图像，生成相应3D模型。,2025-7,generative ai,境内深度合成服务算法备案清单（2025年7月）.docx
灵动换脸合成算法,服务技术支持者,成都灵动乐扬文化传播有限公司,--,应用于图像视频生成场景，服务于企业端客户，根据用户输入的人脸图片和选定的模板，生成具有目标人脸特征的新图像或视频。,2025-7,generative ai,境内深度合成服务算法备案清单（2025年7月）.docx
看准文本生成算法,服务提供者,北京小锋科技有限公司,看准(APP),应用于文本生成场景，根据用户输入的文本，生成婚恋相亲相关的文本内容。,2025-7,generative ai,境内深度合成服务算法备案清单（2025年7月）.docx
鹿鸣AI智能对话与应用多模态生成算法,服务提供者,嘉兴市久安智能科技有限公司,鹿鸣DeerCall(网站)、鹿鸣DeerCall(其他),应用于多模态内容生成场景，根据用户输入的文本、图像数据，生成符合用户需求的文本、图像、音频内容。,2025-7,generative ai,境内深度合成服务算法备案清单（2025年7月）.docx
大有轻干预内容生成算法,服务提供者,广州大有网络科技有限公司,大有阳光心理平台(网站),应用于对话生成场景，根据用户输入的心理咨询文本、音频，生成符合用户需求的文本回复。,2025-7,generative ai,境内深度合成服务算法备案清单（2025年7月）.docx
大有智能助手内容生成算法,服务提供者,广州大有网络科技有限公司,大有阳光心理平台(网站),应用于对话生成场景，根据用户输入的文本、音频，生成相应的文本回复。,2025-7,generative ai,境内深度合成服务算法备案清单（2025年7月）.docx
仕代智能园博士ai园专家算法,服务技术支持者,武汉仕代智能科技有限公司,--,应用于对话生成场景，服务于企业端客户，根据用户输入的问题文本、植物图像，生成相应的文本回复。,2025-7,generative ai,境内深度合成服务算法备案清单（2025年7月）.docx
元生视界AI内容生成算法,服务提供者,元生视界科技（北京）有限公司,元生视界(网站),应用于对话生成场景，根据用户输入的文本，生成相应的文本回复。,2025-7,generative ai,境内深度合成服务算法备案清单（2025年7月）.docx
树韵AI绿化养护深度合成算法,服务提供者,广州树韵科技有限公司,树韵AI(网站),应用于对话生成场景，根据用户输入的文本，生成相应的文本回复，主要面向园林养护领域。,2025-7,generative ai,境内深度合成服务算法备案清单（2025年7月）.docx
海云天中文手写体作文图像识别评分生成算法,服务技术支持者,深圳市海云天科技股份有限公司,--,应用于作文评阅场景，服务于企业端客户，根据用户输入的中文手写体作文图像，识别相应的文本并得到综合评分。,2025-7,generative ai,境内深度合成服务算法备案清单（2025年7月）.docx
摩笔马良AI人像生成算法-2,服务技术支持者,北京摩笔生成科技有限公司,--,应用于图像生成场景，服务于企业端客户，根据用户输入的文本、图像，生成相应的图像。,2025-7,generative ai,境内深度合成服务算法备案清单（2025年7月）.docx
诺同AI助手多模态大模型算法,服务提供者,上海诺同农业科技有限公司,诺同AI助手(小程序),应用于多模态内容生成场景，根据用户输入的文本、图像、音频，生成相应的文本、音频回复。,2025-7,generative ai,境内深度合成服务算法备案清单（2025年7月）.docx
耀研荟文本生成算法,服务提供者,上海良医汇数字科技有限公司,肿瘤医生(APP),应用于文本生成场景，根据用户上传的原始病历图像，生成相应的病历报告结构化数据和标准化病史等文本内容。,2025-7,generative ai,境内深度合成服务算法备案清单（2025年7月）.docx
赫力昂疼痛智能助手检索增强生成合成算法,服务提供者,赫力昂（中国）有限公司,疼痛智能助手(其他),应用于文本生成场景，根据用户输入的文本，生成相应的文本回复，主要面向疼痛健康领域。,2025-7,generative ai,境内深度合成服务算法备案清单（2025年7月）.docx
玩剧AI语音生成合成算法,服务提供者,深圳小牛动漫科技有限公司,玩剧乐园(APP),应用于对话生成场景，根据用户输入的文本或语音，生成相应的文本回复并转换为语音。,2025-7,generative ai,境内深度合成服务算法备案清单（2025年7月）.docx
梅斯小智深度合成算法,服务提供者,上海梅斯医药科技有限公司,梅斯小智(网站),应用于文本生成场景，根据用户输入的文本，生成相应的文本内容。,2025-7,generative ai,境内深度合成服务算法备案清单（2025年7月）.docx
AI发报童文本内容生成算法,服务提供者,西部时报社,AI发报童(小程序)、AI报童(APP),应用于文本生成场景，根据用户输入的文本，生成相应的文本内容。,2025-7,generative ai,境内深度合成服务算法备案清单（2025年7月）.docx
爱益谷AI陪练生成合成算法,服务提供者,上海爱益谷科技有限公司,智能陪练平台(网站)、智能陪练平台(小程序),应用于文本图像生成场景，根据用户输入的文本，生成企业销售培训、内容营销等相关的文本、图像内容。,2025-7,generative ai,境内深度合成服务算法备案清单（2025年7月）.docx
海豚DS大模型文本生成算法,服务提供者,华林证券股份有限公司,海豚DS(APP),应用于对话生成场景，根据用户输入的文本、音频，生成证券业务相关的文本、音频内容。,2025-7,generative ai,境内深度合成服务算法备案清单（2025年7月）.docx
CeMeta森宇宙AI营销文案生成算法,服务提供者,上海海湃领客文化科技有限公司,CeMeta 文案助手(网站),应用于文本生成场景，根据用户输入的文本，生成相应的营销文案。,2025-7,generative ai,境内深度合成服务算法备案清单（2025年7月）.docx
季灿心晴抑郁诊断多模态算法,服务提供者,季灿人工智能实验室（深圳）有限公司,季灿心晴AI(小程序),应用于文本音频生成场景，根据用户输入的文本、图像、音频，生成心理健康领域相关的文本、音频。,2025-7,generative ai,境内深度合成服务算法备案清单（2025年7月）.docx
三局信科AI知识检索增强生成算法,服务提供者,中建三局信息科技有限公司,三局信科AI知识(网站)、三局信科AI知识(小程序)、三局信科AI知识(其他),应用于对话生成场景，根据用户输入的文本问题，生成企业知识及行业规范相关的文本回复。,2025-7,generative ai,境内深度合成服务算法备案清单（2025年7月）.docx
惠每智能医疗内容生成算法,服务提供者,惠每数科（北京）医疗科技有限公司,惠关爱随访(小程序)、智能小每(网站),应用于对话生成场景，根据用户输入的咨询文本，生成医疗相关的文本回复。,2025-7,generative ai,境内深度合成服务算法备案清单（2025年7月）.docx
热浪生活问答算法,服务提供者,海南光年之旅科技有限公司,热浪(APP),应用于对话生成场景，根据用户输入的问题文本，生成相应的回复文本。,2025-7,generative ai,境内深度合成服务算法备案清单（2025年7月）.docx
师大教育专升本智能咨询算法,服务提供者,山东爱升本网络科技有限公司,师大网校(APP),应用于对话生成场景，根据用户输入的文本、图像、音频，生成相应的回复文本。,2025-7,generative ai,境内深度合成服务算法备案清单（2025年7月）.docx
小智智能交互生成算法,服务提供者,深圳新智未来科技有限公司,小智AI(其他),应用于对话生成场景，根据用户输入的语音，生成相应的语音回复。,2025-7,generative ai,境内深度合成服务算法备案清单（2025年7月）.docx
金保信智能客服深度合成算法-1,服务提供者,金保信社保卡科技有限公司,就业在线(APP)、电子社保卡(APP)、金保信官网(网站)、金保信社保卡科技公众号(小程序)、就业在线网站(网站),应用于对话生成场景，根据用户输入的文本，生成相应的文本回复。,2025-7,generative ai,境内深度合成服务算法备案清单（2025年7月）.docx
启点图像生成算法,服务提供者,广州市启点创意科技有限公司,启点 AI 管理平台(网站),应用于图像生成场景，根据用户输入的文本，生成相应的图像内容。,2025-7,generative ai,境内深度合成服务算法备案清单（2025年7月）.docx
ECCRM企业知识智能管理算法,服务提供者,深圳市六度人和科技有限公司,EC(APP),应用于文本生成场景，根据用户输入的文本或语音，生成相应的文本内容。,2025-7,generative ai,境内深度合成服务算法备案清单（2025年7月）.docx
学饱硬件AI对话语音合成算法,服务提供者,厦门绽放好物科技有限公司,学饱AI玩偶(其他),应用于对话生成场景，根据用户输入的语音，生成相应的语音回复，主要应用于智能玩偶领域。,2025-7,generative ai,境内深度合成服务算法备案清单（2025年7月）.docx
YY智能体算法,服务提供者,广州津虹网络传媒有限公司,YY直播(APP),应用于对话生成场景，根据用户输入的文本，生成相应的文本、语音回复，主要面向直播领域。,2025-7,generative ai,境内深度合成服务算法备案清单（2025年7月）.docx
懂法猫AI生成合成类算法,服务提供者,深圳市懂法猫网络科技有限公司,懂法猫(网站)、懂法猫(小程序)、懂法猫(APP),应用于文本生成场景，根据用户输入的文本，生成法律相关的文本内容。,2025-7,generative ai,境内深度合成服务算法备案清单（2025年7月）.docx
雪浪工业大模型算法,服务提供者,无锡雪浪数制科技有限公司,雪浪河图工匠大模型网站服务(网站),应用于文本生成场景，根据用户输入的文本，或识别用户输入图像、视频中的文本，生成相应的文本内容。,2025-7,generative ai,境内深度合成服务算法备案清单（2025年7月）.docx
傲天科技信息采集认证生成算法,服务技术支持者,深圳市傲天科技股份有限公司,--,应用于文本生成场景，服务于企业端客户，根据用户输入的文本、视频，生成人脸信息核验结果文本。,2025-7,generative ai,境内深度合成服务算法备案清单（2025年7月）.docx
心蜗AI多模态心理测评与心理干预合成算法,服务技术支持者,杭州心蜗科技有限公司,--,应用于文本音频生成场景，服务于企业端客户，根据用户输入的文本、图像、音频、视频，生成心理健康相关的文本、音频。,2025-7,generative ai,境内深度合成服务算法备案清单（2025年7月）.docx
晓影舆情生成合成类算法,服务提供者,千舆网络科技（上海）有限公司,晓影舆情(网站),应用于文本生成场景，根据用户输入的文本，生成相应的文本内容。,2025-7,generative ai,境内深度合成服务算法备案清单（2025年7月）.docx
墨子果角色语义图片生成算法,服务提供者,深圳墨子果科技有限公司,有图有梗(小程序),应用于图像生成场景，根据用户输入的文本，生成相应的图像。,2025-7,generative ai,境内深度合成服务算法备案清单（2025年7月）.docx
国新健康医学知识图谱构建算法,服务技术支持者,国新健康保障服务有限公司,--,应用于文本生成场景，服务于企业端客户，根据用户输入的文本，生成与其语义关联的医学知识图谱文本。,2025-7,generative ai,境内深度合成服务算法备案清单（2025年7月）.docx
快看文本合成算法-1,服务提供者,快看世界（北京）科技有限公司,快看漫画(APP),应用于对话生成场景，根据用户输入的文本，生成相应的文本回复。,2025-7,generative ai,境内深度合成服务算法备案清单（2025年7月）.docx
星河AI多模态分析及合成算法,服务技术支持者,北京星河卓越科技有限公司,--,应用于文本音频生成场景，服务于企业端客户，根据用户输入的文本，生成相应的文本、音频。,2025-7,generative ai,境内深度合成服务算法备案清单（2025年7月）.docx
江苏正方公路工程生成式大模型算法,服务技术支持者,江苏正方交通科技有限公司,--,应用于文本生成场景，服务于企业端客户，根据用户输入的文本，生成公路工程领域相关的文本。,2025-7,generative ai,境内深度合成服务算法备案清单（2025年7月）.docx
天河智算文生文算法,服务提供者,深圳天河智算科技有限公司,天河智铸云脑-CastAI(网站),应用于文本生成场景，根据用户输入的文本，生成压铸机制造相关的文本内容。,2025-7,generative ai,境内深度合成服务算法备案清单（2025年7月）.docx
天河智算数字人生成算法,服务提供者,深圳天河智算科技有限公司,天河智元数字人(网站),应用于数字人生成场景，根据用户输入的文本、音频，生成口型与语音相匹配的数字人视频。,2025-7,generative ai,境内深度合成服务算法备案清单（2025年7月）.docx
东润疾风大模型算法,服务技术支持者,北京东润环能科技股份有限公司,--,应用于文本生成场景，服务于企业端客户，根据用户输入的文本，生成预测的气象数据、分析文本。,2025-7,generative ai,境内深度合成服务算法备案清单（2025年7月）.docx
PixPro图像生成合成类模型算法,服务提供者,上海远见数动网络科技有限公司,PixPro Library(网站),应用于图像生成场景，根据用户上传的图像，生成扩展、消除瑕疵或提高清晰度后的图像。,2025-7,generative ai,境内深度合成服务算法备案清单（2025年7月）.docx
悟燕岚生成式文生图算法,服务提供者,海口龙华悟燕岚网络科技工作室,踢了个恤(小程序),应用于图像生成场景，根据用户输入的文本，生成相应的图像。,2025-7,generative ai,境内深度合成服务算法备案清单（2025年7月）.docx
臻络文生文算法,服务提供者,广州臻络鸿图科技有限公司,臻计易算(网站),应用于文本生成场景，根据用户输入的文本，生成相应的文本内容。,2025-7,generative ai,境内深度合成服务算法备案清单（2025年7月）.docx
小吉财金智能体文本生成算法,服务技术支持者,北京吉贝克世纪信息技术有限公司,--,应用于文本生成场景，服务于企业端客户，根据用户输入的文本，生成金融、财经政税务相关的文本回复。,2025-7,generative ai,境内深度合成服务算法备案清单（2025年7月）.docx
乐秀动态人脸视频生成算法,服务技术支持者,上海艾麒信息科技股份有限公司,--,应用于视频生成场景，服务于企业端客户，根据用户输入的人像图片和面部表情驱动视频，生成与驱动视频表情一致的视频。,2025-7,generative ai,境内深度合成服务算法备案清单（2025年7月）.docx
中国铁塔财法审语义生成算法,服务技术支持者,中国铁塔股份有限公司,--,应用于文本生成场景，服务于企业端客户，根据用户输入的合同文本，生成相应的合同审核建议文本。,2025-7,generative ai,境内深度合成服务算法备案清单（2025年7月）.docx
曼瓜多模态生成算法,服务技术支持者,北京曼瓜科技有限公司,--,应用于多模态内容生成场景，服务于企业端客户，根据用户输入的文本、音频、图像，生成相应的文本、图像、音频、视频内容。,2025-7,generative ai,境内深度合成服务算法备案清单（2025年7月）.docx
脊影智慧骨质疏松智能体大模型算法,服务技术支持者,上海脊影慧智能科技有限公司,--,应用于文本生成场景，服务于企业端客户，根据用户输入的病例文本、图像，生成医疗领域相关的文本。,2025-7,generative ai,境内深度合成服务算法备案清单（2025年7月）.docx
企业智慧运营AI内容生成算法,服务提供者,上海拾贰区信息技术有限公司,企业智慧运营建议平台(网站),应用于文本生成场景，根据用户输入的文本，生成相应的文本内容。,2025-7,generative ai,境内深度合成服务算法备案清单（2025年7月）.docx
潮汐语音合成算法,服务提供者,广州潮汐信息科技有限公司,TTSMaker马克配音(网站),应用于音频生成场景，根据用户输入的文本信息，生成相应的音频回复。,2025-7,generative ai,境内深度合成服务算法备案清单（2025年7月）.docx
亚马逊云科技Marketplace中国区卖家智能助手算法,服务提供者,宁夏西云数据科技有限公司,亚马逊云科技Marketplace（中国区）网站(网站),应用于对话生成场景，根据用户输入的文本，生成相应的文本回复。,2025-7,generative ai,境内深度合成服务算法备案清单（2025年7月）.docx
奥普医疗健康内容生成算法,服务提供者,陕西奥普数字医疗有限公司,奥普数字医疗(APP),应用于对话生成场景，根据用户输入的文本，生成医疗健康相关的文本回复。,2025-7,generative ai,境内深度合成服务算法备案清单（2025年7月）.docx
扶志科技内容生成AI算法,服务提供者,杭州扶志科技有限公司,纠错大师(APP)、小鲸练(小程序),应用于文本生成场景，根据用户输入的文本或图像，生成符合用户要求的文本内容。,2025-7,generative ai,境内深度合成服务算法备案清单（2025年7月）.docx
中教云智教育多模态内容生成算法,服务提供者,中教云智数字科技有限公司,一书(APP)、一书(网站),应用于文本图像生成场景，根据用户输入的文本，生成教育相关的文本、图像内容。,2025-7,generative ai,境内深度合成服务算法备案清单（2025年7月）.docx
中教云智教育多模态内容生成算法-1,服务技术支持者,中教云智数字科技有限公司,--,应用于文本图像生成场景，服务于企业端客户，根据用户输入的文本，生成教育相关的文本、图像内容。,2025-7,generative ai,境内深度合成服务算法备案清单（2025年7月）.docx
小智AI文本生成算法,服务提供者,广州市欣南信息科技有限公司,小智AI(网站),应用于对话生成场景，根据用户输入的文本，生成相应的文本回复。,2025-7,generative ai,境内深度合成服务算法备案清单（2025年7月）.docx
丝路微观多模态生成算法,服务提供者,丝路微观（海南）科技有限公司,福持丝路(其他)、福持丝路(APP)、福持丝路(小程序)、福持丝路(网站),应用于文本图像生成场景，根据用户输入的文本描述或图像，生成相应的文本、图像内容。,2025-7,generative ai,境内深度合成服务算法备案清单（2025年7月）.docx
可为鸿鹄大模型算法,服务提供者,北京可为高科信息技术有限责任公司,AIGC行政执法智能平台(网站),应用于对话生成场景，根据用户输入的文本，生成相应的文本内容。,2025-7,generative ai,境内深度合成服务算法备案清单（2025年7月）.docx
迅易科技生成合成算法,服务提供者,杭州迅易科技有限公司,可牛英语(APP),应用于对话生成场景，根据用户输入的文本，生成符合上下文的中英文回复。,2025-7,generative ai,境内深度合成服务算法备案清单（2025年7月）.docx
轻牛减肥分析结果生成算法,服务提供者,深圳市轻牛软件有限公司,轻牛健康(APP),应用于文本生成场景，根据用户输入的健康数据、饮食运动习惯文本，生成相关的减脂建议等文本。,2025-7,generative ai,境内深度合成服务算法备案清单（2025年7月）.docx
智播未来高能效实时数字人合成算法,服务技术支持者,杭州智播未来科技有限公司,--,应用于数字人生成场景，服务于企业端客户，根据用户输入的音频、视频，生成相应的数字人视频。,2025-7,generative ai,境内深度合成服务算法备案清单（2025年7月）.docx
比格猫医药文本解构生成算法,服务提供者,北京自我药疗科技传播中心,卓越药仕(小程序)、比格猫药政洞察(其他),应用于文本生成场景，根据用户输入的文本，生成相关的文本信息。,2025-7,generative ai,境内深度合成服务算法备案清单（2025年7月）.docx
泰雅医学临床试验文本生成算法,服务提供者,杭州泰雅语言科技有限责任公司,医雅AI平台(网站),应用于文本生成场景，根据用户输入的文本内容，生成医药临床试验领域相关的文本。,2025-7,generative ai,境内深度合成服务算法备案清单（2025年7月）.docx
多多智工产业融合生成算法,服务提供者,北京国联视讯信息技术股份有限公司,国联股份多多智工平台(网站),应用于对话生成场景，根据用户输入的文本，生成相应的文本回复。,2025-7,generative ai,境内深度合成服务算法备案清单（2025年7月）.docx
石榴数字人语音驱动唇形同步算法-1,服务提供者,北京向量方程科技有限公司,石榴数字人(小程序)、分身老板娘(小程序)、石榴数字人(网站),应用于数字人生成场景，根据用户输入的文本、音频、视频，生成相应的数字人视频。,2025-7,generative ai,境内深度合成服务算法备案清单（2025年7月）.docx
光年AI文本生成算法,服务技术支持者,杭州光年数据科技有限公司,--,应用于文本生成场景，服务于企业端客户，根据用户输入的文本、图像，生成相应的文本。,2025-7,generative ai,境内深度合成服务算法备案清单（2025年7月）.docx
乐达心屿心理咨询智能语音合成算法,服务提供者,广州乐达健康科学有限公司,乐达心屿(APP),应用于语音生成场景，根据用户输入的心理健康咨询文本、语音，生成相应的语音回复。,2025-7,generative ai,境内深度合成服务算法备案清单（2025年7月）.docx
灵境UMIX端到端环绕声生成算法,服务提供者,苏州灵境影音技术有限公司,灵境UMIX(其他),应用于音频生成场景，根据用户上传的音频，生成相应的环绕声格式音频。,2025-7,generative ai,境内深度合成服务算法备案清单（2025年7月）.docx
力联云定象聚合信息合成算法,服务技术支持者,力联云智能家居（常州）有限公司,--,应用于文本生成场景，服务于企业端客户，根据用户输入的文本，生成故障维修相关的文本。,2025-7,generative ai,境内深度合成服务算法备案清单（2025年7月）.docx
锐鲨消费者数据智能算法,服务提供者,杭州锐鲨科技有限公司,锐鲨企业经营数据智能平台(网站),应用于对话生成场景，根据用户输入的文本，生成相应的文本回复。,2025-7,generative ai,境内深度合成服务算法备案清单（2025年7月）.docx
青骓文生文算法,服务提供者,成都泛融合创科技有限公司,青骓AI(网站),应用于对话生成场景，根据用户输入的文本，生成相应的文本回复。,2025-7,generative ai,境内深度合成服务算法备案清单（2025年7月）.docx
易联云公共服务多模态大模型算法,服务提供者,易联云计算（杭州）有限责任公司,易联云(网站),应用于对话生成场景，根据用户输入的文本、图像，生成相应的文本回复。,2025-7,generative ai,境内深度合成服务算法备案清单（2025年7月）.docx
莫听冥想引导内容生成算法,服务提供者,天津莫听科技有限公司,莫听(APP),应用于对话生成场景，根据用户输入的文本、音频，生成相应的文本、音频回复，提供情绪调节和冥想引导。,2025-7,generative ai,境内深度合成服务算法备案清单（2025年7月）.docx
东华电子政企语义理解与智能问答算法,服务技术支持者,东华电子信息产业（宁波）有限公司,--,应用于文本生成场景，服务于企业端客户，根据用户输入的文本，生成相应的文本。,2025-7,generative ai,境内深度合成服务算法备案清单（2025年7月）.docx
星联AI图片生成与处理算法,服务提供者,厦门偕行星联管理咨询有限公司,偕行AI(小程序),应用于图像生成场景，根据用户输入的姓氏和选择的生肖，生成相应的生肖姓氏头像图像。,2025-7,generative ai,境内深度合成服务算法备案清单（2025年7月）.docx
瑞庭AI视觉理解算法,服务提供者,瑞庭网络技术（上海）有限公司,安居客|家装店铺管理后台(网站)、安居客(APP),应用于文本生成场景，根据用户上传的图像、视频，生成相应的文本，主要应用于房源介绍领域。,2025-7,generative ai,境内深度合成服务算法备案清单（2025年7月）.docx
拂晓企业分析大模型算法,服务提供者,北京六一六信息技术有限公司,拂晓(网站),应用于对话生成场景，根据用户输入的文本、图像，生成相应的文本回复，主要应用于风控领域。,2025-7,generative ai,境内深度合成服务算法备案清单（2025年7月）.docx
建广数字科技多模态生成算法,服务提供者,深圳建广数字科技有限公司,AI校园监控(APP)、AI校园监控(小程序),应用于视频识别场景，根据用户输入的视频，生成相应的文本、图像，主要应用于视频监控领域。,2025-7,generative ai,境内深度合成服务算法备案清单（2025年7月）.docx
欧琳生活大模型生成合成算法,服务提供者,大盛达奇（宁波）人工智能有限公司,欧琳生活大模型(APP)、欧琳智慧生活(小程序),应用于文本生成场景，根据用户输入的文本、图像、音频，生成相应的文本回复。,2025-7,generative ai,境内深度合成服务算法备案清单（2025年7月）.docx
星玩伴AI生成合成算法,服务提供者,广州帆星网络科技有限公司,星玩伴(网站),应用于图像生成场景，根据用户输入的文本，生成相应的图像，主要应用于教育领域。,2025-7,generative ai,境内深度合成服务算法备案清单（2025年7月）.docx
董小屿文本生成算法,服务提供者,深圳市路演时代科技有限公司,董小屿文本生成算法(小程序),应用于文本生成场景，根据用户输入的文本，生成相应的文本回复。,2025-7,generative ai,境内深度合成服务算法备案清单（2025年7月）.docx
豆包企业版实时语音模型算法,服务技术支持者,北京抖音信息服务有限公司,--,应用于语音交互场景，服务于企业端客户，根据用户输入的语音，生成相应的语音回复。,2025-7,generative ai,境内深度合成服务算法备案清单（2025年7月）.docx
天鹅到家图像优化生成合成算法,服务提供者,五八到家有限公司,天鹅到家(APP)、天鹅到家极速版(APP),应用于图像生成场景，根据用户输入的图像，生成优化后的图像内容。,2025-7,generative ai,境内深度合成服务算法备案清单（2025年7月）.docx
天鹅到家AI客服生成合成算法,服务提供者,五八到家有限公司,天鹅到家(APP)、阿姨一点通(APP)、天鹅到家极速版(APP),应用于智能对话场景，根据用户输入的文本，生成符合用户需求的文本回复。,2025-7,generative ai,境内深度合成服务算法备案清单（2025年7月）.docx
人民网自在心理疏导算法,服务技术支持者,人民网股份有限公司,--,应用于文本生成场景，服务于企业端客户，根据用户输入的文本，生成心理健康相关的文本。,2025-7,generative ai,境内深度合成服务算法备案清单（2025年7月）.docx
麦当劳图像生成算法,服务提供者,金拱门（中国）有限公司,麦当劳(APP),应用于图像生成场景，根据用户输入的图像，生成特定主题的定制化图像。,2025-7,generative ai,境内深度合成服务算法备案清单（2025年7月）.docx
云希谷文本生成算法,服务提供者,深圳市云希谷科技有限公司,口语对练(其他),应用于文本生成场景，根据用户输入的音频，生成英语学习相关的文本。,2025-7,generative ai,境内深度合成服务算法备案清单（2025年7月）.docx
星月写作网文合成算法,服务提供者,保定智语科技有限公司,星月写作(网站),应用于文本生成场景，根据用户输入的文本，生成小说写作相关的文本。,2025-7,generative ai,境内深度合成服务算法备案清单（2025年7月）.docx
bubbot智能语音合成算法,服务提供者,深圳市乐唯科技开发有限公司,bubbot(APP),应用于语音生成场景，根据用户输入的文本，生成相应的语音回复。,2025-7,generative ai,境内深度合成服务算法备案清单（2025年7月）.docx
小对象AI智能多模态用户画像生成算法,服务提供者,深圳市乐唯科技开发有限公司,小对象(APP),应用于图像生成场景，根据用户输入的文本、图像，生成风格统一、信息可视化的图像。,2025-7,generative ai,境内深度合成服务算法备案清单（2025年7月）.docx
小职书智能对话算法,服务提供者,桥麦互联科技（南京）有限公司,小职书(小程序),应用于对话生成场景，根据用户输入的文本、音频，生成相应的文本、音频。,2025-7,generative ai,境内深度合成服务算法备案清单（2025年7月）.docx
极简未来多智能体协作任务文本生成算法,服务提供者,深圳极简未来科技有限公司,LinkAI(网站),应用于文本生成场景，根据用户输入的文本，生成相应的文本内容。,2025-7,generative ai,境内深度合成服务算法备案清单（2025年7月）.docx
三维家AI视频合成算法-1,服务技术支持者,广东三维家信息科技有限公司,--,应用于视频生成场景，服务于企业端客户，根据用户输入的文本、图像，生成家居行业相关的视频内容。,2025-7,generative ai,境内深度合成服务算法备案清单（2025年7月）.docx
奕兆智能生成合成算法,服务提供者,奕兆科技（深圳）有限公司,奕兆AI校园(网站)、奕兆AI校园(APP),应用于多模态内容生成场景，根据用户输入的文本、图像、视频，生成教育行业相关的文本、图像、视频内容。,2025-7,generative ai,境内深度合成服务算法备案清单（2025年7月）.docx
西客栗子AI智能客服文本生成算法,服务提供者,上海瀚途网络技术有限公司,西客栗子(APP)、西客栗子(网站),应用于文本生成场景，根据用户输入的文本，生成客服相关的文本回复。,2025-7,generative ai,境内深度合成服务算法备案清单（2025年7月）.docx
趣猿AI文生文算法,服务提供者,杭州趣猿人工智能有限公司,趣猿AI(APP),应用于文本生成场景，根据用户输入的文本，生成相应的文本内容。,2025-7,generative ai,境内深度合成服务算法备案清单（2025年7月）.docx
建广数字科技文本生成算法,服务提供者,深圳建广数字科技有限公司,ESG评分系统(小程序)、ESG评分系统(网站),应用于文本生成场景，根据用户输入文本，生成相应的文本内容。,2025-7,generative ai,境内深度合成服务算法备案清单（2025年7月）.docx
金塑宝智能对话合成算法,服务提供者,福建金塑宝科技有限公司,金塑宝(APP)、金塑宝(网站),应用于对话生成场景，根据用户输入的文本，生成相应的文本、图像内容。,2025-7,generative ai,境内深度合成服务算法备案清单（2025年7月）.docx
深度同步朵拉心理小屋多模态算法,服务提供者,杭州深度同步科技有限公司,朵拉心理小屋(APP)、明智家长(小程序),应用于多模态内容生成场景，根据用户输入的文本、图像、音频，生成心理健康相关的文本、图像、音频内容。,2025-7,generative ai,境内深度合成服务算法备案清单（2025年7月）.docx
德势数智数字人合成算法,服务提供者,广州德势数智科技有限公司,德势数智(小程序),应用于数字人生成场景，根据用户输入的文本、音频、视频，生成相应的音频、数字人视频。,2025-7,generative ai,境内深度合成服务算法备案清单（2025年7月）.docx
小商AI视频翻译算法,服务提供者,义乌中国小商品城大数据有限公司,小商品城(APP)、小商AI视创(小程序)、小商AI设计(小程序)、义乌小商品城(网站),应用于视频生成场景，根据用户输入的视频，生成翻译成不同语种的视频。,2025-7,generative ai,境内深度合成服务算法备案清单（2025年7月）.docx
闻声图像美化与特效算法,服务技术支持者,广州闻声沐耳文化科技有限公司,--,应用于图像视频生成场景，服务于企业端客户，根据用户输入的图像、视频，生成人像精修、质感强化及风格化渲染的图像、视频。,2025-7,generative ai,境内深度合成服务算法备案清单（2025年7月）.docx
金证大模型应用算法,服务技术支持者,深圳市金证科技股份有限公司,--,应用于文本生成场景，服务于企业端客户，根据用户输入的文本，生成金融领域相关的文本。,2025-7,generative ai,境内深度合成服务算法备案清单（2025年7月）.docx
萌邦AI大模型算法,服务提供者,世纪萌邦(上海)信息技术有限公司,萌邦AI(小程序),应用于对话生成场景，根据用户输入的文本，生成宠物医疗领域相关的文本。,2025-7,generative ai,境内深度合成服务算法备案清单（2025年7月）.docx
餐参Ai对话内容生成算法,服务提供者,弃疾数智（深圳）科技有限公司,餐参Ai(小程序),应用于对话生成场景，根据用户输入的文本，生成膳食、运动、心理相关的建议和解答文本。,2025-7,generative ai,境内深度合成服务算法备案清单（2025年7月）.docx
飞鸢AIoT大模型应用算法,服务技术支持者,上海移远通信技术股份有限公司,--,应用于对话生成场景，服务于企业端客户，根据用户输入的音频，生成相应的音频回复。,2025-7,generative ai,境内深度合成服务算法备案清单（2025年7月）.docx
对啊财经考试AI助手生成合成类算法,服务提供者,北京对啊科技有限公司,会计随身学(APP)、对啊课堂(公众账号)、注册会计师随身学(APP)、对啊课堂(小程序)、对啊课堂(APP)、经济师随身学(APP)、对啊(网站)、会计职称随身学(APP),应用于对话生成场景，根据用户输入的文本，图像，生成财经考试相关的文本内容。,2025-7,generative ai,境内深度合成服务算法备案清单（2025年7月）.docx
Heliki检索生成合成算法,服务提供者,重庆四零四科技有限公司,Heliki So AI搜索(网站),应用于文本生成场景，根据用户输入的文本，生成相应的文本内容。,2025-7,generative ai,境内深度合成服务算法备案清单（2025年7月）.docx
维伍图像生成合成类算法,服务提供者,南京维伍网络科技有限公司,D5渲染器(APP)、D5 Lite(其他)、D5 Lite(网站)、D5 Hi(网站),应用于图像生成场景，根据用户输入的文本、图像，生成满足用户需求的图像。,2025-7,generative ai,境内深度合成服务算法备案清单（2025年7月）.docx
小对象AI智能问话生成式算法,服务提供者,深圳市乐唯科技开发有限公司,小对象(APP),应用于对话生成场景，根据用户输入的文本，生成相应的文本回复。,2025-7,generative ai,境内深度合成服务算法备案清单（2025年7月）.docx
一码智片数字人算法,服务提供者,厦门市一码当先信息科技有限公司,一码智片(网站),应用于数字人生成场景，根据用户输入的文本、音频、视频，生成符合用户需求的定制化音频、视频以及互动型数字人。,2025-7,generative ai,境内深度合成服务算法备案清单（2025年7月）.docx
快链数字人合成算法,服务提供者,广州快链网络科技有限公司,小链(APP),应用于数字人生成场景，根据用户输入的文本，生成相应的数字人视频。,2025-7,generative ai,境内深度合成服务算法备案清单（2025年7月）.docx
思为大模型算法,服务提供者,深圳思为科技有限公司,思为科技营销云(网站)、销冠CRM(APP),应用于对话生成场景，根据用户输入的文本，生成相应的文本回复。,2025-7,generative ai,境内深度合成服务算法备案清单（2025年7月）.docx
AIGCLINKER多模态内容生成算法,服务提供者,深圳市远澜科技有限公司,AIGCLINKER(网站)、AIGCLINKER(APP),应用于多模态内容生成场景，根据用户输入的文本、音频、图片、视频，生成相应的文本、图片、音频、视频内容。,2025-7,generative ai,境内深度合成服务算法备案清单（2025年7月）.docx
快漫AI图像视频生成算法,服务提供者,深圳市网心科技有限公司,快漫AI(小程序),应用于图像视频生成场景，根据用户输入的图像，生成相应的图像、视频。,2025-7,generative ai,境内深度合成服务算法备案清单（2025年7月）.docx
玖英智能聊天多模态生成算法,服务提供者,深圳市玖英软件开发有限公司,AI甜言键盘(其他)、sky Ai(其他),应用于多模态内容生成场景，根据用户输入的文本、图像、音频，生成相应的文本、图像、音频内容。,2025-7,generative ai,境内深度合成服务算法备案清单（2025年7月）.docx
英孚乐学内容合成算法,服务提供者,英孚（上海）科技有限公司,英孚乐学(APP),应用于文本语音生成场景，根据用户输入的文本或语音，生成相应的文本、语音内容。,2025-7,generative ai,境内深度合成服务算法备案清单（2025年7月）.docx
遨趣GloCoach智能问答算法,服务提供者,遨趣教育科技（上海）有限公司,GloCoach(APP),应用于语音对话场景，根据用户输入的语音内容，生成相应语音回复。,2025-7,generative ai,境内深度合成服务算法备案清单（2025年7月）.docx
金蝶苍穹智能分析算法,服务提供者,金蝶软件（中国）有限公司,Boss助理(APP)、金蝶云星瀚(网站)、金蝶云苍穹(网站)、金蝶云社区(网站)、金蝶云星空(网站)、金蝶云(APP)、苍穹(APP),应用于对话生成场景，根据用户输入的文本，生成相应的文本内容。,2025-7,generative ai,境内深度合成服务算法备案清单（2025年7月）.docx
森博明德CeMeta森宇宙好绘AI图像生成算法,服务技术支持者,北京森博明德营销科技股份有限公司,--,应用于图像生成场景，服务于企业端客户，根据用户输入的文本描述和参考图片，生成相应的图像内容。,2025-7,generative ai,境内深度合成服务算法备案清单（2025年7月）.docx
鼎乐智融多模态合成算法,服务提供者,北京鼎乐科技有限公司,观海新闻(APP),应用于多模态生成场景，根据用户输入的文本、图像、音频，生成相应的文本、图像、音频、视频内容。,2025-7,generative ai,境内深度合成服务算法备案清单（2025年7月）.docx
文思逸言生成合成算法,服务提供者,成都足不出户教育科技有限公司,文思逸言(APP),应用于多模态内容生成场景，根据用户输入的文本、图片、人声、视频，生成对应的文本、图像、音频、视频内容。,2025-7,generative ai,境内深度合成服务算法备案清单（2025年7月）.docx
